ts_unix,ts_iso,uptime_s,boot_id,kernel_ver,build_hash,gov_policy0,gov_policy4,cc0_streak,cc0_instant,cc0_confirmed,cc0_total,cc0_topapp_conf,cc0_warp_conf,cc4_streak,cc4_instant,cc4_confirmed,cc4_total,cc4_topapp_conf,cc4_warp_conf,adios_sda_sched,adios_sda_io_pressure,adios_sdb_sched,adios_sdb_io_pressure,adios_sdc_sched,adios_sdc_io_pressure,thermal_cpu0_c,thermal_cpu1_c,thermal_gpu_c,thermal_batt_c,battery_pct,battery_uv,battery_ua,battery_temp_c,foreground_pkg,foreground_uid,loadavg_1m,mem_free_kb,sched_nr_running,bore_warp_enabled,bore_warp_us
--- BOOT 1790022802 6.1.187-android14-11-SAGA ---
1790022802,2026-09-21T20:33:22Z,69,1790022802,6.1.187-android14-11-SAGA,49646d1b0cd1,schedutil,schedutil,,,,,,,,,,,,,adios,0,adios,0,adios,0,,,,29.0,39,3788000,-478500,29.0,,,16.37,2083060,,1,2000
1790022897,2026-09-21T20:34:57Z,164,1790022802,6.1.187-android14-11-SAGA,49646d1b0cd1,cc_governor,cc_governor,3937,4983,3944,10344,0,204,5936,4514,6019,12517,0,531,adios,0,adios,0,adios,0,,,,30.0,39,3712000,-1419600,30.0,,,28.89,141224,,1,2000
1790022936,2026-09-21T20:35:36Z,204,1790022802,6.1.187-android14-11-SAGA,49646d1b0cd1,cc_governor,cc_governor,19744,16084,26559,50080,6830,332,18904,14216,24310,42618,5410,1196,adios,0,adios,0,adios,0,,,,30.0,39,3723000,-1405600,30.0,,,25.17,336460,,1,2000
1790022975,2026-09-21T20:36:15Z,243,1790022802,6.1.187-android14-11-SAGA,49646d1b0cd1,cc_governor,cc_governor,34897,18234,46693,77341,11796,410,37956,17330,53285,80985,15339,1801,adios,0,adios,0,adios,0,,,,31.0,39,3761000,-479700,31.0,,,28.09,201500,,1,2000
1790023034,2026-09-21T20:37:14Z,301,1790022802,6.1.187-android14-11-SAGA,49646d1b0cd1,cc_governor,cc_governor,10353,78,11897,13893,1544,4,12705,769,19755,23522,7050,41,adios,0,adios,0,adios,0,,,49.2,31.0,38,3749000,-1130900,31.0,,,34.85,106088,,1,2000
1790023072,2026-09-21T20:37:52Z,339,1790022802,6.1.187-android14-11-SAGA,49646d1b0cd1,cc_governor,cc_governor,19026,257,22443,25906,3418,39,33103,4516,55932,68960,22851,532,adios,0,adios,0,adios,0,,,,31.0,38,3760000,-767800,31.0,,,33.66,262564,,1,2000
1790023108,2026-09-21T20:38:28Z,375,1790022802,6.1.187-android14-11-SAGA,49646d1b0cd1,cc_governor,cc_governor,19029,631,22818,26659,3789,54,47614,13469,82185,108309,34571,748,adios,0,adios,0,adios,0,,,,32.0,38,3725000,-849600,32.0,,,32.80,132832,,1,2000
1790023145,2026-09-21T20:39:05Z,412,1790022802,6.1.187-android14-11-SAGA,49646d1b0cd1,cc_governor,cc_governor,19067,843,23441,27512,4375,58,73409,18629,122016,161129,48579,1088,adios,0,adios,0,adios,0,,,,32.0,38,3751000,-834300,32.0,,,32.45,100220,,1,2000
1790023180,2026-09-21T20:39:40Z,448,1790022802,6.1.187-android14-11-SAGA,49646d1b0cd1,cc_governor,cc_governor,19076,1085,24115,28435,5039,58,89358,24267,152414,203132,63051,1316,adios,0,adios,0,adios,0,,,,32.0,38,3759000,-936200,32.0,,,31.75,513620,,1,2000
1790023217,2026-09-21T20:40:17Z,484,1790022802,6.1.187-android14-11-SAGA,49646d1b0cd1,cc_governor,cc_governor,26484,1261,32495,39544,6011,58,101791,28659,176904,236410,75113,1525,adios,0,adios,0,adios,0,,,,32.0,38,3765000,-823900,32.0,,,31.95,106228,,1,2000
1790023253,2026-09-21T20:40:53Z,520,1790022802,6.1.187-android14-11-SAGA,49646d1b0cd1,cc_governor,cc_governor,36632,1400,43690,56729,7060,58,124353,32252,212322,287725,87974,1679,adios,0,adios,0,adios,0,,,,32.0,37,3755000,-766600,32.0,,,33.90,80088,,1,2000
1790023289,2026-09-21T20:41:29Z,556,1790022802,6.1.187-android14-11-SAGA,49646d1b0cd1,cc_governor,cc_governor,36673,1582,44558,57804,7886,58,154013,36523,257496,348690,103488,1958,adios,0,adios,0,adios,0,,,,33.0,37,3751000,-740900,33.0,,,31.44,323604,,1,2000
1790023325,2026-09-21T20:42:05Z,592,1790022802,6.1.187-android14-11-SAGA,49646d1b0cd1,cc_governor,cc_governor,39675,1738,48630,62541,8955,59,184737,39963,303867,405330,119109,2195,adios,0,adios,0,adios,0,,,,33.0,37,3744000,-1027200,33.0,,,31.02,133496,,1,2000
1790023362,2026-09-21T20:42:42Z,630,1790022802,6.1.187-android14-11-SAGA,49646d1b0cd1,cc_governor,cc_governor,45348,2097,55179,70367,9831,68,211636,47432,343677,458415,132059,2589,adios,0,adios,0,adios,0,,,,33.0,37,3750000,-1149900,33.0,,,30.69,662004,,1,2000
1790023398,2026-09-21T20:43:18Z,666,1790022802,6.1.187-android14-11-SAGA,49646d1b0cd1,cc_governor,cc_governor,45390,2257,55842,71196,10452,68,235688,51354,384728,507461,149050,2876,adios,0,adios,0,adios,0,,,,33.0,37,3745000,-822700,33.0,,,32.12,106892,,1,2000
1790023434,2026-09-21T20:43:54Z,702,1790022802,6.1.187-android14-11-SAGA,49646d1b0cd1,cc_governor,cc_governor,52308,2461,64046,81395,11738,68,253039,57882,414749,548459,161731,3111,adios,0,adios,0,adios,0,,,,33.0,36,3751000,-728100,33.0,,,32.16,107752,,1,2000
1790023470,2026-09-21T20:44:30Z,738,1790022802,6.1.187-android14-11-SAGA,49646d1b0cd1,cc_governor,cc_governor,52309,2588,64506,81990,12197,68,262385,63629,438397,581272,176026,3340,adios,0,adios,0,adios,0,,,,34.0,36,3754000,-1163900,34.0,,,31.97,137268,,1,2000
1790023506,2026-09-21T20:45:06Z,774,1790022802,6.1.187-android14-11-SAGA,49646d1b0cd1,cc_governor,cc_governor,57024,2926,70127,88535,13103,68,272499,68486,457707,612026,185219,3510,adios,0,adios,0,adios,0,,,,34.0,36,3749000,-1024700,34.0,,,31.28,742548,,1,2000
1790023543,2026-09-21T20:45:43Z,810,1790022802,6.1.187-android14-11-SAGA,49646d1b0cd1,cc_governor,cc_governor,58466,3196,71895,90717,13429,68,275579,73943,466268,627569,190676,3672,adios,0,adios,0,adios,0,,,,34.0,36,3726000,-1129700,34.0,,,30.80,120260,,1,2000
1790023579,2026-09-21T20:46:19Z,846,1790022802,6.1.187-android14-11-SAGA,49646d1b0cd1,cc_governor,cc_governor,58489,3376,72422,91434,13935,68,288506,80516,492942,665662,204455,3916,adios,0,adios,0,adios,0,,,,34.0,36,3750000,-731800,34.0,,,30.61,372276,,1,2000
1790023615,2026-09-21T20:46:55Z,882,1790022802,6.1.187-android14-11-SAGA,49646d1b0cd1,cc_governor,cc_governor,61637,3619,76845,96533,15209,68,297112,87235,511811,694001,214705,4098,adios,0,adios,0,adios,0,,,48.1,34.0,36,3733000,-769000,34.0,,,30.39,121168,,1,2000
1790023652,2026-09-21T20:47:32Z,919,1790022802,6.1.187-android14-11-SAGA,49646d1b0cd1,cc_governor,cc_governor,82045,4184,99117,123078,17050,74,320909,90757,550445,742995,229554,4424,adios,0,adios,0,adios,0,,,,34.0,35,3724000,-847100,34.0,,,31.95,337872,,1,2000
1790023689,2026-09-21T20:48:09Z,956,1790022802,6.1.187-android14-11-SAGA,49646d1b0cd1,cc_governor,cc_governor,96612,4558,114765,142306,18153,77,341296,98823,582425,788231,241128,4736,adios,0,adios,0,adios,10,,,,34.0,35,3759000,-845300,34.0,,,30.37,431744,,1,2000
1790023725,2026-09-21T20:48:45Z,992,1790022802,6.1.187-android14-11-SAGA,49646d1b0cd1,cc_governor,cc_governor,98667,4898,117152,145178,18485,77,360415,108713,611350,831259,250935,4914,adios,0,adios,0,adios,0,,,,34.0,35,3737000,-994200,34.0,,,31.19,109968,,1,2000
1790023761,2026-09-21T20:49:21Z,1028,1790022802,6.1.187-android14-11-SAGA,49646d1b0cd1,cc_governor,cc_governor,99895,5112,118747,147128,18813,77,375125,118737,636529,869875,261361,5115,adios,0,adios,0,adios,0,,,,34.0,35,3739000,-813500,34.0,,,31.48,95296,,1,2000
1790023798,2026-09-21T20:49:58Z,1065,1790022802,6.1.187-android14-11-SAGA,49646d1b0cd1,cc_governor,cc_governor,104903,5450,125352,154614,20449,85,382787,124539,651398,892750,268609,5451,adios,0,adios,0,adios,0,,,,34.0,35,3747000,-735400,34.0,,,32.04,140812,,1,2000
1790023834,2026-09-21T20:50:34Z,1101,1790022802,6.1.187-android14-11-SAGA,49646d1b0cd1,cc_governor,cc_governor,106414,5715,127281,156865,20867,85,399523,134228,679180,933633,279669,5687,adios,0,adios,0,adios,0,,,,34.0,35,3753000,-630400,34.0,,,32.45,120036,,1,2000
1790023870,2026-09-21T20:51:10Z,1138,1790022802,6.1.187-android14-11-SAGA,49646d1b0cd1,cc_governor,cc_governor,120585,6013,143051,174236,22464,85,429077,138726,722037,989855,292933,5895,adios,0,adios,0,adios,4,,,,34.0,34,3717000,-842800,34.0,,,30.82,79348,,1,2000
1790023906,2026-09-21T20:51:46Z,1174,1790022802,6.1.187-android14-11-SAGA,49646d1b0cd1,cc_governor,cc_governor,129349,6756,153352,187068,24003,85,453589,146233,757618,1040794,303970,6154,adios,0,adios,0,adios,0,,,,34.0,34,3734000,-863600,34.0,,,29.32,519940,,1,2000
1790023943,2026-09-21T20:52:23Z,1210,1790022802,6.1.187-android14-11-SAGA,49646d1b0cd1,cc_governor,cc_governor,140120,6998,164878,199862,24760,90,491982,151458,808597,1104415,316613,6466,adios,0,adios,0,adios,0,,,,34.0,34,3720000,-1129700,34.0,,,29.84,1271492,,1,2000
1790023979,2026-09-21T20:52:59Z,1246,1790022802,6.1.187-android14-11-SAGA,49646d1b0cd1,cc_governor,cc_governor,159834,7503,187598,225526,27733,91,517942,154975,846638,1150665,328688,6664,adios,0,adios,0,adios,0,,,,34.0,34,3732000,-666500,34.0,,,32.62,136084,,1,2000
1790024019,2026-09-21T20:53:39Z,1287,1790022802,6.1.187-android14-11-SAGA,49646d1b0cd1,cc_governor,cc_governor,162222,8212,192845,232211,30623,169,526344,158614,868034,1179025,341690,7340,adios,0,adios,0,adios,3,,,,34.0,34,3739000,-635900,34.0,,,28.97,125256,,1,2000
1790024055,2026-09-21T20:54:15Z,1323,1790022802,6.1.187-android14-11-SAGA,49646d1b0cd1,cc_governor,cc_governor,175247,11423,215541,262520,40276,170,536748,161202,885701,1202760,348953,7618,adios,0,adios,0,adios,0,,,,35.0,33,3754000,-402800,35.0,,,24.69,97200,,1,2000
1790024093,2026-09-21T20:54:53Z,1360,1790022802,6.1.187-android14-11-SAGA,49646d1b0cd1,cc_governor,cc_governor,199228,15591,253035,314145,53825,173,549843,164723,910064,1234232,360228,8033,adios,0,adios,0,adios,0,,,53.1,34.0,33,3733000,-859300,34.0,,,23.70,102256,,1,2000
1790024131,2026-09-21T20:55:31Z,1399,1790022802,6.1.187-android14-11-SAGA,49646d1b0cd1,cc_governor,cc_governor,225785,18372,297675,370607,71894,183,557497,166125,929691,1256425,372198,8571,adios,0,adios,0,adios,0,,,49.9,35.0,33,3737000,-845300,35.0,,,22.23,204724,,1,2000
1790024171,2026-09-21T20:56:11Z,1438,1790022802,6.1.187-android14-11-SAGA,49646d1b0cd1,cc_governor,cc_governor,258327,23037,346046,431221,87733,201,568444,167363,951529,1280751,383102,9096,adios,0,adios,0,adios,0,,,47.0,34.0,33,3749000,-549900,34.0,,,21.49,158668,,1,2000
1790024208,2026-09-21T20:56:49Z,1476,1790022802,6.1.187-android14-11-SAGA,49646d1b0cd1,cc_governor,cc_governor,284877,29287,385252,484745,100385,204,576291,169804,968175,1300569,391898,9592,adios,0,adios,0,adios,0,,,,34.0,33,3768000,-241600,34.0,,,23.36,241220,,1,2000
1790024246,2026-09-21T20:57:26Z,1513,1790022802,6.1.187-android14-11-SAGA,49646d1b0cd1,cc_governor,cc_governor,8194,470,12292,14159,4115,0,3866,53,5470,5863,1608,29,adios,0,adios,0,adios,0,,,,34.0,33,3752000,-414400,34.0,,,20.16,128712,,1,2000
1790024287,2026-09-21T20:58:07Z,1555,1790022802,6.1.187-android14-11-SAGA,49646d1b0cd1,cc_governor,cc_governor,6,0,243,305,248,0,160,0,238,246,81,17,adios,0,adios,0,adios,0,,,,33.0,33,3778000,-200800,33.0,,,18.07,101860,,1,2000
1790024388,2026-09-21T20:59:48Z,1656,1790022802,6.1.187-android14-11-SAGA,49646d1b0cd1,cc_governor,cc_governor,1294,24,1953,2357,604,16,1110,13,1614,1806,487,90,adios,0,adios,0,adios,0,,,,33.0,32,3758000,-595000,33.0,,,19.30,121080,,1,2000
1790024429,2026-09-21T21:00:29Z,1696,1790022802,6.1.187-android14-11-SAGA,49646d1b0cd1,cc_governor,cc_governor,24848,8681,37289,52548,12441,61,9299,4192,16857,22801,7558,817,adios,0,adios,0,adios,0,,,43.6,34.0,32,3769000,-284400,34.0,,,19.79,128320,,1,2000
1790024467,2026-09-21T21:01:07Z,1734,1790022802,6.1.187-android14-11-SAGA,49646d1b0cd1,cc_governor,cc_governor,47220,15283,70702,98008,23455,65,18353,6482,33456,42543,15120,1305,adios,0,adios,0,adios,0,,,47.2,34.0,32,3723000,-597500,34.0,,,19.28,117352,,1,2000
1790024506,2026-09-21T21:01:46Z,1773,1790022802,6.1.187-android14-11-SAGA,49646d1b0cd1,cc_governor,cc_governor,64626,25096,100805,143389,36195,88,24446,9170,47845,60415,23406,1820,adios,0,adios,0,adios,0,,,,34.0,32,3747000,-611500,34.0,,,18.48,107780,,1,2000
1790024543,2026-09-21T21:02:23Z,1810,1790022802,6.1.187-android14-11-SAGA,49646d1b0cd1,cc_governor,cc_governor,76793,32989,120526,173984,43741,89,28653,11305,55312,70524,26663,2233,adios,0,adios,0,adios,0,,,,35.0,32,3772000,-379000,35.0,,,18.56,184544,,1,2000
1790024645,2026-09-21T21:04:05Z,1913,1790022802,6.1.187-android14-11-SAGA,49646d1b0cd1,cc_governor,cc_governor,119,0,773,812,653,0,12,0,31,36,25,6,adios,0,adios,0,adios,0,,,,34.0,32,3769000,-701200,34.0,,,17.47,118036,,1,2000
1790024731,2026-09-21T21:05:31Z,1998,1790022802,6.1.187-android14-11-SAGA,49646d1b0cd1,cc_governor,cc_governor,19287,173,28392,32758,9107,30,6727,163,13560,14492,6847,167,adios,0,adios,0,adios,0,,,,35.0,32,3749000,-995400,35.0,,,18.83,196500,,1,2000
1790024769,2026-09-21T21:06:09Z,2036,1790022802,6.1.187-android14-11-SAGA,49646d1b0cd1,cc_governor,cc_governor,52429,1393,77584,90815,25167,38,23082,1032,41778,45950,18701,617,adios,0,adios,0,adios,0,,,,36.0,32,3730000,-726900,36.0,,,18.45,174064,,1,2000
1790024806,2026-09-21T21:06:46Z,2074,1790022802,6.1.187-android14-11-SAGA,49646d1b0cd1,cc_governor,cc_governor,65699,5779,108935,129295,43230,41,24218,2127,48574,54284,24356,1023,adios,0,adios,0,adios,0,,,,36.0,31,3728000,-526100,36.0,,,18.81,109476,,1,2000
1790024843,2026-09-21T21:07:23Z,2111,1790022802,6.1.187-android14-11-SAGA,49646d1b0cd1,cc_governor,cc_governor,77879,11399,138076,166869,60192,43,25756,4099,55076,63075,29327,1447,adios,0,adios,0,adios,0,,,,36.0,31,3741000,-574300,36.0,,,18.07,156324,,1,2000
1790024880,2026-09-21T21:08:00Z,2148,1790022802,6.1.187-android14-11-SAGA,49646d1b0cd1,cc_governor,cc_governor,86597,24099,156002,199847,69402,45,26166,7645,58188,69902,32022,1846,adios,0,adios,0,adios,0,,,,36.0,31,3756000,-933800,36.0,,,17.79,268828,,1,2000
1790024940,2026-09-21T21:09:00Z,2207,1790022802,6.1.187-android14-11-SAGA,49646d1b0cd1,cc_governor,cc_governor,2,0,55,63,62,0,17,0,59,62,47,16,adios,0,adios,0,adios,0,,,,36.0,31,3766000,-281300,36.0,,,17.14,256560,,1,2000
1790025017,2026-09-21T21:10:17Z,2285,1790022802,6.1.187-android14-11-SAGA,49646d1b0cd1,cc_governor,cc_governor,4,0,70,84,79,0,104,0,152,157,54,16,adios,0,adios,0,adios,0,,,,36.0,31,3777000,-333800,36.0,,,17.17,126596,,1,2000
1790025184,2026-09-21T21:13:04Z,2451,1790022802,6.1.187-android14-11-SAGA,49646d1b0cd1,cc_governor,cc_governor,9259,361,13275,15992,4028,26,5173,221,8512,9417,3350,63,adios,0,adios,0,adios,0,,,45.9,36.0,31,3758000,-570600,36.0,,,17.59,238904,,1,2000
1790025223,2026-09-21T21:13:43Z,2490,1790022802,6.1.187-android14-11-SAGA,49646d1b0cd1,cc_governor,cc_governor,41600,3805,61462,76006,19795,29,20083,2613,35092,42340,14930,597,adios,0,adios,0,adios,0,,,,37.0,30,3731000,-1336600,37.0,,,19.50,151020,,1,2000
1790025267,2026-09-21T21:14:27Z,2535,1790022802,6.1.187-android14-11-SAGA,49646d1b0cd1,cc_governor,cc_governor,113525,4847,147423,171268,33908,55,75530,3879,105105,118031,29523,1667,adios,0,adios,0,adios,1,,,,37.0,30,3748000,-496800,37.0,,,21.65,139500,,1,2000
1790025310,2026-09-21T21:15:10Z,2577,1790022802,6.1.187-android14-11-SAGA,49646d1b0cd1,cc_governor,cc_governor,200587,7699,241509,275784,40726,59,115763,12060,157491,180398,41567,2504,adios,0,adios,0,adios,0,,,44.0,37.0,30,3767000,-245900,37.0,,,22.90,70084,,1,2000
1790025358,2026-09-21T21:15:58Z,2625,1790022802,6.1.187-android14-11-SAGA,49646d1b0cd1,cc_governor,cc_governor,305954,12992,350920,400838,44947,68,173684,23872,223336,259119,49623,3761,adios,0,adios,0,adios,0,,,45.3,37.0,30,3742000,-932600,37.0,,,22.79,88792,,1,2000
1790025405,2026-09-21T21:16:45Z,2673,1790022802,6.1.187-android14-11-SAGA,49646d1b0cd1,cc_governor,cc_governor,414810,19484,462718,529990,47682,80,232368,38002,288073,339272,55533,5142,adios,0,adios,0,adios,0,,,,37.0,30,3713000,-769000,37.0,,,22.94,94844,,1,2000
1790025449,2026-09-21T21:17:29Z,2717,1790022802,6.1.187-android14-11-SAGA,49646d1b0cd1,cc_governor,cc_governor,474666,21038,539294,618889,64619,181,257790,39769,331432,387055,73640,6267,adios,0,adios,0,adios,0,,,59.3,38.0,30,3734000,-712800,38.0,,,20.78,105240,,1,2000
1790025487,2026-09-21T21:18:07Z,2754,1790022802,6.1.187-android14-11-SAGA,49646d1b0cd1,cc_governor,cc_governor,532650,27851,605530,702189,72852,183,262543,46679,346941,409844,84409,6714,adios,0,adios,0,adios,0,,,50.2,38.0,30,3748000,-583400,38.0,,,19.33,114760,,1,2000
1790025525,2026-09-21T21:18:45Z,2793,1790022802,6.1.187-android14-11-SAGA,49646d1b0cd1,cc_governor,cc_governor,594765,37922,672108,789533,77284,188,266592,58092,356750,431410,90176,7162,adios,0,adios,0,adios,2,,,50.2,38.0,29,3750000,-451600,38.0,,,19.17,142016,,1,2000
1790025563,2026-09-21T21:19:23Z,2831,1790022802,6.1.187-android14-11-SAGA,49646d1b0cd1,cc_governor,cc_governor,656504,45651,740335,876409,83848,192,271047,66837,369181,453021,98143,7588,adios,0,adios,0,adios,0,,,50.2,38.0,29,3751000,-526100,38.0,,,19.18,99316,,1,2000
1790025601,2026-09-21T21:20:01Z,2869,1790022802,6.1.187-android14-11-SAGA,49646d1b0cd1,cc_governor,cc_governor,685977,55432,776848,928685,90881,197,278108,73764,379945,471935,101841,8042,adios,0,adios,0,adios,0,,,,39.0,29,3757000,-387500,39.0,,,18.40,162936,,1,2000
1790025723,2026-09-21T21:22:03Z,2990,1790022802,6.1.187-android14-11-SAGA,49646d1b0cd1,cc_governor,cc_governor,34244,1329,41228,49481,6964,5,9703,1742,18772,21786,9078,65,adios,0,adios,0,adios,0,,,48.5,38.0,29,3736000,-632300,38.0,,,18.46,134544,,1,2000
1790025761,2026-09-21T21:22:41Z,3028,1790022802,6.1.187-android14-11-SAGA,49646d1b0cd1,cc_governor,cc_governor,95150,9285,108688,134768,13511,8,14614,11073,33422,46161,18808,478,adios,0,adios,0,adios,0,,,50.2,38.0,29,3740000,-736600,38.0,,,18.23,73644,,1,2000
1790025799,2026-09-21T21:23:19Z,3066,1790022802,6.1.187-android14-11-SAGA,49646d1b0cd1,cc_governor,cc_governor,160095,13682,182718,222920,22613,12,20625,17236,52142,71701,31511,907,adios,0,adios,0,adios,0,,,53.6,38.0,29,3741000,-736600,38.0,,,18.52,102920,,1,2000
1790025837,2026-09-21T21:23:58Z,3105,1790022802,6.1.187-android14-11-SAGA,49646d1b0cd1,cc_governor,cc_governor,222165,19039,254166,311453,31984,19,27373,23456,70177,96858,42822,1376,adios,0,adios,0,adios,0,,,54.1,39.0,29,3740000,-993600,39.0,,,18.26,135936,,1,2000
1790025875,2026-09-21T21:24:35Z,3143,1790022802,6.1.187-android14-11-SAGA,49646d1b0cd1,cc_governor,cc_governor,257452,21460,307336,375302,49885,22,36206,26204,98532,128974,62313,1825,adios,0,adios,0,adios,0,,,62.4,39.0,28,3724000,-963100,39.0,,,18.82,70532,,1,2000
1790025914,2026-09-21T21:25:14Z,3181,1790022802,6.1.187-android14-11-SAGA,49646d1b0cd1,cc_governor,cc_governor,308551,25910,370990,450860,62408,25,44470,31315,120374,156977,75926,2373,adios,0,adios,0,adios,0,,,,39.0,28,3708000,-1271300,39.0,,,19.13,115572,,1,2000
1790025953,2026-09-21T21:25:53Z,3221,1790022802,6.1.187-android14-11-SAGA,49646d1b0cd1,cc_governor,cc_governor,354975,27194,434961,525579,79976,45,62686,32788,158843,199643,96162,2920,adios,0,adios,0,adios,0,,,55.9,40.0,28,3702000,-1083300,40.0,,,19.21,99860,,1,2000
1790025992,2026-09-21T21:26:32Z,3260,1790022802,6.1.187-android14-11-SAGA,49646d1b0cd1,cc_governor,cc_governor,395988,29685,493403,595731,97421,48,73581,35332,190706,234706,117132,3432,adios,0,adios,0,adios,0,,,58.2,40.0,28,3711000,-1042400,40.0,,,20.09,118916,,1,2000
1790026031,2026-09-21T21:27:11Z,3299,1790022802,6.1.187-android14-11-SAGA,49646d1b0cd1,cc_governor,cc_governor,448335,30309,563083,673936,114737,67,114661,35999,249925,296176,135271,4024,adios,0,adios,0,adios,0,,,60.1,40.0,28,3722000,-766600,40.0,,,21.98,75476,,1,2000
1790026071,2026-09-21T21:27:51Z,3338,1790022802,6.1.187-android14-11-SAGA,49646d1b0cd1,cc_governor,cc_governor,513117,31305,643142,763522,129908,112,159258,37303,312986,362005,153693,4664,adios,0,adios,0,adios,0,,,62.3,40.0,27,3711000,-1307300,40.0,,,22.51,111116,,1,2000
1790026111,2026-09-21T21:28:31Z,3378,1790022802,6.1.187-android14-11-SAGA,49646d1b0cd1,cc_governor,cc_governor,596593,35990,734514,869868,137931,160,226459,42374,392029,447957,165538,5380,adios,0,adios,0,adios,0,,,62.6,40.0,27,3694000,-1334200,40.0,,,23.42,115616,,1,2000
1790026151,2026-09-21T21:29:11Z,3419,1790022802,6.1.187-android14-11-SAGA,49646d1b0cd1,cc_governor,cc_governor,666706,40834,815664,964611,148844,187,280916,48313,459185,522607,178159,6134,adios,0,adios,0,adios,0,,,62.7,41.0,27,3699000,-906900,41.0,,,25.20,97992,,1,2000
1790026191,2026-09-21T21:29:51Z,3458,1790022802,6.1.187-android14-11-SAGA,49646d1b0cd1,cc_governor,cc_governor,732434,49775,888623,1055419,156065,212,334640,58306,521567,596468,186854,6842,adios,0,adios,0,adios,0,,,58.6,41.0,27,3684000,-1087000,41.0,,,23.33,84712,,1,2000
1790026230,2026-09-21T21:30:30Z,3497,1790022802,6.1.187-android14-11-SAGA,49646d1b0cd1,cc_governor,cc_governor,793059,53696,961558,1139925,168403,219,390288,62007,590875,670794,200455,7418,adios,0,adios,0,adios,0,,,57.3,41.0,26,3692000,-1235300,41.0,,,23.16,117200,,1,2000
1790026270,2026-09-21T21:31:10Z,3538,1790022802,6.1.187-android14-11-SAGA,49646d1b0cd1,cc_governor,cc_governor,873813,61312,1048356,1243719,174521,249,461349,70995,670278,760769,208890,8203,adios,0,adios,0,adios,0,,,59.7,41.0,26,3709000,-1069300,41.0,,,22.75,111636,,1,2000
1790026311,2026-09-21T21:31:51Z,3578,1790022802,6.1.187-android14-11-SAGA,49646d1b0cd1,cc_governor,cc_governor,952506,66618,1136282,1345661,183539,277,536208,78134,754139,853649,217911,8954,adios,0,adios,0,adios,0,,,56.2,42.0,26,3715000,-479700,42.0,,,22.90,99272,,1,2000
1790026353,2026-09-21T21:32:33Z,3620,1790022802,6.1.187-android14-11-SAGA,49646d1b0cd1,cc_governor,cc_governor,1010739,73391,1207038,1432119,196216,315,570032,86643,804116,913375,234046,9857,adios,0,adios,0,adios,0,,,52.3,41.0,26,3725000,-793400,41.0,,,23.14,127684,,1,2000
1790026396,2026-09-21T21:33:16Z,3663,1790022802,6.1.187-android14-11-SAGA,49646d1b0cd1,cc_governor,cc_governor,1054071,78471,1267918,1506171,213837,340,604134,91956,857941,973760,253577,10527,adios,0,adios,0,adios,0,,,54.7,41.0,25,3703000,-1038800,41.0,,,24.89,106076,,1,2000
1790026438,2026-09-21T21:33:58Z,3706,1790022802,6.1.187-android14-11-SAGA,49646d1b0cd1,cc_governor,cc_governor,1139972,84429,1362481,1615414,222360,396,681471,100366,944279,1070410,262720,11628,adios,0,adios,0,adios,0,,,55.8,41.0,25,3704000,-735400,41.0,,,23.86,133140,,1,2000
1790026481,2026-09-21T21:34:41Z,3749,1790022802,6.1.187-android14-11-SAGA,49646d1b0cd1,cc_governor,cc_governor,1219982,89822,1452731,1721452,232770,456,733425,107079,1010890,1145520,277487,12580,adios,0,adios,0,adios,0,,,59.2,41.0,25,3717000,-640800,41.0,,,21.77,103604,,1,2000
1790026521,2026-09-21T21:35:21Z,3788,1790022802,6.1.187-android14-11-SAGA,49646d1b0cd1,cc_governor,cc_governor,1278490,93601,1524641,1806088,245965,472,787040,111026,1078810,1219533,291676,13132,adios,0,adios,0,adios,0,,,63.8,41.0,25,3686000,-1345800,41.0,,,24.25,90144,,1,2000
1790026561,2026-09-21T21:36:01Z,3829,1790022802,6.1.187-android14-11-SAGA,49646d1b0cd1,cc_governor,cc_governor,1363327,101253,1614611,1914558,251120,513,853904,121636,1152385,1305589,298406,13938,adios,0,adios,0,adios,0,,,62.4,42.0,24,3677000,-1127900,42.0,,,24.71,82384,,1,2000
1790026600,2026-09-21T21:36:40Z,3868,1790022802,6.1.187-android14-11-SAGA,49646d1b0cd1,cc_governor,cc_governor,1432957,103460,1695601,2007613,262649,534,876704,125082,1194017,1352014,317324,14527,adios,0,adios,0,adios,0,,,,42.0,24,3719000,-751900,42.0,,,22.44,116692,,1,2000
1790026638,2026-09-21T21:37:18Z,3906,1790022802,6.1.187-android14-11-SAGA,49646d1b0cd1,cc_governor,cc_governor,1496708,114587,1762207,2095197,265442,539,883783,142285,1205364,1381217,321607,14958,adios,0,adios,0,adios,0,,,52.5,42.0,24,3716000,-709800,42.0,,,20.59,121804,,1,2000
1790026677,2026-09-21T21:37:57Z,3944,1790022802,6.1.187-android14-11-SAGA,49646d1b0cd1,cc_governor,cc_governor,1563851,120795,1836227,2185799,272341,543,892083,152420,1226418,1412937,334331,15404,adios,0,adios,0,adios,0,,,52.0,41.0,24,3718000,-767800,41.0,,,21.08,120612,,1,2000
1790026715,2026-09-21T21:38:35Z,3982,1790022802,6.1.187-android14-11-SAGA,49646d1b0cd1,cc_governor,cc_governor,1628400,128625,1906525,2274265,278092,547,899692,163862,1245666,1444139,345972,15861,adios,0,adios,0,adios,0,,,,41.0,24,3717000,-560300,41.0,,,21.37,107476,,1,2000
1790026753,2026-09-21T21:39:13Z,4020,1790022802,6.1.187-android14-11-SAGA,49646d1b0cd1,cc_governor,cc_governor,1687340,133763,1975461,2359371,288127,551,911311,171619,1272102,1478949,360808,16277,adios,0,adios,0,adios,0,,,60.9,41.0,24,3706000,-994200,41.0,,,19.56,95316,,1,2000
1790026792,2026-09-21T21:39:52Z,4059,1790022802,6.1.187-android14-11-SAGA,49646d1b0cd1,cc_governor,cc_governor,1731226,143463,2029216,2436874,298014,561,928893,184497,1301392,1521431,372528,16736,adios,0,adios,0,adios,0,,,,41.0,24,3713000,-811100,41.0,,,20.33,95820,,1,2000
1790026831,2026-09-21T21:40:31Z,4098,1790022802,6.1.187-android14-11-SAGA,49646d1b0cd1,cc_governor,cc_governor,1782076,151028,2090072,2519990,307969,572,946597,193743,1330918,1560989,384311,17198,adios,0,adios,0,adios,0,,,58.1,41.0,23,3715000,-1143700,41.0,,,19.26,104288,,1,2000
1790026869,2026-09-21T21:41:09Z,4136,1790022802,6.1.187-android14-11-SAGA,49646d1b0cd1,cc_governor,cc_governor,1821010,158817,2141215,2591864,320181,573,971415,201463,1368520,1608278,397055,17625,adios,0,adios,0,adios,0,,,65.1,41.0,23,3687000,-1170600,42.0,,,22.84,85716,,1,2000
1790026908,2026-09-21T21:41:48Z,4176,1790022802,6.1.187-android14-11-SAGA,49646d1b0cd1,cc_governor,cc_governor,1869272,160188,2207222,2673612,337932,586,1011657,203083,1427398,1671072,415728,18246,adios,0,adios,0,adios,0,,,69.5,42.0,23,3652000,-1710200,42.0,,,25.99,189420,,1,2000
1790026952,2026-09-21T21:42:32Z,4220,1790022802,6.1.187-android14-11-SAGA,49646d1b0cd1,cc_governor,cc_governor,1941105,163137,2292163,2777955,351033,856,1056800,205796,1488142,1742178,431317,19161,adios,0,adios,0,adios,0,,,62.9,42.0,23,3697000,-1008300,42.0,,,24.37,139676,,1,2000
1790026991,2026-09-21T21:43:11Z,4258,1790022802,6.1.187-android14-11-SAGA,49646d1b0cd1,cc_governor,cc_governor,1977566,164157,2348066,2842955,370490,863,1083176,206801,1534890,1791321,451705,19681,adios,0,adios,0,adios,3,,,63.0,42.0,22,3682000,-1026000,42.0,,,25.85,128408,,1,2000
1790027031,2026-09-21T21:43:51Z,4298,1790022802,6.1.187-android14-11-SAGA,49646d1b0cd1,cc_governor,cc_governor,2042389,164890,2428374,2932558,385970,904,1138287,207640,1607752,1867045,469352,20442,adios,0,adios,0,adios,0,,,61.6,42.0,22,3664000,-869700,42.0,,,22.83,76724,,1,2000
1790027070,2026-09-21T21:44:30Z,4338,1790022802,6.1.187-android14-11-SAGA,49646d1b0cd1,cc_governor,cc_governor,2113417,164906,2514596,3027304,401128,948,1195256,207730,1681833,1942774,486568,21126,adios,0,adios,0,adios,0,,,60.6,42.0,22,3668000,-1087000,42.0,,,23.89,123420,,1,2000
1790027110,2026-09-21T21:45:10Z,4377,1790022802,6.1.187-android14-11-SAGA,49646d1b0cd1,cc_governor,cc_governor,2179897,171162,2590506,3118642,410512,973,1250624,214109,1748983,2018287,498197,21699,adios,0,adios,0,adios,0,,,62.8,42.0,22,3691000,-1015600,42.0,,,25.31,116844,,1,2000
1790027150,2026-09-21T21:45:50Z,4417,1790022802,6.1.187-android14-11-SAGA,49646d1b0cd1,cc_governor,cc_governor,2263853,174418,2683968,3224882,420123,1043,1325949,218310,1835853,2111657,509857,22545,adios,0,adios,0,adios,0,,,59.1,42.0,21,3680000,-1093700,42.0,,,22.67,98432,,1,2000
1790027189,2026-09-21T21:46:29Z,4456,1790022802,6.1.187-android14-11-SAGA,49646d1b0cd1,cc_governor,cc_governor,2326566,178562,2758035,3312227,431301,1054,1363122,223005,1887112,2169117,523957,23048,adios,0,adios,0,adios,0,,,61.9,41.0,21,3655000,-1281700,42.0,,,22.21,107080,,1,2000
1790027228,2026-09-21T21:47:08Z,4495,1790022802,6.1.187-android14-11-SAGA,49646d1b0cd1,cc_governor,cc_governor,2410781,180213,2852973,3418156,442107,1109,1441188,225095,1978038,2265187,536747,23807,adios,0,adios,0,adios,0,,,,41.0,21,3668000,-1153500,41.0,,,23.45,97424,,1,2000
1790027267,2026-09-21T21:47:47Z,4535,1790022802,6.1.187-android14-11-SAGA,49646d1b0cd1,cc_governor,cc_governor,2478657,183551,2932557,3510980,453850,1171,1491414,229216,2042979,2336071,551550,24512,adios,0,adios,0,adios,0,,,57.7,41.0,21,3659000,-1267700,41.0,,,21.96,87676,,1,2000
1790027305,2026-09-21T21:48:25Z,4573,1790022802,6.1.187-android14-11-SAGA,49646d1b0cd1,cc_governor,cc_governor,2549464,187412,3013373,3603866,463775,1177,1542726,233609,2106739,2405779,563878,25071,adios,0,adios,0,adios,0,,,62.0,41.0,20,3672000,-1272500,41.0,,,21.53,97072,,1,2000
1790027345,2026-09-21T21:49:05Z,4612,1790022802,6.1.187-android14-11-SAGA,49646d1b0cd1,cc_governor,cc_governor,2622589,191169,3096914,3700113,474202,1201,1601056,238023,2177191,2481902,576038,25704,adios,0,adios,0,adios,0,,,59.2,41.0,20,3686000,-1011900,41.0,,,22.83,113468,,1,2000
1790027383,2026-09-21T21:49:43Z,4651,1790022802,6.1.187-android14-11-SAGA,49646d1b0cd1,cc_governor,cc_governor,2675299,194722,3163396,3780144,488083,1216,1622866,242461,2216101,2525770,593222,26276,adios,0,adios,0,adios,0,,,58.3,41.0,20,3690000,-1115700,41.0,,,21.28,94516,,1,2000
1790027423,2026-09-21T21:50:23Z,4690,1790022802,6.1.187-android14-11-SAGA,49646d1b0cd1,cc_governor,cc_governor,2741067,203192,3236543,3870234,495435,1234,1675100,251707,2276828,2597045,601721,26896,adios,0,adios,0,adios,0,,,,41.0,20,3675000,-938700,41.0,,,20.45,87284,,1,2000
1790027461,2026-09-21T21:51:01Z,4729,1790022802,6.1.187-android14-11-SAGA,49646d1b0cd1,cc_governor,cc_governor,2787262,212348,3292564,3944044,505188,1245,1707978,261608,2320048,2651066,611940,27457,adios,0,adios,0,adios,0,,,61.4,41.0,19,3659000,-1467200,41.0,,,22.84,114908,,1,2000
1790027503,2026-09-21T21:51:43Z,4770,1790022802,6.1.187-android14-11-SAGA,49646d1b0cd1,cc_governor,cc_governor,2874468,216084,3388866,4055322,514391,1364,1779301,266067,2402895,2741728,623573,28370,adios,0,adios,0,adios,0,,,59.9,41.0,19,3672000,-1224300,41.0,,,21.58,150692,,1,2000
1790027541,2026-09-21T21:52:21Z,4809,1790022802,6.1.187-android14-11-SAGA,49646d1b0cd1,cc_governor,cc_governor,2920414,220034,3450298,4129065,529722,1375,1811208,270435,2452131,2796507,640893,28913,adios,0,adios,0,adios,0,,,59.5,41.0,19,3672000,-1070500,41.0,,,22.62,252872,,1,2000
1790027581,2026-09-21T21:53:01Z,4849,1790022802,6.1.187-android14-11-SAGA,49646d1b0cd1,cc_governor,cc_governor,3009217,223404,3547257,4239420,538011,1410,1867414,275457,2521026,2872224,653573,29685,adios,0,adios,0,adios,0,,,54.6,41.0,19,3683000,-540100,41.0,,,22.67,198780,,1,2000
1790027622,2026-09-21T21:53:42Z,4890,1790022802,6.1.187-android14-11-SAGA,49646d1b0cd1,cc_governor,cc_governor,3076575,229778,3624971,4331909,548172,1428,1940005,281838,2604718,2964129,664605,30434,adios,0,adios,0,adios,0,,,63.7,41.0,18,3679000,-1092500,41.0,,,22.52,143044,,1,2000
1790027662,2026-09-21T21:54:22Z,4930,1790022802,6.1.187-android14-11-SAGA,49646d1b0cd1,cc_governor,cc_governor,3124424,237892,3684341,4408550,559832,1482,1969386,291458,2646464,3016521,677052,31205,adios,0,adios,0,adios,0,,,55.5,41.0,18,3678000,-821500,41.0,,,20.45,99032,,1,2000
1790027701,2026-09-21T21:55:01Z,4969,1790022802,6.1.187-android14-11-SAGA,49646d1b0cd1,cc_governor,cc_governor,3170188,240113,3745482,4481706,575293,1501,2005269,294160,2695933,3073624,690661,31858,adios,0,adios,0,adios,0,,,,41.0,18,3687000,-629200,41.0,,,20.56,340996,,1,2000
1790027739,2026-09-21T21:55:39Z,5007,1790022802,6.1.187-android14-11-SAGA,49646d1b0cd1,cc_governor,cc_governor,3186272,245645,3778140,4525184,591865,1501,2009724,296688,2708425,3089247,698701,32262,adios,0,adios,0,adios,0,,,,41.0,18,3701000,-352100,41.0,,,19.62,246628,,1,2000
1790027776,2026-09-21T21:56:16Z,5044,1790022802,6.1.187-android14-11-SAGA,49646d1b0cd1,cc_governor,cc_governor,3195390,256023,3799089,4559866,603694,1503,2011235,300823,2715389,3100861,704154,32699,adios,0,adios,0,adios,0,,,,40.0,18,3690000,-521800,40.0,,,18.80,179964,,1,2000
1790027813,2026-09-21T21:56:54Z,5081,1790022802,6.1.187-android14-11-SAGA,49646d1b0cd1,cc_governor,cc_governor,3208191,265614,3824595,4598192,616424,1506,2012839,304062,2720492,3109594,707655,33122,adios,0,adios,0,adios,0,,,,40.0,18,3701000,-690900,40.0,,,17.61,138556,,1,2000
1790027850,2026-09-21T21:57:30Z,5118,1790022802,6.1.187-android14-11-SAGA,49646d1b0cd1,cc_governor,cc_governor,3219389,276351,3847227,4634372,627845,1508,2013311,307004,2723674,3116012,710367,33526,adios,0,adios,0,adios,0,,,,39.0,18,3702000,-446700,39.0,,,17.47,84164,,1,2000
1790027887,2026-09-21T21:58:07Z,5155,1790022802,6.1.187-android14-11-SAGA,49646d1b0cd1,cc_governor,cc_governor,3228270,292063,3861960,4667558,633688,1510,2013748,311226,2725247,3122197,711499,33933,adios,0,adios,0,adios,0,,,,39.0,17,3698000,-297200,39.0,,,17.21,97908,,1,2000
1790027924,2026-09-21T21:58:44Z,5192,1790022802,6.1.187-android14-11-SAGA,49646d1b0cd1,cc_governor,cc_governor,3244339,302246,3889345,4709587,644916,1522,2018888,314223,2734286,3134846,715360,34371,adios,0,adios,0,adios,0,,,,39.0,17,3711000,-262400,39.0,,,18.49,377440,,1,2000
1790027986,2026-09-21T21:59:46Z,5253,1790022802,6.1.187-android14-11-SAGA,49646d1b0cd1,cc_governor,cc_governor,0,0,61,89,73,0,27,0,77,79,54,17,adios,0,adios,0,adios,0,,,,38.0,17,3692000,-721400,38.0,,,16.97,84572,,1,2000
1790028110,2026-09-21T22:01:50Z,5378,1790022802,6.1.187-android14-11-SAGA,49646d1b0cd1,cc_governor,cc_governor,1,0,63,80,77,0,32,0,81,87,54,12,adios,0,adios,0,adios,0,,,,37.0,17,3706000,-391800,37.0,,,16.31,109464,,1,2000
1790028169,2026-09-21T22:02:49Z,5436,1790022802,6.1.187-android14-11-SAGA,49646d1b0cd1,cc_governor,cc_governor,449,372,1932,2491,1483,0,218,46,631,759,413,16,adios,0,adios,0,adios,0,,,,37.0,17,3706000,-411900,37.0,,,16.20,131904,,1,2000
1790028212,2026-09-21T22:03:32Z,5479,1790022802,6.1.187-android14-11-SAGA,49646d1b0cd1,cc_governor,cc_governor,79,1011,803,1955,724,0,106,65,212,291,106,17,adios,0,adios,0,adios,0,,,,37.0,17,3711000,-609100,37.0,,,15.97,106984,,1,2000
1790028266,2026-09-21T22:04:26Z,5534,1790022802,6.1.187-android14-11-SAGA,49646d1b0cd1,cc_governor,cc_governor,0,0,48,63,59,0,33,0,74,79,16,0,adios,0,adios,0,adios,0,,,,37.0,17,3680000,-728100,37.0,,,16.91,129744,,1,2000
1790028488,2026-09-21T22:08:08Z,5755,1790022802,6.1.187-android14-11-SAGA,49646d1b0cd1,cc_governor,cc_governor,54,0,685,739,642,0,122,0,297,302,179,15,adios,0,adios,0,adios,0,,,,36.0,17,3699000,-543800,36.0,,,17.47,107576,,1,2000
1790028529,2026-09-21T22:08:49Z,5797,1790022802,6.1.187-android14-11-SAGA,49646d1b0cd1,cc_governor,cc_governor,56,185,844,1085,788,0,60,36,202,284,142,10,adios,0,adios,0,adios,0,,,,36.0,17,3700000,-739700,36.0,,,16.75,114876,,1,2000
1790028567,2026-09-21T22:09:27Z,5835,1790022802,6.1.187-android14-11-SAGA,49646d1b0cd1,cc_governor,cc_governor,6097,2068,11022,14795,4925,36,4572,258,6025,6758,1453,45,adios,0,adios,0,adios,0,,,,37.0,17,3709000,-283200,37.0,,,16.21,108116,,1,2000
1790028735,2026-09-21T22:12:15Z,6002,1790022802,6.1.187-android14-11-SAGA,49646d1b0cd1,cc_governor,cc_governor,18063,314,23643,27750,5553,24,9889,241,14831,16098,4956,50,adios,0,adios,0,adios,0,,,,36.0,17,3658000,-1339100,36.0,,,19.08,109824,,1,2000
1790028773,2026-09-21T22:12:53Z,6040,1790022802,6.1.187-android14-11-SAGA,49646d1b0cd1,cc_governor,cc_governor,76679,905,95241,107519,18518,34,54412,776,72039,77312,17548,529,adios,0,adios,0,adios,16,,,,37.0,16,3677000,-996700,37.0,,,21.55,112792,,1,2000
1790028822,2026-09-21T22:13:42Z,6089,1790022802,6.1.187-android14-11-SAGA,49646d1b0cd1,cc_governor,cc_governor,165722,3879,195422,221961,29427,166,122655,5273,153377,165638,30663,2172,adios,0,adios,0,adios,0,,,43.3,37.0,16,3698000,-376500,37.0,,,21.32,85188,,1,2000
1790028873,2026-09-21T22:14:33Z,6141,1790022802,6.1.187-android14-11-SAGA,49646d1b0cd1,cc_governor,cc_governor,269416,9751,305695,349647,36154,210,193499,14766,234006,257353,40318,3619,adios,0,adios,0,adios,0,,,43.1,37.0,16,3699000,-483300,37.0,,,21.99,123992,,1,2000
1790028923,2026-09-21T22:15:23Z,6190,1790022802,6.1.187-android14-11-SAGA,49646d1b0cd1,cc_governor,cc_governor,375534,18126,414205,477979,38449,241,256487,29668,301489,340918,44956,4931,adios,0,adios,0,adios,0,,,,37.0,16,3666000,-711600,37.0,,,21.66,106500,,1,2000
1790028970,2026-09-21T22:16:10Z,6237,1790022802,6.1.187-android14-11-SAGA,49646d1b0cd1,cc_governor,cc_governor,457463,22368,507182,585792,49738,312,287927,34609,349235,395846,61324,6096,adios,0,adios,0,adios,0,,,56.8,37.0,16,3661000,-1293300,37.0,,,21.32,98736,,1,2000
1790029008,2026-09-21T22:16:48Z,6275,1790022802,6.1.187-android14-11-SAGA,49646d1b0cd1,cc_governor,cc_governor,527150,28191,583116,676103,55829,314,296705,46826,367107,426710,70375,6563,adios,0,adios,0,adios,0,,,47.1,37.0,16,3694000,-476000,37.0,,,21.59,79720,,1,2000
1790029053,2026-09-21T22:17:33Z,6320,1790022802,6.1.187-android14-11-SAGA,49646d1b0cd1,cc_governor,cc_governor,602228,37941,664930,779334,62664,321,311603,60919,393367,468187,81761,7480,adios,0,adios,0,adios,0,,,48.4,37.0,15,3648000,-933800,37.0,,,20.21,130452,,1,2000
1790029091,2026-09-21T22:18:11Z,6358,1790022802,6.1.187-android14-11-SAGA,49646d1b0cd1,cc_governor,cc_governor,665059,46079,733555,867855,68468,324,320607,72485,411192,498332,90585,7908,adios,0,adios,0,adios,0,,,51.7,37.0,15,3663000,-726900,37.0,,,19.47,91960,,1,2000
1790029129,2026-09-21T22:18:49Z,6396,1790022802,6.1.187-android14-11-SAGA,49646d1b0cd1,cc_governor,cc_governor,718099,54407,794359,947726,76225,325,329363,82034,430167,528096,100793,8331,adios,0,adios,0,adios,0,,,54.9,37.0,15,3663000,-1243200,37.0,,,20.04,113568,,1,2000
1790029168,2026-09-21T22:19:28Z,6435,1790022802,6.1.187-android14-11-SAGA,49646d1b0cd1,cc_governor,cc_governor,757889,56609,851904,1016370,94034,330,343246,84660,464844,565971,121620,8847,adios,0,adios,0,adios,0,,,63.0,38.0,15,3649000,-1180400,38.0,,,20.72,159416,,1,2000
1790029208,2026-09-21T22:20:08Z,6475,1790022802,6.1.187-android14-11-SAGA,49646d1b0cd1,cc_governor,cc_governor,818814,57187,927815,1100917,108963,362,360532,85425,501146,604918,140615,9454,adios,0,adios,0,adios,0,,,54.0,39.0,15,3666000,-673200,39.0,,,19.80,70140,,1,2000
1790029248,2026-09-21T22:20:48Z,6516,1790022802,6.1.187-android14-11-SAGA,49646d1b0cd1,cc_governor,cc_governor,866844,63426,989111,1178504,122210,375,373736,93729,531464,645132,157725,10067,adios,0,adios,0,adios,7,,,52.2,39.0,14,3666000,-717700,39.0,,,21.09,82476,,1,2000
1790029287,2026-09-21T22:21:27Z,6555,1790022802,6.1.187-android14-11-SAGA,49646d1b0cd1,cc_governor,cc_governor,909868,63800,1051883,1248726,141924,381,421050,94137,597859,713558,176774,10612,adios,0,adios,0,adios,0,,,56.8,39.0,14,3626000,-1177900,39.0,,,22.84,76084,,1,2000
1790029326,2026-09-21T22:22:06Z,6593,1790022802,6.1.187-android14-11-SAGA,49646d1b0cd1,cc_governor,cc_governor,974239,68027,1127529,1337966,153287,393,461860,98879,653547,775175,191687,11206,adios,0,adios,0,adios,0,,,57.0,39.0,14,3627000,-1417200,39.0,,,21.14,79656,,1,2000
1790029365,2026-09-21T22:22:45Z,6632,1790022802,6.1.187-android14-11-SAGA,49646d1b0cd1,cc_governor,cc_governor,1034016,69346,1202517,1421673,168475,407,514538,100082,721765,845896,207232,11797,adios,0,adios,0,adios,0,,,56.3,39.0,14,3651000,-848300,39.0,,,22.29,99592,,1,2000
1790029404,2026-09-21T22:23:24Z,6671,1790022802,6.1.187-android14-11-SAGA,49646d1b0cd1,cc_governor,cc_governor,1079987,72219,1264724,1494800,184732,424,545737,102680,770230,898253,224490,12338,adios,0,adios,0,adios,0,,,54.5,40.0,13,3661000,-944200,40.0,,,23.30,143936,,1,2000
1790029444,2026-09-21T22:24:04Z,6712,1790022802,6.1.187-android14-11-SAGA,49646d1b0cd1,cc_governor,cc_governor,1122761,73564,1327671,1566769,204756,441,585667,103952,831624,962872,245905,12957,adios,0,adios,0,adios,0,,,57.5,40.0,13,3637000,-1337800,40.0,,,24.22,82596,,1,2000
1790029484,2026-09-21T22:24:44Z,6752,1790022802,6.1.187-android14-11-SAGA,49646d1b0cd1,cc_governor,cc_governor,1188729,78612,1405225,1656803,216371,478,660864,108468,917866,1055794,256973,13666,adios,0,adios,0,adios,0,,,58.9,40.0,13,3618000,-811100,40.0,,,24.35,94964,,1,2000
1790029525,2026-09-21T22:25:25Z,6793,1790022802,6.1.187-android14-11-SAGA,49646d1b0cd1,cc_governor,cc_governor,1250409,80263,1483195,1745404,232723,518,702421,111031,979408,1121583,276875,14447,adios,0,adios,0,adios,0,,,55.1,40.0,13,3654000,-793400,40.0,,,22.54,102672,,1,2000
1790029566,2026-09-21T22:26:06Z,6833,1790022802,6.1.187-android14-11-SAGA,49646d1b0cd1,cc_governor,cc_governor,1302789,89879,1545629,1825215,242711,540,738564,122622,1027534,1182630,288949,15189,adios,0,adios,0,adios,0,,,57.4,40.0,13,3660000,-646300,40.0,,,21.06,106952,,1,2000
1790029607,2026-09-21T22:26:47Z,6874,1790022802,6.1.187-android14-11-SAGA,49646d1b0cd1,cc_governor,cc_governor,1351851,98200,1606471,1902573,254584,570,766704,132859,1070709,1237396,303978,15875,adios,0,adios,0,adios,0,,,52.1,40.0,12,3646000,-675600,40.0,,,20.08,89164,,1,2000
1790029649,2026-09-21T22:27:29Z,6916,1790022802,6.1.187-android14-11-SAGA,49646d1b0cd1,cc_governor,cc_governor,1416405,106090,1681725,1993435,265101,598,836173,139556,1151800,1327137,315492,16705,adios,0,adios,0,adios,0,,,54.6,40.0,12,3650000,-725700,40.0,,,22.24,82788,,1,2000
1790029692,2026-09-21T22:28:13Z,6960,1790022802,6.1.187-android14-11-SAGA,49646d1b0cd1,cc_governor,cc_governor,1486708,111914,1764169,2091397,277293,662,870044,147868,1202331,1387547,332209,17805,adios,0,adios,0,adios,0,,,54.7,40.0,12,3635000,-1264000,40.0,,,22.03,88388,,1,2000
1790029735,2026-09-21T22:28:55Z,7002,1790022802,6.1.187-android14-11-SAGA,49646d1b0cd1,cc_governor,cc_governor,1553251,121965,1838466,2184721,285244,721,906071,162497,1248536,1449838,342475,18783,adios,0,adios,0,adios,0,,,52.2,40.0,12,3644000,-993600,40.0,,,21.64,85976,,1,2000
1790029778,2026-09-21T22:29:38Z,7045,1790022802,6.1.187-android14-11-SAGA,49646d1b0cd1,cc_governor,cc_governor,1611171,127307,1911322,2270661,300115,764,949265,168863,1308780,1518018,359541,19658,adios,0,adios,0,adios,0,,,51.9,41.0,12,3647000,-562700,41.0,,,21.27,96864,,1,2000
1790029821,2026-09-21T22:30:21Z,7088,1790022802,6.1.187-android14-11-SAGA,49646d1b0cd1,cc_governor,cc_governor,1679457,133837,1991418,2365165,311849,797,996681,176825,1369922,1589484,373256,20409,adios,0,adios,0,adios,0,,,65.1,41.0,11,3638000,-975900,41.0,,,22.44,118092,,1,2000
1790029860,2026-09-21T22:31:01Z,7128,1790022802,6.1.187-android14-11-SAGA,49646d1b0cd1,cc_governor,cc_governor,1735476,142180,2056755,2447895,321207,816,1020863,188420,1406923,1639088,386036,21006,adios,0,adios,0,adios,0,,,54.1,41.0,11,3654000,-740900,41.0,,,21.35,76820,,1,2000
1790029902,2026-09-21T22:31:42Z,7170,1790022802,6.1.187-android14-11-SAGA,49646d1b0cd1,cc_governor,cc_governor,1786495,155956,2114423,2525894,327967,837,1068166,202785,1461833,1709655,393653,21737,adios,0,adios,0,adios,0,,,59.5,41.0,11,3635000,-769000,41.0,,,22.67,122280,,1,2000
1790029944,2026-09-21T22:32:24Z,7211,1790022802,6.1.187-android14-11-SAGA,49646d1b0cd1,cc_governor,cc_governor,1855761,164804,2191895,2621391,336106,908,1104833,215303,1509671,1771592,404803,22730,adios,0,adios,0,adios,0,,,51.1,41.0,11,3649000,-698200,41.0,,,22.52,149276,,1,2000
1790029991,2026-09-21T22:33:11Z,7258,1790022802,6.1.187-android14-11-SAGA,49646d1b0cd1,cc_governor,cc_governor,1908767,178022,2254886,2704687,346096,932,1152376,229264,1567209,1844762,414801,23765,adios,0,adios,0,adios,0,,,55.9,41.0,11,3652000,-596300,41.0,,,23.01,120320,,1,2000
1790030031,2026-09-21T22:33:51Z,7299,1790022802,6.1.187-android14-11-SAGA,49646d1b0cd1,cc_governor,cc_governor,1941565,181043,2303785,2763808,362227,995,1171470,232025,1598995,1882419,427504,24431,adios,0,adios,0,adios,0,,,57.1,41.0,10,3628000,-1303100,41.0,,,21.32,67944,,1,2000
1790030070,2026-09-21T22:34:30Z,7337,1790022802,6.1.187-android14-11-SAGA,49646d1b0cd1,cc_governor,cc_governor,1971871,184625,2352544,2824640,380666,1003,1187392,235731,1634730,1922827,447354,24917,adios,0,adios,0,adios,0,,,55.9,41.0,10,3610000,-1254800,41.0,,,20.88,109004,,1,2000
1790030109,2026-09-21T22:35:09Z,7376,1790022802,6.1.187-android14-11-SAGA,49646d1b0cd1,cc_governor,cc_governor,2012538,193479,2404274,2893911,391725,1017,1208749,245993,1668183,1967538,459433,25454,adios,0,adios,0,adios,0,,,54.8,40.0,10,3631000,-867300,40.0,,,20.01,123300,,1,2000
1790030149,2026-09-21T22:35:49Z,7416,1790022802,6.1.187-android14-11-SAGA,49646d1b0cd1,cc_governor,cc_governor,2051396,200288,2457479,2963151,406087,1024,1232662,253323,1707305,2014784,474662,26074,adios,0,adios,0,adios,0,,,58.0,40.0,10,3625000,-757400,40.0,,,20.63,86148,,1,2000
1790030188,2026-09-21T22:36:28Z,7456,1790022802,6.1.187-android14-11-SAGA,49646d1b0cd1,cc_governor,cc_governor,2086018,209532,2504950,3028285,418904,1030,1253608,263558,1743051,2061597,489417,26610,adios,0,adios,0,adios,0,,,54.3,40.0,10,3622000,-931300,40.0,,,20.98,129568,,1,2000
1790030228,2026-09-21T22:37:08Z,7495,1790022802,6.1.187-android14-11-SAGA,49646d1b0cd1,cc_governor,cc_governor,2117173,219163,2549418,3091309,432272,1047,1279660,273499,1782852,2112647,503189,27216,adios,0,adios,0,adios,0,,,51.5,40.0,9,3638000,-1546600,40.0,,,22.10,81936,,1,2000
1790030271,2026-09-21T22:37:51Z,7538,1790022802,6.1.187-android14-11-SAGA,49646d1b0cd1,cc_governor,cc_governor,2171172,225774,2616428,3174527,445232,1067,1301389,281446,1821708,2160703,520332,28103,adios,0,adios,0,adios,0,,,51.4,40.0,9,3612000,-973500,40.0,,,20.79,129912,,1,2000
1790030309,2026-09-21T22:38:29Z,7576,1790022802,6.1.187-android14-11-SAGA,49646d1b0cd1,cc_governor,cc_governor,2227467,231539,2681555,3249163,454022,1072,1307768,286140,1832478,2177317,524710,28555,adios,0,adios,0,adios,0,,,,39.0,9,3662000,-471100,39.0,,,18.65,113960,,1,2000
1790030828,2026-09-21T22:47:08Z,8095,1790022802,6.1.187-android14-11-SAGA,49646d1b0cd1,cc_governor,cc_governor,4,0,88,110,100,0,20,0,67,71,50,16,adios,0,adios,0,adios,0,,,40.4,34.0,9,3601000,-1570400,34.0,,,37.26,104992,,1,2000
1790030936,2026-09-21T22:48:56Z,8203,1790022802,6.1.187-android14-11-SAGA,49646d1b0cd1,cc_governor,cc_governor,31863,2008,48289,60425,16391,193,14210,1477,26760,31433,12399,596,adios,0,adios,0,adios,0,,,,35.0,9,3642000,-410700,35.0,,,28.27,629632,,1,2000
1790030982,2026-09-21T22:49:42Z,8249,1790022802,6.1.187-android14-11-SAGA,49646d1b0cd1,cc_governor,cc_governor,14,0,81,109,84,0,27,0,69,73,46,15,adios,0,adios,0,adios,0,,,,35.0,9,3660000,-457100,35.0,,,21.75,510076,,1,2000
1790031048,2026-09-21T22:50:48Z,8315,1790022802,6.1.187-android14-11-SAGA,49646d1b0cd1,cc_governor,cc_governor,30557,3125,42335,51825,11702,58,13468,1208,22673,25842,9195,445,adios,0,adios,0,adios,0,,,,35.0,9,3712000,281300,35.0,,,26.94,117776,,1,2000
1790031103,2026-09-21T22:51:43Z,8370,1790022802,6.1.187-android14-11-SAGA,49646d1b0cd1,cc_governor,cc_governor,77354,4695,107432,128211,29970,448,41890,2469,66592,76640,24674,2869,adios,0,adios,0,adios,16,,,,36.0,9,3727000,443100,36.0,,,29.51,80496,,1,2000
1790031153,2026-09-21T22:52:33Z,8421,1790022802,6.1.187-android14-11-SAGA,49646d1b0cd1,cc_governor,cc_governor,141123,5685,186286,217889,45074,683,102643,3383,141240,157645,38581,4893,adios,0,adios,0,adios,3,,,46.3,37.0,9,3746000,964300,37.0,,,29.14,135344,,1,2000
1790031204,2026-09-21T22:53:24Z,8472,1790022802,6.1.187-android14-11-SAGA,49646d1b0cd1,cc_governor,cc_governor,236525,9447,290762,337651,53965,927,157708,12867,206687,234955,48883,6992,adios,0,adios,0,adios,0,,,46.3,37.0,10,3752000,416200,37.0,,,24.64,120820,,1,2000
1790031250,2026-09-21T22:54:10Z,8518,1790022802,6.1.187-android14-11-SAGA,49646d1b0cd1,cc_governor,cc_governor,310177,12569,377836,437858,67674,995,189865,16602,256057,291202,66205,8159,adios,0,adios,0,adios,0,,,58.4,37.0,10,3735000,449200,37.0,,,22.51,194484,,1,2000
1790031288,2026-09-21T22:54:48Z,8556,1790022802,6.1.187-android14-11-SAGA,49646d1b0cd1,cc_governor,cc_governor,364302,16338,444005,518265,79718,997,202088,20458,283678,324092,81599,8627,adios,0,adios,0,adios,0,,,54.0,37.0,10,3761000,656100,37.0,,,20.53,119772,,1,2000
1790031326,2026-09-21T22:55:26Z,8594,1790022802,6.1.187-android14-11-SAGA,49646d1b0cd1,cc_governor,cc_governor,404574,23300,496216,587224,91614,999,216554,27716,311615,360664,95022,9115,adios,0,adios,0,adios,0,,,57.5,38.0,10,3764000,883700,38.0,,,19.17,77152,,1,2000
1790031365,2026-09-21T22:56:05Z,8633,1790022802,6.1.187-android14-11-SAGA,49646d1b0cd1,cc_governor,cc_governor,448294,25874,556444,658988,108116,999,233506,30628,347683,400482,114147,9688,adios,0,adios,0,adios,0,,,,38.0,10,3763000,816000,38.0,,,19.43,163024,,1,2000
1790031404,2026-09-21T22:56:44Z,8671,1790022802,6.1.187-android14-11-SAGA,49646d1b0cd1,cc_governor,cc_governor,504749,28280,625965,738581,121223,1007,254185,33340,384917,442582,130721,10253,adios,0,adios,0,adios,0,,,53.7,38.0,10,3769000,921000,38.0,,,20.40,121328,,1,2000
1790031445,2026-09-21T22:57:25Z,8713,1790022802,6.1.187-android14-11-SAGA,49646d1b0cd1,cc_governor,cc_governor,546881,35721,682201,811918,135329,1013,273623,41659,420410,487984,146787,11028,adios,0,adios,0,adios,0,,,57.8,38.0,11,3746000,501700,38.0,,,22.22,94572,,1,2000
1790031484,2026-09-21T22:58:04Z,8752,1790022802,6.1.187-android14-11-SAGA,49646d1b0cd1,cc_governor,cc_governor,592197,37562,745184,884047,152862,1030,318173,43223,481965,552348,163739,11664,adios,0,adios,0,adios,0,,,59.1,39.0,11,3748000,476000,39.0,,,21.98,106408,,1,2000
1790031524,2026-09-21T22:58:44Z,8792,1790022802,6.1.187-android14-11-SAGA,49646d1b0cd1,cc_governor,cc_governor,663625,37816,830968,980631,167364,1087,387330,43540,567249,640434,179911,12410,adios,0,adios,0,adios,0,,,55.4,39.0,11,3747000,949000,39.0,,,21.25,193068,,1,2000
1790031563,2026-09-21T22:59:23Z,8831,1790022802,6.1.187-android14-11-SAGA,49646d1b0cd1,cc_governor,cc_governor,720054,39396,902935,1062352,182901,1169,430786,45238,627530,703901,196740,12924,adios,0,adios,0,adios,0,,,57.1,40.0,11,3774000,632300,40.0,,,21.97,94980,,1,2000
1790031602,2026-09-21T23:00:02Z,8869,1790022802,6.1.187-android14-11-SAGA,49646d1b0cd1,cc_governor,cc_governor,771047,40956,970447,1139680,199271,1179,489031,46784,701597,781269,212466,13462,adios,0,adios,0,adios,0,,,59.9,40.0,11,3775000,945400,40.0,,,22.50,82124,,1,2000
1790031640,2026-09-21T23:00:40Z,8908,1790022802,6.1.187-android14-11-SAGA,49646d1b0cd1,cc_governor,cc_governor,824564,46593,1035935,1219561,211252,1184,526701,53138,752689,839991,225998,14059,adios,0,adios,0,adios,0,,,57.8,40.0,12,3773000,762300,40.0,,,20.86,97064,,1,2000
1790031680,2026-09-21T23:01:20Z,8948,1790022802,6.1.187-android14-11-SAGA,49646d1b0cd1,cc_governor,cc_governor,883656,51750,1107110,1304022,223469,1209,581704,58571,820938,916374,239249,14720,adios,0,adios,0,adios,0,,,59.7,40.0,12,3777000,916100,40.0,,,20.48,189204,,1,2000
1790031719,2026-09-21T23:01:59Z,8986,1790022802,6.1.187-android14-11-SAGA,49646d1b0cd1,cc_governor,cc_governor,934283,56743,1170714,1382486,236433,1218,607963,64085,862993,965284,255004,15307,adios,0,adios,0,adios,0,,,54.1,41.0,12,3783000,935000,41.0,,,19.49,139120,,1,2000
1790031760,2026-09-21T23:02:40Z,9027,1790022802,6.1.187-android14-11-SAGA,49646d1b0cd1,cc_governor,cc_governor,991581,58546,1244401,1467199,252806,1233,654856,66026,928229,1033861,273344,16056,adios,0,adios,0,adios,0,,,59.8,41.0,12,3783000,953300,41.0,,,19.77,105352,,1,2000
1790031799,2026-09-21T23:03:19Z,9066,1790022802,6.1.187-android14-11-SAGA,49646d1b0cd1,cc_governor,cc_governor,1038629,61529,1307399,1542471,268741,1243,685385,68972,976223,1085552,290814,16684,adios,0,adios,0,adios,0,,,56.8,41.0,12,3784000,821500,41.0,,,19.75,138364,,1,2000
1790031838,2026-09-21T23:03:58Z,9106,1790022802,6.1.187-android14-11-SAGA,49646d1b0cd1,cc_governor,cc_governor,1082252,65075,1367391,1614103,284985,1248,727716,72442,1034989,1149097,307178,17331,adios,0,adios,0,adios,0,,,62.2,41.0,13,3773000,423500,41.0,,,21.65,130864,,1,2000
1790031879,2026-09-21T23:04:39Z,9146,1790022802,6.1.187-android14-11-SAGA,49646d1b0cd1,cc_governor,cc_governor,1133985,66252,1436721,1694537,302683,1293,758554,73690,1086178,1202892,327532,18009,adios,0,adios,0,adios,0,,,61.8,41.0,13,3764000,639600,41.0,,,21.18,83988,,1,2000
1790031919,2026-09-21T23:05:19Z,9186,1790022802,6.1.187-android14-11-SAGA,49646d1b0cd1,cc_governor,cc_governor,1202738,70807,1516250,1789593,313546,1342,805368,78821,1147884,1271119,342537,18792,adios,0,adios,0,adios,0,,,59.0,41.0,13,3778000,704900,41.0,,,20.82,81900,,1,2000
1790031957,2026-09-21T23:05:57Z,9224,1790022802,6.1.187-android14-11-SAGA,49646d1b0cd1,cc_governor,cc_governor,1248586,74661,1576928,1862529,328335,1345,853740,82412,1211508,1338958,357744,19330,adios,0,adios,0,adios,0,,,59.1,41.0,13,3783000,689600,41.0,,,20.97,95080,,1,2000
1790031995,2026-09-21T23:06:35Z,9263,1790022802,6.1.187-android14-11-SAGA,49646d1b0cd1,cc_governor,cc_governor,1298245,77278,1641082,1940627,342683,1399,901199,84975,1273790,1407542,372420,19923,adios,0,adios,0,adios,0,,,66.6,41.0,13,3772000,606600,41.0,,,26.50,17476,,1,2000
1790032039,2026-09-21T23:07:19Z,9306,1790022802,6.1.187-android14-11-SAGA,49646d1b0cd1,cc_governor,cc_governor,1358947,80536,1717524,2035848,358563,1516,947220,88067,1337699,1478943,390458,20957,adios,0,adios,0,adios,0,,,60.9,42.0,13,3780000,618200,42.0,,,24.56,152008,,1,2000
1790032078,2026-09-21T23:07:58Z,9345,1790022802,6.1.187-android14-11-SAGA,49646d1b0cd1,cc_governor,cc_governor,1426090,85267,1794655,2126983,368550,1527,1018976,93431,1420586,1568396,401531,21472,adios,0,adios,0,adios,0,,,65.2,42.0,14,3786000,717700,42.0,,,23.15,76740,,1,2000
1790032118,2026-09-21T23:08:38Z,9386,1790022802,6.1.187-android14-11-SAGA,49646d1b0cd1,cc_governor,cc_governor,1484394,87168,1868324,2212740,383912,1620,1077941,95440,1495826,1648735,417852,22319,adios,0,adios,0,adios,0,,,58.6,42.0,14,3795000,882500,42.0,,,22.93,82800,,1,2000
1790032159,2026-09-21T23:09:19Z,9427,1790022802,6.1.187-android14-11-SAGA,49646d1b0cd1,cc_governor,cc_governor,1517230,91469,1919864,2276814,402578,1672,1106977,99779,1543945,1703379,437004,22942,adios,0,adios,0,adios,0,,,,42.0,14,3700000,-421100,42.0,,,23.14,865984,,1,2000
1790032202,2026-09-21T23:10:02Z,9470,1790022802,6.1.187-android14-11-SAGA,49646d1b0cd1,cc_governor,cc_governor,275,41,1727,1869,1452,0,321,33,612,684,291,18,adios,0,adios,0,adios,0,,,,41.0,14,3726000,-331400,41.0,,,19.59,787096,,1,2000
1790032241,2026-09-21T23:10:41Z,9509,1790022802,6.1.187-android14-11-SAGA,49646d1b0cd1,cc_governor,cc_governor,10133,3157,20716,26842,10597,6,4858,1214,9734,11518,4879,543,adios,0,adios,0,adios,0,,,,40.0,14,3723000,-559000,40.0,,,18.50,279840,,1,2000
1790032320,2026-09-21T23:12:00Z,9588,1790022802,6.1.187-android14-11-SAGA,49646d1b0cd1,cc_governor,cc_governor,2,0,57,70,71,0,77,0,17,23,15,4,adios,0,adios,0,adios,0,,,,39.0,13,3726000,-931300,39.0,,,17.60,179812,,1,2000
1790032497,2026-09-21T23:14:57Z,9764,1790022802,6.1.187-android14-11-SAGA,49646d1b0cd1,cc_governor,cc_governor,0,0,58,79,74,0,44,0,94,101,54,15,adios,0,adios,0,adios,0,,,,37.0,13,3713000,-428400,37.0,,,18.07,155380,,1,2000
1790032549,2026-09-21T23:15:49Z,9816,1790022802,6.1.187-android14-11-SAGA,49646d1b0cd1,cc_governor,cc_governor,14475,380,18459,21416,3910,33,11629,318,14899,16744,3292,89,adios,0,adios,0,adios,0,,,,38.0,13,3782000,968600,38.0,,,22.58,118420,,1,2000
1790032590,2026-09-21T23:16:30Z,9858,1790022802,6.1.187-android14-11-SAGA,49646d1b0cd1,cc_governor,cc_governor,75885,766,94473,106850,18353,52,59028,654,76295,82498,17172,912,adios,0,adios,0,adios,0,,,,38.0,13,3796000,583400,38.0,,,22.62,120908,,1,2000
1790032636,2026-09-21T23:17:16Z,9904,1790022802,6.1.187-android14-11-SAGA,49646d1b0cd1,cc_governor,cc_governor,144603,2021,179256,203143,34569,106,95819,2187,131223,142624,35396,2222,adios,0,adios,0,adios,0,,,52.1,38.0,14,3796000,885000,38.0,,,22.29,101316,,1,2000
1790032675,2026-09-21T23:17:55Z,9942,1790022802,6.1.187-android14-11-SAGA,49646d1b0cd1,cc_governor,cc_governor,197473,10144,241003,284316,43502,108,101378,9348,146857,165842,45479,2789,adios,0,adios,0,adios,0,,,54.5,38.0,14,3804000,968600,38.0,,,20.04,178284,,1,2000
1790032713,2026-09-21T23:18:33Z,9980,1790022802,6.1.187-android14-11-SAGA,49646d1b0cd1,cc_governor,cc_governor,236219,17002,292013,352151,55756,110,110686,16137,168545,195174,57856,3253,adios,0,adios,0,adios,0,,,59.4,38.0,14,3784000,612700,38.0,,,18.67,174008,,1,2000
1790032752,2026-09-21T23:19:12Z,10019,1790022802,6.1.187-android14-11-SAGA,49646d1b0cd1,cc_governor,cc_governor,278929,20040,351049,423275,72052,126,125511,19652,200329,232233,74833,3829,adios,0,adios,0,adios,0,,,64.3,39.0,14,3702000,-816000,39.0,,,19.40,115316,,1,2000
1790032791,2026-09-21T23:19:51Z,10058,1790022802,6.1.187-android14-11-SAGA,49646d1b0cd1,cc_governor,cc_governor,330750,22368,417352,499341,86577,134,145811,21929,238509,275471,92661,4376,adios,0,adios,0,adios,0,,,52.4,39.0,14,3675000,-486400,39.0,,,19.92,138776,,1,2000
1790032836,2026-09-21T23:20:36Z,10103,1790022802,6.1.187-android14-11-SAGA,49646d1b0cd1,cc_governor,cc_governor,372223,28800,476726,574795,104412,161,161744,28549,273765,319643,111963,5296,adios,0,adios,0,adios,0,,,55.9,39.0,14,3680000,-877600,39.0,,,20.68,88804,,1,2000
1790032875,2026-09-21T23:21:15Z,10143,1790022802,6.1.187-android14-11-SAGA,49646d1b0cd1,cc_governor,cc_governor,422809,29583,545179,654142,122206,184,200411,29280,330092,378212,129519,5847,adios,0,adios,0,adios,0,,,57.1,39.0,14,3656000,-1405600,39.0,,,20.97,127632,,1,2000
1790032914,2026-09-21T23:21:54Z,10181,1790022802,6.1.187-android14-11-SAGA,49646d1b0cd1,cc_governor,cc_governor,467413,29805,608807,726289,141287,188,225194,29515,373062,422473,147840,6382,adios,0,adios,0,adios,0,,,59.1,39.0,13,3664000,-1376300,39.0,,,21.18,79912,,1,2000
1790032953,2026-09-21T23:22:33Z,10221,1790022802,6.1.187-android14-11-SAGA,49646d1b0cd1,cc_governor,cc_governor,527185,30557,684539,812533,157177,214,258829,30366,425155,476437,166202,7026,adios,0,adios,0,adios,0,,,61.5,40.0,13,3651000,-1240800,40.0,,,21.84,98956,,1,2000
1790032993,2026-09-21T23:23:13Z,10261,1790022802,6.1.187-android14-11-SAGA,49646d1b0cd1,cc_governor,cc_governor,601148,32140,771909,911196,170598,283,313678,32465,495361,550350,181568,7805,adios,0,adios,0,adios,0,,,61.3,40.0,13,3635000,-1312200,40.0,,,22.15,88712,,1,2000
1790033033,2026-09-21T23:23:53Z,10301,1790022802,6.1.187-android14-11-SAGA,49646d1b0cd1,cc_governor,cc_governor,671651,38201,851631,1007711,179999,332,361067,40317,556278,620667,195185,8541,adios,0,adios,0,adios,0,,,53.1,40.0,13,3680000,-779400,40.0,,,21.15,96544,,1,2000
1790033073,2026-09-21T23:24:33Z,10340,1790022802,6.1.187-android14-11-SAGA,49646d1b0cd1,cc_governor,cc_governor,717228,44163,911243,1081746,194007,339,400293,46386,610457,681962,210154,9078,adios,0,adios,0,adios,0,,,56.2,40.0,13,3656000,-770200,40.0,,,22.40,74784,,1,2000
1790033112,2026-09-21T23:25:12Z,10379,1790022802,6.1.187-android14-11-SAGA,49646d1b0cd1,cc_governor,cc_governor,769200,48279,977161,1159380,207879,341,446236,50321,670352,746764,224096,9597,adios,0,adios,0,adios,0,,,59.5,41.0,13,3637000,-1170600,41.0,,,21.97,100840,,1,2000
1790033151,2026-09-21T23:25:51Z,10418,1790022802,6.1.187-android14-11-SAGA,49646d1b0cd1,cc_governor,cc_governor,839627,54775,1055798,1255362,216140,378,501961,58427,736752,822628,234769,10241,adios,0,adios,0,adios,0,,,52.9,41.0,12,3666000,-781800,41.0,,,21.83,113568,,1,2000
1790033193,2026-09-21T23:26:33Z,10460,1790022802,6.1.187-android14-11-SAGA,49646d1b0cd1,cc_governor,cc_governor,887158,61303,1117794,1331274,230396,384,550578,64493,800180,893181,249450,10833,adios,0,adios,0,adios,0,,,59.1,41.0,12,3650000,-888000,41.0,,,22.14,101212,,1,2000
1790033233,2026-09-21T23:27:13Z,10501,1790022802,6.1.187-android14-11-SAGA,49646d1b0cd1,cc_governor,cc_governor,958525,68574,1197451,1428915,238772,426,586598,75292,848511,953560,261916,11614,adios,0,adios,0,adios,0,,,58.9,41.0,12,3635000,-955800,41.0,,,21.08,102036,,1,2000
1790033274,2026-09-21T23:27:54Z,10541,1790022802,6.1.187-android14-11-SAGA,49646d1b0cd1,cc_governor,cc_governor,1024061,73162,1275206,1519370,250980,447,648868,79550,924340,1035280,275405,12312,adios,0,adios,0,adios,0,,,57.3,41.0,12,3643000,-1087000,41.0,,,23.27,109968,,1,2000
1790033315,2026-09-21T23:28:35Z,10582,1790022802,6.1.187-android14-11-SAGA,49646d1b0cd1,cc_governor,cc_governor,1100420,81215,1358317,1620720,257817,484,701603,90445,985820,1109090,284188,13148,adios,0,adios,0,adios,0,,,58.5,41.0,12,3644000,-755000,41.0,,,21.90,132336,,1,2000
1790033354,2026-09-21T23:29:14Z,10621,1790022802,6.1.187-android14-11-SAGA,49646d1b0cd1,cc_governor,cc_governor,1140750,90862,1409619,1690963,268635,492,724790,101772,1021640,1156981,296731,13686,adios,0,adios,0,adios,0,,,53.4,41.0,12,3640000,-895300,41.0,,,20.89,123068,,1,2000
1790033397,2026-09-21T23:29:57Z,10664,1790022802,6.1.187-android14-11-SAGA,49646d1b0cd1,cc_governor,cc_governor,1207410,97176,1487919,1784583,280500,522,780897,109040,1092263,1236489,311288,14587,adios,0,adios,0,adios,0,,,52.0,41.0,11,3656000,-988700,41.0,,,20.79,112296,,1,2000
1790033442,2026-09-21T23:30:42Z,10709,1790022802,6.1.187-android14-11-SAGA,49646d1b0cd1,cc_governor,cc_governor,1264607,106395,1557078,1870684,292311,544,844358,118092,1167594,1322648,323132,15420,adios,0,adios,0,adios,0,,,61.3,41.0,11,3618000,-1298200,41.0,,,22.27,92392,,1,2000
1790033481,2026-09-21T23:31:21Z,10748,1790022802,6.1.187-android14-11-SAGA,49646d1b0cd1,cc_governor,cc_governor,1331124,114123,1631623,1962680,300445,580,884768,126856,1219957,1385057,335200,16010,adios,0,adios,0,adios,0,,,55.9,41.0,11,3645000,-925900,41.0,,,20.25,130668,,1,2000
1790033520,2026-09-21T23:32:00Z,10788,1790022802,6.1.187-android14-11-SAGA,49646d1b0cd1,cc_governor,cc_governor,1369440,122224,1682896,2030904,313434,586,899928,136531,1250179,1425462,350230,16551,adios,0,adios,0,adios,0,,,52.7,41.0,11,3640000,-844100,41.0,,,20.46,111388,,1,2000
1790033565,2026-09-21T23:32:45Z,10832,1790022802,6.1.187-android14-11-SAGA,49646d1b0cd1,cc_governor,cc_governor,1439922,125641,1767685,2128977,327698,630,926589,141798,1297217,1479012,370651,17518,adios,0,adios,0,adios,0,,,52.3,41.0,11,3657000,-504100,41.0,,,19.26,68808,,1,2000
1790033603,2026-09-21T23:33:23Z,10870,1790022802,6.1.187-android14-11-SAGA,49646d1b0cd1,cc_governor,cc_governor,1494895,128840,1835284,2209427,340354,634,936408,145852,1324678,1511113,388267,17927,adios,0,adios,0,adios,0,,,55.4,41.0,11,3650000,-612700,41.0,,,18.44,87912,,1,2000
1790033641,2026-09-21T23:34:01Z,10908,1790022802,6.1.187-android14-11-SAGA,49646d1b0cd1,cc_governor,cc_governor,1551056,140107,1895679,2292036,344623,638,941499,159017,1336395,1536381,394890,18340,adios,0,adios,0,adios,0,,,63.3,41.0,10,3621000,-1189500,41.0,,,19.33,122396,,1,2000
1790033679,2026-09-21T23:34:40Z,10947,1790022802,6.1.187-android14-11-SAGA,49646d1b0cd1,cc_governor,cc_governor,1592707,141871,1955474,2362210,362789,643,959477,161149,1374957,1578002,415498,18842,adios,0,adios,0,adios,0,,,66.0,41.0,10,3618000,-1091300,41.0,,,18.94,105036,,1,2000
1790033718,2026-09-21T23:35:18Z,10986,1790022802,6.1.187-android14-11-SAGA,49646d1b0cd1,cc_governor,cc_governor,1645654,143586,2023511,2439478,377775,650,974354,163188,1407459,1615073,433103,19368,adios,0,adios,0,adios,0,,,61.2,42.0,10,3628000,-971000,42.0,,,19.92,122896,,1,2000
1790033757,2026-09-21T23:35:57Z,11024,1790022802,6.1.187-android14-11-SAGA,49646d1b0cd1,cc_governor,cc_governor,1693850,145987,2086943,2515304,393106,654,991112,166377,1444192,1657163,453094,19845,adios,0,adios,0,adios,0,,,60.8,42.0,10,3591000,-1529500,42.0,,,21.38,123416,,1,2000
1790033796,2026-09-21T23:36:36Z,11063,1790022802,6.1.187-android14-11-SAGA,49646d1b0cd1,cc_governor,cc_governor,1741421,147539,2151169,2590676,409549,702,1024985,168261,1495858,1713928,470713,20404,adios,0,adios,0,adios,0,,,65.7,42.0,10,3696000,225200,42.0,,,24.54,122684,,1,2000
1790033840,2026-09-21T23:37:20Z,11108,1790022802,6.1.187-android14-11-SAGA,49646d1b0cd1,cc_governor,cc_governor,1808350,149321,2230484,2682932,422100,1262,1080882,169710,1564098,1789009,483157,21827,adios,0,adios,0,adios,0,,,69.1,43.0,10,3721000,789100,43.0,,,28.62,129376,,1,2000
1790033880,2026-09-21T23:38:00Z,11147,1790022802,6.1.187-android14-11-SAGA,49646d1b0cd1,cc_governor,cc_governor,1870575,150225,2308283,2771633,437687,1278,1124986,170959,1627251,1854897,502286,22439,adios,0,adios,0,adios,0,,,61.2,43.0,10,3727000,783000,43.0,,,24.21,96156,,1,2000
1790033918,2026-09-21T23:38:38Z,11186,1790022802,6.1.187-android14-11-SAGA,49646d1b0cd1,cc_governor,cc_governor,1925722,154780,2376055,2852551,450185,1290,1158643,176345,1676114,1910265,517382,22986,adios,0,adios,0,adios,0,,,65.0,43.0,10,3727000,496200,43.0,,,24.59,112284,,1,2000
1790033958,2026-09-21T23:39:18Z,11225,1790022802,6.1.187-android14-11-SAGA,49646d1b0cd1,cc_governor,cc_governor,2007421,158891,2466589,2956687,459043,1328,1215830,180772,1745978,1986174,530139,23711,adios,0,adios,0,adios,0,,,58.6,43.0,10,3748000,896600,43.0,,,23.81,110928,,1,2000
1790033998,2026-09-21T23:39:58Z,11265,1790022802,6.1.187-android14-11-SAGA,49646d1b0cd1,cc_governor,cc_governor,2058435,163851,2531395,3034480,472794,1338,1260512,185350,1806047,2051858,545428,24312,adios,0,adios,0,adios,0,,,63.3,42.0,10,3740000,531000,42.0,,,23.66,116568,,1,2000
1790034037,2026-09-21T23:40:37Z,11304,1790022802,6.1.187-android14-11-SAGA,49646d1b0cd1,cc_governor,cc_governor,2134052,166723,2618091,3134033,483886,1372,1332768,188472,1891372,2142210,558539,25015,adios,0,adios,0,adios,0,,,63.1,42.0,11,3738000,549900,42.0,,,23.56,106252,,1,2000
1790034076,2026-09-21T23:41:16Z,11344,1790022802,6.1.187-android14-11-SAGA,49646d1b0cd1,cc_governor,cc_governor,2203651,170063,2699269,3227436,495643,1394,1399679,192401,1970942,2227214,571129,25678,adios,0,adios,0,adios,0,,,63.3,43.0,11,3745000,490100,43.0,,,25.33,84640,,1,2000
1790034115,2026-09-21T23:41:55Z,11383,1790022802,6.1.187-android14-11-SAGA,49646d1b0cd1,cc_governor,cc_governor,2274349,172049,2782612,3323217,508251,1409,1456975,195926,2042426,2303631,585450,26285,adios,0,adios,0,adios,0,,,60.0,43.0,11,3751000,930100,43.0,,,22.57,71800,,1,2000
1790034155,2026-09-21T23:42:35Z,11423,1790022802,6.1.187-android14-11-SAGA,49646d1b0cd1,cc_governor,cc_governor,2322276,175914,2846317,3399063,523969,1417,1496018,199631,2097962,2363725,601891,26800,adios,0,adios,0,adios,0,,,66.7,42.0,11,3748000,673200,42.0,,,22.38,119832,,1,2000
1790034195,2026-09-21T23:43:15Z,11463,1790022802,6.1.187-android14-11-SAGA,49646d1b0cd1,cc_governor,cc_governor,2379993,179736,2918127,3484536,538142,1473,1525537,204514,2144961,2416545,619456,27559,adios,0,adios,0,adios,0,,,60.4,42.0,11,3759000,570600,42.0,,,21.07,71800,,1,2000
1790034235,2026-09-21T23:43:55Z,11502,1790022802,6.1.187-android14-11-SAGA,49646d1b0cd1,cc_governor,cc_governor,2429957,189221,2977831,3561478,547798,1490,1573243,213175,2202509,2483865,629281,28152,adios,0,adios,0,adios,0,,,65.1,42.0,12,3745000,538900,42.0,,,24.53,121996,,1,2000
1790034275,2026-09-21T23:44:35Z,11543,1790022802,6.1.187-android14-11-SAGA,49646d1b0cd1,cc_governor,cc_governor,2511146,194682,3067336,3666665,556037,1560,1650436,220634,2288651,2579503,638110,28971,adios,0,adios,0,adios,0,,,62.6,42.0,12,3752000,855700,42.0,,,24.63,138712,,1,2000
1790034314,2026-09-21T23:45:14Z,11581,1790022802,6.1.187-android14-11-SAGA,49646d1b0cd1,cc_governor,cc_governor,2572155,203809,3135365,3752936,563208,1577,1704605,231152,2349768,2652585,645168,29564,adios,0,adios,0,adios,0,,,62.2,42.0,12,3770000,955800,42.0,,,23.79,90188,,1,2000
1790034353,2026-09-21T23:45:53Z,11620,1790022802,6.1.187-android14-11-SAGA,49646d1b0cd1,cc_governor,cc_governor,2608241,214749,3181060,3819135,572821,1583,1725672,243422,2380513,2697813,654848,30080,adios,0,adios,0,adios,100,,,,42.0,12,3788000,1345800,42.0,,,21.95,92000,,1,2000
1790034399,2026-09-21T23:46:39Z,11666,1790022802,6.1.187-android14-11-SAGA,49646d1b0cd1,cc_governor,cc_governor,23,261,831,1157,816,0,0,28,52,86,56,17,adios,0,adios,0,adios,0,,,,41.0,13,3793000,1341500,41.0,,,18.70,119704,,1,2000
1790034507,2026-09-21T23:48:27Z,11775,1790022802,6.1.187-android14-11-SAGA,49646d1b0cd1,cc_governor,cc_governor,185,25,1027,1193,831,58,295,10,581,789,283,81,adios,0,adios,0,adios,8,,,57.7,40.0,13,3786000,803200,40.0,,,22.52,155652,,1,2000
1790034551,2026-09-21T23:49:11Z,11818,1790022802,6.1.187-android14-11-SAGA,49646d1b0cd1,cc_governor,cc_governor,55425,2926,70595,83493,15136,209,19686,4855,37257,44593,17567,818,adios,0,adios,0,adios,0,,,51.1,40.0,14,3799000,964300,40.0,,,20.86,113020,,1,2000
1790034589,2026-09-21T23:49:49Z,11856,1790022802,6.1.187-android14-11-SAGA,49646d1b0cd1,cc_governor,cc_governor,117560,7465,142409,169595,24835,212,32004,10467,65604,80031,33600,1262,adios,0,adios,0,adios,0,,,56.2,40.0,14,3772000,456500,40.0,,,19.88,103884,,1,2000
1790034627,2026-09-21T23:50:27Z,11895,1790022802,6.1.187-android14-11-SAGA,49646d1b0cd1,cc_governor,cc_governor,173290,16365,205461,252516,32194,231,44965,22470,87263,114916,42322,1755,adios,0,adios,0,adios,0,,,59.4,40.0,14,3782000,772700,40.0,,,19.34,72080,,1,2000
1790034666,2026-09-21T23:51:06Z,11933,1790022802,6.1.187-android14-11-SAGA,49646d1b0cd1,cc_governor,cc_governor,222000,17147,271872,335553,49872,240,85009,23181,144325,179836,59297,2183,adios,0,adios,0,adios,0,,,67.4,40.0,14,3751000,451600,40.0,,,23.77,107224,,1,2000
1790034709,2026-09-21T23:51:49Z,11977,1790022802,6.1.187-android14-11-SAGA,49646d1b0cd1,cc_governor,cc_governor,284272,17789,351944,429824,67643,361,124460,23784,204126,243631,79627,3060,adios,0,adios,0,adios,0,,,66.3,41.0,14,3785000,707300,41.0,,,22.89,107960,,1,2000
1790034748,2026-09-21T23:52:28Z,12016,1790022802,6.1.187-android14-11-SAGA,49646d1b0cd1,cc_governor,cc_governor,337088,19962,419328,508766,82259,367,146192,26067,242720,287574,96536,3638,adios,0,adios,0,adios,0,,,57.2,41.0,14,3804000,967400,41.0,,,21.05,101480,,1,2000
1790034788,2026-09-21T23:53:08Z,12056,1790022802,6.1.187-android14-11-SAGA,49646d1b0cd1,cc_governor,cc_governor,378897,22244,479194,580703,100272,378,162697,28545,281035,330093,118336,4219,adios,0,adios,0,adios,0,,,57.6,41.0,15,3795000,773900,41.0,,,19.74,94432,,1,2000
1790034827,2026-09-21T23:53:47Z,12094,1790022802,6.1.187-android14-11-SAGA,49646d1b0cd1,cc_governor,cc_governor,432376,22849,549548,660263,117177,381,218653,29064,353718,404699,135078,4733,adios,0,adios,0,adios,0,,,60.9,41.0,15,3781000,515700,41.0,,,19.72,92672,,1,2000
1790034866,2026-09-21T23:54:26Z,12134,1790022802,6.1.187-android14-11-SAGA,49646d1b0cd1,cc_governor,cc_governor,491197,26119,622520,746513,131208,402,253985,33208,406596,463279,152552,5298,adios,0,adios,0,adios,1,,,58.5,41.0,15,3788000,542600,41.0,,,22.62,110880,,1,2000
1790034905,2026-09-21T23:55:05Z,12173,1790022802,6.1.187-android14-11-SAGA,49646d1b0cd1,cc_governor,cc_governor,548109,30398,692002,829437,143907,438,295583,37858,462842,525244,167261,5903,adios,0,adios,0,adios,0,,,57.8,41.0,15,3798000,438800,41.0,,,21.39,106048,,1,2000
1790034944,2026-09-21T23:55:44Z,12211,1790022802,6.1.187-android14-11-SAGA,49646d1b0cd1,cc_governor,cc_governor,600379,34651,757626,907537,157232,442,331283,42270,514754,582397,183465,6417,adios,0,adios,0,adios,0,,,56.5,41.0,15,3791000,726900,41.0,,,21.01,105532,,1,2000
1790034984,2026-09-21T23:56:24Z,12251,1790022802,6.1.187-android14-11-SAGA,49646d1b0cd1,cc_governor,cc_governor,661107,35622,834414,995148,173328,453,373973,44007,575828,646259,201860,7046,adios,0,adios,0,adios,0,,,55.2,41.0,16,3814000,928900,41.0,,,20.58,90888,,1,2000
1790035023,2026-09-21T23:57:03Z,12290,1790022802,6.1.187-android14-11-SAGA,49646d1b0cd1,cc_governor,cc_governor,703285,38391,893764,1066177,190485,454,402659,47005,622744,696966,220071,7564,adios,0,adios,0,adios,0,,,56.3,41.0,16,3816000,880100,41.0,,,20.27,117392,,1,2000
1790035061,2026-09-21T23:57:42Z,12329,1790022802,6.1.187-android14-11-SAGA,49646d1b0cd1,cc_governor,cc_governor,749966,46338,951759,1140214,201719,460,445265,54317,677361,759850,232084,8091,adios,0,adios,0,adios,0,,,56.5,41.0,16,3817000,933800,41.0,,,21.43,96496,,1,2000
1790035101,2026-09-21T23:58:21Z,12369,1790022802,6.1.187-android14-11-SAGA,49646d1b0cd1,cc_governor,cc_governor,790797,51551,1008151,1210062,217225,479,477560,60404,726911,816870,249253,8658,adios,0,adios,0,adios,0,,,61.6,41.0,16,3815000,919800,41.0,,,23.24,99476,,1,2000
1790035141,2026-09-21T23:59:01Z,12409,1790022802,6.1.187-android14-11-SAGA,49646d1b0cd1,cc_governor,cc_governor,840242,59262,1069157,1287985,228859,514,512515,69588,774103,874383,261584,9327,adios,0,adios,0,adios,0,,,56.4,41.0,16,3810000,839200,41.0,,,22.27,109792,,1,2000
1790035180,2026-09-21T23:59:40Z,12448,1790022802,6.1.187-android14-11-SAGA,49646d1b0cd1,cc_governor,cc_governor,876401,69295,1116664,1354351,240222,525,534076,81007,808115,920558,274014,9822,adios,0,adios,0,adios,0,,,58.0,40.0,17,3807000,679300,40.0,,,22.03,122152,,1,2000
1790035219,2026-09-22T00:00:19Z,12487,1790022802,6.1.187-android14-11-SAGA,49646d1b0cd1,cc_governor,cc_governor,934552,74877,1186515,1438256,251965,541,585050,86574,872238,991408,287041,10412,adios,0,adios,0,adios,0,,,62.4,41.0,17,3804000,688400,41.0,,,21.54,82100,,1,2000
1790035259,2026-09-22T00:00:59Z,12527,1790022802,6.1.187-android14-11-SAGA,49646d1b0cd1,cc_governor,cc_governor,984378,82661,1247810,1517393,263320,563,615235,95735,915819,1045619,300483,11009,adios,0,adios,0,adios,0,,,60.7,41.0,17,3808000,671300,41.0,,,20.78,135548,,1,2000
1790035299,2026-09-22T00:01:39Z,12566,1790022802,6.1.187-android14-11-SAGA,49646d1b0cd1,cc_governor,cc_governor,1032263,89249,1308326,1594717,276080,589,644566,102923,960823,1098655,316268,11592,adios,0,adios,0,adios,0,,,55.3,41.0,17,3817000,820300,41.0,,,20.10,251724,,1,2000
1790035337,2026-09-22T00:02:17Z,12605,1790022802,6.1.187-android14-11-SAGA,49646d1b0cd1,cc_governor,cc_governor,1050993,92408,1337181,1631730,286188,601,658055,103516,981122,1122171,323067,12092,adios,0,adios,0,adios,0,,,,41.0,17,3851000,1339100,41.0,,,19.02,662120,,1,2000
1790035374,2026-09-22T00:02:54Z,12642,1790022802,6.1.187-android14-11-SAGA,49646d1b0cd1,cc_governor,cc_governor,123,1358,3279,4955,3156,0,20,0,43,45,30,5,adios,0,adios,0,adios,0,,,,40.0,18,3864000,1425100,40.0,,,16.93,586396,,1,2000
1790035546,2026-09-22T00:05:46Z,12813,1790022802,6.1.187-android14-11-SAGA,49646d1b0cd1,cc_governor,cc_governor,4,0,133,181,137,0,74,0,142,145,72,17,adios,0,adios,0,adios,0,,,,38.0,20,3816000,248400,38.0,,,18.37,193880,,1,2000
1790035590,2026-09-22T00:06:30Z,12857,1790022802,6.1.187-android14-11-SAGA,49646d1b0cd1,cc_governor,cc_governor,21511,2273,39399,49361,17897,165,12023,1039,23069,26674,11059,813,adios,0,adios,0,adios,0,,,50.8,38.0,20,3849000,942900,38.0,,,19.31,110284,,1,2000
1790035629,2026-09-22T00:07:09Z,12896,1790022802,6.1.187-android14-11-SAGA,49646d1b0cd1,cc_governor,cc_governor,43939,2988,81982,100868,38058,169,19069,1462,40530,45178,21464,1359,adios,0,adios,0,adios,0,,,,38.0,20,3850000,946600,38.0,,,17.94,114196,,1,2000
1790035666,2026-09-22T00:07:46Z,12934,1790022802,6.1.187-android14-11-SAGA,49646d1b0cd1,cc_governor,cc_governor,66012,10938,116276,149888,50281,175,26093,6023,53978,63651,27896,1792,adios,0,adios,0,adios,0,,,52.8,38.0,20,3852000,963100,38.0,,,18.27,162728,,1,2000
1790035705,2026-09-22T00:08:25Z,12972,1790022802,6.1.187-android14-11-SAGA,49646d1b0cd1,cc_governor,cc_governor,92167,15780,155257,209938,63080,211,59167,7543,96901,110990,37743,2342,adios,0,adios,0,adios,0,,,55.6,38.0,20,3830000,963100,38.0,,,22.01,153460,,1,2000
1790035746,2026-09-22T00:09:06Z,13013,1790022802,6.1.187-android14-11-SAGA,49646d1b0cd1,cc_governor,cc_governor,106332,22078,182254,250229,75922,362,68746,10333,112831,131512,44085,3008,adios,0,adios,0,adios,0,,,,38.0,21,3855000,975900,38.0,,,19.22,97716,,1,2000
1790035783,2026-09-22T00:09:43Z,13051,1790022802,6.1.187-android14-11-SAGA,49646d1b0cd1,cc_governor,cc_governor,126963,28670,212897,294603,85937,390,80226,13623,130983,155562,50762,3463,adios,0,adios,0,adios,0,,,,38.0,21,3853000,954500,38.0,,,21.22,149728,,1,2000
1790035822,2026-09-22T00:10:22Z,13089,1790022802,6.1.187-android14-11-SAGA,49646d1b0cd1,cc_governor,cc_governor,152102,32491,252023,347611,99934,403,93998,16290,153899,183452,59901,3967,adios,0,adios,0,adios,0,,,,38.0,21,3873000,1486200,38.0,,,19.67,100180,,1,2000
1790035877,2026-09-22T00:11:17Z,13144,1790022802,6.1.187-android14-11-SAGA,49646d1b0cd1,cc_governor,cc_governor,0,0,60,77,67,0,35,0,83,89,52,19,adios,0,adios,0,adios,0,,,,38.0,22,3893000,1470900,38.0,,,17.15,102204,,1,2000
1790035983,2026-09-22T00:13:03Z,13250,1790022802,6.1.187-android14-11-SAGA,49646d1b0cd1,cc_governor,cc_governor,4,0,249,278,264,0,11,0,92,103,94,13,adios,0,adios,0,adios,0,,,,37.0,23,3904000,1464800,37.0,,,42.80,133816,,1,2000
1790036109,2026-09-22T00:15:09Z,13376,1790022802,6.1.187-android14-11-SAGA,49646d1b0cd1,cc_governor,cc_governor,5535,1617,6780,10087,1267,2,3057,1315,4156,5956,1106,397,adios,0,adios,0,adios,0,,,46.1,37.0,24,3893000,1267700,37.0,,,30.20,244780,,1,2000
1790036150,2026-09-22T00:15:50Z,13417,1790022802,6.1.187-android14-11-SAGA,49646d1b0cd1,cc_governor,cc_governor,4,0,56,77,62,0,18,0,58,62,45,14,adios,0,adios,0,adios,0,,,47.8,37.0,24,3878000,953300,37.0,,,23.65,136084,,1,2000
1790036191,2026-09-22T00:16:31Z,13458,1790022802,6.1.187-android14-11-SAGA,49646d1b0cd1,cc_governor,cc_governor,25293,1801,42980,53462,17690,28,12116,894,23278,26670,11179,493,adios,0,adios,0,adios,0,,,,37.0,24,3878000,965500,37.0,,,21.06,93292,,1,2000
1790036229,2026-09-22T00:17:09Z,13496,1790022802,6.1.187-android14-11-SAGA,49646d1b0cd1,cc_governor,cc_governor,44019,8778,75037,98510,31026,30,18506,3222,36995,43390,18493,931,adios,0,adios,0,adios,0,,,50.2,37.0,25,3876000,967400,37.0,,,19.52,118784,,1,2000
1790036267,2026-09-22T00:17:47Z,13534,1790022802,6.1.187-android14-11-SAGA,49646d1b0cd1,cc_governor,cc_governor,52471,21218,92619,132610,40166,40,19973,6019,41918,51681,21951,1412,adios,0,adios,0,adios,0,,,45.9,37.0,25,3877000,945400,37.0,,,17.98,203216,,1,2000
1790036305,2026-09-22T00:18:25Z,13572,1790022802,6.1.187-android14-11-SAGA,49646d1b0cd1,cc_governor,cc_governor,92111,25682,144458,199321,52341,44,31253,8999,63623,77145,32285,1869,adios,0,adios,0,adios,0,,,48.2,37.0,25,3879000,882500,37.0,,,17.91,128780,,1,2000
1790036343,2026-09-22T00:19:03Z,13610,1790022802,6.1.187-android14-11-SAGA,49646d1b0cd1,cc_governor,cc_governor,140038,31526,203274,276896,63191,50,50792,12849,94493,113186,43711,2328,adios,0,adios,0,adios,0,,,,37.0,25,3892000,1371400,37.0,,,19.86,381220,,1,2000
1790036392,2026-09-22T00:19:52Z,13659,1790022802,6.1.187-android14-11-SAGA,49646d1b0cd1,cc_governor,cc_governor,2,0,167,200,188,0,1,0,48,50,51,16,adios,0,adios,0,adios,0,,,,37.0,26,3885000,1537400,37.0,,,17.54,261160,,1,2000
1790036497,2026-09-22T00:21:37Z,13764,1790022802,6.1.187-android14-11-SAGA,49646d1b0cd1,cc_governor,cc_governor,7,0,238,270,241,0,12,0,68,71,58,14,adios,0,adios,0,adios,0,,,,37.0,27,3921000,1350700,37.0,,,16.21,261012,,1,2000
1790036624,2026-09-22T00:23:44Z,13891,1790022802,6.1.187-android14-11-SAGA,49646d1b0cd1,cc_governor,cc_governor,0,0,490,531,497,0,0,0,49,52,53,13,adios,0,adios,0,adios,0,,,,37.0,28,3924000,1464200,37.0,,,36.30,248480,,1,2000
1790036773,2026-09-22T00:26:13Z,14040,1790022802,6.1.187-android14-11-SAGA,49646d1b0cd1,cc_governor,cc_governor,12,0,699,773,696,0,0,0,52,58,57,16,adios,0,adios,0,adios,0,,,,36.0,30,3923000,1303700,36.0,,,81.59,235776,,1,2000
1790036833,2026-09-22T00:27:13Z,14101,1790022802,6.1.187-android14-11-SAGA,49646d1b0cd1,cc_governor,cc_governor,5952,80,7867,9338,1926,10,5391,99,7036,8001,1658,36,adios,0,adios,0,adios,0,,,,36.0,30,3901000,953300,36.0,,,51.36,124852,,1,2000
1790036872,2026-09-22T00:27:52Z,14140,1790022802,6.1.187-android14-11-SAGA,49646d1b0cd1,cc_governor,cc_governor,28787,2769,44807,58186,16028,24,21169,1582,30450,36921,9281,543,adios,0,adios,0,adios,0,,,,37.0,30,3898000,949000,37.0,,,36.25,142960,,1,2000
1790036910,2026-09-22T00:28:30Z,14177,1790022802,6.1.187-android14-11-SAGA,49646d1b0cd1,cc_governor,cc_governor,32506,9759,55486,78255,22999,32,24065,2187,35897,43312,11678,1005,adios,0,adios,0,adios,0,,,,37.0,31,3891000,739700,37.0,,,26.28,91064,,1,2000
1790036949,2026-09-22T00:29:09Z,14216,1790022802,6.1.187-android14-11-SAGA,49646d1b0cd1,cc_governor,cc_governor,71560,10427,111857,146588,40295,53,42777,2748,68136,77634,25359,1530,adios,0,adios,0,adios,0,,,,37.0,31,3889000,889200,37.0,,,22.93,94088,,1,2000
1790036987,2026-09-22T00:29:47Z,14254,1790022802,6.1.187-android14-11-SAGA,49646d1b0cd1,cc_governor,cc_governor,92297,20368,140846,191872,48549,60,48697,6958,78638,92779,29941,1998,adios,0,adios,0,adios,0,,,45.1,37.0,31,3900000,959400,37.0,,,20.30,104328,,1,2000
1790037024,2026-09-22T00:30:24Z,14292,1790022802,6.1.187-android14-11-SAGA,49646d1b0cd1,cc_governor,cc_governor,102764,30838,158980,224629,56146,63,49548,10386,82228,100054,32677,2436,adios,0,adios,0,adios,0,,,,37.0,31,3900000,953300,37.0,,,19.27,103980,,1,2000
1790037062,2026-09-22T00:31:02Z,14329,1790022802,6.1.187-android14-11-SAGA,49646d1b0cd1,cc_governor,cc_governor,117698,44268,179506,263387,61803,66,54201,16871,89260,114197,35077,2878,adios,0,adios,0,adios,0,,,,37.0,31,3900000,958200,37.0,,,19.22,86456,,1,2000
1790037099,2026-09-22T00:31:39Z,14367,1790022802,6.1.187-android14-11-SAGA,49646d1b0cd1,cc_governor,cc_governor,132526,59741,198399,302453,65869,68,54916,23743,91794,123829,36884,3318,adios,0,adios,0,adios,0,,,44.0,37.0,32,3902000,895300,37.0,,,18.41,100120,,1,2000
1790037137,2026-09-22T00:32:17Z,14404,1790022802,6.1.187-android14-11-SAGA,49646d1b0cd1,cc_governor,cc_governor,144626,71232,217084,336313,72427,73,55598,28255,94655,131538,39057,3770,adios,0,adios,0,adios,0,,,,37.0,32,3902000,957000,37.0,,,17.53,94364,,1,2000
1790037175,2026-09-22T00:32:55Z,14443,1790022802,6.1.187-android14-11-SAGA,49646d1b0cd1,cc_governor,cc_governor,161327,85933,239321,378936,77992,78,56626,35281,99107,143841,42500,4235,adios,0,adios,0,adios,0,,,,37.0,32,3903000,945400,37.0,,,17.30,141740,,1,2000
1790037213,2026-09-22T00:33:33Z,14481,1790022802,6.1.187-android14-11-SAGA,49646d1b0cd1,cc_governor,cc_governor,180199,93662,269329,422825,89139,85,60929,38418,109212,157929,48289,4689,adios,0,adios,0,adios,0,,,,37.0,32,3902000,967400,37.0,,,17.57,178316,,1,2000
1790037250,2026-09-22T00:34:10Z,14518,1790022802,6.1.187-android14-11-SAGA,49646d1b0cd1,cc_governor,cc_governor,181093,99878,278112,439409,97019,86,61103,38944,111166,160490,50063,5103,adios,0,adios,0,adios,0,,,,37.0,33,3905000,968600,37.0,,,16.65,184824,,1,2000
1790037287,2026-09-22T00:34:47Z,14555,1790022802,6.1.187-android14-11-SAGA,49646d1b0cd1,cc_governor,cc_governor,181864,105964,286049,455001,104202,88,61243,39548,112814,162830,51574,5512,adios,0,adios,0,adios,0,,,,37.0,33,3905000,955800,37.0,,,16.15,123288,,1,2000
1790037324,2026-09-22T00:35:24Z,14592,1790022802,6.1.187-android14-11-SAGA,49646d1b0cd1,cc_governor,cc_governor,182884,115392,290972,470902,108088,90,61304,41165,113305,164972,52001,5950,adios,0,adios,0,adios,0,,,,36.0,33,3890000,767800,36.0,,,16.20,220552,,1,2000
1790037362,2026-09-22T00:36:02Z,14630,1790022802,6.1.187-android14-11-SAGA,49646d1b0cd1,cc_governor,cc_governor,191491,122505,304691,493692,113196,112,68681,43999,123229,179642,54548,6430,adios,0,adios,0,adios,0,,,,37.0,33,3928000,1318900,37.0,,,16.44,130044,,1,2000
1790037400,2026-09-22T00:36:40Z,14667,1790022802,6.1.187-android14-11-SAGA,49646d1b0cd1,cc_governor,cc_governor,197060,131912,312941,512496,115881,113,70521,46832,126200,186190,55679,6844,adios,0,adios,0,adios,0,,,,37.0,34,3935000,1235300,37.0,,,16.13,118612,,1,2000
1790037437,2026-09-22T00:37:17Z,14705,1790022802,6.1.187-android14-11-SAGA,49646d1b0cd1,cc_governor,cc_governor,198175,140924,316362,525888,118187,115,70879,49388,127342,190389,56463,7247,adios,0,adios,0,adios,0,,,,37.0,34,3933000,1225500,37.0,,,16.42,108676,,1,2000
1790037475,2026-09-22T00:37:55Z,14743,1790022802,6.1.187-android14-11-SAGA,49646d1b0cd1,cc_governor,cc_governor,198692,148695,317669,535784,118977,119,70890,52200,127594,193792,56704,7682,adios,0,adios,0,adios,0,,,,37.0,34,3932000,1258500,37.0,,,16.18,94112,,1,2000
1790037513,2026-09-22T00:38:33Z,14780,1790022802,6.1.187-android14-11-SAGA,49646d1b0cd1,cc_governor,cc_governor,199238,157020,318539,545771,119301,121,70907,55052,127725,197083,56818,8122,adios,0,adios,0,adios,0,,,,37.0,35,3932000,1152300,37.0,,,15.98,112540,,1,2000
1790037600,2026-09-22T00:40:00Z,14867,1790022802,6.1.187-android14-11-SAGA,49646d1b0cd1,cc_governor,cc_governor,1,0,56,83,68,0,49,0,94,99,59,0,adios,0,adios,0,adios,0,,,,37.0,36,3950000,1422100,37.0,,,15.52,113488,,1,2000
1790037777,2026-09-22T00:42:57Z,15045,1790022802,6.1.187-android14-11-SAGA,49646d1b0cd1,cc_governor,cc_governor,18,0,188,214,179,0,18,0,107,116,100,13,adios,0,adios,0,adios,0,,,,36.0,38,3963000,1494100,36.0,,,15.45,150804,,1,2000
1790037962,2026-09-22T00:46:02Z,15230,1790022802,6.1.187-android14-11-SAGA,49646d1b0cd1,cc_governor,cc_governor,0,0,105,133,115,0,10,0,52,55,48,16,adios,0,adios,0,adios,0,,,49.0,36.0,40,3830000,-996700,36.0,,,16.29,153836,,1,2000
1790038018,2026-09-22T00:46:58Z,15285,1790022802,6.1.187-android14-11-SAGA,49646d1b0cd1,cc_governor,cc_governor,40055,2673,53523,65602,13438,68,15887,1837,27676,31233,11805,468,adios,0,adios,0,adios,0,,,,36.0,40,3843000,-442500,36.0,,,21.64,292004,,1,2000
1790038055,2026-09-22T00:47:35Z,15323,1790022802,6.1.187-android14-11-SAGA,49646d1b0cd1,cc_governor,cc_governor,64364,7723,90277,114876,25923,73,26098,3037,45777,51647,19690,930,adios,0,adios,0,adios,0,,,45.6,36.0,39,3837000,-322800,36.0,,,19.19,109164,,1,2000
1790038093,2026-09-22T00:48:13Z,15361,1790022802,6.1.187-android14-11-SAGA,49646d1b0cd1,cc_governor,cc_governor,79917,16672,117409,156322,37483,77,27664,7461,53257,63709,25593,1388,adios,0,adios,0,adios,0,,,,36.0,39,3838000,-484000,36.0,,,18.07,147268,,1,2000
1790038131,2026-09-22T00:48:51Z,15398,1790022802,6.1.187-android14-11-SAGA,49646d1b0cd1,cc_governor,cc_governor,102154,33183,143059,204831,40906,82,32251,15753,60295,79590,28050,1845,adios,0,adios,0,adios,1,,,45.9,36.0,39,3828000,-344200,36.0,,,17.78,102540,,1,2000
1790038169,2026-09-22T00:49:29Z,15436,1790022802,6.1.187-android14-11-SAGA,49646d1b0cd1,cc_governor,cc_governor,121880,36555,179745,251890,57864,88,38453,17059,74522,96371,36069,2309,adios,0,adios,0,adios,0,,,,36.0,39,3836000,-350900,36.0,,,17.53,90408,,1,2000
1790038206,2026-09-22T00:50:06Z,15473,1790022802,6.1.187-android14-11-SAGA,49646d1b0cd1,cc_governor,cc_governor,126418,48965,190231,277188,63813,90,39882,18820,77511,101356,37629,2732,adios,0,adios,0,adios,0,,,,36.0,39,3832000,-363700,36.0,,,16.56,192512,,1,2000
1790038243,2026-09-22T00:50:43Z,15510,1790022802,6.1.187-android14-11-SAGA,49646d1b0cd1,cc_governor,cc_governor,127176,60312,195832,295411,68654,92,39956,20034,78403,103518,38447,3158,adios,0,adios,0,adios,0,,,,36.0,39,3832000,-393000,36.0,,,16.28,152748,,1,2000
1790038280,2026-09-22T00:51:20Z,15547,1790022802,6.1.187-android14-11-SAGA,49646d1b0cd1,cc_governor,cc_governor,128701,67531,206208,314638,77508,93,40032,20918,80212,106321,40191,3592,adios,0,adios,0,adios,0,,,,36.0,39,3828000,-421100,36.0,,,16.02,153664,,1,2000
1790038317,2026-09-22T00:51:57Z,15584,1790022802,6.1.187-android14-11-SAGA,49646d1b0cd1,cc_governor,cc_governor,131884,75139,216534,334302,84650,94,41684,21426,84406,111333,42722,4003,adios,0,adios,0,adios,0,,,,36.0,39,3841000,-318600,36.0,,,15.74,165212,,1,2000
1790038373,2026-09-22T00:52:53Z,15640,1790022802,6.1.187-android14-11-SAGA,49646d1b0cd1,cc_governor,cc_governor,290,4045,2732,7094,2451,1,95,304,360,720,268,18,adios,0,adios,0,adios,0,,,,36.0,39,3831000,-215400,36.0,,,15.23,228176,,1,2000
1790038410,2026-09-22T00:53:30Z,15677,1790022802,6.1.187-android14-11-SAGA,49646d1b0cd1,cc_governor,cc_governor,25943,5135,44597,57709,18654,4,10640,1034,19540,22329,8903,488,adios,0,adios,0,adios,0,,,,36.0,39,3819000,-758600,36.0,,,16.23,92156,,1,2000
1790038447,2026-09-22T00:54:07Z,15715,1790022802,6.1.187-android14-11-SAGA,49646d1b0cd1,cc_governor,cc_governor,43594,11437,76632,100559,33025,5,11989,2918,26666,31788,14685,928,adios,0,adios,0,adios,0,,,48.2,36.0,39,3804000,-477200,36.0,,,18.17,172704,,1,2000
1790038486,2026-09-22T00:54:46Z,15754,1790022802,6.1.187-android14-11-SAGA,49646d1b0cd1,cc_governor,cc_governor,78320,14005,126806,162452,48483,30,24234,3689,49220,55934,24986,1503,adios,0,adios,0,adios,0,,,43.6,36.0,39,3827000,-509000,36.0,,,17.43,113120,,1,2000
1790038524,2026-09-22T00:55:24Z,15791,1790022802,6.1.187-android14-11-SAGA,49646d1b0cd1,cc_governor,cc_governor,90898,24266,148745,198971,57846,32,26702,5919,55718,65130,29016,1926,adios,0,adios,0,adios,0,,,,36.0,39,3819000,-437600,36.0,,,16.94,232636,,1,2000
1790038561,2026-09-22T00:56:01Z,15828,1790022802,6.1.187-android14-11-SAGA,49646d1b0cd1,cc_governor,cc_governor,105632,30046,175331,235844,69714,35,32652,7522,66298,77896,33652,2350,adios,0,adios,0,adios,0,,,,36.0,39,3817000,-332600,36.0,,,16.79,211324,,1,2000
1790038598,2026-09-22T00:56:38Z,15865,1790022802,6.1.187-android14-11-SAGA,49646d1b0cd1,cc_governor,cc_governor,127529,34861,210566,282379,83030,38,39239,9262,80128,93886,40889,2768,adios,0,adios,0,adios,0,,,,36.0,39,3804000,-634700,36.0,,,16.69,159508,,1,2000
1790038635,2026-09-22T00:57:16Z,15903,1790022802,6.1.187-android14-11-SAGA,49646d1b0cd1,cc_governor,cc_governor,132169,43705,224654,307577,92421,41,41699,10418,85024,100522,43286,3199,adios,0,adios,0,adios,0,,,,36.0,38,3814000,-416200,36.0,,,16.27,180876,,1,2000
1790038673,2026-09-22T00:57:53Z,15940,1790022802,6.1.187-android14-11-SAGA,49646d1b0cd1,cc_governor,cc_governor,146167,53196,248540,344151,102349,42,44027,13883,91179,110506,47152,3638,adios,0,adios,0,adios,0,,,50.1,36.0,38,3767000,-947800,36.0,,,16.76,128768,,1,2000
1790038712,2026-09-22T00:58:32Z,15979,1790022802,6.1.187-android14-11-SAGA,49646d1b0cd1,cc_governor,cc_governor,163261,65969,273765,388093,110500,98,48685,17249,100205,123513,51525,4216,adios,0,adios,0,adios,0,,,45.7,36.0,38,3806000,-607900,36.0,,,17.87,254712,,1,2000
1790038750,2026-09-22T00:59:10Z,16017,1790022802,6.1.187-android14-11-SAGA,49646d1b0cd1,cc_governor,cc_governor,168532,75866,289301,416909,120780,105,49334,19164,104318,129812,54988,4682,adios,0,adios,0,adios,0,,,,36.0,38,3804000,-605400,36.0,,,16.97,178976,,1,2000
1790038788,2026-09-22T00:59:48Z,16055,1790022802,6.1.187-android14-11-SAGA,49646d1b0cd1,cc_governor,cc_governor,175803,85256,304553,444331,128668,108,51712,21092,108615,136275,56909,5102,adios,0,adios,0,adios,0,,,,36.0,38,3793000,-1054000,36.0,,,16.89,187364,,1,2000
1790038825,2026-09-22T01:00:25Z,16092,1790022802,6.1.187-android14-11-SAGA,49646d1b0cd1,cc_governor,cc_governor,189266,90620,330610,479045,141328,113,55575,22633,117122,146802,61549,5536,adios,0,adios,0,adios,0,,,,36.0,38,3816000,-403400,36.0,,,16.39,134532,,1,2000
1790038862,2026-09-22T01:01:02Z,16129,1790022802,6.1.187-android14-11-SAGA,49646d1b0cd1,cc_governor,cc_governor,208773,94992,362300,522013,153527,123,73141,24420,140836,177020,67695,5969,adios,0,adios,0,adios,0,,,,36.0,38,3821000,-297200,36.0,,,18.96,146708,,1,2000
1790038904,2026-09-22T01:01:44Z,16172,1790022802,6.1.187-android14-11-SAGA,49646d1b0cd1,cc_governor,cc_governor,5023,3123,7331,11832,2204,5,3364,343,4777,5616,1297,46,adios,0,adios,0,adios,0,,,50.1,36.0,38,3784000,-967400,36.0,,,18.72,122904,,1,2000
1790038943,2026-09-22T01:02:23Z,16210,1790022802,6.1.187-android14-11-SAGA,49646d1b0cd1,cc_governor,cc_governor,21782,11042,35223,53708,13392,22,7254,1543,14498,17100,7244,519,adios,0,adios,0,adios,0,,,,36.0,38,3807000,-540100,36.0,,,17.96,155944,,1,2000
1790038980,2026-09-22T01:03:00Z,16248,1790022802,6.1.187-android14-11-SAGA,49646d1b0cd1,cc_governor,cc_governor,38990,19244,62610,96083,23513,24,17171,3895,31396,37702,14185,956,adios,0,adios,0,adios,0,,,51.4,36.0,38,3739000,-1420800,36.0,,,19.04,99992,,1,2000
1790039020,2026-09-22T01:03:40Z,16287,1790022802,6.1.187-android14-11-SAGA,49646d1b0cd1,cc_governor,cc_governor,66803,21619,109427,160782,42624,79,36665,5490,66621,80959,29965,1576,adios,0,adios,0,adios,0,,,48.7,36.0,38,3801000,-445500,36.0,,,19.88,115956,,1,2000
1790039058,2026-09-22T01:04:18Z,16325,1790022802,6.1.187-android14-11-SAGA,49646d1b0cd1,cc_governor,cc_governor,78522,27635,138650,205767,60119,83,41789,9648,82917,103404,41128,2042,adios,0,adios,0,adios,0,,,,37.0,38,3803000,-585900,37.0,,,20.15,126612,,1,2000
1790039097,2026-09-22T01:04:57Z,16364,1790022802,6.1.187-android14-11-SAGA,49646d1b0cd1,cc_governor,cc_governor,91282,35440,167899,251762,76611,88,45784,14794,96994,124040,51210,2499,adios,0,adios,0,adios,0,,,,36.0,37,3796000,-780600,36.0,,,19.36,116056,,1,2000
1790039135,2026-09-22T01:05:35Z,16403,1790022802,6.1.187-android14-11-SAGA,49646d1b0cd1,cc_governor,cc_governor,101258,51749,185488,292504,84229,90,47722,23510,103226,139733,55504,2956,adios,0,adios,0,adios,0,,,,37.0,37,3764000,-909400,37.0,,,19.22,82628,,1,2000
1790039174,2026-09-22T01:06:14Z,16441,1790022802,6.1.187-android14-11-SAGA,49646d1b0cd1,cc_governor,cc_governor,127807,58559,223636,346801,95815,118,60607,27944,124198,168196,63596,3449,adios,0,adios,0,adios,0,,,,37.0,37,3803000,-405800,37.0,,,19.97,115512,,1,2000
1790039211,2026-09-22T01:06:51Z,16478,1790022802,6.1.187-android14-11-SAGA,49646d1b0cd1,cc_governor,cc_governor,135761,65192,243639,377405,107863,120,61511,30070,129528,176421,68018,3857,adios,0,adios,0,adios,0,,,48.6,37.0,37,3761000,-950300,37.0,,,18.77,100012,,1,2000
1790039249,2026-09-22T01:07:29Z,16516,1790022802,6.1.187-android14-11-SAGA,49646d1b0cd1,cc_governor,cc_governor,158835,71065,280241,426974,121405,136,68057,33898,144767,197117,76730,4321,adios,0,adios,0,adios,0,,,,37.0,37,3803000,-430200,37.0,,,17.53,90172,,1,2000
1790039286,2026-09-22T01:08:06Z,16554,1790022802,6.1.187-android14-11-SAGA,49646d1b0cd1,cc_governor,cc_governor,163657,82183,290257,451003,126593,138,70150,35922,149147,204188,78997,4745,adios,0,adios,0,adios,0,,,,37.0,37,3793000,-568200,37.0,,,17.26,137840,,1,2000
1790039323,2026-09-22T01:08:43Z,16591,1790022802,6.1.187-android14-11-SAGA,49646d1b0cd1,cc_governor,cc_governor,175684,87632,313407,483914,137731,140,75756,37913,159091,217392,83338,5179,adios,0,adios,0,adios,0,,,,37.0,37,3811000,-368600,37.0,,,17.12,112720,,1,2000
1790039395,2026-09-22T01:09:55Z,16662,1790022802,6.1.187-android14-11-SAGA,49646d1b0cd1,cc_governor,cc_governor,10,0,202,248,201,0,19,0,65,68,50,15,adios,0,adios,0,adios,0,,,,36.0,37,3816000,-178200,36.0,,,16.36,116288,,1,2000
1790039469,2026-09-22T01:11:09Z,16736,1790022802,6.1.187-android14-11-SAGA,49646d1b0cd1,cc_governor,cc_governor,8426,2313,14938,19651,6512,12,4216,543,7810,8992,3594,192,adios,0,adios,0,adios,0,,,,36.0,37,3814000,-366200,36.0,,,16.71,204980,,1,2000
1790039637,2026-09-22T01:13:57Z,16904,1790022802,6.1.187-android14-11-SAGA,49646d1b0cd1,cc_governor,cc_governor,18,0,123,134,114,0,20,0,41,44,27,5,adios,0,adios,0,adios,0,,,,35.0,37,3805000,-457100,35.0,,,16.50,151860,,1,2000
1790039741,2026-09-22T01:15:41Z,17008,1790022802,6.1.187-android14-11-SAGA,49646d1b0cd1,cc_governor,cc_governor,12873,654,19369,23428,6490,11,7289,416,10846,13414,3518,81,adios,0,adios,0,adios,0,,,46.9,35.0,37,3739000,-1747400,35.0,,,17.15,101796,,1,2000
1790039780,2026-09-22T01:16:20Z,17048,1790022802,6.1.187-android14-11-SAGA,49646d1b0cd1,cc_governor,cc_governor,38493,4722,60122,74889,21630,54,15589,1659,28997,34443,13219,633,adios,0,adios,0,adios,0,,,,35.0,36,3800000,-226400,35.0,,,17.86,200092,,1,2000
1790039818,2026-09-22T01:16:58Z,17086,1790022802,6.1.187-android14-11-SAGA,49646d1b0cd1,cc_governor,cc_governor,43176,12701,72914,96983,29750,67,17406,2555,32865,39435,15464,1088,adios,0,adios,0,adios,0,,,,35.0,36,3795000,-491300,35.0,,,16.92,111192,,1,2000
1790039870,2026-09-22T01:17:50Z,17138,1790022802,6.1.187-android14-11-SAGA,49646d1b0cd1,cc_governor,cc_governor,634,6902,2244,9429,1610,0,364,502,508,1066,144,17,adios,0,adios,0,adios,0,,,,35.0,36,3770000,-1198700,35.0,,,18.25,124532,,1,2000
1790039910,2026-09-22T01:18:30Z,17177,1790022802,6.1.187-android14-11-SAGA,49646d1b0cd1,cc_governor,cc_governor,9171,6761,15741,24875,6570,61,3989,1148,8109,10055,4120,584,adios,0,adios,0,adios,0,,,,35.0,36,3797000,-552900,35.0,,,16.93,191604,,1,2000
1790039951,2026-09-22T01:19:11Z,17219,1790022802,6.1.187-android14-11-SAGA,49646d1b0cd1,cc_governor,cc_governor,8,0,271,292,285,0,1,0,55,59,59,14,adios,0,adios,0,adios,0,,,,35.0,36,3804000,-312500,35.0,,,15.95,121024,,1,2000
1790040049,2026-09-22T01:20:49Z,17316,1790022802,6.1.187-android14-11-SAGA,49646d1b0cd1,cc_governor,cc_governor,20343,800,30015,37927,9671,48,14498,576,20819,26144,6329,135,adios,0,adios,0,adios,0,,,51.5,35.0,36,3762000,-813500,35.0,,,18.33,75444,,1,2000
1790040089,2026-09-22T01:21:29Z,17356,1790022802,6.1.187-android14-11-SAGA,49646d1b0cd1,cc_governor,cc_governor,35626,3247,61631,78471,26022,78,24334,1538,39043,47961,14602,683,adios,0,adios,0,adios,0,,,,36.0,36,3794000,-482100,36.0,,,17.78,102776,,1,2000
1790040126,2026-09-22T01:22:06Z,17393,1790022802,6.1.187-android14-11-SAGA,49646d1b0cd1,cc_governor,cc_governor,36526,10405,69359,94350,32833,79,24751,2237,40846,50835,16095,1097,adios,0,adios,0,adios,0,,,,36.0,36,3799000,-286800,36.0,,,17.20,116644,,1,2000
1790040163,2026-09-22T01:22:43Z,17430,1790022802,6.1.187-android14-11-SAGA,49646d1b0cd1,cc_governor,cc_governor,40760,22091,78171,116977,37391,80,25060,5739,43035,56677,17975,1504,adios,0,adios,0,adios,0,,,,36.0,36,3793000,-357000,36.0,,,16.76,258224,,1,2000
1790040200,2026-09-22T01:23:20Z,17468,1790022802,6.1.187-android14-11-SAGA,49646d1b0cd1,cc_governor,cc_governor,44406,30155,87557,136146,43151,84,28108,7598,47677,63365,19571,1935,adios,0,adios,0,adios,0,,,,36.0,36,3791000,-388700,36.0,,,16.32,214664,,1,2000
1790040237,2026-09-22T01:23:57Z,17505,1790022802,6.1.187-android14-11-SAGA,49646d1b0cd1,cc_governor,cc_governor,45519,37582,95006,151962,49487,84,28489,9082,49057,66292,20568,2359,adios,0,adios,0,adios,0,,,,36.0,36,3794000,-302100,36.0,,,16.08,124296,,1,2000
1790040275,2026-09-22T01:24:35Z,17542,1790022802,6.1.187-android14-11-SAGA,49646d1b0cd1,cc_governor,cc_governor,54600,45804,110354,178721,55715,86,32237,11867,55800,76372,23580,2766,adios,0,adios,0,adios,0,,,,36.0,36,3795000,-438800,36.0,,,16.63,136380,,1,2000
1790040312,2026-09-22T01:25:12Z,17579,1790022802,6.1.187-android14-11-SAGA,49646d1b0cd1,cc_governor,cc_governor,56369,57074,116426,197626,60066,89,32577,14253,57462,80492,24889,3174,adios,0,adios,0,adios,0,,,,36.0,36,3802000,-386300,36.0,,,16.36,83068,,1,2000
1790040349,2026-09-22T01:25:49Z,17616,1790022802,6.1.187-android14-11-SAGA,49646d1b0cd1,cc_governor,cc_governor,61358,68091,126918,221085,65547,91,32967,17463,60475,86842,27503,3599,adios,0,adios,0,adios,0,,,43.3,36.0,36,3786000,-519400,36.0,,,16.38,72560,,1,2000
1790040387,2026-09-22T01:26:27Z,17654,1790022802,6.1.187-android14-11-SAGA,49646d1b0cd1,cc_governor,cc_governor,81057,73429,159412,265619,78371,97,41812,19971,76826,106679,35019,4036,adios,0,adios,0,adios,0,,,,36.0,35,3795000,-478500,36.0,,,17.48,213340,,1,2000
1790040425,2026-09-22T01:27:05Z,17692,1790022802,6.1.187-android14-11-SAGA,49646d1b0cd1,cc_governor,cc_governor,102102,78192,195118,310282,93027,102,45515,22114,88833,121394,43318,4472,adios,0,adios,0,adios,0,,,,36.0,35,3789000,-569400,36.0,,,18.26,106076,,1,2000
1790040462,2026-09-22T01:27:42Z,17730,1790022802,6.1.187-android14-11-SAGA,49646d1b0cd1,cc_governor,cc_governor,118523,86012,223538,350965,105014,107,48488,25902,97315,134361,48836,4929,adios,0,adios,0,adios,0,,,44.8,36.0,35,3790000,-359400,36.0,,,18.70,126928,,1,2000
1790040500,2026-09-22T01:28:20Z,17767,1790022802,6.1.187-android14-11-SAGA,49646d1b0cd1,cc_governor,cc_governor,131577,95492,246442,386468,114874,108,49960,29624,103094,144248,53140,5362,adios,0,adios,0,adios,0,,,,36.0,35,3787000,-437600,36.0,,,17.79,259096,,1,2000
1790040537,2026-09-22T01:28:57Z,17804,1790022802,6.1.187-android14-11-SAGA,49646d1b0cd1,cc_governor,cc_governor,157266,101045,284559,437757,127312,111,60721,32136,121668,166593,60951,5761,adios,0,adios,0,adios,0,,,,36.0,35,3788000,-417400,36.0,,,18.65,151532,,1,2000
1790040574,2026-09-22T01:29:34Z,17841,1790022802,6.1.187-android14-11-SAGA,49646d1b0cd1,cc_governor,cc_governor,171306,108869,309793,475020,138507,114,63702,36413,129860,179492,66164,6176,adios,0,adios,0,adios,0,,,,36.0,35,3784000,-545000,36.0,,,18.27,271592,,1,2000
1790040611,2026-09-22T01:30:11Z,17879,1790022802,6.1.187-android14-11-SAGA,49646d1b0cd1,cc_governor,cc_governor,192313,114082,344936,519600,152615,118,65678,39370,140137,193169,74473,6599,adios,0,adios,0,adios,0,,,45.1,36.0,35,3711000,-390600,36.0,,,17.80,82208,,1,2000
1790040649,2026-09-22T01:30:49Z,17917,1790022802,6.1.187-android14-11-SAGA,49646d1b0cd1,cc_governor,cc_governor,219336,116866,388952,571835,169599,121,69055,40980,154592,210119,85544,7062,adios,0,adios,0,adios,0,,,46.9,37.0,35,3772000,-559000,37.0,,,18.27,130456,,1,2000
1790040687,2026-09-22T01:31:27Z,17955,1790022802,6.1.187-android14-11-SAGA,49646d1b0cd1,cc_governor,cc_governor,232445,122184,416344,609633,183914,139,73558,42997,165593,225018,92041,7539,adios,0,adios,0,adios,0,,,,37.0,35,3777000,-358200,37.0,,,17.60,141196,,1,2000
1790040725,2026-09-22T01:32:05Z,17992,1790022802,6.1.187-android14-11-SAGA,49646d1b0cd1,cc_governor,cc_governor,234485,125904,432613,630677,198134,140,74874,43798,169035,229814,94165,7950,adios,0,adios,0,adios,0,,,,37.0,35,3795000,-424800,37.0,,,16.80,208492,,1,2000
1790040762,2026-09-22T01:32:42Z,18030,1790022802,6.1.187-android14-11-SAGA,49646d1b0cd1,cc_governor,cc_governor,235785,136843,440865,650891,205093,142,74899,44914,170165,232176,95273,8368,adios,0,adios,0,adios,0,,,,36.0,35,3790000,-363700,36.0,,,16.56,214980,,1,2000
1790040799,2026-09-22T01:33:19Z,18067,1790022802,6.1.187-android14-11-SAGA,49646d1b0cd1,cc_governor,cc_governor,239950,142282,455476,672487,215526,145,79179,45868,176902,240244,97723,8777,adios,0,adios,0,adios,0,,,,36.0,35,3778000,-723800,36.0,,,15.93,133616,,1,2000
1790040837,2026-09-22T01:33:57Z,18104,1790022802,6.1.187-android14-11-SAGA,49646d1b0cd1,cc_governor,cc_governor,255213,148278,482596,708528,227382,154,84465,48762,188083,255219,103618,9233,adios,0,adios,0,adios,0,,,,36.0,35,3795000,-494900,36.0,,,16.19,129820,,1,2000
1790040874,2026-09-22T01:34:34Z,18141,1790022802,6.1.187-android14-11-SAGA,49646d1b0cd1,cc_governor,cc_governor,263125,156260,501958,738499,238840,157,85319,50935,192876,262697,107555,9656,adios,0,adios,0,adios,0,,,,36.0,34,3797000,-435100,36.0,,,17.44,140100,,1,2000
1790040911,2026-09-22T01:35:11Z,18178,1790022802,6.1.187-android14-11-SAGA,49646d1b0cd1,cc_governor,cc_governor,283327,159992,537590,781811,254263,159,87453,52432,203258,275101,115801,10070,adios,0,adios,0,adios,0,,,,36.0,34,3763000,-552900,36.0,,,17.70,232856,,1,2000
1790040949,2026-09-22T01:35:49Z,18216,1790022802,6.1.187-android14-11-SAGA,49646d1b0cd1,cc_governor,cc_governor,308689,163346,579538,835288,270749,163,96058,54123,222334,296779,126253,10528,adios,0,adios,0,adios,0,,,,36.0,34,3769000,-839200,36.0,,,17.46,266896,,1,2000
1790040989,2026-09-22T01:36:29Z,18256,1790022802,6.1.187-android14-11-SAGA,49646d1b0cd1,cc_governor,cc_governor,26,0,22,31,37,0,28,0,67,69,42,7,adios,0,adios,0,adios,0,,,,36.0,34,3785000,-469900,36.0,,,16.19,192880,,1,2000
1790041319,2026-09-22T01:41:59Z,18587,1790022802,6.1.187-android14-11-SAGA,49646d1b0cd1,cc_governor,cc_governor,6,0,187,220,197,0,27,0,78,82,56,15,adios,0,adios,0,adios,0,,,,34.0,34,3766000,-220300,34.0,,,15.88,98976,,1,2000
1790041512,2026-09-22T01:45:12Z,18780,1790022802,6.1.187-android14-11-SAGA,49646d1b0cd1,cc_governor,cc_governor,45,0,346,381,296,0,89,0,176,180,93,14,adios,0,adios,0,adios,0,,,,33.0,34,3801000,-250800,33.0,,,15.60,159708,,1,2000
1790042047,2026-09-22T01:54:07Z,19315,1790022802,6.1.187-android14-11-SAGA,49646d1b0cd1,cc_governor,cc_governor,4,0,56,83,69,0,25,0,66,69,47,8,adios,0,adios,0,adios,0,,,,33.0,34,3797000,-666500,33.0,,,16.09,130736,,1,2000
1790042489,2026-09-22T02:01:29Z,19756,1790022802,6.1.187-android14-11-SAGA,49646d1b0cd1,cc_governor,cc_governor,0,0,107,10,13,0,5,0,28,30,28,7,adios,0,adios,0,adios,0,,,,32.0,34,3799000,-269100,32.0,,,15.85,143168,,1,2000
1790042537,2026-09-22T02:02:17Z,19805,1790022802,6.1.187-android14-11-SAGA,49646d1b0cd1,cc_governor,cc_governor,17258,617,27371,32707,10136,2,7092,411,12678,14525,5605,51,adios,0,adios,0,adios,0,,,,33.0,34,3766000,-569400,33.0,,,17.31,157256,,1,2000
1790042575,2026-09-22T02:02:55Z,19843,1790022802,6.1.187-android14-11-SAGA,49646d1b0cd1,cc_governor,cc_governor,37225,9223,60550,82392,23319,5,9068,4643,22194,28705,13126,560,adios,0,adios,0,adios,0,,,,33.0,34,3782000,-505300,33.0,,,17.97,161576,,1,2000
1790042614,2026-09-22T02:03:34Z,19882,1790022802,6.1.187-android14-11-SAGA,49646d1b0cd1,cc_governor,cc_governor,53045,16171,87956,121889,34910,40,20922,7744,40009,52104,19087,1102,adios,0,adios,0,adios,0,,,,34.0,34,3781000,-429600,34.0,,,18.04,174928,,1,2000
1790042651,2026-09-22T02:04:11Z,19919,1790022802,6.1.187-android14-11-SAGA,49646d1b0cd1,cc_governor,cc_governor,53613,25806,92463,136781,38850,43,20973,8977,40796,54165,19823,1509,adios,0,adios,0,adios,0,,,,34.0,34,3783000,-395500,34.0,,,17.56,181540,,1,2000
1790042688,2026-09-22T02:04:48Z,19956,1790022802,6.1.187-android14-11-SAGA,49646d1b0cd1,cc_governor,cc_governor,55586,36702,98903,155411,43311,45,21037,10430,41899,56768,20862,1920,adios,0,adios,0,adios,0,,,,34.0,34,3786000,-440000,34.0,,,16.96,146348,,1,2000
1790042725,2026-09-22T02:05:25Z,19993,1790022802,6.1.187-android14-11-SAGA,49646d1b0cd1,cc_governor,cc_governor,56559,51166,102877,174638,46318,46,21065,12285,42047,58802,20982,2336,adios,0,adios,0,adios,0,,,,34.0,33,3783000,-376500,34.0,,,16.53,122328,,1,2000
1790042762,2026-09-22T02:06:02Z,20030,1790022802,6.1.187-android14-11-SAGA,49646d1b0cd1,cc_governor,cc_governor,69575,65159,120706,210415,51153,48,21988,16871,46124,67597,24154,2742,adios,0,adios,0,adios,0,,,,34.0,33,3748000,-827600,34.0,,,16.60,118004,,1,2000
1790042800,2026-09-22T02:06:40Z,20068,1790022802,6.1.187-android14-11-SAGA,49646d1b0cd1,cc_governor,cc_governor,97261,73976,159042,264327,61794,55,30787,23868,61551,91229,30784,3236,adios,0,adios,0,adios,0,,,43.6,34.0,33,3746000,-469900,34.0,,,17.54,106892,,1,2000
1790042838,2026-09-22T02:07:18Z,20106,1790022802,6.1.187-android14-11-SAGA,49646d1b0cd1,cc_governor,cc_governor,125437,80581,200352,318853,74932,64,35961,27596,75176,109163,39220,3691,adios,0,adios,0,adios,0,,,,35.0,33,3784000,-335600,35.0,,,17.15,199836,,1,2000
1790042876,2026-09-22T02:07:56Z,20144,1790022802,6.1.187-android14-11-SAGA,49646d1b0cd1,cc_governor,cc_governor,140514,88345,227518,360227,87004,68,37065,29930,82516,118993,45451,4126,adios,0,adios,0,adios,0,,,,35.0,33,3776000,-296000,35.0,,,16.93,102044,,1,2000
1790042913,2026-09-22T02:08:33Z,20181,1790022802,6.1.187-android14-11-SAGA,49646d1b0cd1,cc_governor,cc_governor,141573,101412,233044,379674,91471,69,37098,31845,82652,121097,45554,4551,adios,0,adios,0,adios,0,,,,35.0,33,3786000,-381400,35.0,,,16.42,85296,,1,2000
1790042950,2026-09-22T02:09:10Z,20218,1790022802,6.1.187-android14-11-SAGA,49646d1b0cd1,cc_governor,cc_governor,143358,114755,239842,400868,96505,71,37188,33074,83968,123710,46784,4967,adios,0,adios,0,adios,0,,,,35.0,33,3765000,-526100,35.0,,,16.25,99288,,1,2000
1790042988,2026-09-22T02:09:48Z,20255,1790022802,6.1.187-android14-11-SAGA,49646d1b0cd1,cc_governor,cc_governor,149712,130183,250069,428708,100357,74,37775,37518,85554,129834,47779,5380,adios,0,adios,0,adios,0,,,,35.0,33,3784000,-305700,35.0,,,16.17,91996,,1,2000
1790043025,2026-09-22T02:10:25Z,20292,1790022802,6.1.187-android14-11-SAGA,49646d1b0cd1,cc_governor,cc_governor,150784,145194,253947,448404,103163,77,37796,39395,85693,131887,47897,5808,adios,0,adios,0,adios,0,,,,35.0,33,3786000,-318600,35.0,,,16.00,100028,,1,2000
1790043062,2026-09-22T02:11:02Z,20329,1790022802,6.1.187-android14-11-SAGA,49646d1b0cd1,cc_governor,cc_governor,164699,162054,270882,485781,106172,81,39529,47856,89144,144011,49571,6234,adios,0,adios,0,adios,0,,,,35.0,33,3786000,-311200,35.0,,,17.73,92424,,1,2000
1790043100,2026-09-22T02:11:40Z,20367,1790022802,6.1.187-android14-11-SAGA,49646d1b0cd1,cc_governor,cc_governor,180670,180340,289480,526557,108818,84,42216,58573,94329,160175,52129,6717,adios,0,adios,0,adios,0,,,42.4,35.0,33,3782000,-305700,35.0,,,17.89,95256,,1,2000
1790043137,2026-09-22T02:12:17Z,20404,1790022802,6.1.187-android14-11-SAGA,49646d1b0cd1,cc_governor,cc_governor,200211,191740,317050,570419,116771,86,47942,65314,105012,178300,57043,7179,adios,0,adios,0,adios,0,,,43.4,35.0,33,3770000,-858100,35.0,,,17.55,203300,,1,2000
1790043175,2026-09-22T02:12:55Z,20443,1790022802,6.1.187-android14-11-SAGA,49646d1b0cd1,cc_governor,cc_governor,226083,198055,357181,626562,131098,90,52661,69186,119496,197146,66826,7631,adios,0,adios,0,adios,0,,,43.9,35.0,33,3773000,-626800,35.0,,,17.70,203132,,1,2000
1790043213,2026-09-22T02:13:33Z,20480,1790022802,6.1.187-android14-11-SAGA,49646d1b0cd1,cc_governor,cc_governor,234557,210372,369911,653798,135371,92,54031,73677,122555,204870,68540,8094,adios,0,adios,0,adios,0,,,,35.0,32,3780000,-375900,35.0,,,17.32,165580,,1,2000
1790043250,2026-09-22T02:14:10Z,20518,1790022802,6.1.187-android14-11-SAGA,49646d1b0cd1,cc_governor,cc_governor,243852,227182,381347,684541,137495,96,56393,82244,126484,217521,70091,8556,adios,0,adios,0,adios,0,,,,35.0,32,3767000,-581000,35.0,,,16.93,174116,,1,2000
1790043288,2026-09-22T02:14:48Z,20556,1790022802,6.1.187-android14-11-SAGA,49646d1b0cd1,cc_governor,cc_governor,253045,243787,392474,714743,139445,98,58700,90663,129721,229367,71026,9045,adios,0,adios,0,adios,0,,,,35.0,32,3786000,-326500,35.0,,,17.55,162548,,1,2000
1790043325,2026-09-22T02:15:25Z,20593,1790022802,6.1.187-android14-11-SAGA,49646d1b0cd1,cc_governor,cc_governor,260718,260228,402110,742980,141391,100,61086,99177,132938,241294,71852,9475,adios,0,adios,0,adios,0,,,,35.0,32,3778000,-308200,35.0,,,17.62,128180,,1,2000
1790043363,2026-09-22T02:16:03Z,20630,1790022802,6.1.187-android14-11-SAGA,49646d1b0cd1,cc_governor,cc_governor,261585,270984,407374,760013,145789,103,61291,100830,133643,243868,72352,9917,adios,0,adios,0,adios,0,,,,35.0,32,3768000,-706100,35.0,,,16.79,99612,,1,2000
1790043400,2026-09-22T02:16:40Z,20667,1790022802,6.1.187-android14-11-SAGA,49646d1b0cd1,cc_governor,cc_governor,272298,286420,422241,793168,149943,106,64564,110186,139191,258983,74627,10322,adios,0,adios,0,adios,0,,,42.8,35.0,32,3783000,-335000,35.0,,,16.90,91600,,1,2000
1790043437,2026-09-22T02:17:17Z,20705,1790022802,6.1.187-android14-11-SAGA,49646d1b0cd1,cc_governor,cc_governor,275044,301148,426113,813122,151069,110,65096,113604,139766,263079,74670,10795,adios,0,adios,0,adios,0,,,,35.0,32,3784000,-341700,35.0,,,16.22,112848,,1,2000
1790043475,2026-09-22T02:17:55Z,20743,1790022802,6.1.187-android14-11-SAGA,49646d1b0cd1,cc_governor,cc_governor,275512,314526,427517,828798,152000,112,65119,115545,139811,265093,74692,11234,adios,0,adios,0,adios,0,,,,35.0,32,3782000,-331400,35.0,,,16.44,104912,,1,2000
1790043512,2026-09-22T02:18:32Z,20780,1790022802,6.1.187-android14-11-SAGA,49646d1b0cd1,cc_governor,cc_governor,276536,321913,435621,845449,159092,114,65151,116580,140998,267343,75851,11662,adios,0,adios,0,adios,0,,,,35.0,32,3781000,-415600,35.0,,,16.20,116100,,1,2000
1790043550,2026-09-22T02:19:10Z,20817,1790022802,6.1.187-android14-11-SAGA,49646d1b0cd1,cc_governor,cc_governor,284134,333499,448526,871977,164392,116,67120,121195,144783,275911,77663,12099,adios,0,adios,0,adios,0,,,,35.0,32,3781000,-354600,35.0,,,16.92,92520,,1,2000
1790043587,2026-09-22T02:19:47Z,20854,1790022802,6.1.187-android14-11-SAGA,49646d1b0cd1,cc_governor,cc_governor,286533,343237,455552,890151,169039,117,67304,123438,145394,278828,78095,12522,adios,0,adios,0,adios,0,,,,35.0,32,3782000,-359400,35.0,,,16.57,82364,,1,2000
1790043624,2026-09-22T02:20:24Z,20891,1790022802,6.1.187-android14-11-SAGA,49646d1b0cd1,cc_governor,cc_governor,288777,356002,459324,907836,170544,119,67638,126375,145846,282300,78208,12947,adios,0,adios,0,adios,0,,,,35.0,32,3783000,-330200,35.0,,,16.74,138700,,1,2000
1790043662,2026-09-22T02:21:02Z,20929,1790022802,6.1.187-android14-11-SAGA,49646d1b0cd1,cc_governor,cc_governor,289949,369407,461479,924504,171530,121,67793,128674,146018,284830,78225,13383,adios,0,adios,0,adios,0,,,,35.0,32,3780000,-431500,35.0,,,16.20,122752,,1,2000
1790043699,2026-09-22T02:21:39Z,20966,1790022802,6.1.187-android14-11-SAGA,49646d1b0cd1,cc_governor,cc_governor,290281,381918,462994,939464,172710,123,67800,130512,146062,286735,78262,13810,adios,0,adios,0,adios,0,,,,35.0,32,3778000,-422300,35.0,,,16.07,103956,,1,2000
1790043736,2026-09-22T02:22:16Z,21003,1790022802,6.1.187-android14-11-SAGA,49646d1b0cd1,cc_governor,cc_governor,294424,397523,468258,961809,173834,125,68321,134857,146611,291736,78290,14240,adios,0,adios,0,adios,0,,,,35.0,32,3769000,-363700,35.0,,,16.31,101400,,1,2000
1790043773,2026-09-22T02:22:53Z,21040,1790022802,6.1.187-android14-11-SAGA,49646d1b0cd1,cc_governor,cc_governor,312798,409157,493589,1003718,180783,126,70029,141280,151449,303358,81420,14659,adios,0,adios,0,adios,0,,,,35.0,32,3762000,-484000,35.0,,,17.40,81656,,1,2000
1790043812,2026-09-22T02:23:32Z,21079,1790022802,6.1.187-android14-11-SAGA,49646d1b0cd1,cc_governor,cc_governor,339437,423058,526939,1057616,187510,134,74649,149461,161308,321887,86675,15179,adios,0,adios,0,adios,0,,,,35.0,32,3772000,-466900,35.0,,,17.87,78660,,1,2000
1790043850,2026-09-22T02:24:10Z,21117,1790022802,6.1.187-android14-11-SAGA,49646d1b0cd1,cc_governor,cc_governor,367444,433201,563001,1111458,195555,136,84480,153887,177637,343172,93181,15636,adios,0,adios,0,adios,0,,,,35.0,31,3769000,-633500,35.0,,,17.43,260340,,1,2000
1790043887,2026-09-22T02:24:47Z,21154,1790022802,6.1.187-android14-11-SAGA,49646d1b0cd1,cc_governor,cc_governor,375696,435810,580726,1134791,205030,143,89259,154062,186491,352599,97232,16071,adios,0,adios,0,adios,0,,,,35.0,31,3790000,-231900,35.0,,,16.12,104876,,1,2000
1790044251,2026-09-22T02:30:51Z,21518,1790022802,6.1.187-android14-11-SAGA,49646d1b0cd1,cc_governor,cc_governor,19014,643,29112,34607,10120,2,8585,362,14058,15745,5477,30,adios,0,adios,0,adios,0,,,43.3,34.0,31,3759000,-605400,34.0,,,17.46,106712,,1,2000
1790044289,2026-09-22T02:31:29Z,21557,1790022802,6.1.187-android14-11-SAGA,49646d1b0cd1,cc_governor,cc_governor,43575,2772,71247,86175,27699,5,14022,1875,29995,34001,16001,502,adios,0,adios,0,adios,0,,,,34.0,31,3776000,-357000,34.0,,,17.06,165084,,1,2000
1790044327,2026-09-22T02:32:07Z,21594,1790022802,6.1.187-android14-11-SAGA,49646d1b0cd1,cc_governor,cc_governor,47181,13860,82193,109963,35012,9,15315,4367,32994,39589,17679,960,adios,0,adios,0,adios,0,,,,35.0,31,3757000,-308200,35.0,,,16.71,138052,,1,2000
1790044364,2026-09-22T02:32:44Z,21631,1790022802,6.1.187-android14-11-SAGA,49646d1b0cd1,cc_governor,cc_governor,47977,28119,85805,128585,37846,11,15343,5599,33688,41552,18350,1391,adios,0,adios,0,adios,0,,,,35.0,31,3776000,-336900,35.0,,,16.36,107572,,1,2000
1790044401,2026-09-22T02:33:21Z,21668,1790022802,6.1.187-android14-11-SAGA,49646d1b0cd1,cc_governor,cc_governor,61003,37069,107972,163540,46697,14,20208,9008,43626,55200,23382,1823,adios,0,adios,0,adios,0,,,,35.0,31,3750000,-463200,35.0,,,19.45,110496,,1,2000
1790044440,2026-09-22T02:34:00Z,21707,1790022802,6.1.187-android14-11-SAGA,49646d1b0cd1,cc_governor,cc_governor,87056,40722,150780,217362,63713,26,25287,11341,59518,74207,34226,2327,adios,0,adios,0,adios,0,,,,35.0,31,3770000,-415600,35.0,,,18.93,256972,,1,2000
1790044477,2026-09-22T02:34:37Z,21744,1790022802,6.1.187-android14-11-SAGA,49646d1b0cd1,cc_governor,cc_governor,91741,55572,159221,242343,67491,28,26244,16110,61014,80588,34774,2743,adios,0,adios,0,adios,0,,,,35.0,31,3774000,-332600,35.0,,,17.45,205792,,1,2000
1790044514,2026-09-22T02:35:14Z,21781,1790022802,6.1.187-android14-11-SAGA,49646d1b0cd1,cc_governor,cc_governor,101246,66231,175374,271933,74156,30,28358,20032,67129,90862,38793,3181,adios,0,adios,0,adios,0,,,,35.0,31,3753000,-660400,35.0,,,18.11,153740,,1,2000
1790044552,2026-09-22T02:35:52Z,21820,1790022802,6.1.187-android14-11-SAGA,49646d1b0cd1,cc_governor,cc_governor,124586,73770,211778,322270,87212,40,30746,23921,77926,105962,47189,3646,adios,0,adios,0,adios,0,,,42.7,35.0,31,3762000,-266100,35.0,,,17.61,113736,,1,2000
1790044590,2026-09-22T02:36:30Z,21858,1790022802,6.1.187-android14-11-SAGA,49646d1b0cd1,cc_governor,cc_governor,126910,87164,219181,344273,92267,42,31008,25342,79829,109378,48821,4091,adios,0,adios,0,adios,0,,,42.7,35.0,31,3765000,-730500,35.0,,,16.90,109940,,1,2000
1790044628,2026-09-22T02:37:08Z,21895,1790022802,6.1.187-android14-11-SAGA,49646d1b0cd1,cc_governor,cc_governor,138578,106708,232440,380127,93839,45,35832,37850,86257,128585,50425,4546,adios,0,adios,0,adios,0,,,,35.0,30,3761000,-512000,35.0,,,17.75,100884,,1,2000
1790044665,2026-09-22T02:37:45Z,21933,1790022802,6.1.187-android14-11-SAGA,49646d1b0cd1,cc_governor,cc_governor,161864,120238,262242,429267,100370,53,40017,45740,94168,144950,54151,5016,adios,0,adios,0,adios,0,,,44.0,35.0,30,3747000,-492500,35.0,,,17.89,138792,,1,2000
1790044703,2026-09-22T02:38:23Z,21971,1790022802,6.1.187-android14-11-SAGA,49646d1b0cd1,cc_governor,cc_governor,182921,132665,291755,476439,108843,56,45500,53794,106435,165769,60927,5485,adios,0,adios,0,adios,0,,,,35.0,30,3774000,-380200,35.0,,,19.22,125496,,1,2000
1790044741,2026-09-22T02:39:01Z,22008,1790022802,6.1.187-android14-11-SAGA,49646d1b0cd1,cc_governor,cc_governor,207066,136084,332076,530178,124919,60,60785,56318,132112,196525,71339,5966,adios,0,adios,0,adios,19,,,45.6,35.0,30,3756000,-535800,35.0,,,19.22,147680,,1,2000
1790044779,2026-09-22T02:39:39Z,22046,1790022802,6.1.187-android14-11-SAGA,49646d1b0cd1,cc_governor,cc_governor,220869,146940,354588,568102,133619,64,66220,61281,142490,212904,76247,6424,adios,0,adios,0,adios,0,,,48.4,36.0,30,3739000,-805600,36.0,,,18.31,193052,,1,2000
1790044818,2026-09-22T02:40:18Z,22085,1790022802,6.1.187-android14-11-SAGA,49646d1b0cd1,cc_governor,cc_governor,264253,148784,413357,640041,148945,99,100247,62305,188917,264358,88647,7043,adios,0,adios,0,adios,0,,,43.5,36.0,30,3766000,-324000,36.0,,,21.19,109672,,1,2000
1790044874,2026-09-22T02:41:14Z,22142,1790022802,6.1.187-android14-11-SAGA,49646d1b0cd1,cc_governor,cc_governor,366504,154460,525027,771346,158430,168,191663,69341,291140,375853,99248,9431,adios,0,adios,0,adios,0,,,,36.0,30,3732000,-1047900,36.0,,,22.15,107880,,1,2000
1790044917,2026-09-22T02:41:57Z,22185,1790022802,6.1.187-android14-11-SAGA,49646d1b0cd1,cc_governor,cc_governor,435834,156957,607154,864230,171186,195,232373,71665,345434,437695,113045,10259,adios,0,adios,0,adios,2,,,50.4,36.0,30,3730000,-1029600,36.0,,,21.54,133312,,1,2000
1790044958,2026-09-22T02:42:38Z,22226,1790022802,6.1.187-android14-11-SAGA,49646d1b0cd1,cc_governor,cc_governor,476862,158354,667250,940285,190368,233,260530,73098,392955,490234,132444,11001,adios,0,adios,0,adios,0,,,,37.0,29,3739000,-906900,37.0,,,20.76,122220,,1,2000
1790044996,2026-09-22T02:43:16Z,22264,1790022802,6.1.187-android14-11-SAGA,49646d1b0cd1,cc_governor,cc_governor,525555,159370,730950,1014875,205363,260,279682,74220,429773,530698,150090,11466,adios,0,adios,0,adios,0,,,53.7,37.0,29,3730000,-678100,37.0,,,24.06,134640,,1,2000
1790045034,2026-09-22T02:43:54Z,22301,1790022802,6.1.187-android14-11-SAGA,49646d1b0cd1,cc_governor,cc_governor,579265,163822,796054,1094895,216788,262,285430,79710,449638,556618,164208,11884,adios,0,adios,0,adios,0,,,,37.0,29,3711000,-1155300,37.0,,,22.44,122632,,1,2000
1790045072,2026-09-22T02:44:32Z,22340,1790022802,6.1.187-android14-11-SAGA,49646d1b0cd1,cc_governor,cc_governor,615133,166565,849552,1160745,234386,265,303720,82532,487462,599530,183756,12375,adios,0,adios,0,adios,26,,,61.9,38.0,29,3723000,-1325000,38.0,,,21.16,184044,,1,2000
1790045110,2026-09-22T02:45:10Z,22378,1790022802,6.1.187-android14-11-SAGA,49646d1b0cd1,cc_governor,cc_governor,667341,168874,915575,1236211,248188,268,315038,85042,516077,632149,200988,12771,adios,0,adios,0,adios,0,,,,38.0,29,3698000,-877600,38.0,,,20.39,114928,,1,2000
1790045149,2026-09-22T02:45:49Z,22416,1790022802,6.1.187-android14-11-SAGA,49646d1b0cd1,cc_governor,cc_governor,711676,170324,977344,1308722,265600,283,336172,86868,557045,677789,220864,13256,adios,0,adios,0,adios,0,,,55.1,38.0,28,3735000,-765300,38.0,,,21.70,123252,,1,2000
1790045188,2026-09-22T02:46:28Z,22455,1790022802,6.1.187-android14-11-SAGA,49646d1b0cd1,cc_governor,cc_governor,764234,170842,1047337,1387199,282930,294,384273,87381,623155,745631,238768,13768,adios,0,adios,0,adios,0,,,57.8,38.0,28,3708000,-1192000,38.0,,,21.22,94444,,1,2000
1790045228,2026-09-22T02:47:08Z,22495,1790022802,6.1.187-android14-11-SAGA,49646d1b0cd1,cc_governor,cc_governor,832367,173871,1128461,1479611,295962,309,437076,90867,690873,818486,253810,14389,adios,0,adios,0,adios,0,,,55.9,38.0,28,3704000,-1145000,38.0,,,22.96,125288,,1,2000
1790045266,2026-09-22T02:47:46Z,22534,1790022802,6.1.187-android14-11-SAGA,49646d1b0cd1,cc_governor,cc_governor,884210,177475,1194903,1556676,310572,327,478480,94649,747749,880417,269229,14961,adios,0,adios,0,adios,0,,,56.9,38.0,28,3687000,-1487400,38.0,,,21.94,116344,,1,2000
1790045306,2026-09-22T02:48:26Z,22573,1790022802,6.1.187-android14-11-SAGA,49646d1b0cd1,cc_governor,cc_governor,969829,179551,1290336,1664231,320357,348,532432,97861,815869,953654,283382,15596,adios,0,adios,0,adios,0,,,58.8,39.0,28,3704000,-1231600,39.0,,,23.90,182964,,1,2000
1790045345,2026-09-22T02:49:05Z,22613,1790022802,6.1.187-android14-11-SAGA,49646d1b0cd1,cc_governor,cc_governor,1040190,182685,1372586,1758586,332399,385,586194,101753,883848,1027053,297595,16339,adios,0,adios,0,adios,0,,,57.1,39.0,27,3703000,-1021100,39.0,,,23.33,75916,,1,2000
1790045384,2026-09-22T02:49:44Z,22652,1790022802,6.1.187-android14-11-SAGA,49646d1b0cd1,cc_governor,cc_governor,1088801,187358,1435630,1834865,346688,410,617860,106675,931836,1080920,313971,16878,adios,0,adios,0,adios,0,,,58.8,39.0,27,3701000,-1347000,39.0,,,21.96,119124,,1,2000
1790045424,2026-09-22T02:50:24Z,22692,1790022802,6.1.187-android14-11-SAGA,49646d1b0cd1,cc_governor,cc_governor,1157034,188349,1518682,1928208,361531,455,680520,107716,1011052,1162652,330519,17612,adios,0,adios,0,adios,0,,,55.9,39.0,27,3716000,-805600,39.0,,,21.20,92036,,1,2000
1790045463,2026-09-22T02:51:03Z,22730,1790022802,6.1.187-android14-11-SAGA,49646d1b0cd1,cc_governor,cc_governor,1195395,197782,1567984,1994511,372488,460,713041,117449,1054427,1216520,341354,18098,adios,0,adios,0,adios,0,,,58.1,39.0,27,3671000,-1533800,39.0,,,20.85,111908,,1,2000
1790045503,2026-09-22T02:51:43Z,22770,1790022802,6.1.187-android14-11-SAGA,49646d1b0cd1,cc_governor,cc_governor,1261164,205879,1641828,2085315,380638,563,778402,125130,1128422,1299869,349997,18844,adios,0,adios,0,adios,0,,,57.7,39.0,26,3697000,-930100,39.0,,,20.71,84736,,1,2000
1790045542,2026-09-22T02:52:22Z,22809,1790022802,6.1.187-android14-11-SAGA,49646d1b0cd1,cc_governor,cc_governor,1320714,212068,1712181,2171545,391435,573,812249,132701,1175940,1355751,363714,19423,adios,0,adios,0,adios,0,,,54.3,39.0,26,3693000,-1240800,39.0,,,21.08,114456,,1,2000
1790045581,2026-09-22T02:53:01Z,22848,1790022802,6.1.187-android14-11-SAGA,49646d1b0cd1,cc_governor,cc_governor,1366195,220543,1768335,2242664,402098,576,858515,140818,1232119,1420898,373511,19897,adios,0,adios,0,adios,0,,,58.2,39.0,26,3702000,-1080900,39.0,,,20.31,117704,,1,2000
1790045619,2026-09-22T02:53:39Z,22887,1790022802,6.1.187-android14-11-SAGA,49646d1b0cd1,cc_governor,cc_governor,1427684,227580,1839274,2328593,411584,588,911714,148185,1295815,1493534,383935,20503,adios,0,adios,0,adios,0,,,55.0,39.0,26,3683000,-1262800,39.0,,,20.89,94112,,1,2000
1790045659,2026-09-22T02:54:19Z,22927,1790022802,6.1.187-android14-11-SAGA,49646d1b0cd1,cc_governor,cc_governor,1492475,232936,1915182,2419727,422675,610,954993,154605,1353264,1558493,398255,21221,adios,0,adios,0,adios,0,,,50.4,39.0,26,3714000,-551700,39.0,,,20.43,154300,,1,2000
1790045700,2026-09-22T02:55:01Z,22968,1790022802,6.1.187-android14-11-SAGA,49646d1b0cd1,cc_governor,cc_governor,1533491,245556,1965758,2489397,432006,621,1013659,165420,1421182,1638628,407432,21809,adios,0,adios,0,adios,0,,,55.4,39.0,26,3710000,-953300,39.0,,,20.68,96072,,1,2000
1790045742,2026-09-22T02:55:42Z,23009,1790022802,6.1.187-android14-11-SAGA,49646d1b0cd1,cc_governor,cc_governor,1612452,254614,2050875,2592246,438223,674,1093305,174524,1508133,1736785,414776,22756,adios,0,adios,0,adios,0,,,53.2,39.0,25,3687000,-836700,39.0,,,20.93,116072,,1,2000
1790045784,2026-09-22T02:56:24Z,23051,1790022802,6.1.187-android14-11-SAGA,49646d1b0cd1,cc_governor,cc_governor,1696839,260839,2143737,2699088,446718,744,1171021,182808,1594231,1833385,423178,23825,adios,0,adios,0,adios,0,,,59.1,39.0,25,3699000,-1140700,39.0,,,23.00,113544,,1,2000
1790045824,2026-09-22T02:57:04Z,23091,1790022802,6.1.187-android14-11-SAGA,49646d1b0cd1,cc_governor,cc_governor,1752558,265613,2212836,2781854,460295,778,1205077,189603,1642613,1889765,437525,24527,adios,0,adios,0,adios,0,,,57.0,39.0,25,3682000,-1246900,39.0,,,24.17,123556,,1,2000
1790045864,2026-09-22T02:57:44Z,23131,1790022802,6.1.187-android14-11-SAGA,49646d1b0cd1,cc_governor,cc_governor,1788087,277133,2258781,2847465,470695,790,1231811,202415,1678991,1939681,447168,25050,adios,0,adios,0,adios,0,,,57.1,39.0,25,3680000,-1058900,39.0,,,22.86,74468,,1,2000
1790045903,2026-09-22T02:58:23Z,23170,1790022802,6.1.187-android14-11-SAGA,49646d1b0cd1,cc_governor,cc_governor,1845098,287855,2322597,2929673,477336,805,1277299,214324,1731194,2005026,453854,25694,adios,0,adios,0,adios,0,,,60.6,39.0,24,3674000,-1013100,39.0,,,24.11,115120,,1,2000
1790045942,2026-09-22T02:59:02Z,23210,1790022802,6.1.187-android14-11-SAGA,49646d1b0cd1,cc_governor,cc_governor,1904559,301622,2385784,3014259,481219,840,1339273,229117,1796308,2086560,457002,26384,adios,0,adios,0,adios,0,,,50.5,39.0,24,3717000,-972200,39.0,,,22.48,150040,,1,2000
1790045986,2026-09-22T02:59:46Z,23253,1790022802,6.1.187-android14-11-SAGA,49646d1b0cd1,cc_governor,cc_governor,1946974,317555,2434857,3086685,487864,864,1369726,246762,1834463,2143454,464647,27092,adios,0,adios,0,adios,0,,,56.9,39.0,24,3677000,-1323800,39.0,,,23.53,87440,,1,2000
