ts_unix,ts_iso,uptime_s,boot_id,kernel_ver,build_hash,gov_policy0,gov_policy4,cc0_streak,cc0_instant,cc0_confirmed,cc0_total,cc0_topapp_conf,cc0_warp_conf,cc4_streak,cc4_instant,cc4_confirmed,cc4_total,cc4_topapp_conf,cc4_warp_conf,adios_sda_sched,adios_sda_io_pressure,adios_sdb_sched,adios_sdb_io_pressure,adios_sdc_sched,adios_sdc_io_pressure,thermal_cpu0_c,thermal_cpu1_c,thermal_gpu_c,thermal_batt_c,thermal_soc_max_c,thermal_skin_c,battery_pct,battery_uv,battery_ua,battery_temp_c,foreground_pkg,foreground_uid,loadavg_1m,mem_free_kb,sched_nr_running,bore_warp_enabled,bore_warp_us
1790478002,2026-09-27T03:00:02Z,269490,1790208587,6.1.187-android14-11-SAGA,49646d1b0cd1,cc_governor,cc_governor,4092911,190169,4983465,5752263,890441,7677,3414441,206986,4359950,4792114,945394,45274,adios,0,adios,0,adios,0,58.0,56.7,52.9,39.0,61.3,46.4,26,3691000,-982600,39.0,,,23.61,70312,,1,2000
1790478039,2026-09-27T03:00:39Z,269528,1790208587,6.1.187-android14-11-SAGA,49646d1b0cd1,cc_governor,cc_governor,4179345,192065,5078090,5858530,898706,7799,3473416,209383,4430990,4870591,957569,45925,adios,0,adios,0,adios,0,59.8,59.5,,39.0,64.0,47.6,25,3713000,-1001500,39.0,,,24.04,123920,,1,2000
1790478075,2026-09-27T03:01:16Z,269564,1790208587,6.1.187-android14-11-SAGA,49646d1b0cd1,cc_governor,cc_governor,4207317,193520,5125493,5913221,918187,7860,3484977,210492,4459540,4901155,974589,46333,adios,0,adios,0,adios,0,54.2,60.0,,39.0,56.2,46.0,25,3725000,-695800,39.0,,,22.70,87184,,1,2000
1790478116,2026-09-27T03:01:56Z,269604,1790208587,6.1.187-android14-11-SAGA,49646d1b0cd1,cc_governor,cc_governor,4283208,195203,5214590,6011520,931406,7956,3550297,212281,4539992,4985184,989691,47115,adios,0,adios,0,adios,0,54.9,54.1,,39.0,56.8,45.6,25,3709000,-908200,39.0,,,21.91,122360,,1,2000
1790478154,2026-09-27T03:02:34Z,269642,1790208587,6.1.187-android14-11-SAGA,49646d1b0cd1,cc_governor,cc_governor,4318523,201315,5264020,6074742,945515,8025,3581882,218252,4584349,5037890,1002483,47693,adios,0,adios,0,adios,0,56.6,55.2,,39.0,62.6,46.2,25,3715000,-729300,39.0,,,21.77,98940,,1,2000
1790478190,2026-09-27T03:03:10Z,269678,1790208587,6.1.187-android14-11-SAGA,49646d1b0cd1,cc_governor,cc_governor,4367965,205252,5326145,6147711,958046,8076,3610802,223157,4625920,5085377,1015122,48107,adios,0,adios,0,adios,0,56.9,60.9,54.2,39.0,67.7,46.7,25,3687000,-880100,39.0,,,21.44,94068,,1,2000
1790478226,2026-09-27T03:03:46Z,269715,1790208587,6.1.187-android14-11-SAGA,49646d1b0cd1,cc_governor,cc_governor,4418548,209474,5389167,6221444,970628,8137,3645893,227783,4675079,5140848,1029165,48613,adios,0,adios,0,adios,0,53.2,51.5,49.8,39.0,56.8,44.7,24,3662000,-1188300,39.0,,,21.53,118744,,1,2000
1790478265,2026-09-27T03:04:25Z,269754,1790208587,6.1.187-android14-11-SAGA,49646d1b0cd1,cc_governor,cc_governor,4468969,213107,5454244,6297762,985237,8209,3683189,231893,4727698,5200762,1044523,49150,adios,0,adios,0,adios,0,52.1,55.8,53.0,38.0,64.8,45.4,24,3702000,-840400,39.0,,,20.14,110460,,1,2000
1790478302,2026-09-27T03:05:02Z,269790,1790208587,6.1.187-android14-11-SAGA,49646d1b0cd1,cc_governor,cc_governor,4508805,213912,5511544,6364050,1002742,8266,3708733,232606,4771398,5247488,1062674,49509,adios,0,adios,0,adios,0,56.8,59.4,53.3,39.0,58.9,45.8,24,3668000,-821500,39.0,,,18.81,111228,,1,2000
1790478338,2026-09-27T03:05:38Z,269826,1790208587,6.1.187-android14-11-SAGA,49646d1b0cd1,cc_governor,cc_governor,4549063,214681,5568364,6431422,1019278,8320,3734010,233332,4812930,5293176,1078893,49882,adios,0,adios,0,adios,0,63.5,64.8,60.2,39.0,66.4,48.3,24,3662000,-859300,39.0,,,21.79,98064,,1,2000
1790478374,2026-09-27T03:06:14Z,269862,1790208587,6.1.187-android14-11-SAGA,49646d1b0cd1,cc_governor,cc_governor,4603399,217004,5635175,6515624,1031670,8440,3782699,235466,4872814,5363732,1090065,50366,adios,0,adios,0,adios,0,69.5,70.8,64.2,39.0,69.1,50.0,23,3653000,-1229200,39.0,,,26.89,113144,,1,2000
1790478415,2026-09-27T03:06:55Z,269904,1790208587,6.1.187-android14-11-SAGA,49646d1b0cd1,cc_governor,cc_governor,4662006,217902,5710982,6603969,1048924,8633,3835935,236332,4942738,5440288,1106782,51170,adios,0,adios,0,adios,0,56.9,59.1,54.3,39.0,58.9,47.5,23,3692000,-1146200,40.0,,,25.86,78776,,1,2000
1790478454,2026-09-27T03:07:34Z,269943,1790208587,6.1.187-android14-11-SAGA,49646d1b0cd1,cc_governor,cc_governor,4756092,218399,5814667,6717127,1058455,8718,3912975,236788,5033609,5534960,1120595,51907,adios,0,adios,0,adios,0,67.2,68.9,59.6,39.0,72.8,49.6,23,3656000,-1292100,39.0,,,25.74,158604,,1,2000
1790478492,2026-09-27T03:08:12Z,269980,1790208587,6.1.187-android14-11-SAGA,49646d1b0cd1,cc_governor,cc_governor,4830476,218918,5901201,6812004,1070569,8805,3973220,237684,5109232,5614149,1135910,52551,adios,0,adios,0,adios,0,59.2,59.8,54.4,39.0,68.9,48.1,23,3686000,-922200,39.0,,,24.24,107348,,1,2000
1790478529,2026-09-27T03:08:49Z,270017,1790208587,6.1.187-android14-11-SAGA,49646d1b0cd1,cc_governor,cc_governor,4912300,219177,5993949,6913186,1081627,8876,4041337,238344,5191205,5700108,1149866,53170,adios,0,adios,0,adios,0,61.6,63.8,57.9,39.0,79.2,50.4,22,3651000,-1651000,39.0,,,26.07,159628,,1,2000
1790478570,2026-09-27T03:09:30Z,270058,1790208587,6.1.187-android14-11-SAGA,49646d1b0cd1,cc_governor,cc_governor,4979212,219917,6074606,7003210,1095378,9166,4090455,239326,5257158,5769685,1166699,54097,adios,0,adios,0,adios,0,61.4,60.3,55.4,40.0,67.7,48.1,22,3679000,-957000,40.0,,,24.57,262220,,1,2000
1790478607,2026-09-27T03:10:07Z,270095,1790208587,6.1.187-android14-11-SAGA,49646d1b0cd1,cc_governor,cc_governor,5066156,222348,6169069,7109113,1102806,9241,4149287,242003,5328830,5846569,1179405,54618,adios,0,adios,0,adios,0,66.4,68.7,60.6,40.0,74.4,50.4,22,3655000,-1304900,40.0,,,26.42,113592,,1,2000
1790478644,2026-09-27T03:10:44Z,270132,1790208587,6.1.187-android14-11-SAGA,49646d1b0cd1,cc_governor,cc_governor,5149159,224233,6261467,7212091,1112125,9325,4210866,244597,5403888,5926841,1192908,55224,adios,0,adios,0,adios,0,65.0,67.7,58.8,40.0,73.0,49.9,22,3653000,-1434900,40.0,,,27.34,78464,,1,2000
1790478682,2026-09-27T03:11:22Z,270170,1790208587,6.1.187-android14-11-SAGA,49646d1b0cd1,cc_governor,cc_governor,5247063,225366,6367478,7328535,1120424,9456,4285811,246573,5491375,6019481,1205584,55993,adios,0,adios,0,adios,0,60.5,65.7,57.6,40.0,64.3,49.2,21,3686000,-1377500,40.0,,,25.66,72784,,1,2000
1790478719,2026-09-27T03:11:59Z,270208,1790208587,6.1.187-android14-11-SAGA,49646d1b0cd1,cc_governor,cc_governor,5294094,226528,6431079,7399386,1136917,9532,4334457,247579,5555781,6087376,1221268,56551,adios,0,adios,0,adios,0,61.7,56.9,54.2,40.0,66.3,47.9,21,3678000,-850800,40.0,,,24.96,210812,,1,2000
1790478760,2026-09-27T03:12:40Z,270248,1790208587,6.1.187-android14-11-SAGA,49646d1b0cd1,cc_governor,cc_governor,5365586,228875,6515509,7493433,1149928,9679,4399137,250022,5635196,6171151,1236004,57474,adios,0,adios,0,adios,0,55.6,54.1,52.2,40.0,56.2,46.8,21,3681000,-910600,40.0,,,24.32,122792,,1,2000
1790478800,2026-09-27T03:13:20Z,270288,1790208587,6.1.187-android14-11-SAGA,49646d1b0cd1,cc_governor,cc_governor,5432871,236949,6590777,7584139,1157818,9776,4462419,258110,5707195,6253690,1244729,58170,adios,0,adios,0,adios,0,58.7,65.3,59.0,40.0,75.9,50.0,21,3646000,-1666800,40.0,,,25.30,115560,,1,2000
1790478843,2026-09-27T03:14:03Z,270332,1790208587,6.1.187-android14-11-SAGA,49646d1b0cd1,cc_governor,cc_governor,5508248,237876,6680007,7686860,1171605,10144,4528380,259022,5788100,6341410,1259626,59159,adios,0,adios,0,adios,0,67.0,69.3,,40.0,73.2,49.8,20,3657000,-1474600,40.0,,,25.53,91464,,1,2000
1790478881,2026-09-27T03:14:41Z,270370,1790208587,6.1.187-android14-11-SAGA,49646d1b0cd1,cc_governor,cc_governor,5592320,241058,6771945,7791283,1179466,10238,4578064,264016,5850373,6410569,1272218,59790,adios,0,adios,0,adios,0,66.6,67.4,59.2,40.0,71.6,49.5,20,3677000,-1182200,40.0,,,23.99,151556,,1,2000
1790478919,2026-09-27T03:15:19Z,270407,1790208587,6.1.187-android14-11-SAGA,49646d1b0cd1,cc_governor,cc_governor,5633523,246748,6826550,7858115,1193049,10308,4618495,269321,5904840,6471945,1286350,60365,adios,0,adios,0,adios,0,54.5,64.2,54.0,40.0,70.0,47.6,20,3653000,-770200,40.0,,,22.70,135272,,1,2000
1790478957,2026-09-27T03:15:57Z,270445,1790208587,6.1.187-android14-11-SAGA,49646d1b0cd1,cc_governor,cc_governor,5712894,248805,6916159,7956800,1203271,10412,4696194,271761,5993993,6566489,1297629,61070,adios,0,adios,0,adios,0,54.0,54.2,52.8,39.0,60.1,46.8,20,3682000,-925900,40.0,,,21.62,120508,,1,2000
1790478998,2026-09-27T03:16:38Z,270486,1790208587,6.1.187-android14-11-SAGA,49646d1b0cd1,cc_governor,cc_governor,5781148,251099,6998203,8049446,1217030,10548,4768766,274234,6079827,6658564,1311032,61980,adios,0,adios,0,adios,0,54.3,52.7,50.9,39.0,55.0,45.6,19,3672000,-787900,39.0,,,23.98,191616,,1,2000
1790479039,2026-09-27T03:17:19Z,270527,1790208587,6.1.187-android14-11-SAGA,49646d1b0cd1,cc_governor,cc_governor,5824664,256142,7057866,8120565,1233198,10638,4822719,278473,6148245,6734150,1325482,62691,adios,0,adios,0,adios,0,53.0,55.0,51.0,39.0,57.5,45.4,19,3679000,-814800,39.0,,,22.64,114812,,1,2000
1790479080,2026-09-27T03:18:00Z,270568,1790208587,6.1.187-android14-11-SAGA,49646d1b0cd1,cc_governor,cc_governor,5909369,261722,7150721,8226631,1241296,10807,4893980,285306,6229226,6824297,1335192,63760,adios,0,adios,0,adios,0,53.8,52.5,50.6,39.0,56.1,45.0,19,3687000,-982600,39.0,,,23.22,75240,,1,2000
1790479120,2026-09-27T03:18:40Z,270608,1790208587,6.1.187-android14-11-SAGA,49646d1b0cd1,cc_governor,cc_governor,5941639,271753,7195284,8285928,1253471,10883,4936660,294532,6282512,6888432,1345881,64392,adios,0,adios,0,adios,0,55.0,51.1,48.9,39.0,51.9,44.2,19,3687000,-804400,39.0,,,21.24,212392,,1,2000
1790479161,2026-09-27T03:19:21Z,270650,1790208587,6.1.187-android14-11-SAGA,49646d1b0cd1,cc_governor,cc_governor,6028221,276606,7290784,8393650,1262273,10984,5000847,301447,6356872,6972206,1355898,65316,adios,0,adios,0,adios,0,56.2,54.2,50.8,39.0,60.8,45.5,19,3676000,-961900,39.0,,,23.62,99324,,1,2000
1790479202,2026-09-27T03:20:02Z,270691,1790208587,6.1.187-android14-11-SAGA,49646d1b0cd1,cc_governor,cc_governor,6123425,280922,7393087,8508073,1269484,11129,5083124,307028,6448453,7072059,1365199,66517,adios,0,adios,0,adios,0,57.0,56.5,51.9,39.0,57.7,45.8,18,3684000,-680500,39.0,,,23.63,73968,,1,2000
1790479242,2026-09-27T03:20:42Z,270730,1790208587,6.1.187-android14-11-SAGA,49646d1b0cd1,cc_governor,cc_governor,6172171,283958,7458231,8583088,1285758,11273,5128427,310165,6510129,7139334,1381616,67418,adios,0,adios,0,adios,0,61.4,55.4,51.0,39.0,53.9,44.9,18,3677000,-752500,39.0,,,24.32,98540,,1,2000
1790479284,2026-09-27T03:21:24Z,270772,1790208587,6.1.187-android14-11-SAGA,49646d1b0cd1,cc_governor,cc_governor,6233610,287714,7533314,8669918,1299603,11459,5183641,313906,6579403,7216147,1395695,68309,adios,0,adios,0,adios,0,61.3,64.5,56.3,39.0,63.7,46.8,18,3656000,-1370200,39.0,,,24.03,177236,,1,2000
1790479321,2026-09-27T03:22:01Z,270810,1790208587,6.1.187-android14-11-SAGA,49646d1b0cd1,cc_governor,cc_governor,6277737,288932,7594154,8740085,1316393,11581,5208467,315084,6622870,7264075,1414421,68873,adios,0,adios,0,adios,0,56.8,60.2,,39.0,62.5,46.0,18,3678000,-875200,39.0,,,22.32,203396,,1,2000
1790479358,2026-09-27T03:22:38Z,270846,1790208587,6.1.187-android14-11-SAGA,49646d1b0cd1,cc_governor,cc_governor,6326562,294092,7654836,8812118,1328212,11639,5240820,320688,6668791,7317701,1427919,69290,adios,0,adios,0,adios,0,56.4,55.8,51.1,39.0,59.8,45.7,18,3665000,-987500,39.0,,,21.23,197144,,1,2000
1790479394,2026-09-27T03:23:14Z,270883,1790208587,6.1.187-android14-11-SAGA,49646d1b0cd1,cc_governor,cc_governor,6393752,301583,7727938,8899797,1334106,11708,5302921,329290,6737892,7397956,1434988,69828,adios,0,adios,0,adios,0,53.4,52.2,50.3,39.0,56.6,45.0,17,3641000,-1083300,39.0,,,21.18,78636,,1,2000
1790479432,2026-09-27T03:23:52Z,270920,1790208587,6.1.187-android14-11-SAGA,49646d1b0cd1,cc_governor,cc_governor,6432071,304709,7782236,8963429,1350172,11777,5330775,332968,6783091,7448529,1452326,70308,adios,0,adios,0,adios,0,53.9,57.6,51.4,39.0,58.1,45.4,17,3666000,-1005200,39.0,,,20.22,114852,,1,2000
1790479468,2026-09-27T03:24:28Z,270956,1790208587,6.1.187-android14-11-SAGA,49646d1b0cd1,cc_governor,cc_governor,6485468,308731,7847286,9039050,1361768,11849,5385855,336050,6850808,7521780,1464946,70757,adios,0,adios,0,adios,0,55.8,60.8,54.2,39.0,65.4,46.3,17,3646000,-1035100,39.0,,,21.85,240064,,1,2000
1790479505,2026-09-27T03:25:05Z,270994,1790208587,6.1.187-android14-11-SAGA,49646d1b0cd1,cc_governor,cc_governor,6549116,311850,7922076,9124389,1372959,11920,5430331,339681,6910164,7587594,1479829,71328,adios,0,adios,0,adios,0,52.8,50.9,,39.0,72.6,47.8,17,3632000,-1513000,39.0,,,24.52,107772,,1,2000
1790479551,2026-09-27T03:25:51Z,271040,1790208587,6.1.187-android14-11-SAGA,49646d1b0cd1,cc_governor,cc_governor,6581693,315174,7970384,9184620,1388669,12195,5448036,341061,6938559,7622360,1490523,72320,adios,0,adios,0,adios,0,50.3,50.3,,39.0,52.8,44.4,17,3696000,-473600,39.0,,,21.50,111428,,1,2000
1790479587,2026-09-27T03:26:27Z,271076,1790208587,6.1.187-android14-11-SAGA,49646d1b0cd1,cc_governor,cc_governor,6591281,323981,7992305,9218305,1401027,12258,5448412,344625,6943713,7631213,1495309,72703,adios,0,adios,0,adios,0,47.9,48.0,,39.0,50.9,43.0,17,3669000,-307000,39.0,,,20.10,118108,,1,2000
1790479623,2026-09-27T03:27:03Z,271111,1790208587,6.1.187-android14-11-SAGA,49646d1b0cd1,cc_governor,cc_governor,6601522,334735,8012809,9252634,1411306,12319,5448738,348822,6947691,7639492,1498962,73072,adios,0,adios,0,adios,0,47.6,47.3,,39.0,50.5,42.5,17,3691000,-303300,39.0,,,19.04,93644,,1,2000
1790479659,2026-09-27T03:27:39Z,271148,1790208587,6.1.187-android14-11-SAGA,49646d1b0cd1,cc_governor,cc_governor,6612497,341694,8038527,9288611,1426042,12398,5449074,351423,6953649,7648248,1504575,73451,adios,0,adios,0,adios,0,47.3,48.4,,39.0,50.5,42.3,16,3692000,-468100,38.0,,,18.60,102636,,1,2000
1790479695,2026-09-27T03:28:15Z,271183,1790208587,6.1.187-android14-11-SAGA,49646d1b0cd1,cc_governor,cc_governor,6632490,349214,8070440,9333704,1437937,12460,5455828,354904,6966513,7665389,1510712,73834,adios,0,adios,0,adios,0,52.2,51.1,,38.0,53.2,43.7,16,3653000,-1334200,38.0,,,19.01,108476,,1,2000
1790479731,2026-09-27T03:28:51Z,271219,1790208587,6.1.187-android14-11-SAGA,49646d1b0cd1,cc_governor,cc_governor,6659710,353368,8111751,9388482,1452033,12506,5465128,357085,6984044,7686433,1518916,74201,adios,0,adios,0,adios,0,50.1,51.0,48.6,38.0,54.6,43.6,16,3681000,-607900,38.0,,,18.64,157740,,1,2000
1790479767,2026-09-27T03:29:27Z,271255,1790208587,6.1.187-android14-11-SAGA,49646d1b0cd1,cc_governor,cc_governor,6669911,362073,8133910,9424632,1463997,12544,5466064,360205,6988895,7694641,1522831,74606,adios,0,adios,0,adios,0,51.3,49.1,46.9,38.0,54.1,42.9,16,3684000,-766600,38.0,,,17.94,152980,,1,2000
1790479802,2026-09-27T03:30:02Z,271291,1790208587,6.1.187-android14-11-SAGA,49646d1b0cd1,cc_governor,cc_governor,6695897,367727,8173272,9477717,1477372,12600,5477013,363794,7009153,7719504,1532140,75025,adios,0,adios,0,adios,0,53.4,54.7,49.4,38.0,59.5,44.8,16,3629000,-1492900,38.0,,,18.29,118640,,1,2000
1790479839,2026-09-27T03:30:39Z,271327,1790208587,6.1.187-android14-11-SAGA,49646d1b0cd1,cc_governor,cc_governor,6715902,373613,8207999,9525193,1492126,12690,5483409,366861,7024419,7739778,1541025,75505,adios,0,adios,0,adios,0,51.6,53.4,,38.0,54.4,43.6,16,3635000,-1371400,38.0,,,19.25,111192,,1,2000
1790479875,2026-09-27T03:31:15Z,271363,1790208587,6.1.187-android14-11-SAGA,49646d1b0cd1,cc_governor,cc_governor,6734147,377468,8242795,9571223,1508639,12744,5491360,369100,7044066,7763962,1552676,75917,adios,0,adios,0,adios,0,51.7,50.8,,38.0,54.8,43.3,16,3674000,-452800,39.0,,,18.96,109836,,1,2000
1790479911,2026-09-27T03:31:51Z,271399,1790208587,6.1.187-android14-11-SAGA,49646d1b0cd1,cc_governor,cc_governor,6749421,383332,8273779,9613182,1524355,12786,5492840,373303,7054015,7778752,1561175,76309,adios,0,adios,0,adios,0,48.9,50.0,,38.0,53.7,42.9,16,3673000,-799500,38.0,,,18.02,148044,,1,2000
1790479947,2026-09-27T03:32:27Z,271435,1790208587,6.1.187-android14-11-SAGA,49646d1b0cd1,cc_governor,cc_governor,6770669,390490,8307835,9658910,1537150,12827,5495080,377831,7065426,7796066,1570353,76716,adios,0,adios,0,adios,0,49.0,49.8,,38.0,56.4,42.9,15,3690000,-415600,38.0,,,18.78,126724,,1,2000
1790479983,2026-09-27T03:33:03Z,271472,1790208587,6.1.187-android14-11-SAGA,49646d1b0cd1,cc_governor,cc_governor,6787311,396590,8339625,9702414,1552271,12878,5497496,382465,7076825,7813004,1579327,77101,adios,0,adios,0,adios,0,51.1,50.8,,38.0,52.3,43.0,15,3684000,-1007000,38.0,,,18.41,230044,,1,2000
1790480019,2026-09-27T03:33:39Z,271507,1790208587,6.1.187-android14-11-SAGA,49646d1b0cd1,cc_governor,cc_governor,6802838,407182,8365675,9743956,1562807,12912,5499019,389080,7084398,7827866,1585379,77479,adios,0,adios,0,adios,0,49.2,49.7,,38.0,51.1,42.4,15,3681000,-443100,38.0,,,18.50,146812,,1,2000
1790480055,2026-09-27T03:34:15Z,271543,1790208587,6.1.187-android14-11-SAGA,49646d1b0cd1,cc_governor,cc_governor,6820239,415041,8395872,9786954,1575626,12961,5501180,394468,7094084,7843880,1592916,77874,adios,0,adios,0,adios,0,49.1,48.4,,38.0,51.5,42.5,15,3687000,-290500,38.0,,,18.51,177404,,1,2000
1790480091,2026-09-27T03:34:51Z,271579,1790208587,6.1.187-android14-11-SAGA,49646d1b0cd1,cc_governor,cc_governor,6840927,425577,8426601,9834404,1585604,13007,5507937,400853,7107540,7865203,1599605,78258,adios,0,adios,0,adios,1,56.9,62.0,53.9,38.0,56.9,45.0,15,3683000,-761100,38.0,,,18.99,110428,,1,2000
1790480127,2026-09-27T03:35:28Z,271616,1790208587,6.1.187-android14-11-SAGA,49646d1b0cd1,cc_governor,cc_governor,2,0,72,88,84,0,105,0,161,177,62,15,adios,0,adios,0,adios,0,46.4,47.4,,38.0,48.0,41.4,15,3701000,-243500,38.0,,,17.59,121564,,1,2000
1790480561,2026-09-27T03:42:41Z,272049,1790208587,6.1.187-android14-11-SAGA,49646d1b0cd1,cc_governor,cc_governor,20,0,19,24,22,0,83,0,111,115,34,6,adios,0,adios,0,adios,2,39.3,40.5,,35.0,41.5,36.6,15,3708000,-256300,35.0,,,16.52,122316,,1,2000
1790480917,2026-09-27T03:48:37Z,272405,1790208587,6.1.187-android14-11-SAGA,49646d1b0cd1,cc_governor,cc_governor,6,0,116,20,23,0,38,0,64,70,30,7,adios,0,adios,0,adios,0,38.5,39.5,,34.0,46.2,36.7,15,3690000,-1047300,34.0,,,24.71,121844,,1,2000
1790480956,2026-09-27T03:49:16Z,272444,1790208587,6.1.187-android14-11-SAGA,49646d1b0cd1,cc_governor,cc_governor,27609,4493,40243,52545,12632,53,9441,1862,18050,21337,8609,333,adios,0,adios,0,adios,0,46.5,51.8,45.2,34.0,47.5,39.2,14,3687000,-410700,35.0,,,21.35,132728,,1,2000
1790480992,2026-09-27T03:49:52Z,272480,1790208587,6.1.187-android14-11-SAGA,49646d1b0cd1,cc_governor,cc_governor,41708,13445,65553,91985,23845,81,11490,4912,25503,32642,14013,740,adios,0,adios,0,adios,0,44.5,45.7,,35.0,52.5,39.0,14,3625000,-1042400,34.0,,,20.08,77400,,1,2000
1790481027,2026-09-27T03:50:27Z,272516,1790208587,6.1.187-android14-11-SAGA,49646d1b0cd1,cc_governor,cc_governor,69378,22838,103073,147115,33635,129,15956,10336,36240,50677,20284,1147,adios,0,adios,0,adios,0,50.0,47.6,,35.0,48.7,39.9,14,3683000,-551700,35.0,,,18.81,110476,,1,2000
1790481063,2026-09-27T03:51:03Z,272552,1790208587,6.1.187-android14-11-SAGA,49646d1b0cd1,cc_governor,cc_governor,87688,26642,135952,189310,48257,163,23302,12379,51029,69272,27751,1542,adios,0,adios,0,adios,0,52.6,47.2,44.1,35.0,51.5,39.7,14,3683000,-408300,35.0,,,20.55,154176,,1,2000
1790481099,2026-09-27T03:51:39Z,272587,1790208587,6.1.187-android14-11-SAGA,49646d1b0cd1,cc_governor,cc_governor,110537,29933,174494,237430,63971,202,34945,13676,72877,94267,37936,1933,adios,0,adios,0,adios,0,45.4,48.7,,35.0,46.5,39.4,14,3694000,-277700,35.0,,,22.82,88272,,1,2000
1790481486,2026-09-27T03:58:06Z,272974,1790208587,6.1.187-android14-11-SAGA,49646d1b0cd1,cc_governor,cc_governor,3,0,74,87,79,1,19,0,67,69,53,17,adios,0,adios,0,adios,0,36.5,39.4,,33.0,39.6,33.5,14,3660000,-808700,33.0,,,19.26,95552,,1,2000
1790481811,2026-09-27T04:03:31Z,273299,1790208587,6.1.187-android14-11-SAGA,49646d1b0cd1,cc_governor,cc_governor,22636,880,29302,35468,6659,27,20482,821,27446,34497,6911,109,adios,0,adios,0,adios,0,55.6,57.6,47.9,33.0,52.3,40.2,14,3649000,-773900,33.0,,,27.67,115568,,1,2000
1790481847,2026-09-27T04:04:07Z,273335,1790208587,6.1.187-android14-11-SAGA,49646d1b0cd1,cc_governor,cc_governor,54598,1749,77378,93253,22792,70,40024,1932,61622,73711,21598,469,adios,0,adios,0,adios,0,46.7,46.7,,34.0,48.7,39.4,13,3663000,-446700,34.0,,,26.46,82084,,1,2000
1790481882,2026-09-27T04:04:42Z,273370,1790208587,6.1.187-android14-11-SAGA,49646d1b0cd1,cc_governor,cc_governor,59774,10147,95453,123428,35679,79,42788,5748,70100,86814,27312,866,adios,0,adios,0,adios,0,44.2,43.8,41.9,34.0,50.1,38.6,13,3669000,-623100,34.0,,,23.33,118452,,1,2000
1790481917,2026-09-27T04:05:17Z,273405,1790208587,6.1.187-android14-11-SAGA,49646d1b0cd1,cc_governor,cc_governor,66753,19575,114610,156007,47879,97,46286,10132,79091,100815,32816,1247,adios,0,adios,0,adios,0,44.3,45.6,,34.0,48.0,38.4,13,3675000,-1163900,34.0,,,21.06,78516,,1,2000
1790481952,2026-09-27T04:05:52Z,273440,1790208587,6.1.187-android14-11-SAGA,49646d1b0cd1,cc_governor,cc_governor,72298,29366,131735,186352,59447,105,47126,13945,84668,110857,37549,1635,adios,0,adios,0,adios,4,43.9,45.4,41.5,34.0,47.4,38.4,13,3674000,-551700,34.0,,,19.61,122628,,1,2000
1790481987,2026-09-27T04:06:27Z,273475,1790208587,6.1.187-android14-11-SAGA,49646d1b0cd1,cc_governor,cc_governor,77624,38861,148988,216520,71361,120,47887,17842,90420,121159,42533,2019,adios,0,adios,0,adios,0,44.4,44.2,,34.0,47.3,38.5,13,3670000,-547400,34.0,,,19.06,137332,,1,2000
1790482022,2026-09-27T04:07:02Z,273511,1790208587,6.1.187-android14-11-SAGA,49646d1b0cd1,cc_governor,cc_governor,82696,52246,161999,246095,79300,137,48548,23130,94347,130794,45804,2401,adios,0,adios,0,adios,4,44.5,44.2,,34.0,48.5,38.8,13,3664000,-459500,35.0,,,19.13,128776,,1,2000
1790482057,2026-09-27T04:07:37Z,273546,1790208587,6.1.187-android14-11-SAGA,49646d1b0cd1,cc_governor,cc_governor,87996,63704,177056,275975,89079,148,49126,27621,99007,140368,49890,2785,adios,0,adios,0,adios,0,44.1,44.6,,35.0,46.9,38.7,13,3686000,-512000,35.0,,,18.55,89052,,1,2000
1790482092,2026-09-27T04:08:12Z,273581,1790208587,6.1.187-android14-11-SAGA,49646d1b0cd1,cc_governor,cc_governor,93263,75949,191561,305808,98295,158,50097,32545,103468,150174,53371,3183,adios,0,adios,0,adios,0,44.2,44.3,,35.0,48.0,38.9,13,3660000,-510800,35.0,,,17.78,75420,,1,2000
1790482127,2026-09-27T04:08:47Z,273616,1790208587,6.1.187-android14-11-SAGA,49646d1b0cd1,cc_governor,cc_governor,98210,89835,203834,335406,105641,167,51063,38475,107141,160245,56086,3569,adios,0,adios,0,adios,0,44.3,44.5,,35.0,48.2,39.0,13,3674000,-336900,35.0,,,18.14,80560,,1,2000
1790482162,2026-09-27T04:09:22Z,273651,1790208587,6.1.187-android14-11-SAGA,49646d1b0cd1,cc_governor,cc_governor,103008,103052,216729,364914,113715,183,52428,44400,111719,171363,59295,3964,adios,0,adios,0,adios,0,45.3,45.2,42.7,35.0,48.7,39.2,13,3667000,-496200,35.0,,,17.71,139404,,1,2000
1790482197,2026-09-27T04:09:57Z,273686,1790208587,6.1.187-android14-11-SAGA,49646d1b0cd1,cc_governor,cc_governor,108163,114873,231186,394495,123041,194,52690,49001,115418,180041,62733,4348,adios,0,adios,0,adios,0,44.4,46.1,,35.0,48.3,39.2,13,3665000,-327700,36.0,,,17.74,125116,,1,2000
1790482232,2026-09-27T04:10:32Z,273721,1790208587,6.1.187-android14-11-SAGA,49646d1b0cd1,cc_governor,cc_governor,113173,129570,242457,423839,129284,205,53230,54878,118385,189367,65114,4744,adios,0,adios,0,adios,0,45.3,46.5,42.6,36.0,47.8,39.4,13,3664000,-535800,35.0,,,17.72,86492,,1,2000
1790482267,2026-09-27T04:11:07Z,273756,1790208587,6.1.187-android14-11-SAGA,49646d1b0cd1,cc_governor,cc_governor,118856,140625,258556,454556,139685,219,54288,59531,123249,199357,68961,5129,adios,0,adios,0,adios,0,44.7,44.6,,36.0,48.2,39.5,12,3660000,-385100,36.0,,,18.36,84416,,1,2000
1790482302,2026-09-27T04:11:42Z,273791,1790208587,6.1.187-android14-11-SAGA,49646d1b0cd1,cc_governor,cc_governor,123707,154458,270668,483899,146957,234,54890,65230,126374,208586,71458,5519,adios,0,adios,0,adios,0,45.5,45.5,,36.0,48.5,39.6,12,3669000,-476000,36.0,,,18.07,91484,,1,2000
1790482338,2026-09-27T04:12:18Z,273826,1790208587,6.1.187-android14-11-SAGA,49646d1b0cd1,cc_governor,cc_governor,129270,165699,286649,514512,157379,241,55268,69464,130669,217435,75401,5937,adios,0,adios,0,adios,0,44.6,44.6,,36.0,49.4,39.6,12,3662000,-374700,36.0,,,18.35,82816,,1,2000
1790482373,2026-09-27T04:12:53Z,273861,1790208587,6.1.187-android14-11-SAGA,49646d1b0cd1,cc_governor,cc_governor,134080,181197,297093,543600,163012,248,55643,75530,132836,225992,77193,6352,adios,0,adios,0,adios,0,46.0,45.8,,36.0,48.9,39.7,12,3671000,-294100,36.0,,,18.65,119016,,1,2000
1790482408,2026-09-27T04:13:28Z,273896,1790208587,6.1.187-android14-11-SAGA,49646d1b0cd1,cc_governor,cc_governor,139872,191718,313834,574502,173956,265,56479,79858,138065,236045,81586,6760,adios,0,adios,0,adios,0,45.1,46.6,,36.0,56.7,40.7,12,3626000,-1287800,36.0,,,18.63,120644,,1,2000
1790482444,2026-09-27T04:14:04Z,273932,1790208587,6.1.187-android14-11-SAGA,49646d1b0cd1,cc_governor,cc_governor,148049,201518,333145,607288,185110,306,60140,84023,146407,249742,86273,7179,adios,0,adios,0,adios,0,46.2,46.0,,36.0,48.0,40.3,12,3658000,-387500,36.0,,,18.51,135204,,1,2000
1790482479,2026-09-27T04:14:39Z,273967,1790208587,6.1.187-android14-11-SAGA,49646d1b0cd1,cc_governor,cc_governor,153241,212990,348228,636941,195001,309,60515,88679,150279,258726,89772,7585,adios,0,adios,0,adios,0,45.1,45.4,,36.0,48.4,40.2,12,3645000,-631100,36.0,,,18.65,143556,,1,2000
1790482514,2026-09-27T04:15:14Z,274002,1790208587,6.1.187-android14-11-SAGA,49646d1b0cd1,cc_governor,cc_governor,158582,225455,362462,666944,203908,324,61191,94086,153994,268319,92809,7982,adios,0,adios,0,adios,0,45.7,47.3,,36.0,49.7,40.3,12,3674000,-585900,37.0,,,18.13,118484,,1,2000
1790482549,2026-09-27T04:15:49Z,274037,1790208587,6.1.187-android14-11-SAGA,49646d1b0cd1,cc_governor,cc_governor,163826,239284,375007,696542,211180,338,61595,99622,157050,277244,95455,8380,adios,0,adios,0,adios,0,45.2,45.4,,37.0,48.8,40.2,12,3660000,-832500,37.0,,,18.50,111888,,1,2000
1790482584,2026-09-27T04:16:24Z,274072,1790208587,6.1.187-android14-11-SAGA,49646d1b0cd1,cc_governor,cc_governor,168870,252693,388016,726240,219160,347,62161,105117,160396,286481,98244,8756,adios,0,adios,0,adios,0,46.1,46.0,43.6,36.0,49.0,40.3,12,3667000,-322800,37.0,,,18.66,120076,,1,2000
1790482619,2026-09-27T04:16:59Z,274107,1790208587,6.1.187-android14-11-SAGA,49646d1b0cd1,cc_governor,cc_governor,174277,265379,402011,756123,227726,352,62456,109958,163742,295032,101286,9143,adios,0,adios,0,adios,0,45.6,45.7,,37.0,50.9,40.4,12,3673000,-537100,37.0,,,18.52,84792,,1,2000
1790482654,2026-09-27T04:17:34Z,274143,1790208587,6.1.187-android14-11-SAGA,49646d1b0cd1,cc_governor,cc_governor,179209,282005,411796,785983,232586,365,63339,116792,166398,304949,103067,9542,adios,0,adios,0,adios,0,45.7,45.7,,37.0,48.3,40.5,11,3640000,-897800,37.0,,,18.45,112036,,1,2000
1790482689,2026-09-27T04:18:09Z,274178,1790208587,6.1.187-android14-11-SAGA,49646d1b0cd1,cc_governor,cc_governor,184413,293126,426927,815621,242514,377,64154,121236,171065,314530,106911,9940,adios,0,adios,0,adios,0,45.9,45.7,,37.0,49.4,40.6,11,3642000,-417400,37.0,,,18.51,126028,,1,2000
1790482724,2026-09-27T04:18:44Z,274213,1790208587,6.1.187-android14-11-SAGA,49646d1b0cd1,cc_governor,cc_governor,189771,306857,439690,845211,249908,385,64446,126756,173730,323097,109269,10342,adios,0,adios,0,adios,0,46.4,46.3,,37.0,48.9,40.6,11,3655000,-330200,37.0,,,18.47,87860,,1,2000
1790482759,2026-09-27T04:19:19Z,274248,1790208587,6.1.187-android14-11-SAGA,49646d1b0cd1,cc_governor,cc_governor,194699,320038,452726,874440,258022,392,64730,131562,176952,331473,112222,10729,adios,0,adios,0,adios,0,46.4,47.6,,37.0,50.4,40.7,11,3667000,-428400,37.0,,,17.97,111928,,1,2000
1790482794,2026-09-27T04:19:54Z,274283,1790208587,6.1.187-android14-11-SAGA,49646d1b0cd1,cc_governor,cc_governor,199584,335661,463080,903612,263514,400,65411,137691,179601,340641,114196,11108,adios,0,adios,0,adios,0,47.4,47.1,,37.0,50.5,40.9,11,3671000,-366200,37.0,,,18.18,110808,,1,2000
1790482829,2026-09-27T04:20:29Z,274318,1790208587,6.1.187-android14-11-SAGA,49646d1b0cd1,cc_governor,cc_governor,205360,345653,480069,933865,274709,420,66256,141339,185105,350342,118849,11493,adios,0,adios,0,adios,0,46.2,47.1,,37.0,50.8,40.9,11,3649000,-590800,37.0,,,18.10,128832,,1,2000
1790482864,2026-09-27T04:21:04Z,274353,1790208587,6.1.187-android14-11-SAGA,49646d1b0cd1,cc_governor,cc_governor,211324,357030,495815,964641,284522,428,68163,146328,190527,361609,122371,11893,adios,0,adios,0,adios,0,48.1,48.3,,37.0,50.6,41.2,11,3665000,-555400,37.0,,,18.16,109612,,1,2000
1790482899,2026-09-27T04:21:39Z,274388,1790208587,6.1.187-android14-11-SAGA,49646d1b0cd1,cc_governor,cc_governor,216604,369123,510241,994431,293632,441,68817,151054,194675,370918,125858,12283,adios,0,adios,0,adios,0,46.3,46.3,,37.0,50.3,41.2,11,3649000,-520600,37.0,,,18.07,111768,,1,2000
1790482934,2026-09-27T04:22:14Z,274423,1790208587,6.1.187-android14-11-SAGA,49646d1b0cd1,cc_governor,cc_governor,221462,381702,523539,1023590,302092,453,69217,156160,197897,379623,128689,12680,adios,0,adios,0,adios,0,46.6,48.9,,37.0,49.8,41.1,11,3637000,-466900,38.0,,,17.96,110692,,1,2000
1790482970,2026-09-27T04:22:50Z,274458,1790208587,6.1.187-android14-11-SAGA,49646d1b0cd1,cc_governor,cc_governor,226663,393684,538288,1053768,311639,463,69611,160769,202112,388837,132503,13079,adios,0,adios,0,adios,0,46.0,46.3,,38.0,50.8,41.0,11,3659000,-376500,38.0,,,17.67,111296,,1,2000
1790483005,2026-09-27T04:23:25Z,274493,1790208587,6.1.187-android14-11-SAGA,49646d1b0cd1,cc_governor,cc_governor,235809,401041,560890,1087913,325099,470,73477,164282,212178,403160,138705,13474,adios,0,adios,0,adios,0,47.1,46.8,,37.0,49.8,41.2,11,3663000,-532200,37.0,,,18.44,115728,,1,2000
1790483040,2026-09-27T04:24:00Z,274528,1790208587,6.1.187-android14-11-SAGA,49646d1b0cd1,cc_governor,cc_governor,248442,410583,583538,1123430,335088,486,79332,169114,223760,421398,144425,13856,adios,0,adios,0,adios,0,46.6,47.5,,37.0,51.1,41.0,11,3659000,-633500,37.0,,,18.45,122984,,1,2000
1790483075,2026-09-27T04:24:35Z,274563,1790208587,6.1.187-android14-11-SAGA,49646d1b0cd1,cc_governor,cc_governor,253633,424421,596156,1153203,342513,494,79815,174335,227046,430301,147231,14245,adios,0,adios,0,adios,0,46.4,46.1,,37.0,49.0,40.6,11,3659000,-393000,37.0,,,18.22,99632,,1,2000
1790483110,2026-09-27T04:25:10Z,274598,1790208587,6.1.187-android14-11-SAGA,49646d1b0cd1,cc_governor,cc_governor,259143,438555,608605,1183221,349462,506,80574,180040,229917,439323,149343,14633,adios,0,adios,0,adios,0,46.2,45.5,,37.0,49.8,40.4,10,3661000,-606600,37.0,,,18.37,88532,,1,2000
1790483145,2026-09-27T04:25:45Z,274633,1790208587,6.1.187-android14-11-SAGA,49646d1b0cd1,cc_governor,cc_governor,265231,450672,624230,1214606,359015,518,81513,185302,233678,448836,152174,15021,adios,0,adios,0,adios,0,45.8,45.7,43.4,37.0,49.4,40.2,10,3660000,-362500,37.0,,,18.31,83212,,1,2000
1790483180,2026-09-27T04:26:20Z,274668,1790208587,6.1.187-android14-11-SAGA,49646d1b0cd1,cc_governor,cc_governor,270420,463275,638003,1244271,367578,528,82212,190498,237405,458154,155192,15416,adios,0,adios,0,adios,0,46.1,46.6,,36.0,49.0,40.0,10,3665000,-537100,36.0,,,18.14,107076,,1,2000
1790483215,2026-09-27T04:26:55Z,274703,1790208587,6.1.187-android14-11-SAGA,49646d1b0cd1,cc_governor,cc_governor,275711,478754,649128,1274073,373439,539,82828,196372,239908,466936,157090,15796,adios,0,adios,0,adios,0,45.1,46.5,,36.0,49.2,39.8,10,3653000,-630400,36.0,,,17.88,73340,,1,2000
1790483250,2026-09-27T04:27:30Z,274738,1790208587,6.1.187-android14-11-SAGA,49646d1b0cd1,cc_governor,cc_governor,281343,491289,663750,1304438,382415,554,83162,200881,243512,475457,160361,16175,adios,0,adios,0,adios,0,44.8,44.8,,36.0,49.1,39.8,10,3652000,-488800,36.0,,,18.41,106608,,1,2000
1790483285,2026-09-27T04:28:05Z,274774,1790208587,6.1.187-android14-11-SAGA,49646d1b0cd1,cc_governor,cc_governor,286966,503454,679214,1335721,392264,567,84059,205933,248012,485598,163964,16567,adios,0,adios,0,adios,0,45.4,45.4,,36.0,47.8,39.8,10,3648000,-569400,36.0,,,18.55,94916,,1,2000
1790483320,2026-09-27T04:28:40Z,274809,1790208587,6.1.187-android14-11-SAGA,49646d1b0cd1,cc_governor,cc_governor,292402,517029,692199,1365580,399795,580,84549,211450,251034,494488,166485,16949,adios,0,adios,0,adios,0,45.0,44.7,,36.0,49.2,39.9,10,3652000,-707300,36.0,,,18.35,101320,,1,2000
1790483504,2026-09-27T04:31:44Z,274992,1790208587,6.1.187-android14-11-SAGA,49646d1b0cd1,cc_governor,cc_governor,21,0,276,313,275,1,69,0,189,201,128,17,adios,0,adios,0,adios,0,41.3,43.4,,35.0,44.3,37.6,10,3662000,-625600,35.0,,,18.30,108416,,1,2000
1790483543,2026-09-27T04:32:23Z,275031,1790208587,6.1.187-android14-11-SAGA,49646d1b0cd1,cc_governor,cc_governor,13830,3589,21198,29143,7365,37,6146,2025,10183,12866,4037,446,adios,0,adios,0,adios,0,44.5,45.9,,35.0,46.5,39.1,10,3650000,-435100,35.0,,,18.06,188940,,1,2000
1790483578,2026-09-27T04:32:58Z,275066,1790208587,6.1.187-android14-11-SAGA,49646d1b0cd1,cc_governor,cc_governor,44112,7323,61605,81870,17496,179,22384,3995,34833,41401,12453,891,adios,0,adios,0,adios,0,49.3,48.8,48.1,36.0,52.3,42.0,10,3746000,960600,36.0,,,21.10,86140,,1,2000
1790483614,2026-09-27T04:33:34Z,275102,1790208587,6.1.187-android14-11-SAGA,49646d1b0cd1,cc_governor,cc_governor,65829,11876,95162,127780,29333,217,31481,6418,51485,61610,20004,1667,adios,0,adios,0,adios,0,45.9,46.7,,36.0,45.6,39.9,10,3776000,1168200,36.0,,,19.27,286952,,1,2000
1790483751,2026-09-27T04:35:51Z,275239,1790208587,6.1.187-android14-11-SAGA,49646d1b0cd1,cc_governor,cc_governor,7,0,10,16,25,0,48,0,77,81,32,9,adios,0,adios,0,adios,0,42.2,42.4,,36.0,41.4,37.5,12,3800000,657900,36.0,,,17.85,234012,,1,2000
1790483901,2026-09-27T04:38:21Z,275390,1790208587,6.1.187-android14-11-SAGA,49646d1b0cd1,cc_governor,cc_governor,20,0,21,28,33,0,57,0,84,108,36,10,adios,0,adios,0,adios,0,40.6,41.0,,36.0,40.2,37.1,13,3841000,1118100,36.0,,,17.47,224600,,1,2000
1790484003,2026-09-27T04:40:03Z,275491,1790208587,6.1.187-android14-11-SAGA,49646d1b0cd1,cc_governor,cc_governor,17,564,1306,1950,1289,3,0,59,95,233,95,39,adios,0,adios,0,adios,0,41.0,41.2,,36.0,44.8,37.9,14,3847000,1456900,36.0,,,16.35,227376,,1,2000
1790484093,2026-09-27T04:41:33Z,275581,1790208587,6.1.187-android14-11-SAGA,49646d1b0cd1,cc_governor,cc_governor,0,0,72,80,85,1,27,0,86,91,63,14,adios,0,adios,0,adios,0,41.0,40.8,,36.0,42.4,37.3,15,3856000,1409300,36.0,,,15.42,195908,,1,2000
1790484299,2026-09-27T04:44:59Z,275787,1790208587,6.1.187-android14-11-SAGA,49646d1b0cd1,cc_governor,cc_governor,0,4,113,130,123,2,26,16,59,112,37,15,adios,0,adios,0,adios,0,41.1,40.8,,36.0,44.0,37.6,17,3874000,1389100,36.0,,,15.03,176256,,1,2000
1790484466,2026-09-27T04:47:46Z,275954,1790208587,6.1.187-android14-11-SAGA,49646d1b0cd1,cc_governor,cc_governor,1,0,112,132,119,0,20,0,80,87,64,17,adios,0,adios,0,adios,0,39.4,41.1,,36.0,41.1,36.7,19,3872000,1314600,35.0,,,14.98,149300,,1,2000
1790484609,2026-09-27T04:50:09Z,276098,1790208587,6.1.187-android14-11-SAGA,49646d1b0cd1,cc_governor,cc_governor,0,0,231,246,239,0,1,0,41,51,43,17,adios,0,adios,0,adios,0,40.9,39.4,,35.0,40.3,36.8,20,3900000,1491700,36.0,,,14.94,136708,,1,2000
1790484826,2026-09-27T04:53:46Z,276314,1790208587,6.1.187-android14-11-SAGA,49646d1b0cd1,cc_governor,cc_governor,14,0,659,716,663,1,97,0,186,211,94,24,adios,0,adios,0,adios,0,40.5,39.9,,35.0,41.5,36.8,22,3903000,1306100,35.0,,,15.07,141516,,1,2000
1790485063,2026-09-27T04:57:43Z,276552,1790208587,6.1.187-android14-11-SAGA,49646d1b0cd1,cc_governor,cc_governor,0,0,82,91,96,0,95,0,140,146,51,19,adios,0,adios,0,adios,0,40.0,40.6,,36.0,42.1,36.9,24,3921000,1524600,36.0,,,15.12,159200,,1,2000
1790485209,2026-09-27T05:00:09Z,276698,1790208587,6.1.187-android14-11-SAGA,49646d1b0cd1,cc_governor,cc_governor,876,1696,2138,4218,1262,8,1131,288,1613,3548,482,25,adios,0,adios,0,adios,0,45.0,45.3,,36.0,48.5,39.2,26,3904000,1206000,36.0,,,15.49,121288,,1,2000
1790485245,2026-09-27T05:00:45Z,276733,1790208587,6.1.187-android14-11-SAGA,49646d1b0cd1,cc_governor,cc_governor,2604,14059,6759,23791,4151,24,1191,1510,1828,6406,637,387,adios,0,adios,0,adios,0,47.1,45.8,,36.0,50.3,40.3,26,3903000,1057700,36.0,,,15.43,73336,,1,2000
1790485280,2026-09-27T05:01:20Z,276768,1790208587,6.1.187-android14-11-SAGA,49646d1b0cd1,cc_governor,cc_governor,3564,21209,10336,35523,6772,54,1193,2319,2296,8528,1103,721,adios,0,adios,0,adios,0,47.2,46.4,,36.0,50.2,40.0,26,3910000,1334200,36.0,,,15.47,822168,,1,2000
1790485315,2026-09-27T05:01:55Z,276804,1790208587,6.1.187-android14-11-SAGA,49646d1b0cd1,cc_governor,cc_governor,3809,23993,12449,40856,8640,84,1204,2964,2985,10224,1781,1047,adios,0,adios,0,adios,0,46.1,44.2,,36.0,48.2,39.6,26,3918000,1308500,36.0,,,15.63,750128,,1,2000
1790485351,2026-09-27T05:02:31Z,276839,1790208587,6.1.187-android14-11-SAGA,49646d1b0cd1,cc_governor,cc_governor,2,0,222,259,233,1,21,0,75,92,58,15,adios,0,adios,0,adios,0,42.8,43.0,,36.0,44.5,38.1,27,3909000,1284100,36.0,,,15.62,952732,,1,2000
1790485548,2026-09-27T05:05:48Z,277036,1790208587,6.1.187-android14-11-SAGA,49646d1b0cd1,cc_governor,cc_governor,1,0,142,153,149,0,69,0,126,143,59,16,adios,0,adios,0,adios,0,40.9,38.9,,36.0,40.2,37.3,29,3934000,1486200,36.0,,,15.33,523104,,1,2000
1790485764,2026-09-27T05:09:24Z,277252,1790208587,6.1.187-android14-11-SAGA,49646d1b0cd1,cc_governor,cc_governor,12,0,127,144,126,0,61,0,113,127,56,20,adios,0,adios,0,adios,0,41.0,39.2,,36.0,40.8,37.2,32,3928000,1491700,36.0,,,15.17,492840,,1,2000
1790485849,2026-09-27T05:10:49Z,277337,1790208587,6.1.187-android14-11-SAGA,49646d1b0cd1,cc_governor,cc_governor,3990,1747,8756,11395,4766,7,9083,1346,13108,19557,4025,65,adios,0,adios,0,adios,0,42.9,42.9,,36.0,46.3,39.6,32,3940000,1350700,36.0,,,18.18,123252,,1,2000
1790485891,2026-09-27T05:11:31Z,277379,1790208587,6.1.187-android14-11-SAGA,49646d1b0cd1,cc_governor,cc_governor,3,0,206,227,212,2,13,0,67,80,59,15,adios,0,adios,0,adios,0,42.0,43.3,,37.0,43.5,38.4,32,3940000,1439200,37.0,,,16.48,119940,,1,2000
1790485940,2026-09-27T05:12:20Z,277428,1790208587,6.1.187-android14-11-SAGA,49646d1b0cd1,cc_governor,cc_governor,5,1476,504,2168,506,5,127,87,201,404,77,46,adios,0,adios,0,adios,0,41.4,42.5,,37.0,45.6,38.7,33,3949000,1551500,37.0,,,15.79,131476,,1,2000
1790486018,2026-09-27T05:13:38Z,277506,1790208587,6.1.187-android14-11-SAGA,49646d1b0cd1,cc_governor,cc_governor,1,0,186,193,192,0,48,0,100,112,56,18,adios,0,adios,0,adios,0,41.5,44.5,,37.0,45.3,38.4,34,3937000,1426300,37.0,,,15.42,123600,,1,2000
1790486158,2026-09-27T05:15:58Z,277647,1790208587,6.1.187-android14-11-SAGA,49646d1b0cd1,cc_governor,cc_governor,0,0,54,79,68,0,25,0,79,28,16,1,adios,0,adios,0,adios,0,42.1,43.5,,36.0,43.8,37.9,35,3951000,1456900,37.0,,,15.01,131180,,1,2000
1790486374,2026-09-27T05:19:34Z,277862,1790208587,6.1.187-android14-11-SAGA,49646d1b0cd1,cc_governor,cc_governor,0,0,73,88,80,0,93,0,105,111,20,3,adios,0,adios,0,adios,0,41.0,42.4,,37.0,43.0,37.6,38,3939000,1306100,37.0,,,22.86,117776,,1,2000
1790486583,2026-09-27T05:23:03Z,278071,1790208587,6.1.187-android14-11-SAGA,49646d1b0cd1,cc_governor,cc_governor,0,0,41,75,50,2,15,0,76,83,67,14,adios,0,adios,0,adios,0,41.8,41.4,,37.0,45.7,38.4,40,3974000,1480100,36.0,,,19.46,112884,,1,2000
1790486649,2026-09-27T05:24:09Z,278137,1790208587,6.1.187-android14-11-SAGA,49646d1b0cd1,cc_governor,cc_governor,21,0,390,438,378,2,303,0,403,418,105,18,adios,0,adios,0,adios,0,41.0,39.8,,36.0,43.5,37.6,41,3978000,1450800,37.0,,,17.39,123688,,1,2000
1790486784,2026-09-27T05:26:24Z,278272,1790208587,6.1.187-android14-11-SAGA,49646d1b0cd1,cc_governor,cc_governor,5,67,299,433,306,3,128,19,188,250,64,24,adios,0,adios,0,adios,0,40.9,41.8,,37.0,45.7,38.3,42,3984000,1427600,37.0,,,16.13,94768,,1,2000
1790486874,2026-09-27T05:27:54Z,278362,1790208587,6.1.187-android14-11-SAGA,49646d1b0cd1,cc_governor,cc_governor,3740,1885,7966,11233,4208,4,5702,985,8072,11721,2370,31,adios,0,adios,0,adios,0,50.4,52.5,,37.0,55.8,40.8,43,3954000,1225500,36.0,,,16.58,125360,,1,2000
1790486954,2026-09-27T05:29:14Z,278442,1790208587,6.1.187-android14-11-SAGA,49646d1b0cd1,cc_governor,cc_governor,1,0,99,116,106,0,55,0,105,69,20,1,adios,0,adios,0,adios,0,42.4,42.6,,37.0,43.9,38.1,44,3991000,1390300,37.0,,,16.01,121416,,1,2000
1790487138,2026-09-27T05:32:18Z,278626,1790208587,6.1.187-android14-11-SAGA,49646d1b0cd1,cc_governor,cc_governor,21,0,200,279,194,0,125,0,99,111,24,1,adios,0,adios,0,adios,0,43.4,41.4,,37.0,48.3,38.5,46,3995000,1287800,37.0,,,16.74,122004,,1,2000
1790487351,2026-09-27T05:35:51Z,278839,1790208587,6.1.187-android14-11-SAGA,49646d1b0cd1,cc_governor,cc_governor,13,0,249,336,251,1,21,0,116,127,99,18,adios,0,adios,0,adios,1,42.4,42.7,,37.0,45.1,38.8,48,4003000,1218800,37.0,,,16.04,99976,,1,2000
1790487460,2026-09-27T05:37:40Z,278949,1790208587,6.1.187-android14-11-SAGA,49646d1b0cd1,cc_governor,cc_governor,15,0,487,657,484,0,17,0,75,89,63,18,adios,0,adios,0,adios,0,42.5,42.1,,37.0,43.5,38.0,49,4028000,1349400,37.0,,,21.04,117260,,1,2000
1790487683,2026-09-27T05:41:23Z,279171,1790208587,6.1.187-android14-11-SAGA,49646d1b0cd1,cc_governor,cc_governor,4,0,80,140,84,1,74,0,92,97,22,4,adios,0,adios,0,adios,0,41.9,42.5,,37.0,43.6,38.4,51,4039000,1304900,37.0,,,18.69,122272,,1,2000
1790487842,2026-09-27T05:44:02Z,279330,1790208587,6.1.187-android14-11-SAGA,49646d1b0cd1,cc_governor,cc_governor,43,905,667,2451,624,2,64,85,162,346,98,37,adios,0,adios,0,adios,0,42.1,42.4,,37.0,45.7,39.0,53,4046000,1273800,37.0,,,16.92,79968,,1,2000
1790487878,2026-09-27T05:44:38Z,279366,1790208587,6.1.187-android14-11-SAGA,49646d1b0cd1,cc_governor,cc_governor,79,5053,1359,11480,1280,12,66,1262,205,1947,139,444,adios,0,adios,0,adios,0,43.5,42.6,,37.0,46.2,39.4,53,4042000,1253600,37.0,,,15.88,95904,,1,2000
1790487913,2026-09-27T05:45:13Z,279401,1790208587,6.1.187-android14-11-SAGA,49646d1b0cd1,cc_governor,cc_governor,84,8818,1575,19430,1491,28,66,2439,225,3599,159,827,adios,0,adios,0,adios,3,42.8,43.2,,37.0,46.4,39.6,53,4033000,1446500,37.0,,,15.34,102708,,1,2000
1790487948,2026-09-27T05:45:48Z,279437,1790208587,6.1.187-android14-11-SAGA,49646d1b0cd1,cc_governor,cc_governor,87,12699,1968,28191,1881,46,77,3624,274,5719,197,1207,adios,0,adios,0,adios,0,44.6,47.1,,37.0,46.2,40.1,54,4034000,1087600,37.0,,,15.14,101628,,1,2000
1790488051,2026-09-27T05:47:31Z,279539,1790208587,6.1.187-android14-11-SAGA,49646d1b0cd1,cc_governor,cc_governor,2,0,177,216,186,0,16,0,81,92,69,20,adios,0,adios,0,adios,0,41.9,41.9,,37.0,43.9,38.7,55,4058000,1411100,37.0,,,15.13,105484,,1,2000
1790488241,2026-09-27T05:50:41Z,279730,1790208587,6.1.187-android14-11-SAGA,49646d1b0cd1,cc_governor,cc_governor,2,0,240,255,250,0,11,0,65,76,58,17,adios,0,adios,0,adios,0,42.1,42.6,,37.0,42.4,37.8,57,4076000,1331700,37.0,,,14.90,122604,,1,2000
1790488511,2026-09-27T05:55:11Z,279999,1790208587,6.1.187-android14-11-SAGA,49646d1b0cd1,cc_governor,cc_governor,9,0,62,71,61,0,65,0,108,110,61,17,adios,0,adios,0,adios,0,41.4,40.5,,37.0,45.1,37.9,60,4106000,1412300,37.0,,,15.12,125264,,1,2000
1790488754,2026-09-27T05:59:14Z,280243,1790208587,6.1.187-android14-11-SAGA,49646d1b0cd1,cc_governor,cc_governor,32,0,484,516,460,0,206,0,335,357,134,0,adios,0,adios,0,adios,0,41.3,41.8,,37.0,44.7,38.6,62,4117000,1411100,37.0,,,15.21,120340,,1,2000
1790488806,2026-09-27T06:00:06Z,280294,1790208587,6.1.187-android14-11-SAGA,49646d1b0cd1,cc_governor,cc_governor,262,138,1083,1306,821,6,279,54,410,600,131,26,adios,0,adios,0,adios,0,41.4,41.5,,37.0,45.1,38.6,62,4115000,1257300,37.0,,,15.05,110276,,1,2000
1790488877,2026-09-27T06:01:17Z,280365,1790208587,6.1.187-android14-11-SAGA,49646d1b0cd1,cc_governor,cc_governor,21,0,392,411,382,1,56,0,120,129,67,15,adios,0,adios,0,adios,0,41.3,40.9,,37.0,45.9,37.8,63,4113000,959400,37.0,,,14.82,73324,,1,2000
1790488985,2026-09-27T06:03:05Z,280473,1790208587,6.1.187-android14-11-SAGA,49646d1b0cd1,cc_governor,cc_governor,23,601,431,1197,408,3,128,124,187,432,59,42,adios,0,adios,0,adios,0,41.2,42.2,,37.0,42.6,37.8,64,4134000,1482500,37.0,,,14.74,126872,,1,2000
1790489249,2026-09-27T06:07:29Z,280738,1790208587,6.1.187-android14-11-SAGA,49646d1b0cd1,cc_governor,cc_governor,7,12,489,560,494,1,195,21,280,326,90,25,adios,0,adios,0,adios,0,39.3,41.3,,37.0,44.4,37.5,66,4165000,1385400,37.0,,,14.98,122788,,1,2000
1790489464,2026-09-27T06:11:04Z,280952,1790208587,6.1.187-android14-11-SAGA,49646d1b0cd1,cc_governor,cc_governor,0,0,270,308,284,1,13,0,70,79,62,21,adios,0,adios,0,adios,0,40.8,40.1,,36.0,44.2,37.9,68,4169000,1209100,36.0,,,14.77,108176,,1,2000
1790489646,2026-09-27T06:14:06Z,281135,1790208587,6.1.187-android14-11-SAGA,49646d1b0cd1,cc_governor,cc_governor,12,0,151,192,151,0,156,0,236,237,83,15,adios,0,adios,0,adios,0,39.5,39.9,,36.0,44.0,37.2,70,4199000,1312200,36.0,,,14.65,130896,,1,2000
1790489932,2026-09-27T06:18:52Z,281420,1790208587,6.1.187-android14-11-SAGA,49646d1b0cd1,cc_governor,cc_governor,12,0,338,373,338,2,281,0,402,409,126,22,adios,0,adios,0,adios,0,41.5,39.2,,36.0,43.3,37.5,73,4220000,1339100,36.0,,,14.68,137156,,1,2000
1790490169,2026-09-27T06:22:49Z,281658,1790208587,6.1.187-android14-11-SAGA,49646d1b0cd1,cc_governor,cc_governor,7,0,13,22,24,0,42,0,73,77,37,8,adios,0,adios,0,adios,0,39.9,41.1,,36.0,39.8,37.0,75,4250000,1237100,36.0,,,14.61,130228,,1,2000
1790490374,2026-09-27T06:26:14Z,281862,1790208587,6.1.187-android14-11-SAGA,49646d1b0cd1,cc_governor,cc_governor,6,117,689,894,683,2,33,30,127,208,94,27,adios,0,adios,0,adios,0,40.5,42.5,,36.0,44.0,37.8,77,4265000,1390300,36.0,,,14.50,134824,,1,2000
1790490542,2026-09-27T06:29:02Z,282030,1790208587,6.1.187-android14-11-SAGA,49646d1b0cd1,cc_governor,cc_governor,4,0,68,87,75,1,124,0,72,77,18,4,adios,0,adios,0,adios,0,40.6,38.5,,36.0,42.5,36.9,78,4265000,890500,36.0,,,14.67,141216,,1,2000
1790490788,2026-09-27T06:33:08Z,282276,1790208587,6.1.187-android14-11-SAGA,49646d1b0cd1,cc_governor,cc_governor,0,0,72,94,82,0,2,0,47,49,48,15,adios,0,adios,0,adios,0,40.4,42.6,,36.0,42.5,36.9,80,4311000,1327500,36.0,,,37.91,108892,,1,2000
1790491001,2026-09-27T06:36:41Z,282489,1790208587,6.1.187-android14-11-SAGA,49646d1b0cd1,cc_governor,cc_governor,0,0,26,53,43,0,4,0,41,45,42,13,adios,0,adios,0,adios,0,40.1,40.6,,36.0,42.0,36.9,82,4314000,1110200,36.0,,,27.63,115224,,1,2000
1790491258,2026-09-27T06:40:58Z,282746,1790208587,6.1.187-android14-11-SAGA,49646d1b0cd1,cc_governor,cc_governor,11,0,201,230,206,1,44,0,137,142,98,16,adios,0,adios,0,adios,0,39.3,40.8,,36.0,40.3,36.5,84,4350000,1282900,35.0,,,22.09,125848,,1,2000
1790491474,2026-09-27T06:44:34Z,282963,1790208587,6.1.187-android14-11-SAGA,49646d1b0cd1,cc_governor,cc_governor,16,0,135,157,127,0,183,0,259,315,16,1,adios,0,adios,0,adios,0,38.9,39.8,,35.0,42.7,37.1,86,4366000,1250000,35.0,,,18.76,130192,,1,2000
1790491636,2026-09-27T06:47:16Z,283125,1790208587,6.1.187-android14-11-SAGA,49646d1b0cd1,cc_governor,cc_governor,8,0,125,148,133,1,241,0,317,320,80,16,adios,0,adios,0,adios,0,38.1,38.5,,35.0,42.0,36.4,88,4383000,1182200,35.0,,,22.16,110520,,1,2000
1790491918,2026-09-27T06:51:58Z,283406,1790208587,6.1.187-android14-11-SAGA,49646d1b0cd1,cc_governor,cc_governor,5,0,126,144,132,0,12,0,62,64,55,15,adios,0,adios,0,adios,0,38.0,38.8,,35.0,42.9,36.3,90,4414000,1225500,35.0,,,18.98,109648,,1,2000
1790492157,2026-09-27T06:55:57Z,283646,1790208587,6.1.187-android14-11-SAGA,49646d1b0cd1,cc_governor,cc_governor,3,0,191,244,199,2,10,0,79,92,74,18,adios,0,adios,0,adios,0,40.1,43.3,,35.0,41.8,36.1,92,4417000,777500,35.0,,,17.17,127768,,1,2000
1790492385,2026-09-27T06:59:45Z,283873,1790208587,6.1.187-android14-11-SAGA,49646d1b0cd1,cc_governor,cc_governor,16,0,116,130,112,0,80,0,133,139,56,17,adios,0,adios,0,adios,0,39.7,40.5,,35.0,50.6,36.3,94,4445000,1124200,35.0,,,16.25,111500,,1,2000
1790492576,2026-09-27T07:02:56Z,284064,1790208587,6.1.187-android14-11-SAGA,49646d1b0cd1,cc_governor,cc_governor,5,0,77,109,84,0,84,0,126,132,46,17,adios,0,adios,0,adios,0,39.3,40.2,,35.0,41.0,36.0,95,4462000,1106500,35.0,,,15.50,116124,,1,2000
1790492782,2026-09-27T07:06:22Z,284270,1790208587,6.1.187-android14-11-SAGA,49646d1b0cd1,cc_governor,cc_governor,11,0,53,71,55,0,74,0,118,120,48,15,adios,0,adios,0,adios,0,37.4,39.6,,35.0,38.8,35.6,97,4460000,945400,35.0,,,15.13,125364,,1,2000
1790493076,2026-09-27T07:11:16Z,284564,1790208587,6.1.187-android14-11-SAGA,49646d1b0cd1,cc_governor,cc_governor,0,0,71,82,84,0,0,0,37,44,41,17,adios,0,adios,0,adios,0,38.7,38.9,,34.0,42.4,36.1,98,4459000,800700,34.0,,,15.18,130144,,1,2000
1790493254,2026-09-27T07:14:14Z,284742,1790208587,6.1.187-android14-11-SAGA,49646d1b0cd1,cc_governor,cc_governor,22,243,806,1156,784,1,98,47,205,306,107,43,adios,0,adios,0,adios,0,38.7,38.9,,34.0,42.0,36.0,100,4460000,714100,34.0,,,14.94,130980,,1,2000
1790493463,2026-09-27T07:17:43Z,284952,1790208587,6.1.187-android14-11-SAGA,49646d1b0cd1,cc_governor,cc_governor,3,0,29,34,27,0,36,0,66,70,34,6,adios,0,adios,0,adios,0,38.3,38.7,,34.0,41.8,35.7,100,4460000,624300,34.0,,,14.82,119412,,1,2000
1790493667,2026-09-27T07:21:07Z,285155,1790208587,6.1.187-android14-11-SAGA,49646d1b0cd1,cc_governor,cc_governor,0,0,24,37,42,0,30,0,65,72,38,10,adios,0,adios,0,adios,0,40.2,39.8,,34.0,42.4,35.8,100,4460000,565700,34.0,,,14.76,103596,,1,2000
1790493829,2026-09-27T07:23:49Z,285318,1790208587,6.1.187-android14-11-SAGA,49646d1b0cd1,cc_governor,cc_governor,1,0,100,143,115,0,203,0,257,261,59,14,adios,0,adios,0,adios,0,37.3,38.5,,34.0,41.3,34.8,100,4460000,494900,34.0,,,14.67,116040,,1,2000
1790494176,2026-09-27T07:29:36Z,285665,1790208587,6.1.187-android14-11-SAGA,49646d1b0cd1,cc_governor,cc_governor,0,0,99,149,112,0,167,0,234,240,72,19,adios,0,adios,0,adios,0,37.6,36.8,,33.0,40.3,34.9,100,4460000,403400,33.0,,,15.13,101048,,1,2000
1790494499,2026-09-27T07:34:59Z,285987,1790208587,6.1.187-android14-11-SAGA,49646d1b0cd1,cc_governor,cc_governor,2,0,80,108,87,0,212,0,276,278,68,18,adios,0,adios,0,adios,0,36.5,38.6,,33.0,41.2,34.3,100,4461000,354600,33.0,,,15.02,125732,,1,2000
1790494738,2026-09-27T07:38:58Z,286226,1790208587,6.1.187-android14-11-SAGA,49646d1b0cd1,cc_governor,cc_governor,4,0,228,267,234,1,119,0,193,208,78,17,adios,0,adios,0,adios,0,37.7,37.9,,33.0,39.5,34.5,100,4462000,330200,33.0,,,14.99,136412,,1,2000
1790495083,2026-09-27T07:44:43Z,286571,1790208587,6.1.187-android14-11-SAGA,49646d1b0cd1,cc_governor,cc_governor,16,0,165,180,158,1,73,0,128,135,60,17,adios,0,adios,0,adios,0,37.4,36.0,,33.0,41.1,34.8,100,4461000,285600,33.0,,,15.12,133896,,1,2000
1790495330,2026-09-27T07:48:50Z,286819,1790208587,6.1.187-android14-11-SAGA,49646d1b0cd1,cc_governor,cc_governor,0,0,24,41,47,0,78,0,117,125,44,12,adios,0,adios,0,adios,0,37.3,36.9,,33.0,37.4,34.2,100,4459000,254500,33.0,,,14.96,127860,,1,2000
1790495531,2026-09-27T07:52:11Z,287019,1790208587,6.1.187-android14-11-SAGA,49646d1b0cd1,cc_governor,cc_governor,16,0,139,148,134,0,54,0,100,104,49,14,adios,0,adios,0,adios,0,37.6,39.5,,33.0,39.7,34.3,100,4440000,600,33.0,,,15.05,128536,,1,2000
1790495802,2026-09-27T07:56:42Z,287291,1790208587,6.1.187-android14-11-SAGA,49646d1b0cd1,cc_governor,cc_governor,21,0,119,169,110,0,134,0,200,205,70,19,adios,0,adios,0,adios,0,36.4,35.2,,33.0,37.7,33.8,100,4437000,3000,33.0,,,15.18,127396,,1,2000
1790496048,2026-09-27T08:00:48Z,287536,1790208587,6.1.187-android14-11-SAGA,49646d1b0cd1,cc_governor,cc_governor,24,0,81,98,65,0,96,0,141,188,15,0,adios,0,adios,0,adios,0,37.2,38.9,,33.0,38.5,33.8,100,4435000,600,33.0,,,15.04,105148,,1,2000
1790496328,2026-09-27T08:05:28Z,287817,1790208587,6.1.187-android14-11-SAGA,49646d1b0cd1,cc_governor,cc_governor,2,0,61,71,71,0,17,0,60,66,48,13,adios,0,adios,0,adios,0,36.8,38.1,,33.0,39.2,33.7,100,4433000,0,33.0,,,14.71,150884,,1,2000
1790496575,2026-09-27T08:09:35Z,288063,1790208587,6.1.187-android14-11-SAGA,49646d1b0cd1,cc_governor,cc_governor,4,0,201,221,206,1,19,0,72,83,58,18,adios,0,adios,0,adios,0,36.7,35.3,,33.0,38.9,33.8,100,4432000,1800,33.0,,,14.82,144344,,1,2000
1790496821,2026-09-27T08:13:41Z,288310,1790208587,6.1.187-android14-11-SAGA,49646d1b0cd1,cc_governor,cc_governor,5,0,105,116,114,0,6,0,56,92,55,16,adios,0,adios,0,adios,0,36.8,37.0,,33.0,39.7,33.9,100,4432000,-1800,33.0,,,14.75,111416,,1,2000
1790497156,2026-09-27T08:19:16Z,288644,1790208587,6.1.187-android14-11-SAGA,49646d1b0cd1,cc_governor,cc_governor,4,0,99,115,108,0,4,0,51,57,52,18,adios,0,adios,0,adios,0,37.0,38.1,,33.0,37.3,33.7,100,4431000,0,33.0,,,18.84,126920,,1,2000
1790497365,2026-09-27T08:22:45Z,288853,1790208587,6.1.187-android14-11-SAGA,49646d1b0cd1,cc_governor,cc_governor,3,0,142,155,153,0,51,0,112,126,65,16,adios,0,adios,0,adios,0,37.0,40.0,,33.0,39.9,34.2,100,4431000,3000,33.0,,,16.97,109588,,1,2000
1790497599,2026-09-27T08:26:39Z,289087,1790208587,6.1.187-android14-11-SAGA,49646d1b0cd1,cc_governor,cc_governor,0,0,119,138,134,0,30,0,85,92,59,22,adios,0,adios,0,adios,0,37.9,37.7,,33.0,40.3,34.5,100,4430000,600,33.0,,,17.90,105128,,1,2000
1790497833,2026-09-27T08:30:33Z,289322,1790208587,6.1.187-android14-11-SAGA,49646d1b0cd1,cc_governor,cc_governor,12,0,137,180,135,2,207,0,270,273,67,16,adios,0,adios,0,adios,0,36.3,37.4,,33.0,37.3,33.5,100,4429000,-600,33.0,,,31.14,119356,,1,2000
1790498092,2026-09-27T08:34:52Z,289580,1790208587,6.1.187-android14-11-SAGA,49646d1b0cd1,cc_governor,cc_governor,8,0,63,82,66,0,36,0,82,89,52,16,adios,0,adios,0,adios,0,38.2,37.5,,33.0,39.1,34.0,100,4430000,4200,32.0,,,24.73,136532,,1,2000
1790498322,2026-09-27T08:38:42Z,289811,1790208587,6.1.187-android14-11-SAGA,49646d1b0cd1,cc_governor,cc_governor,0,0,22,27,32,0,79,0,113,119,37,8,adios,0,adios,0,adios,0,37.0,37.6,,32.0,39.5,33.8,100,4429000,3000,32.0,,,20.12,111044,,1,2000
1790498537,2026-09-27T08:42:17Z,290026,1790208587,6.1.187-android14-11-SAGA,49646d1b0cd1,cc_governor,cc_governor,5,0,196,211,202,0,23,0,86,91,66,18,adios,0,adios,0,adios,0,36.8,37.9,,32.0,40.9,34.3,100,4429000,1800,32.0,,,17.84,132408,,1,2000
1790498667,2026-09-27T08:44:27Z,290155,1790208587,6.1.187-android14-11-SAGA,49646d1b0cd1,cc_governor,cc_governor,3,0,138,157,146,1,49,0,95,110,51,16,adios,0,adios,0,adios,0,37.2,37.9,,32.0,39.5,34.0,100,4429000,1800,32.0,,,16.44,114400,,1,2000
1790498936,2026-09-27T08:48:56Z,290425,1790208587,6.1.187-android14-11-SAGA,49646d1b0cd1,cc_governor,cc_governor,6,0,90,101,92,0,35,0,82,88,51,16,adios,0,adios,0,adios,0,36.5,37.1,,32.0,39.7,33.5,100,4429000,1800,32.0,,,15.85,124256,,1,2000
1790499185,2026-09-27T08:53:05Z,290674,1790208587,6.1.187-android14-11-SAGA,49646d1b0cd1,cc_governor,cc_governor,16,0,511,577,506,1,270,0,385,410,119,21,adios,0,adios,0,adios,0,35.9,37.1,,32.0,37.5,33.4,100,4428000,1800,32.0,,,15.65,157212,,1,2000
1790499494,2026-09-27T08:58:14Z,290982,1790208587,6.1.187-android14-11-SAGA,49646d1b0cd1,cc_governor,cc_governor,0,0,219,264,230,0,5,0,56,66,55,18,adios,0,adios,0,adios,0,35.3,36.7,,32.0,38.1,33.3,100,4428000,-600,32.0,,,15.40,154304,,1,2000
1790499641,2026-09-27T09:00:41Z,291129,1790208587,6.1.187-android14-11-SAGA,49646d1b0cd1,cc_governor,cc_governor,10,0,104,114,114,0,55,0,113,123,74,15,adios,0,adios,0,adios,0,40.6,39.4,,32.0,43.1,35.0,100,4428000,0,32.0,,,17.26,101132,,1,2000
1790499765,2026-09-27T09:02:45Z,291254,1790208587,6.1.187-android14-11-SAGA,49646d1b0cd1,cc_governor,cc_governor,21,0,53,81,47,0,39,0,78,83,44,13,adios,0,adios,0,adios,0,37.1,36.6,,32.0,40.2,33.8,100,4427000,600,32.0,,,16.63,130752,,1,2000
1790500003,2026-09-27T09:06:43Z,291491,1790208587,6.1.187-android14-11-SAGA,49646d1b0cd1,cc_governor,cc_governor,10,0,60,80,63,0,50,0,94,111,17,2,adios,0,adios,0,adios,0,36.0,35.9,,32.0,38.7,33.4,100,4428000,-600,32.0,,,15.71,122056,,1,2000
1790500321,2026-09-27T09:12:01Z,291809,1790208587,6.1.187-android14-11-SAGA,49646d1b0cd1,cc_governor,cc_governor,10,0,83,91,80,0,27,0,70,73,46,17,adios,0,adios,0,adios,0,36.6,37.0,,32.0,40.1,34.2,100,4427000,-600,32.0,,,15.26,125892,,1,2000
1790500500,2026-09-27T09:15:00Z,291989,1790208587,6.1.187-android14-11-SAGA,49646d1b0cd1,cc_governor,cc_governor,18,0,56,73,58,0,67,0,103,111,41,12,adios,0,adios,0,adios,0,34.9,36.1,,32.0,39.1,33.8,100,4427000,600,32.0,,,14.91,122120,,1,2000
1790500682,2026-09-27T09:18:02Z,292170,1790208587,6.1.187-android14-11-SAGA,49646d1b0cd1,cc_governor,cc_governor,15,5,136,166,127,0,71,16,110,129,45,18,adios,0,adios,0,adios,0,36.9,37.9,,32.0,37.8,33.5,100,4427000,-600,32.0,,,14.68,136852,,1,2000
1790500932,2026-09-27T09:22:12Z,292421,1790208587,6.1.187-android14-11-SAGA,49646d1b0cd1,cc_governor,cc_governor,11,0,198,226,205,0,24,0,48,52,28,4,adios,0,adios,0,adios,0,36.7,37.2,,32.0,37.9,33.3,100,4427000,1800,32.0,,,67.07,119072,,1,2000
1790501207,2026-09-27T09:26:47Z,292696,1790208587,6.1.187-android14-11-SAGA,49646d1b0cd1,cc_governor,cc_governor,10,0,118,136,118,1,188,0,246,256,62,15,adios,0,adios,0,adios,0,36.6,36.5,,32.0,36.1,33.3,100,4427000,600,32.0,,,44.50,114916,,1,2000
1790501410,2026-09-27T09:30:10Z,292898,1790208587,6.1.187-android14-11-SAGA,49646d1b0cd1,cc_governor,cc_governor,6429,547,10326,12690,3801,17,5456,449,8594,10084,3134,55,adios,0,adios,0,adios,3,50.4,47.0,,32.0,50.5,38.1,100,4420000,600,32.0,,,34.57,122780,,1,2000
1790501446,2026-09-27T09:30:46Z,292935,1790208587,6.1.187-android14-11-SAGA,49646d1b0cd1,cc_governor,cc_governor,45069,2316,64723,78487,19630,86,38756,1749,54721,64464,15975,581,adios,0,adios,0,adios,0,60.3,64.5,,33.0,61.2,43.6,100,4376000,-859300,33.0,,,29.97,83452,,1,2000
1790501485,2026-09-27T09:31:25Z,292973,1790208587,6.1.187-android14-11-SAGA,49646d1b0cd1,cc_governor,cc_governor,74041,3918,106032,125803,31888,335,67718,3280,93593,107928,25875,1170,adios,0,adios,0,adios,0,52.9,51.0,,34.0,55.7,41.4,100,4376000,-476000,34.0,,,24.11,155720,,1,2000
1790501521,2026-09-27T09:32:01Z,293009,1790208587,6.1.187-android14-11-SAGA,49646d1b0cd1,cc_governor,cc_governor,83538,9429,122741,154010,39218,361,72794,5952,102644,124292,29853,1557,adios,0,adios,0,adios,0,43.8,43.8,,34.0,46.6,39.0,100,4402000,-255100,34.0,,,20.55,116760,,1,2000
1790501556,2026-09-27T09:32:36Z,293045,1790208587,6.1.187-android14-11-SAGA,49646d1b0cd1,cc_governor,cc_governor,83626,11560,130129,165560,46514,400,72827,6250,103880,125972,31055,1942,adios,0,adios,0,adios,0,41.2,41.3,,34.0,44.4,37.7,100,4401000,-303300,34.0,,,18.01,151108,,1,2000
1790501591,2026-09-27T09:33:11Z,293080,1790208587,6.1.187-android14-11-SAGA,49646d1b0cd1,cc_governor,cc_governor,94055,13154,148410,189889,54316,464,78570,6461,113026,136217,34466,2408,adios,0,adios,0,adios,0,48.1,50.9,49.1,34.0,50.9,40.7,100,4390000,-403400,34.0,,,17.12,135136,,1,2000
1790501848,2026-09-27T09:37:28Z,293336,1790208587,6.1.187-android14-11-SAGA,49646d1b0cd1,cc_governor,cc_governor,8,0,86,113,89,0,24,0,74,76,53,15,adios,0,adios,0,adios,0,38.0,35.6,,33.0,36.9,33.6,100,4410000,-194700,33.0,,,16.11,121036,,1,2000
1790503948,2026-09-27T10:12:28Z,295436,1790208587,6.1.187-android14-11-SAGA,49646d1b0cd1,cc_governor,cc_governor,3,0,117,129,128,0,16,0,59,69,47,17,adios,0,adios,0,adios,0,35.3,36.1,,32.0,56.0,32.5,99,4348000,-711000,32.0,,,27.37,81208,,1,2000
1790505241,2026-09-27T10:34:01Z,296729,1790208587,6.1.187-android14-11-SAGA,49646d1b0cd1,cc_governor,cc_governor,8,0,206,349,206,0,173,6,242,275,69,20,adios,0,adios,0,adios,0,37.6,38.2,,32.0,52.7,34.1,99,4388000,-401600,32.0,,,57.17,90584,,1,2000
1790505528,2026-09-27T10:38:48Z,297017,1790208587,6.1.187-android14-11-SAGA,49646d1b0cd1,cc_governor,cc_governor,6,0,136,169,143,0,32,0,52,56,28,4,adios,0,adios,0,adios,0,36.1,35.6,,32.0,36.1,32.7,99,4402000,-272800,32.0,,,46.52,112592,,1,2000
1790506217,2026-09-27T10:50:17Z,297706,1790208587,6.1.187-android14-11-SAGA,49646d1b0cd1,cc_governor,cc_governor,19,0,144,13,13,0,31,0,56,61,28,3,adios,0,adios,0,adios,0,36.6,36.2,,32.0,38.7,33.0,99,4397000,-214800,32.0,,,33.22,270844,,1,2000
1790506781,2026-09-27T10:59:41Z,298270,1790208587,6.1.187-android14-11-SAGA,49646d1b0cd1,cc_governor,cc_governor,8468,803,16752,20100,8298,24,5581,445,10224,12248,4649,184,adios,0,adios,0,adios,0,42.1,40.8,,32.0,46.2,35.7,99,4378000,-618200,32.0,,,26.26,128112,,1,2000
1790506817,2026-09-27T11:00:17Z,298306,1790208587,6.1.187-android14-11-SAGA,49646d1b0cd1,cc_governor,cc_governor,18710,9508,30319,43429,11604,54,13069,4756,19089,26912,6020,546,adios,0,adios,0,adios,0,41.7,40.8,,32.0,44.8,35.8,99,4394000,-402800,32.0,,,22.06,100816,,1,2000
1790506949,2026-09-27T11:02:29Z,298437,1790208587,6.1.187-android14-11-SAGA,49646d1b0cd1,cc_governor,cc_governor,36,69,399,527,375,0,27,5,85,107,62,18,adios,0,adios,0,adios,0,36.8,47.7,,32.0,49.8,36.6,99,4385000,-419900,32.0,,,18.62,171412,,1,2000
1790507017,2026-09-27T11:03:37Z,298505,1790208587,6.1.187-android14-11-SAGA,49646d1b0cd1,cc_governor,cc_governor,7479,206,9715,12014,2208,30,4977,165,6874,8451,1862,279,adios,0,adios,0,adios,0,59.6,62.1,,33.0,65.6,41.1,99,4337000,-981400,33.0,,,19.99,110684,,1,2000
1790507054,2026-09-27T11:04:14Z,298542,1790208587,6.1.187-android14-11-SAGA,49646d1b0cd1,cc_governor,cc_governor,43444,2063,60292,72344,16866,122,32917,1600,46191,53606,13297,724,adios,0,adios,0,adios,0,46.9,46.8,44.1,33.0,48.6,39.7,99,4380000,-310000,34.0,,,19.36,102704,,1,2000
1790507089,2026-09-27T11:04:49Z,298578,1790208587,6.1.187-android14-11-SAGA,49646d1b0cd1,cc_governor,cc_governor,63285,6952,95517,115028,32250,162,37251,2563,55277,64401,18031,1160,adios,0,adios,0,adios,0,46.2,45.5,,34.0,46.7,38.8,99,4388000,-215400,34.0,,,17.59,153176,,1,2000
1790507125,2026-09-27T11:05:25Z,298614,1790208587,6.1.187-android14-11-SAGA,49646d1b0cd1,cc_governor,cc_governor,63775,12497,100103,125622,36328,203,37445,2938,56543,66217,19098,1526,adios,0,adios,0,adios,0,40.0,40.3,,34.0,43.3,36.8,99,4390000,-276400,34.0,,,16.23,115580,,1,2000
1790507276,2026-09-27T11:07:56Z,298764,1790208587,6.1.187-android14-11-SAGA,49646d1b0cd1,cc_governor,cc_governor,0,0,111,103,21,0,81,0,110,115,32,8,adios,0,adios,0,adios,0,37.0,36.4,,33.0,40.7,34.2,99,4395000,-341700,33.0,,,15.81,127604,,1,2000
1790507633,2026-09-27T11:13:53Z,299121,1790208587,6.1.187-android14-11-SAGA,49646d1b0cd1,cc_governor,cc_governor,2,0,46,65,63,0,22,0,63,104,45,10,adios,0,adios,0,adios,0,37.2,38.3,,32.0,40.9,34.3,98,4390000,-751900,32.0,,,68.65,359952,,1,2000
1790508023,2026-09-27T11:20:23Z,299512,1790208587,6.1.187-android14-11-SAGA,49646d1b0cd1,cc_governor,cc_governor,9708,112,13161,15437,3395,9,4208,86,7134,7762,2931,83,adios,0,adios,0,adios,0,45.9,43.7,41.7,32.0,46.2,36.5,98,4372000,-748200,32.0,,,45.29,91856,,1,2000
1790508059,2026-09-27T11:20:59Z,299548,1790208587,6.1.187-android14-11-SAGA,49646d1b0cd1,cc_governor,cc_governor,28617,2910,47480,58671,18863,45,10533,816,23063,25904,12530,501,adios,0,adios,0,adios,0,40.4,42.0,,33.0,48.0,36.9,98,4382000,-394200,33.0,,,32.13,124364,,1,2000
1790508095,2026-09-27T11:21:35Z,299583,1790208587,6.1.187-android14-11-SAGA,49646d1b0cd1,cc_governor,cc_governor,37748,8107,67461,88445,29710,68,18665,2485,36544,43293,17879,902,adios,0,adios,0,adios,0,42.4,45.4,,33.0,44.7,37.1,98,4376000,-296000,33.0,,,25.77,75180,,1,2000
1790508130,2026-09-27T11:22:10Z,299619,1790208587,6.1.187-android14-11-SAGA,49646d1b0cd1,cc_governor,cc_governor,41031,18322,75436,107979,34410,86,22569,5377,41976,52018,19393,1298,adios,0,adios,0,adios,0,43.3,42.1,,33.0,44.4,37.1,98,4374000,-402800,34.0,,,21.73,113696,,1,2000
1790508165,2026-09-27T11:22:45Z,299654,1790208587,6.1.187-android14-11-SAGA,49646d1b0cd1,cc_governor,cc_governor,52617,30074,92940,139119,40322,106,25503,9478,46631,60922,21128,1662,adios,0,adios,0,adios,0,40.1,44.2,39.9,34.0,44.4,36.9,98,4380000,-387500,34.0,,,19.29,92908,,1,2000
1790508201,2026-09-27T11:23:21Z,299689,1790208587,6.1.187-android14-11-SAGA,49646d1b0cd1,cc_governor,cc_governor,55808,42959,98249,158465,42440,119,28274,13605,49576,68133,21302,2034,adios,0,adios,0,adios,0,41.2,41.1,,34.0,44.5,37.0,98,4372000,-345400,34.0,,,17.66,124480,,1,2000
1790508282,2026-09-27T11:24:42Z,299770,1790208587,6.1.187-android14-11-SAGA,49646d1b0cd1,cc_governor,cc_governor,3249,46,4004,4801,739,5,2078,37,2842,3169,781,50,adios,0,adios,0,adios,0,45.5,50.7,,34.0,59.6,39.7,98,4369000,-591400,34.0,,,19.59,99136,,1,2000
1790508319,2026-09-27T11:25:19Z,299808,1790208587,6.1.187-android14-11-SAGA,49646d1b0cd1,cc_governor,cc_governor,29587,5715,44655,57354,15074,106,11068,3163,22224,27378,11163,558,adios,0,adios,0,adios,0,45.1,48.9,43.7,34.0,51.3,39.1,98,4359000,-286800,34.0,,,18.77,110168,,1,2000
1790508355,2026-09-27T11:25:55Z,299844,1790208587,6.1.187-android14-11-SAGA,49646d1b0cd1,cc_governor,cc_governor,46112,10524,77169,100524,31077,132,19541,5699,41347,50287,21812,994,adios,0,adios,0,adios,0,46.0,45.0,,35.0,48.3,39.1,98,4366000,-684800,35.0,,,18.50,100732,,1,2000
1790508391,2026-09-27T11:26:31Z,299879,1790208587,6.1.187-android14-11-SAGA,49646d1b0cd1,cc_governor,cc_governor,53132,21785,94841,132985,41683,156,20680,11267,47701,62946,27021,1378,adios,0,adios,0,adios,0,45.4,45.0,,35.0,48.7,39.2,98,4362000,-555400,35.0,,,18.45,89884,,1,2000
1790508426,2026-09-27T11:27:06Z,299914,1790208587,6.1.187-android14-11-SAGA,49646d1b0cd1,cc_governor,cc_governor,60968,34770,111001,165975,50022,177,21837,18063,53536,76145,31699,1758,adios,0,adios,0,adios,0,45.6,45.4,,35.0,53.5,40.3,98,4356000,-700000,35.0,,,19.74,117460,,1,2000
1790508461,2026-09-27T11:27:42Z,299950,1790208587,6.1.187-android14-11-SAGA,49646d1b0cd1,cc_governor,cc_governor,80095,38696,146868,211082,66756,200,27320,20189,66268,92388,38955,2170,adios,0,adios,0,adios,0,45.8,45.4,,35.0,50.1,39.8,98,4374000,-324000,35.0,,,19.86,83988,,1,2000
1790508497,2026-09-27T11:28:17Z,299985,1790208587,6.1.187-android14-11-SAGA,49646d1b0cd1,cc_governor,cc_governor,89987,49474,167103,244686,77132,207,27481,23219,68514,97840,41038,2570,adios,0,adios,0,adios,0,44.8,44.3,,35.0,48.0,39.1,97,4368000,-426000,35.0,,,19.14,109368,,1,2000
1790508532,2026-09-27T11:28:52Z,300020,1790208587,6.1.187-android14-11-SAGA,49646d1b0cd1,cc_governor,cc_governor,98615,62353,183909,277154,85307,214,27588,26481,70402,103200,42818,2981,adios,0,adios,0,adios,0,43.7,43.9,,35.0,47.5,39.0,97,4367000,-353300,35.0,,,18.26,84984,,1,2000
1790508567,2026-09-27T11:29:27Z,300055,1790208587,6.1.187-android14-11-SAGA,49646d1b0cd1,cc_governor,cc_governor,108650,73616,203760,311203,95104,217,28001,29084,73121,108699,45120,3360,adios,0,adios,0,adios,0,44.1,44.5,,35.0,46.7,39.0,97,4365000,-288000,35.0,,,18.64,100216,,1,2000
1790508602,2026-09-27T11:30:02Z,300090,1790208587,6.1.187-android14-11-SAGA,49646d1b0cd1,cc_governor,cc_governor,117098,87190,219412,343174,102314,224,28143,32746,74549,113918,46406,3749,adios,0,adios,0,adios,0,43.8,43.9,,35.0,47.0,39.0,97,4368000,-272800,35.0,,,17.88,99316,,1,2000
1790508637,2026-09-27T11:30:37Z,300125,1790208587,6.1.187-android14-11-SAGA,49646d1b0cd1,cc_governor,cc_governor,129268,98118,241361,379833,112008,236,30079,35639,81232,123861,51153,4133,adios,0,adios,0,adios,0,52.6,53.2,,35.0,52.4,40.9,97,4362000,-494900,35.0,,,17.36,233464,,1,2000
1790508673,2026-09-27T11:31:13Z,300162,1790208587,6.1.187-android14-11-SAGA,49646d1b0cd1,cc_governor,cc_governor,5302,4686,9651,15163,4349,19,5413,1540,7318,10273,1880,65,adios,0,adios,0,adios,0,45.5,46.8,,36.0,49.5,39.6,97,4376000,-219100,36.0,,,16.57,211524,,1,2000
1790508709,2026-09-27T11:31:49Z,300197,1790208587,6.1.187-android14-11-SAGA,49646d1b0cd1,cc_governor,cc_governor,10142,11833,16297,29674,6154,43,8061,4489,10824,17499,2767,388,adios,0,adios,0,adios,0,45.0,45.8,,36.0,44.0,37.7,97,4380000,-285600,36.0,,,16.92,122516,,1,2000
1790508877,2026-09-27T11:34:37Z,300366,1790208587,6.1.187-android14-11-SAGA,49646d1b0cd1,cc_governor,cc_governor,8,102,73,199,69,1,14,51,39,127,25,15,adios,0,adios,0,adios,0,39.4,40.3,,35.0,40.7,36.6,97,4379000,-207500,35.0,,,26.73,140936,,1,2000
1790509037,2026-09-27T11:37:17Z,300525,1790208587,6.1.187-android14-11-SAGA,49646d1b0cd1,cc_governor,cc_governor,54,0,819,849,777,3,0,0,93,98,98,21,adios,0,adios,0,adios,0,40.5,41.5,,34.0,43.1,36.8,97,4379000,-139700,34.0,,,21.82,125480,,1,2000
1790509128,2026-09-27T11:38:48Z,300616,1790208587,6.1.187-android14-11-SAGA,49646d1b0cd1,cc_governor,cc_governor,314,72,790,1010,477,0,841,52,1145,1370,310,23,adios,0,adios,0,adios,0,42.2,42.3,,34.0,48.3,38.2,97,4361000,-358200,34.0,,,54.13,116688,,1,2000
1790509286,2026-09-27T11:41:26Z,300774,1790208587,6.1.187-android14-11-SAGA,49646d1b0cd1,cc_governor,cc_governor,9,0,58,70,64,0,21,0,64,69,55,14,adios,0,adios,0,adios,0,38.1,37.7,,34.0,42.4,35.6,97,4380000,-205000,34.0,,,37.09,130828,,1,2000
1790509424,2026-09-27T11:43:44Z,300912,1790208587,6.1.187-android14-11-SAGA,49646d1b0cd1,cc_governor,cc_governor,16,227,1347,1730,1331,7,671,31,868,965,148,35,adios,0,adios,0,adios,0,38.6,40.0,,34.0,43.2,35.7,97,4377000,-257500,34.0,,,27.43,109276,,1,2000
1790509459,2026-09-27T11:44:19Z,300948,1790208587,6.1.187-android14-11-SAGA,49646d1b0cd1,cc_governor,cc_governor,21,2863,371,3331,350,11,15,101,76,233,61,43,adios,0,adios,0,adios,0,39.0,41.0,,34.0,44.0,36.2,97,4373000,-195900,34.0,,,22.11,117756,,1,2000
1790509636,2026-09-27T11:47:16Z,301124,1790208587,6.1.187-android14-11-SAGA,49646d1b0cd1,cc_governor,cc_governor,2,0,37,43,46,0,53,0,91,94,41,10,adios,0,adios,0,adios,0,39.4,39.7,,34.0,41.8,35.6,97,4379000,-241600,34.0,,,24.77,122348,,1,2000
1790509739,2026-09-27T11:48:59Z,301228,1790208587,6.1.187-android14-11-SAGA,49646d1b0cd1,cc_governor,cc_governor,20,0,169,179,159,0,70,0,140,145,74,17,adios,0,adios,0,adios,0,38.4,38.3,,33.0,41.1,35.5,97,4372000,-364900,33.0,,,26.14,117148,,1,2000
1790509893,2026-09-27T11:51:33Z,301382,1790208587,6.1.187-android14-11-SAGA,49646d1b0cd1,cc_governor,cc_governor,117,0,250,271,144,0,231,0,326,341,100,14,adios,0,adios,0,adios,0,44.6,40.6,,33.0,42.8,36.0,97,4369000,-381400,33.0,,,22.57,124244,,1,2000
1790510017,2026-09-27T11:53:37Z,301506,1790208587,6.1.187-android14-11-SAGA,49646d1b0cd1,cc_governor,cc_governor,6,0,19,27,25,0,26,0,57,61,36,8,adios,0,adios,0,adios,0,38.5,38.9,,33.0,40.0,34.6,97,4376000,-186700,33.0,,,93.53,124804,,1,2000
1790510113,2026-09-27T11:55:13Z,301601,1790208587,6.1.187-android14-11-SAGA,49646d1b0cd1,cc_governor,cc_governor,0,0,57,64,63,0,51,0,98,110,17,0,adios,0,adios,0,adios,0,39.0,38.4,,33.0,43.8,35.6,97,4364000,-339300,33.0,,,58.60,102284,,1,2000
1790510336,2026-09-27T11:58:56Z,301825,1790208587,6.1.187-android14-11-SAGA,49646d1b0cd1,cc_governor,cc_governor,15,0,77,86,77,0,46,0,90,92,50,16,adios,0,adios,0,adios,3,40.9,41.4,,33.0,44.8,36.0,96,4335000,-642000,33.0,,,53.84,112776,,1,2000
1790510377,2026-09-27T11:59:37Z,301866,1790208587,6.1.187-android14-11-SAGA,49646d1b0cd1,cc_governor,cc_governor,4,0,228,268,228,1,286,0,371,374,90,19,adios,0,adios,0,adios,0,39.6,40.5,,33.0,43.7,36.2,96,4370000,-209900,33.0,,,37.12,123432,,1,2000
1790510434,2026-09-27T12:00:34Z,301922,1790208587,6.1.187-android14-11-SAGA,49646d1b0cd1,cc_governor,cc_governor,3,0,161,188,165,0,47,0,66,101,25,4,adios,0,adios,0,adios,0,39.1,39.8,,34.0,44.8,36.3,96,4368000,-241600,34.0,,,27.42,132648,,1,2000
1790510592,2026-09-27T12:03:12Z,302080,1790208587,6.1.187-android14-11-SAGA,49646d1b0cd1,cc_governor,cc_governor,3,0,71,86,79,0,63,0,109,111,68,15,adios,0,adios,0,adios,0,37.7,39.1,,34.0,41.1,35.5,96,4370000,-679300,34.0,,,21.97,112048,,1,2000
1790510753,2026-09-27T12:05:53Z,302241,1790208587,6.1.187-android14-11-SAGA,49646d1b0cd1,cc_governor,cc_governor,0,0,48,57,65,0,58,0,56,58,25,5,adios,0,adios,0,adios,0,39.7,39.8,,34.0,43.6,35.1,96,4366000,-322200,34.0,,,20.08,120508,,1,2000
1790510836,2026-09-27T12:07:16Z,302324,1790208587,6.1.187-android14-11-SAGA,49646d1b0cd1,cc_governor,cc_governor,14,0,183,200,181,1,43,0,91,94,54,18,adios,0,adios,0,adios,0,39.1,40.6,,34.0,41.6,36.3,96,4359000,-428400,34.0,,,17.91,128296,,1,2000
1790510921,2026-09-27T12:08:41Z,302409,1790208587,6.1.187-android14-11-SAGA,49646d1b0cd1,cc_governor,cc_governor,13,0,435,488,435,1,20,0,105,117,90,22,adios,0,adios,0,adios,0,40.0,39.7,,34.0,44.0,36.4,96,4366000,-376500,34.0,,,19.78,150772,,1,2000
1790511049,2026-09-27T12:10:49Z,302537,1790208587,6.1.187-android14-11-SAGA,49646d1b0cd1,cc_governor,cc_governor,6,0,428,446,436,0,31,0,88,89,15,1,adios,0,adios,0,adios,0,39.7,37.0,,34.0,41.1,35.4,96,4368000,-249600,34.0,,,17.64,122760,,1,2000
1790512037,2026-09-27T12:27:17Z,303526,1790208587,6.1.187-android14-11-SAGA,49646d1b0cd1,cc_governor,cc_governor,32,0,67,76,43,0,54,0,88,96,39,7,adios,0,adios,0,adios,0,35.6,36.7,,33.0,39.9,33.5,96,4317000,-303300,33.0,,,17.26,93120,,1,2000
1790512496,2026-09-27T12:34:56Z,303984,1790208587,6.1.187-android14-11-SAGA,49646d1b0cd1,cc_governor,cc_governor,4509,3407,10684,15514,6193,30,4513,837,6436,8450,1927,151,adios,0,adios,0,adios,0,39.0,39.4,,33.0,42.4,35.6,96,4349000,-353300,33.0,,,16.72,124036,,1,2000
1790512830,2026-09-27T12:40:30Z,304318,1790208587,6.1.187-android14-11-SAGA,49646d1b0cd1,cc_governor,cc_governor,13,0,132,220,123,1,30,0,84,90,57,16,adios,0,adios,0,adios,0,39.4,38.2,,33.0,41.2,34.3,96,4365000,-260000,33.0,,,16.12,120940,,1,2000
1790513558,2026-09-27T12:52:38Z,305046,1790208587,6.1.187-android14-11-SAGA,49646d1b0cd1,cc_governor,cc_governor,4,0,105,117,115,0,42,0,114,118,77,16,adios,0,adios,0,adios,0,38.0,37.1,,33.0,41.4,33.8,96,4354000,-299600,33.0,,,15.99,115924,,1,2000
1790514125,2026-09-27T13:02:05Z,305614,1790208587,6.1.187-android14-11-SAGA,49646d1b0cd1,cc_governor,cc_governor,13037,737,19845,23576,6808,40,8497,359,12997,14954,4500,75,adios,0,adios,0,adios,0,45.0,45.2,,33.0,48.3,37.1,96,4350000,-257500,33.0,,,17.17,125260,,1,2000
1790514161,2026-09-27T13:02:41Z,305649,1790208587,6.1.187-android14-11-SAGA,49646d1b0cd1,cc_governor,cc_governor,22512,7209,34788,45995,12127,68,13471,3256,20345,26495,6874,452,adios,0,adios,0,adios,0,43.2,44.5,,33.0,50.7,37.1,95,4351000,-310000,33.0,,,17.03,154532,,1,2000
1790514301,2026-09-27T13:05:01Z,305789,1790208587,6.1.187-android14-11-SAGA,49646d1b0cd1,cc_governor,cc_governor,8,0,71,78,66,0,39,1,92,97,57,17,adios,0,adios,0,adios,0,38.2,36.6,,33.0,44.3,34.0,95,4362000,-239200,33.0,,,16.42,122836,,1,2000
1790515388,2026-09-27T13:23:08Z,306876,1790208587,6.1.187-android14-11-SAGA,49646d1b0cd1,cc_governor,cc_governor,9,0,169,178,170,0,45,0,102,103,23,3,adios,0,adios,0,adios,0,37.6,36.2,,32.0,39.9,33.7,95,4357000,-261200,32.0,,,16.30,124740,,1,2000
1790515860,2026-09-27T13:31:00Z,307348,1790208587,6.1.187-android14-11-SAGA,49646d1b0cd1,cc_governor,cc_governor,111,45,555,663,13,0,48,0,75,93,33,6,adios,0,adios,0,adios,0,41.1,46.1,,33.0,43.3,34.9,95,4349000,-292900,33.0,,,16.19,113224,,1,2000
1790515956,2026-09-27T13:32:36Z,307445,1790208587,6.1.187-android14-11-SAGA,49646d1b0cd1,cc_governor,cc_governor,14757,201,21418,24542,6656,67,12079,180,17486,20444,5409,95,adios,0,adios,0,adios,0,47.0,46.6,,33.0,48.6,38.9,95,4325000,-444300,33.0,,,20.72,99204,,1,2000
1790515992,2026-09-27T13:33:12Z,307480,1790208587,6.1.187-android14-11-SAGA,49646d1b0cd1,cc_governor,cc_governor,31240,7333,51934,63704,20695,99,13653,1954,23226,28300,9576,511,adios,0,adios,0,adios,0,42.0,43.2,,34.0,44.5,37.4,95,4347000,-405800,33.0,,,18.98,104388,,1,2000
1790516028,2026-09-27T13:33:48Z,307516,1790208587,6.1.187-android14-11-SAGA,49646d1b0cd1,cc_governor,cc_governor,44942,20395,74089,99726,29146,131,14496,4361,25599,33402,11109,935,adios,0,adios,0,adios,0,41.9,42.5,,34.0,44.6,37.5,95,4341000,-438800,34.0,,,18.10,104968,,1,2000
1790516063,2026-09-27T13:34:23Z,307552,1790208587,6.1.187-android14-11-SAGA,49646d1b0cd1,cc_governor,cc_governor,64359,33137,101688,142114,37326,162,16251,8411,30611,42700,14359,1348,adios,0,adios,0,adios,0,44.4,44.2,,34.0,47.6,38.5,95,4332000,-390600,34.0,,,18.02,89440,,1,2000
1790516099,2026-09-27T13:34:59Z,307588,1790208587,6.1.187-android14-11-SAGA,49646d1b0cd1,cc_governor,cc_governor,283,387,1275,1749,1003,2,538,125,1106,1593,573,25,adios,0,adios,0,adios,0,46.6,47.1,,34.0,49.2,39.6,95,4337000,-344200,34.0,,,17.66,122140,,1,2000
1790516135,2026-09-27T13:35:35Z,307623,1790208587,6.1.187-android14-11-SAGA,49646d1b0cd1,cc_governor,cc_governor,8229,8245,12910,22217,4565,29,6632,3391,9000,14028,2368,391,adios,0,adios,0,adios,0,46.1,45.4,,34.0,54.0,39.0,95,4341000,-366200,34.0,,,17.21,135044,,1,2000
1790516197,2026-09-27T13:36:37Z,307685,1790208587,6.1.187-android14-11-SAGA,49646d1b0cd1,cc_governor,cc_governor,3,0,121,136,130,0,59,0,124,184,17,0,adios,0,adios,0,adios,0,40.9,40.5,,35.0,44.1,37.5,95,4345000,-650000,35.0,,,16.88,119404,,1,2000
1790516278,2026-09-27T13:37:58Z,307766,1790208587,6.1.187-android14-11-SAGA,49646d1b0cd1,cc_governor,cc_governor,5,0,38,51,48,0,99,0,138,141,43,10,adios,0,adios,0,adios,0,42.1,43.9,,35.0,44.6,37.7,95,4351000,-288000,35.0,,,110.54,121316,,1,2000
1790516353,2026-09-27T13:39:13Z,307841,1790208587,6.1.187-android14-11-SAGA,49646d1b0cd1,cc_governor,cc_governor,15737,388,22466,25629,6725,25,8522,356,12882,14692,4360,79,adios,0,adios,0,adios,0,47.0,46.5,,35.0,48.1,39.6,94,4317000,-394200,35.0,,,70.49,115428,,1,2000
1790516389,2026-09-27T13:39:49Z,307877,1790208587,6.1.187-android14-11-SAGA,49646d1b0cd1,cc_governor,cc_governor,31542,12563,47019,63369,15455,61,10049,2912,16899,21461,6861,516,adios,0,adios,0,adios,0,49.4,47.8,,35.0,47.5,39.2,94,4341000,-339300,35.0,,,46.32,104180,,1,2000
1790516424,2026-09-27T13:40:24Z,307913,1790208587,6.1.187-android14-11-SAGA,49646d1b0cd1,cc_governor,cc_governor,51245,16562,80577,108011,29332,92,23559,4031,38983,46714,15420,925,adios,0,adios,0,adios,1,47.2,50.2,47.5,35.0,52.3,41.5,94,4322000,-587100,35.0,,,34.62,112148,,1,2000
1790516460,2026-09-27T13:41:00Z,307949,1790208587,6.1.187-android14-11-SAGA,49646d1b0cd1,cc_governor,cc_governor,60582,26709,100556,142132,39974,127,25368,7379,45037,56297,19669,1346,adios,0,adios,0,adios,0,44.7,45.9,,35.0,49.2,40.1,94,4325000,-725700,35.0,,,27.72,171480,,1,2000
1790516496,2026-09-27T13:41:36Z,307984,1790208587,6.1.187-android14-11-SAGA,49646d1b0cd1,cc_governor,cc_governor,74027,35723,125128,180657,51094,153,27339,10966,52542,67740,25218,1735,adios,0,adios,0,adios,0,49.5,50.3,46.8,35.0,51.2,40.9,94,4327000,-521800,35.0,,,23.79,203396,,1,2000
1790516532,2026-09-27T13:42:12Z,308020,1790208587,6.1.187-android14-11-SAGA,49646d1b0cd1,cc_governor,cc_governor,7677,362,10889,13294,3217,63,4347,201,6576,7586,2229,82,adios,0,adios,0,adios,6,63.4,59.8,,35.0,63.4,44.4,94,4304000,-728100,36.0,,,22.82,121876,,1,2000
1790516578,2026-09-27T13:42:58Z,308066,1790208587,6.1.187-android14-11-SAGA,49646d1b0cd1,cc_governor,cc_governor,8,0,155,180,147,1,33,0,54,57,25,5,adios,0,adios,0,adios,0,44.4,43.9,,36.0,49.6,40.3,94,4332000,-296000,36.0,,,22.01,127436,,1,2000
1790516665,2026-09-27T13:44:25Z,308154,1790208587,6.1.187-android14-11-SAGA,49646d1b0cd1,cc_governor,cc_governor,4,0,79,95,89,0,28,0,84,95,62,16,adios,0,adios,0,adios,0,41.6,42.3,,35.0,44.4,37.6,94,4333000,-490100,35.0,,,24.39,111120,,1,2000
1790516761,2026-09-27T13:46:01Z,308250,1790208587,6.1.187-android14-11-SAGA,49646d1b0cd1,cc_governor,cc_governor,15,0,105,138,96,0,65,0,122,127,62,17,adios,0,adios,0,adios,0,41.5,42.0,,35.0,42.8,37.6,94,4339000,-387500,35.0,,,20.65,126024,,1,2000
1790516833,2026-09-27T13:47:13Z,308322,1790208587,6.1.187-android14-11-SAGA,49646d1b0cd1,cc_governor,cc_governor,13,0,131,156,132,0,48,0,109,115,67,0,adios,0,adios,0,adios,0,41.8,42.9,,35.0,45.5,38.1,94,4339000,-305700,35.0,,,27.98,119960,,1,2000
1790516873,2026-09-27T13:47:53Z,308361,1790208587,6.1.187-android14-11-SAGA,49646d1b0cd1,cc_governor,cc_governor,13385,4929,22248,31990,8874,49,4978,1490,9536,12014,4566,91,adios,0,adios,0,adios,0,45.0,46.1,,35.0,56.1,39.9,93,4321000,-588300,35.0,,,23.53,92956,,1,2000
1790516909,2026-09-27T13:48:29Z,308397,1790208587,6.1.187-android14-11-SAGA,49646d1b0cd1,cc_governor,cc_governor,44308,7582,67735,87044,23402,104,20858,3548,35604,41896,14691,503,adios,0,adios,0,adios,58,58.7,62.9,,35.0,62.4,44.8,93,4304000,-492500,35.0,,,24.75,142952,,1,2000
1790516948,2026-09-27T13:49:08Z,308436,1790208587,6.1.187-android14-11-SAGA,49646d1b0cd1,cc_governor,cc_governor,70502,12593,104403,130147,33901,223,28859,4941,46986,56091,18127,1177,adios,0,adios,0,adios,0,43.4,44.0,,36.0,47.1,39.4,93,4327000,-292900,36.0,,,21.49,78732,,1,2000
1790516996,2026-09-27T13:49:56Z,308485,1790208587,6.1.187-android14-11-SAGA,49646d1b0cd1,cc_governor,cc_governor,1,0,126,141,136,0,23,0,103,106,83,18,adios,0,adios,0,adios,0,42.2,42.5,,36.0,45.7,38.7,93,4330000,-281900,36.0,,,21.52,112740,,1,2000
1790517062,2026-09-27T13:51:02Z,308550,1790208587,6.1.187-android14-11-SAGA,49646d1b0cd1,cc_governor,cc_governor,2,0,455,473,465,0,13,0,65,68,57,22,adios,0,adios,0,adios,0,41.9,49.9,,35.0,51.1,39.3,93,4327000,-318600,36.0,,,19.27,116108,,1,2000
1790517115,2026-09-27T13:51:55Z,308603,1790208587,6.1.187-android14-11-SAGA,49646d1b0cd1,cc_governor,cc_governor,62,0,1244,1394,1193,1,566,0,750,753,186,29,adios,0,adios,0,adios,0,41.5,42.0,,36.0,43.3,37.9,93,4321000,-390600,36.0,,,17.26,100920,,1,2000
1790517168,2026-09-27T13:52:48Z,308657,1790208587,6.1.187-android14-11-SAGA,49646d1b0cd1,cc_governor,cc_governor,0,0,46,57,60,0,44,0,81,113,40,13,adios,0,adios,0,adios,0,42.2,42.9,,36.0,42.2,37.6,93,4338000,-157400,36.0,,,16.94,120544,,1,2000
1790517436,2026-09-27T13:57:16Z,308925,1790208587,6.1.187-android14-11-SAGA,49646d1b0cd1,cc_governor,cc_governor,177,0,505,530,343,0,393,0,560,574,172,20,adios,0,adios,0,adios,0,41.5,40.0,,36.0,40.9,37.4,93,4330000,-466900,36.0,,,49.09,120088,,1,2000
1790518992,2026-09-27T14:23:12Z,310480,1790208587,6.1.187-android14-11-SAGA,49646d1b0cd1,cc_governor,cc_governor,4499,122,5969,7317,1467,13,2646,113,4070,4751,1405,127,adios,0,adios,0,adios,0,60.1,63.0,53.7,36.0,56.1,43.3,93,4299000,-577300,36.0,,,34.86,349164,,1,2000
1790519032,2026-09-27T14:23:52Z,310520,1790208587,6.1.187-android14-11-SAGA,49646d1b0cd1,cc_governor,cc_governor,24023,8430,36894,50397,12852,174,12631,4148,20312,26874,7681,718,adios,0,adios,0,adios,0,47.4,47.7,45.8,37.0,49.8,41.3,93,4300000,-492500,37.0,,,27.83,93184,,1,2000
1790519067,2026-09-27T14:24:27Z,310555,1790208587,6.1.187-android14-11-SAGA,49646d1b0cd1,cc_governor,cc_governor,1580,2842,5375,8881,3811,16,2510,787,4075,5835,1573,56,adios,0,adios,0,adios,0,48.7,48.9,,37.0,52.0,41.5,92,4321000,-340500,37.0,,,22.96,124852,,1,2000
1790519102,2026-09-27T14:25:02Z,310591,1790208587,6.1.187-android14-11-SAGA,49646d1b0cd1,cc_governor,cc_governor,15642,8712,24999,36393,9294,39,10038,3428,14916,20919,4825,555,adios,0,adios,0,adios,0,57.7,55.9,,37.0,52.6,42.6,92,4313000,-684800,37.0,,,20.56,220272,,1,2000
1790519241,2026-09-27T14:27:21Z,310730,1790208587,6.1.187-android14-11-SAGA,49646d1b0cd1,cc_governor,cc_governor,0,0,91,121,12,0,27,0,54,58,32,5,adios,0,adios,0,adios,0,41.4,41.0,,36.0,43.2,38.4,92,4326000,-422300,36.0,,,22.86,141964,,1,2000
1790519432,2026-09-27T14:30:32Z,310920,1790208587,6.1.187-android14-11-SAGA,49646d1b0cd1,cc_governor,cc_governor,157,60,642,763,493,0,362,28,537,586,179,23,adios,0,adios,0,adios,0,41.7,42.8,,36.0,44.0,37.3,92,4330000,-399100,36.0,,,38.27,133552,,1,2000
1790519622,2026-09-27T14:33:42Z,311111,1790208587,6.1.187-android14-11-SAGA,49646d1b0cd1,cc_governor,cc_governor,22,0,141,171,132,0,29,0,88,90,73,0,adios,0,adios,0,adios,0,39.7,39.1,,36.0,42.0,37.2,92,4322000,-217800,36.0,,,65.58,115880,,1,2000
1790519836,2026-09-27T14:37:16Z,311324,1790208587,6.1.187-android14-11-SAGA,49646d1b0cd1,cc_governor,cc_governor,51,183,744,982,693,2,77,56,252,412,103,17,adios,0,adios,0,adios,0,42.4,43.0,,36.0,42.5,37.2,92,4324000,-466900,36.0,,,43.59,123136,,1,2000
1790520000,2026-09-27T14:40:00Z,311488,1790208587,6.1.187-android14-11-SAGA,49646d1b0cd1,cc_governor,cc_governor,9,0,155,193,16,0,15,0,45,46,36,7,adios,0,adios,0,adios,0,42.2,49.9,50.9,36.0,53.3,40.2,92,4304000,-717700,36.0,,,32.33,135704,,1,2000
1790520057,2026-09-27T14:40:57Z,311546,1790208587,6.1.187-android14-11-SAGA,49646d1b0cd1,cc_governor,cc_governor,12010,5018,16675,23337,4665,71,5843,2713,9212,13234,3369,422,adios,0,adios,0,adios,0,47.6,47.5,,36.0,52.0,40.6,92,4312000,-276400,36.0,,,24.93,393112,,1,2000
1790520092,2026-09-27T14:41:32Z,311581,1790208587,6.1.187-android14-11-SAGA,49646d1b0cd1,cc_governor,cc_governor,17164,13124,24510,39908,7346,92,8491,5516,13456,20796,4965,719,adios,0,adios,0,adios,0,46.5,42.6,,37.0,43.4,38.2,92,4321000,-410700,37.0,,,21.39,290292,,1,2000
1790520280,2026-09-27T14:44:40Z,311768,1790208587,6.1.187-android14-11-SAGA,49646d1b0cd1,cc_governor,cc_governor,24,0,107,117,97,0,23,0,100,104,83,15,adios,0,adios,0,adios,0,43.2,41.3,,36.0,43.0,37.9,92,4322000,-201400,36.0,,,18.64,326856,,1,2000
1790520395,2026-09-27T14:46:35Z,311884,1790208587,6.1.187-android14-11-SAGA,49646d1b0cd1,cc_governor,cc_governor,0,0,58,64,67,0,60,0,106,107,18,0,adios,0,adios,0,adios,0,43.1,42.9,,36.0,46.1,39.0,92,4313000,-534600,36.0,,,17.77,351548,,1,2000
1790520476,2026-09-27T14:47:56Z,311965,1790208587,6.1.187-android14-11-SAGA,49646d1b0cd1,cc_governor,cc_governor,8986,1714,13371,17153,4395,22,3932,1168,6820,8453,2892,287,adios,0,adios,0,adios,0,45.1,45.7,,36.0,48.0,40.1,91,4314000,-271600,36.0,,,17.60,112316,,1,2000
1790520560,2026-09-27T14:49:20Z,312048,1790208587,6.1.187-android14-11-SAGA,49646d1b0cd1,cc_governor,cc_governor,4,0,80,92,89,0,0,0,39,41,45,18,adios,0,adios,0,adios,0,42.4,43.4,,36.0,44.0,38.3,91,4311000,-371000,36.0,,,17.24,187504,,1,2000
1790520631,2026-09-27T14:50:31Z,312119,1790208587,6.1.187-android14-11-SAGA,49646d1b0cd1,cc_governor,cc_governor,2,6,128,169,126,0,167,18,216,244,49,20,adios,0,adios,0,adios,0,43.0,43.7,,36.0,45.1,38.6,91,4310000,-328900,36.0,,,47.50,123340,,1,2000
1790520748,2026-09-27T14:52:28Z,312237,1790208587,6.1.187-android14-11-SAGA,49646d1b0cd1,cc_governor,cc_governor,5,0,103,114,110,0,29,0,87,94,62,16,adios,0,adios,0,adios,0,41.3,42.5,,36.0,43.0,38.4,91,4307000,-223900,36.0,,,32.25,119620,,1,2000
1790520818,2026-09-27T14:53:38Z,312307,1790208587,6.1.187-android14-11-SAGA,49646d1b0cd1,cc_governor,cc_governor,59,0,992,1048,943,0,84,0,229,241,151,19,adios,0,adios,0,adios,0,41.8,42.3,,36.0,43.1,38.0,91,4305000,-413200,36.0,,,25.00,127832,,1,2000
1790521001,2026-09-27T14:56:41Z,312489,1790208587,6.1.187-android14-11-SAGA,49646d1b0cd1,cc_governor,cc_governor,10230,217,12976,15918,2762,12,6326,204,8944,10330,2624,88,adios,0,adios,0,adios,0,52.5,52.7,,36.0,52.0,41.7,91,4299000,-240400,36.0,,,24.03,158220,,1,2000
1790521037,2026-09-27T14:57:17Z,312525,1790208587,6.1.187-android14-11-SAGA,49646d1b0cd1,cc_governor,cc_governor,22804,2668,41610,51317,18831,46,12137,1376,23419,27172,11289,502,adios,0,adios,0,adios,0,47.4,48.4,,36.0,58.0,41.0,91,4292000,-490100,36.0,,,21.10,101092,,1,2000
1790521072,2026-09-27T14:57:52Z,312560,1790208587,6.1.187-android14-11-SAGA,49646d1b0cd1,cc_governor,cc_governor,30903,11044,63137,85113,32233,71,16264,5068,35959,44139,19695,890,adios,0,adios,0,adios,0,47.1,46.8,,36.0,51.8,41.1,91,4259000,-442500,36.0,,,20.11,92792,,1,2000
1790521107,2026-09-27T14:58:27Z,312595,1790208587,6.1.187-android14-11-SAGA,49646d1b0cd1,cc_governor,cc_governor,401,1660,1342,3201,934,3,628,612,1085,2050,457,23,adios,0,adios,0,adios,0,49.5,47.9,,37.0,51.9,41.7,91,4298000,-552900,37.0,,,19.38,114392,,1,2000
1790521142,2026-09-27T14:59:02Z,312631,1790208587,6.1.187-android14-11-SAGA,49646d1b0cd1,cc_governor,cc_governor,9632,8982,14450,24604,4818,37,6106,3888,8612,14066,2506,393,adios,0,adios,0,adios,0,48.5,48.3,,37.0,52.0,41.4,91,4298000,-340500,37.0,,,18.15,128740,,1,2000
1790521216,2026-09-27T15:00:16Z,312705,1790208587,6.1.187-android14-11-SAGA,49646d1b0cd1,cc_governor,cc_governor,86,9,446,488,377,0,110,0,87,114,25,1,adios,0,adios,0,adios,0,43.5,43.5,,37.0,45.5,39.1,91,4311000,-245900,37.0,,,55.59,125208,,1,2000
1790521406,2026-09-27T15:03:26Z,312894,1790208587,6.1.187-android14-11-SAGA,49646d1b0cd1,cc_governor,cc_governor,10,0,78,98,84,0,20,0,66,70,51,15,adios,0,adios,0,adios,0,42.3,42.2,,37.0,44.6,38.5,91,4311000,-277700,37.0,,,38.37,122816,,1,2000
1790521657,2026-09-27T15:07:37Z,313146,1790208587,6.1.187-android14-11-SAGA,49646d1b0cd1,cc_governor,cc_governor,2,0,118,139,124,0,21,0,76,78,59,18,adios,0,adios,0,adios,0,42.0,42.5,,36.0,44.3,38.1,90,4309000,-272800,37.0,,,28.32,124032,,1,2000
1790521829,2026-09-27T15:10:29Z,313318,1790208587,6.1.187-android14-11-SAGA,49646d1b0cd1,cc_governor,cc_governor,0,0,141,155,150,0,11,0,59,62,51,16,adios,0,adios,0,adios,0,42.2,39.9,,36.0,44.5,38.3,90,4309000,-214800,36.0,,,22.75,117668,,1,2000
1790522133,2026-09-27T15:15:33Z,313621,1790208587,6.1.187-android14-11-SAGA,49646d1b0cd1,cc_governor,cc_governor,3,0,107,204,115,0,21,0,35,45,21,5,adios,0,adios,0,adios,0,41.6,40.1,,36.0,46.2,39.0,90,4307000,-281900,36.0,,,19.51,112748,,1,2000
1790522297,2026-09-27T15:18:17Z,313785,1790208587,6.1.187-android14-11-SAGA,49646d1b0cd1,cc_governor,cc_governor,4,0,125,141,128,0,12,0,40,45,35,10,adios,0,adios,0,adios,0,40.5,41.6,,36.0,44.3,38.4,90,4307000,-234300,36.0,,,17.71,128492,,1,2000
1790522497,2026-09-27T15:21:37Z,313985,1790208587,6.1.187-android14-11-SAGA,49646d1b0cd1,cc_governor,cc_governor,0,0,30,41,46,0,20,0,58,91,42,10,adios,0,adios,0,adios,2,41.9,42.1,,36.0,46.8,38.9,90,4303000,-322200,36.0,,,20.43,104060,,1,2000
1790522654,2026-09-27T15:24:14Z,314142,1790208587,6.1.187-android14-11-SAGA,49646d1b0cd1,cc_governor,cc_governor,3,0,70,89,75,0,14,0,62,66,53,16,adios,0,adios,0,adios,0,40.9,41.7,,37.0,43.1,38.3,90,4306000,-231900,37.0,,,18.33,119628,,1,2000
1790522816,2026-09-27T15:26:56Z,314305,1790208587,6.1.187-android14-11-SAGA,49646d1b0cd1,cc_governor,cc_governor,41,0,319,349,297,1,86,0,183,193,101,11,adios,0,adios,0,adios,0,42.9,43.5,,37.0,43.2,38.3,90,4301000,-256300,37.0,,,17.14,115288,,1,2000
1790523008,2026-09-27T15:30:08Z,314497,1790208587,6.1.187-android14-11-SAGA,49646d1b0cd1,cc_governor,cc_governor,0,0,135,155,146,0,6,0,29,30,26,4,adios,0,adios,0,adios,0,40.7,43.2,,37.0,45.3,38.9,90,4303000,-335600,37.0,,,19.10,303676,,1,2000
1790523224,2026-09-27T15:33:44Z,314712,1790208587,6.1.187-android14-11-SAGA,49646d1b0cd1,cc_governor,cc_governor,0,0,65,80,71,0,22,0,77,81,61,17,adios,0,adios,0,adios,0,42.5,43.9,,37.0,44.0,38.5,90,4302000,-233100,37.0,,,17.65,218476,,1,2000
1790523335,2026-09-27T15:35:35Z,314823,1790208587,6.1.187-android14-11-SAGA,49646d1b0cd1,cc_governor,cc_governor,8964,1034,18322,21899,9367,48,6317,322,9322,10923,3012,96,adios,0,adios,0,adios,0,46.1,47.0,,37.0,48.7,41.0,90,4293000,-295400,37.0,,,17.81,101532,,1,2000
1790523370,2026-09-27T15:36:10Z,314858,1790208587,6.1.187-android14-11-SAGA,49646d1b0cd1,cc_governor,cc_governor,25848,3427,49066,60236,23232,69,13696,1274,24506,27988,10815,484,adios,0,adios,0,adios,0,49.0,50.0,,37.0,55.9,42.2,90,4250000,-1119300,37.0,,,17.84,155332,,1,2000
1790523407,2026-09-27T15:36:47Z,314895,1790208587,6.1.187-android14-11-SAGA,49646d1b0cd1,cc_governor,cc_governor,19252,8654,27800,38264,8548,42,10216,1512,13934,16842,3718,246,adios,0,adios,0,adios,0,46.2,46.6,,38.0,49.8,41.8,90,4283000,-314900,38.0,,,18.42,86504,,1,2000
1790523443,2026-09-27T15:37:23Z,314931,1790208587,6.1.187-android14-11-SAGA,49646d1b0cd1,cc_governor,cc_governor,33148,20535,50705,73697,17564,70,10703,3762,16247,21467,5550,664,adios,0,adios,0,adios,0,46.7,47.7,,38.0,49.7,42.0,90,4285000,-296000,38.0,,,17.25,113816,,1,2000
1790523478,2026-09-27T15:37:59Z,314967,1790208587,6.1.187-android14-11-SAGA,49646d1b0cd1,cc_governor,cc_governor,51689,25711,84287,114608,32618,108,15069,5005,24775,31885,9676,1101,adios,0,adios,0,adios,0,55.7,53.1,,39.0,56.2,44.3,89,4276000,-758600,39.0,,,18.79,114972,,1,2000
1790523515,2026-09-27T15:38:35Z,315003,1790208587,6.1.187-android14-11-SAGA,49646d1b0cd1,cc_governor,cc_governor,85424,34018,126507,171263,41098,163,20668,11096,36718,51829,16064,1467,adios,0,adios,0,adios,0,57.2,57.5,,39.0,54.9,45.0,89,4276000,-505300,39.0,,,18.18,381300,,1,2000
1790523555,2026-09-27T15:39:15Z,315043,1790208587,6.1.187-android14-11-SAGA,49646d1b0cd1,cc_governor,cc_governor,34,0,625,665,600,1,95,0,222,269,132,17,adios,0,adios,0,adios,0,48.2,48.2,,39.0,52.8,43.3,89,4287000,-316100,39.0,,,18.29,237764,,1,2000
1790523626,2026-09-27T15:40:26Z,315115,1790208587,6.1.187-android14-11-SAGA,49646d1b0cd1,cc_governor,cc_governor,2,0,76,92,82,0,29,0,77,79,51,14,adios,0,adios,0,adios,0,44.1,45.8,,38.0,47.4,40.9,89,4284000,-395500,38.0,,,16.99,230780,,1,2000
1790523701,2026-09-27T15:41:41Z,315190,1790208587,6.1.187-android14-11-SAGA,49646d1b0cd1,cc_governor,cc_governor,0,0,59,68,68,0,56,0,52,55,19,2,adios,0,adios,0,adios,0,43.9,42.6,,38.0,45.7,39.1,89,4286000,-254500,38.0,,,16.69,174496,,1,2000
1790523881,2026-09-27T15:44:41Z,315369,1790208587,6.1.187-android14-11-SAGA,49646d1b0cd1,cc_governor,cc_governor,10,0,208,242,14,0,41,0,66,70,28,6,adios,0,adios,0,adios,0,43.7,42.7,,37.0,45.4,39.3,89,4290000,-263600,38.0,,,58.58,122876,,1,2000
1790523924,2026-09-27T15:45:24Z,315413,1790208587,6.1.187-android14-11-SAGA,49646d1b0cd1,cc_governor,cc_governor,34391,1306,45499,54784,10961,36,24885,1311,34777,40087,9790,100,adios,0,adios,0,adios,16,64.7,67.6,,38.0,72.0,47.8,89,4222000,-1432400,38.0,,,42.69,108532,,1,2000
1790523964,2026-09-27T15:46:04Z,315452,1790208587,6.1.187-android14-11-SAGA,49646d1b0cd1,cc_governor,cc_governor,69105,7787,93530,116274,24446,142,47018,6677,68657,81728,21663,651,adios,0,adios,0,adios,0,56.4,56.2,,39.0,70.9,47.8,88,4202000,-1308500,39.0,,,34.69,149272,,1,2000
1790524002,2026-09-27T15:46:42Z,315490,1790208587,6.1.187-android14-11-SAGA,49646d1b0cd1,cc_governor,cc_governor,81710,13490,119910,154615,38200,217,57699,8202,87164,103659,29465,1251,adios,0,adios,0,adios,0,48.9,51.8,50.0,39.0,54.9,44.7,88,4232000,-717700,39.0,,,26.74,137516,,1,2000
1790524037,2026-09-27T15:47:17Z,315526,1790208587,6.1.187-android14-11-SAGA,49646d1b0cd1,cc_governor,cc_governor,94046,21596,144083,192774,50060,259,61827,11776,99262,119906,37446,1651,adios,0,adios,0,adios,0,55.9,58.8,52.8,39.0,56.2,45.4,88,4240000,-822700,39.0,,,24.00,145440,,1,2000
1790524074,2026-09-27T15:47:54Z,315562,1790208587,6.1.187-android14-11-SAGA,49646d1b0cd1,cc_governor,cc_governor,108373,26857,173981,234204,65572,311,64152,14613,110648,134688,46496,2111,adios,0,adios,0,adios,0,51.2,53.0,51.9,39.0,57.4,44.7,88,4246000,-560300,39.0,,,22.51,154880,,1,2000
1790524110,2026-09-27T15:48:30Z,315598,1790208587,6.1.187-android14-11-SAGA,49646d1b0cd1,cc_governor,cc_governor,140293,28991,220835,293305,80545,372,84500,15719,142265,170694,57765,2579,adios,0,adios,0,adios,0,52.6,52.4,,39.0,54.3,45.2,88,4252000,-466900,39.0,,,20.80,80304,,1,2000
1790524205,2026-09-27T15:50:05Z,315693,1790208587,6.1.187-android14-11-SAGA,49646d1b0cd1,cc_governor,cc_governor,1468,1813,4484,6802,2989,3,1784,219,2729,3490,954,28,adios,0,adios,0,adios,0,47.7,47.1,,38.0,50.4,40.9,88,4263000,-411900,38.0,,,18.40,92512,,1,2000
1790524298,2026-09-27T15:51:38Z,315786,1790208587,6.1.187-android14-11-SAGA,49646d1b0cd1,cc_governor,cc_governor,272,2081,1541,3750,1269,3,61,83,171,261,110,32,adios,0,adios,0,adios,0,42.8,43.2,,37.0,46.3,39.1,88,4268000,-405800,37.0,,,17.16,93888,,1,2000
1790524351,2026-09-27T15:52:31Z,315839,1790208587,6.1.187-android14-11-SAGA,49646d1b0cd1,cc_governor,cc_governor,542,4201,1815,6255,1272,1,190,195,303,509,113,40,adios,0,adios,0,adios,0,44.0,40.2,,36.0,44.2,37.6,88,4263000,-387500,36.0,,,16.48,133620,,1,2000
1790524501,2026-09-27T15:55:01Z,315990,1790208587,6.1.187-android14-11-SAGA,49646d1b0cd1,cc_governor,cc_governor,4934,959,7024,9312,2104,19,2585,702,4155,5291,1576,228,adios,0,adios,0,adios,0,45.6,46.6,,36.0,48.8,39.8,88,4236000,-776300,36.0,,,16.96,225096,,1,2000
1790524537,2026-09-27T15:55:37Z,316025,1790208587,6.1.187-android14-11-SAGA,49646d1b0cd1,cc_governor,cc_governor,10756,7115,19079,28792,8310,49,7507,2887,12178,16833,4638,590,adios,0,adios,0,adios,4,46.9,46.2,,37.0,48.8,40.0,88,4268000,-245900,37.0,,,17.16,135008,,1,2000
1790524572,2026-09-27T15:56:12Z,316061,1790208587,6.1.187-android14-11-SAGA,49646d1b0cd1,cc_governor,cc_governor,17155,16786,26820,47001,9659,73,10976,6551,16002,25121,5026,904,adios,0,adios,0,adios,0,45.4,45.1,,37.0,49.1,39.9,88,4228000,-552900,37.0,,,16.58,122728,,1,2000
1790524652,2026-09-27T15:57:32Z,316141,1790208587,6.1.187-android14-11-SAGA,49646d1b0cd1,cc_governor,cc_governor,0,0,42,54,56,0,16,0,50,52,38,11,adios,0,adios,0,adios,0,40.3,40.2,,36.0,43.2,37.7,87,4256000,-170200,36.0,,,51.35,117468,,1,2000
1790524771,2026-09-27T15:59:31Z,316259,1790208587,6.1.187-android14-11-SAGA,49646d1b0cd1,cc_governor,cc_governor,20,0,108,128,109,2,274,0,345,348,75,17,adios,0,adios,0,adios,0,42.1,42.7,,36.0,46.8,38.8,87,4267000,-304500,36.0,,,35.54,125648,,1,2000
1790524917,2026-09-27T16:01:57Z,316406,1790208587,6.1.187-android14-11-SAGA,49646d1b0cd1,cc_governor,cc_governor,4,0,22,28,27,0,15,0,49,55,39,11,adios,0,adios,0,adios,0,43.3,42.6,,37.0,46.4,39.3,87,4262000,-275200,37.0,,,26.75,138892,,1,2000
1790525004,2026-09-27T16:03:24Z,316493,1790208587,6.1.187-android14-11-SAGA,49646d1b0cd1,cc_governor,cc_governor,21,0,273,297,264,0,175,0,244,249,84,0,adios,0,adios,0,adios,0,43.6,43.9,,37.0,47.0,39.8,87,4270000,-258700,37.0,,,22.25,123916,,1,2000
1790525212,2026-09-27T16:06:52Z,316700,1790208587,6.1.187-android14-11-SAGA,49646d1b0cd1,cc_governor,cc_governor,10,0,81,96,81,1,101,0,121,134,26,5,adios,0,adios,0,adios,0,42.8,43.2,,37.0,41.1,38.1,87,4272000,-405800,37.0,,,29.01,124260,,1,2000
1790525331,2026-09-27T16:08:51Z,316819,1790208587,6.1.187-android14-11-SAGA,49646d1b0cd1,cc_governor,cc_governor,18,0,263,288,251,1,152,0,236,239,89,0,adios,0,adios,0,adios,0,42.5,43.2,,37.0,43.6,38.1,87,4270000,-170200,37.0,,,72.68,114060,,1,2000
1790525491,2026-09-27T16:11:31Z,316980,1790208587,6.1.187-android14-11-SAGA,49646d1b0cd1,cc_governor,cc_governor,3,0,79,92,86,0,43,0,100,105,66,19,adios,0,adios,0,adios,0,41.4,42.0,,36.0,43.1,37.6,87,4267000,-599900,36.0,,,47.80,132208,,1,2000
1790525676,2026-09-27T16:14:36Z,317205,1790208587,6.1.187-android14-11-SAGA,49646d1b0cd1,cc_governor,cc_governor,2,0,53,69,66,0,35,0,76,94,45,13,adios,0,adios,0,adios,0,40.8,40.5,,36.0,42.5,38.1,87,4266000,-281300,36.0,,,33.71,116944,,1,2000
1790525897,2026-09-27T16:18:17Z,317385,1790208587,6.1.187-android14-11-SAGA,49646d1b0cd1,cc_governor,cc_governor,14,0,87,99,87,0,49,0,105,108,59,16,adios,0,adios,0,adios,0,41.3,40.8,,36.0,42.1,37.5,87,4259000,-514500,36.0,,,110.38,130256,,1,2000
1790526007,2026-09-27T16:20:07Z,317496,1790208587,6.1.187-android14-11-SAGA,49646d1b0cd1,cc_governor,cc_governor,83,592,747,1388,664,0,73,43,207,265,134,27,adios,0,adios,0,adios,0,42.8,41.4,,36.0,43.6,37.6,87,4267000,-413200,36.0,,,64.19,117856,,1,2000
1790526236,2026-09-27T16:23:56Z,317724,1790208587,6.1.187-android14-11-SAGA,49646d1b0cd1,cc_governor,cc_governor,5,0,60,78,66,1,23,0,67,67,16,0,adios,0,adios,0,adios,0,40.7,38.0,,35.0,43.4,37.5,87,4263000,-266100,36.0,,,42.85,116080,,1,2000
1790526334,2026-09-27T16:25:34Z,317823,1790208587,6.1.187-android14-11-SAGA,49646d1b0cd1,cc_governor,cc_governor,3719,15,5237,6170,1544,31,3429,37,4644,5175,1200,61,adios,0,adios,0,adios,80,60.3,62.7,54.2,36.0,71.3,44.7,86,4218000,-1502600,36.0,,,34.36,125484,,1,2000
1790526377,2026-09-27T16:26:17Z,317865,1790208587,6.1.187-android14-11-SAGA,49646d1b0cd1,cc_governor,cc_governor,23796,3651,39474,49535,15694,371,16621,1313,26402,31960,9788,900,adios,0,adios,0,adios,0,45.6,45.9,,37.0,49.4,41.1,86,4236000,-418700,37.0,,,27.23,87068,,1,2000
1790526412,2026-09-27T16:26:52Z,317900,1790208587,6.1.187-android14-11-SAGA,49646d1b0cd1,cc_governor,cc_governor,25594,12803,47449,67087,21854,389,16648,1967,27595,33864,10947,1290,adios,0,adios,0,adios,0,44.4,45.8,,37.0,48.7,40.2,86,4243000,-523600,37.0,,,22.42,107676,,1,2000
1790526447,2026-09-27T16:27:27Z,317936,1790208587,6.1.187-android14-11-SAGA,49646d1b0cd1,cc_governor,cc_governor,28278,21473,56952,85529,28674,405,16679,2766,28545,35644,11866,1693,adios,0,adios,0,adios,0,43.7,44.0,,37.0,47.3,39.9,86,4237000,-694500,37.0,,,19.46,76012,,1,2000
1790526483,2026-09-27T16:28:03Z,317971,1790208587,6.1.187-android14-11-SAGA,49646d1b0cd1,cc_governor,cc_governor,30849,25491,71091,104042,40249,410,16745,3303,29873,37535,13132,2092,adios,0,adios,0,adios,0,45.1,45.4,,37.0,48.1,40.2,86,4234000,-579800,37.0,,,17.73,99760,,1,2000
1790526518,2026-09-27T16:28:38Z,318006,1790208587,6.1.187-android14-11-SAGA,49646d1b0cd1,cc_governor,cc_governor,33170,32718,81499,121988,48329,429,16794,3911,30944,39247,14150,2502,adios,0,adios,0,adios,0,44.0,44.1,,37.0,47.1,40.2,86,4202000,-899600,37.0,,,16.75,100324,,1,2000
1790526553,2026-09-27T16:29:13Z,318041,1790208587,6.1.187-android14-11-SAGA,49646d1b0cd1,cc_governor,cc_governor,35678,41317,90854,140387,55173,449,17271,5423,31919,41767,14648,2886,adios,0,adios,0,adios,0,43.8,45.0,,37.0,47.8,40.4,86,4231000,-521800,37.0,,,16.26,83304,,1,2000
1790526588,2026-09-27T16:29:48Z,318076,1790208587,6.1.187-android14-11-SAGA,49646d1b0cd1,cc_governor,cc_governor,37420,51751,97150,157383,59729,465,17289,6702,32170,43320,14881,3279,adios,0,adios,0,adios,0,44.0,44.8,,37.0,48.8,40.4,86,4237000,-559000,37.0,,,15.96,82936,,1,2000
1790526623,2026-09-27T16:30:23Z,318112,1790208587,6.1.187-android14-11-SAGA,49646d1b0cd1,cc_governor,cc_governor,39202,62467,103438,174720,64236,481,17321,7526,33084,45079,15763,3675,adios,0,adios,0,adios,0,44.5,44.5,,37.0,47.5,40.5,86,4234000,-632300,37.0,,,15.94,97188,,1,2000
1790526658,2026-09-27T16:30:58Z,318147,1790208587,6.1.187-android14-11-SAGA,49646d1b0cd1,cc_governor,cc_governor,40940,74057,109055,192273,68131,495,17349,8989,33336,46903,15991,4069,adios,0,adios,0,adios,0,44.5,45.6,,37.0,48.6,40.7,86,4238000,-387500,37.0,,,16.18,124352,,1,2000
1790526694,2026-09-27T16:31:34Z,318182,1790208587,6.1.187-android14-11-SAGA,49646d1b0cd1,cc_governor,cc_governor,42553,85815,114329,209631,71783,511,17768,9932,34432,49008,16669,4474,adios,0,adios,0,adios,0,44.3,45.3,,37.0,48.8,40.8,86,4238000,-484000,37.0,,,15.77,103516,,1,2000
1790526729,2026-09-27T16:32:09Z,318217,1790208587,6.1.187-android14-11-SAGA,49646d1b0cd1,cc_governor,cc_governor,44160,96972,119816,226561,75656,524,17774,10967,34905,50540,17131,4878,adios,0,adios,0,adios,0,44.8,46.6,,38.0,49.0,40.8,86,4242000,-533400,38.0,,,15.59,76340,,1,2000
1790526764,2026-09-27T16:32:44Z,318253,1790208587,6.1.187-android14-11-SAGA,49646d1b0cd1,cc_governor,cc_governor,45228,109538,121774,241350,76546,536,17790,12398,34953,52065,17163,5269,adios,0,adios,0,adios,0,44.9,44.7,,38.0,48.0,40.9,85,4238000,-437600,38.0,,,15.87,72416,,1,2000
1790526800,2026-09-27T16:33:20Z,318288,1790208587,6.1.187-android14-11-SAGA,49646d1b0cd1,cc_governor,cc_governor,46708,117990,126901,255280,80201,557,18233,13843,35843,54429,17615,5666,adios,0,adios,0,adios,0,46.2,46.0,,38.0,55.6,41.5,85,4230000,-407100,38.0,,,15.78,91060,,1,2000
1790526835,2026-09-27T16:33:55Z,318323,1790208587,6.1.187-android14-11-SAGA,49646d1b0cd1,cc_governor,cc_governor,47418,125933,131289,268069,83865,582,18316,15017,36329,56169,18013,6057,adios,0,adios,0,adios,0,45.0,46.4,,38.0,48.7,41.2,85,4226000,-357000,38.0,,,15.64,140808,,1,2000
1790526870,2026-09-27T16:34:30Z,318358,1790208587,6.1.187-android14-11-SAGA,49646d1b0cd1,cc_governor,cc_governor,48214,133165,136769,281028,88555,594,18327,16348,36668,57903,18341,6446,adios,0,adios,0,adios,0,44.8,47.3,,38.0,48.6,41.4,85,4229000,-540100,38.0,,,15.64,81532,,1,2000
1790526905,2026-09-27T16:35:05Z,318394,1790208587,6.1.187-android14-11-SAGA,49646d1b0cd1,cc_governor,cc_governor,48902,143689,138920,293967,90027,607,18352,17781,36798,59486,18451,6859,adios,0,adios,0,adios,0,45.1,46.8,,38.0,49.2,41.4,85,4232000,-350900,38.0,,,15.91,103668,,1,2000
1790526941,2026-09-27T16:35:41Z,318429,1790208587,6.1.187-android14-11-SAGA,49646d1b0cd1,cc_governor,cc_governor,49945,152247,143514,307438,93569,625,18447,19000,37442,61517,18995,7240,adios,0,adios,0,adios,0,45.0,45.5,,38.0,50.2,41.6,85,4228000,-369800,38.0,,,15.81,129424,,1,2000
1790526976,2026-09-27T16:36:16Z,318464,1790208587,6.1.187-android14-11-SAGA,49646d1b0cd1,cc_governor,cc_governor,50995,160881,148231,321107,97229,639,18533,20510,37836,63447,19303,7632,adios,0,adios,0,adios,0,45.8,46.7,,38.0,48.8,41.6,85,4230000,-657900,38.0,,,15.67,103044,,1,2000
1790527011,2026-09-27T16:36:51Z,318500,1790208587,6.1.187-android14-11-SAGA,49646d1b0cd1,cc_governor,cc_governor,51691,170598,150958,333821,99266,660,18574,21965,38016,65115,19442,8033,adios,0,adios,0,adios,0,45.4,47.7,,38.0,49.1,41.8,85,4230000,-353300,38.0,,,15.65,80184,,1,2000
1790527047,2026-09-27T16:37:27Z,318535,1790208587,6.1.187-android14-11-SAGA,49646d1b0cd1,cc_governor,cc_governor,53124,179373,155952,348062,102828,682,19049,23011,39275,67460,20226,8446,adios,0,adios,0,adios,0,45.7,48.1,,38.0,49.8,41.8,85,4229000,-1001500,38.0,,,15.63,108228,,1,2000
1790527082,2026-09-27T16:38:02Z,318570,1790208587,6.1.187-android14-11-SAGA,49646d1b0cd1,cc_governor,cc_governor,54020,186712,161389,361117,107369,700,19062,23705,40124,69081,21062,8852,adios,0,adios,0,adios,0,45.6,47.8,,38.0,48.9,41.8,85,4227000,-728100,39.0,,,15.63,94112,,1,2000
1790527117,2026-09-27T16:38:37Z,318606,1790208587,6.1.187-android14-11-SAGA,49646d1b0cd1,cc_governor,cc_governor,55062,194355,167017,374665,111955,721,19078,24501,40931,70716,21853,9248,adios,0,adios,0,adios,0,45.8,47.2,,39.0,49.1,41.9,85,4230000,-291700,39.0,,,15.57,101476,,1,2000
1790527153,2026-09-27T16:39:13Z,318641,1790208587,6.1.187-android14-11-SAGA,49646d1b0cd1,cc_governor,cc_governor,55758,202686,171142,387392,115384,741,19087,25329,41608,72240,22521,9641,adios,0,adios,0,adios,0,45.4,46.4,,39.0,49.9,41.9,85,4216000,-480900,39.0,,,15.52,96304,,1,2000
1790527188,2026-09-27T16:39:48Z,318676,1790208587,6.1.187-android14-11-SAGA,49646d1b0cd1,cc_governor,cc_governor,56456,211172,175033,400029,118577,755,19102,26634,41776,73743,22674,10054,adios,0,adios,0,adios,0,45.8,47.3,,39.0,50.9,42.1,85,4216000,-399100,39.0,,,15.74,97188,,1,2000
1790527223,2026-09-27T16:40:23Z,318711,1790208587,6.1.187-android14-11-SAGA,49646d1b0cd1,cc_governor,cc_governor,57213,222962,175802,412845,118577,773,19114,28189,41788,75346,22674,10438,adios,0,adios,0,adios,0,46.1,46.5,,39.0,49.4,42.2,84,4221000,-626800,39.0,,,16.07,100676,,1,2000
1790527258,2026-09-27T16:40:58Z,318747,1790208587,6.1.187-android14-11-SAGA,49646d1b0cd1,cc_governor,cc_governor,57977,233767,178036,426143,120080,784,19171,29681,41963,77146,22801,10847,adios,0,adios,0,adios,0,49.6,52.0,,39.0,56.4,43.4,84,4225000,-314900,39.0,,,16.07,104564,,1,2000
1790527294,2026-09-27T16:41:34Z,318782,1790208587,6.1.187-android14-11-SAGA,49646d1b0cd1,cc_governor,cc_governor,61677,242405,186674,444252,125009,801,20586,31350,44333,81965,23751,11193,adios,0,adios,0,adios,0,46.6,47.7,,39.0,50.0,42.6,84,4220000,-288000,39.0,,,15.79,92072,,1,2000
1790527329,2026-09-27T16:42:09Z,318818,1790208587,6.1.187-android14-11-SAGA,49646d1b0cd1,cc_governor,cc_governor,62328,251927,189592,456961,127264,822,20603,32717,44505,83538,23902,11595,adios,0,adios,0,adios,0,46.4,46.7,,39.0,49.6,42.5,84,4219000,-597500,39.0,,,15.78,87216,,1,2000
1790527364,2026-09-27T16:42:44Z,318853,1790208587,6.1.187-android14-11-SAGA,49646d1b0cd1,cc_governor,cc_governor,63157,262270,192175,470179,129017,832,20626,34299,44623,85265,23997,11986,adios,0,adios,0,adios,0,46.4,46.6,,39.0,49.5,42.5,84,4227000,-397900,39.0,,,15.88,77728,,1,2000
1790527400,2026-09-27T16:43:20Z,318888,1790208587,6.1.187-android14-11-SAGA,49646d1b0cd1,cc_governor,cc_governor,63879,272171,194521,482699,130642,852,20634,35668,44736,86760,24102,12384,adios,0,adios,0,adios,0,46.3,48.2,,39.0,51.9,42.6,84,4221000,-559000,39.0,,,15.58,76344,,1,2000
1790527435,2026-09-27T16:43:55Z,318923,1790208587,6.1.187-android14-11-SAGA,49646d1b0cd1,cc_governor,cc_governor,64984,278959,200768,496035,135799,863,20675,37111,45050,88625,24379,12787,adios,0,adios,0,adios,0,47.2,47.0,,39.0,50.7,42.8,84,4217000,-447900,39.0,,,15.66,117740,,1,2000
1790527470,2026-09-27T16:44:30Z,318959,1790208587,6.1.187-android14-11-SAGA,49646d1b0cd1,cc_governor,cc_governor,65839,287029,205259,508879,139412,884,20695,38124,45618,90244,24923,13192,adios,0,adios,0,adios,0,46.4,47.2,,39.0,51.5,42.8,84,4216000,-407100,39.0,,,15.85,116020,,1,2000
1790527506,2026-09-27T16:45:06Z,318994,1790208587,6.1.187-android14-11-SAGA,49646d1b0cd1,cc_governor,cc_governor,67777,294673,212214,523901,144453,909,21453,39556,46884,92967,25432,13594,adios,0,adios,0,adios,0,46.9,47.2,,39.0,51.3,42.9,84,4223000,-322800,39.0,,,15.95,116452,,1,2000
1790527541,2026-09-27T16:45:41Z,319029,1790208587,6.1.187-android14-11-SAGA,49646d1b0cd1,cc_governor,cc_governor,68683,303459,216383,537143,147700,930,21459,40379,47641,94584,26182,13974,adios,0,adios,0,adios,0,46.6,47.1,,39.0,51.5,43.0,84,4215000,-610300,39.0,,,15.69,105356,,1,2000
1790527576,2026-09-27T16:46:16Z,319065,1790208587,6.1.187-android14-11-SAGA,49646d1b0cd1,cc_governor,cc_governor,69938,310859,223009,551496,153070,952,21595,41844,48231,96711,26636,14384,adios,0,adios,0,adios,0,46.6,46.9,,40.0,49.9,42.9,84,4202000,-736600,39.0,,,15.34,114028,,1,2000
1790527612,2026-09-27T16:46:52Z,319100,1790208587,6.1.187-android14-11-SAGA,49646d1b0cd1,cc_governor,cc_governor,70868,319741,226916,564561,156048,972,21633,43224,48455,98336,26822,14770,adios,0,adios,0,adios,0,47.0,49.1,,40.0,62.3,44.2,84,4210000,-611500,40.0,,,15.57,396192,,1,2000
1790527647,2026-09-27T16:47:27Z,319135,1790208587,6.1.187-android14-11-SAGA,49646d1b0cd1,cc_governor,cc_governor,72096,328341,231405,578031,159330,995,22135,44246,49960,101600,27829,15122,adios,0,adios,0,adios,0,47.2,47.6,,40.0,51.0,43.1,84,4210000,-601100,40.0,,,15.67,394136,,1,2000
1790527682,2026-09-27T16:48:02Z,319171,1790208587,6.1.187-android14-11-SAGA,49646d1b0cd1,cc_governor,cc_governor,73103,335662,237625,591923,164536,1022,22141,45084,50765,103298,28630,15490,adios,0,adios,0,adios,0,47.3,48.2,,40.0,53.3,43.8,83,4212000,-340500,40.0,,,15.87,397196,,1,2000
1790527718,2026-09-27T16:48:38Z,319206,1790208587,6.1.187-android14-11-SAGA,49646d1b0cd1,cc_governor,cc_governor,74682,341093,246127,606300,171441,1048,22537,45528,52485,105521,29948,15912,adios,0,adios,0,adios,0,46.9,47.4,,40.0,49.9,43.2,83,4214000,-950300,40.0,,,15.58,385268,,1,2000
1790527753,2026-09-27T16:49:13Z,319241,1790208587,6.1.187-android14-11-SAGA,49646d1b0cd1,cc_governor,cc_governor,75523,350297,249580,619218,174056,1071,22562,47030,52665,107249,30103,16298,adios,0,adios,0,adios,0,47.2,47.7,,40.0,51.1,43.2,83,4210000,-429600,40.0,,,15.48,372480,,1,2000
1790527788,2026-09-27T16:49:48Z,319277,1790208587,6.1.187-android14-11-SAGA,49646d1b0cd1,cc_governor,cc_governor,76093,358963,252732,631313,176635,1092,22565,48321,52770,108672,30205,16674,adios,0,adios,0,adios,0,47.0,47.3,,40.0,50.3,43.2,83,4209000,-382600,40.0,,,15.60,375032,,1,2000
1790527824,2026-09-27T16:50:24Z,319312,1790208587,6.1.187-android14-11-SAGA,49646d1b0cd1,cc_governor,cc_governor,76744,368954,255038,643856,178292,1113,22572,49689,52844,110144,30272,17070,adios,0,adios,0,adios,0,46.6,47.1,,40.0,50.7,43.2,83,4199000,-798300,40.0,,,15.29,367188,,1,2000
1790527859,2026-09-27T16:50:59Z,319347,1790208587,6.1.187-android14-11-SAGA,49646d1b0cd1,cc_governor,cc_governor,78134,377246,260330,657686,182207,1130,22723,51147,53585,112377,30868,17477,adios,0,adios,0,adios,0,47.6,48.4,,40.0,50.5,43.4,83,4190000,-447900,40.0,,,15.39,367472,,1,2000
1790527894,2026-09-27T16:51:34Z,319382,1790208587,6.1.187-android14-11-SAGA,49646d1b0cd1,cc_governor,cc_governor,78817,385911,264292,670537,185475,1148,22745,52326,53948,113964,31203,17869,adios,0,adios,0,adios,0,47.4,48.6,,40.0,50.3,43.4,83,4210000,-535800,40.0,,,15.25,355712,,1,2000
1790527929,2026-09-27T16:52:09Z,319418,1790208587,6.1.187-android14-11-SAGA,49646d1b0cd1,cc_governor,cc_governor,80367,394147,270055,684922,189697,1166,23389,53929,54998,116651,31613,18271,adios,0,adios,0,adios,0,47.9,49.7,,40.0,50.3,43.5,83,4212000,-422300,40.0,,,15.28,363604,,1,2000
1790527965,2026-09-27T16:52:45Z,319453,1790208587,6.1.187-android14-11-SAGA,49646d1b0cd1,cc_governor,cc_governor,81229,399658,277214,697851,195985,1188,23408,54603,55798,118156,32390,18654,adios,0,adios,0,adios,0,47.3,47.6,,40.0,50.2,43.4,83,4188000,-578600,40.0,,,15.39,347472,,1,2000
1790528000,2026-09-27T16:53:20Z,319488,1790208587,6.1.187-android14-11-SAGA,49646d1b0cd1,cc_governor,cc_governor,81867,410012,278939,710193,197072,1218,23413,56069,55864,119706,32451,19032,adios,0,adios,0,adios,0,47.5,47.5,,40.0,50.7,43.4,83,4199000,-506500,40.0,,,15.15,338280,,1,2000
1790528035,2026-09-27T16:53:55Z,319524,1790208587,6.1.187-android14-11-SAGA,49646d1b0cd1,cc_governor,cc_governor,82462,419593,281379,722495,198916,1240,23460,57410,56134,121338,32674,19425,adios,0,adios,0,adios,0,47.1,47.3,,40.0,50.7,43.4,83,4205000,-589600,40.0,,,15.22,354300,,1,2000
1790528071,2026-09-27T16:54:31Z,319559,1790208587,6.1.187-android14-11-SAGA,49646d1b0cd1,cc_governor,cc_governor,83051,428291,284464,734539,201423,1261,23470,58699,56287,122803,32821,19807,adios,0,adios,0,adios,0,47.0,49.1,,40.0,50.4,43.5,83,4202000,-567000,40.0,,,15.52,343984,,1,2000
1790528106,2026-09-27T16:55:06Z,319594,1790208587,6.1.187-android14-11-SAGA,49646d1b0cd1,cc_governor,cc_governor,84231,435391,290487,747991,206268,1277,23556,60003,56970,124969,33419,20203,adios,0,adios,0,adios,0,55.1,56.1,,40.0,53.9,44.9,83,4199000,-549900,40.0,,,15.50,391812,,1,2000
1790528141,2026-09-27T16:55:41Z,319629,1790208587,6.1.187-android14-11-SAGA,49646d1b0cd1,cc_governor,cc_governor,85195,442271,296989,761707,211800,1295,23590,60923,57822,126830,34238,20572,adios,0,adios,0,adios,0,47.7,50.3,,40.0,50.3,43.8,82,4202000,-400300,40.0,,,15.66,395956,,1,2000
1790528176,2026-09-27T16:56:16Z,319665,1790208587,6.1.187-android14-11-SAGA,49646d1b0cd1,cc_governor,cc_governor,87213,449764,304500,777126,217286,1310,24439,62134,59509,129770,35070,20962,adios,0,adios,0,adios,0,48.1,49.2,,40.0,51.1,44.0,82,4196000,-421100,40.0,,,15.70,337640,,1,2000
1790528212,2026-09-27T16:56:52Z,319700,1790208587,6.1.187-android14-11-SAGA,49646d1b0cd1,cc_governor,cc_governor,88144,456707,310857,790771,222713,1327,24467,62888,60408,131446,35941,21370,adios,0,adios,0,adios,0,47.4,49.6,,40.0,50.4,43.7,82,4202000,-563900,40.0,,,16.23,350384,,1,2000
1790528247,2026-09-27T16:57:27Z,319735,1790208587,6.1.187-android14-11-SAGA,49646d1b0cd1,cc_governor,cc_governor,89250,462638,318411,804520,229161,1348,24498,63881,61086,133132,36588,21756,adios,0,adios,0,adios,0,47.5,48.1,,40.0,50.9,43.7,82,4195000,-670100,40.0,,,16.01,360652,,1,2000
1790528282,2026-09-27T16:58:02Z,319771,1790208587,6.1.187-android14-11-SAGA,49646d1b0cd1,cc_governor,cc_governor,89916,471666,321703,817093,231784,1369,24518,65340,61236,134769,36718,22157,adios,0,adios,0,adios,0,47.3,47.9,,40.0,52.1,43.8,82,4200000,-534600,40.0,,,15.93,361960,,1,2000
1790528317,2026-09-27T16:58:37Z,319806,1790208587,6.1.187-android14-11-SAGA,49646d1b0cd1,cc_governor,cc_governor,90665,479432,326155,829558,235490,1387,24559,66268,61930,136417,37371,22555,adios,0,adios,0,adios,0,47.6,48.0,,40.0,51.1,43.8,82,4180000,-379000,40.0,,,15.73,347528,,1,2000
1790528353,2026-09-27T16:59:13Z,319841,1790208587,6.1.187-android14-11-SAGA,49646d1b0cd1,cc_governor,cc_governor,91531,488600,330065,842922,238545,1405,24573,66974,62721,137949,38151,22947,adios,0,adios,0,adios,0,47.7,50.0,,40.0,51.6,43.8,82,4198000,-523600,40.0,,,15.45,349360,,1,2000
1790528388,2026-09-27T16:59:48Z,319876,1790208587,6.1.187-android14-11-SAGA,49646d1b0cd1,cc_governor,cc_governor,95150,496078,338005,859145,242879,1455,27712,68256,67258,144491,39485,23491,adios,0,adios,0,adios,0,67.4,68.0,,40.0,61.9,48.3,82,4174000,-886200,41.0,,,16.94,177852,,1,2000
1790528427,2026-09-27T17:00:27Z,319915,1790208587,6.1.187-android14-11-SAGA,49646d1b0cd1,cc_governor,cc_governor,119115,505799,373713,910715,254597,1624,37297,75225,86387,171526,49109,24325,adios,0,adios,0,adios,0,55.5,56.9,,41.0,68.0,48.5,82,4164000,-755000,41.0,,,19.66,128752,,1,2000
1790528464,2026-09-27T17:01:04Z,319953,1790208587,6.1.187-android14-11-SAGA,49646d1b0cd1,cc_governor,cc_governor,154988,508086,424977,973184,269982,1760,58939,77067,120693,210468,61753,25146,adios,0,adios,0,adios,0,57.3,57.4,,42.0,59.9,48.7,81,4160000,-1014400,42.0,,,21.31,241832,,1,2000
1790528501,2026-09-27T17:01:41Z,319989,1790208587,6.1.187-android14-11-SAGA,49646d1b0cd1,cc_governor,cc_governor,185458,513658,467941,1029697,282502,1828,75456,81291,148057,243914,72595,25618,adios,0,adios,0,adios,20,72.8,72.2,62.7,42.0,76.5,52.4,81,4130000,-469300,42.0,,,26.73,122204,,1,2000
1790528539,2026-09-27T17:02:19Z,320028,1790208587,6.1.187-android14-11-SAGA,49646d1b0cd1,cc_governor,cc_governor,210030,516039,506467,1076651,296449,1943,88953,82223,169014,268165,80066,26224,adios,0,adios,0,adios,0,52.1,52.4,,43.0,55.0,47.4,81,4192000,-327700,43.0,,,22.59,129812,,1,2000
1790528575,2026-09-27T17:02:55Z,320063,1790208587,6.1.187-android14-11-SAGA,49646d1b0cd1,cc_governor,cc_governor,211962,523521,515614,1093636,303631,1955,88975,83417,169572,269975,80597,26621,adios,0,adios,0,adios,0,50.6,50.8,,42.0,53.9,46.4,81,4186000,-460800,42.0,,,19.44,146772,,1,2000
1790528610,2026-09-27T17:03:30Z,320098,1790208587,6.1.187-android14-11-SAGA,49646d1b0cd1,cc_governor,cc_governor,214180,530059,526352,1111280,312184,1966,89037,84013,170744,271798,81710,27018,adios,0,adios,0,adios,0,50.0,52.9,,42.0,54.0,45.8,81,4185000,-752500,42.0,,,17.79,131620,,1,2000
1790528645,2026-09-27T17:04:05Z,320134,1790208587,6.1.187-android14-11-SAGA,49646d1b0cd1,cc_governor,cc_governor,216192,536539,536782,1128559,320608,1981,89063,84350,172161,273607,83104,27399,adios,0,adios,0,adios,0,49.9,50.0,,42.0,54.5,45.6,81,4196000,-292900,42.0,,,16.60,126244,,1,2000
1790528680,2026-09-27T17:04:40Z,320169,1790208587,6.1.187-android14-11-SAGA,49646d1b0cd1,cc_governor,cc_governor,217772,546338,543036,1144936,325278,1992,89070,84665,173291,275083,84226,27793,adios,0,adios,0,adios,0,48.9,49.6,,42.0,53.1,45.2,81,4190000,-531000,42.0,,,16.16,103484,,1,2000
1790528715,2026-09-27T17:05:15Z,320204,1790208587,6.1.187-android14-11-SAGA,49646d1b0cd1,cc_governor,cc_governor,219305,556693,548422,1160946,329117,2004,89097,85704,173582,276432,84485,28175,adios,0,adios,0,adios,0,49.7,49.6,,42.0,55.2,45.4,81,4179000,-747000,42.0,,,15.98,119900,,1,2000
1790528751,2026-09-27T17:05:51Z,320239,1790208587,6.1.187-android14-11-SAGA,49646d1b0cd1,cc_governor,cc_governor,222355,565667,557531,1179641,335171,2023,90673,86392,176783,280617,86110,28570,adios,0,adios,0,adios,0,48.9,49.5,,42.0,53.4,45.1,81,4193000,-474800,42.0,,,15.83,83728,,1,2000
1790528786,2026-09-27T17:06:26Z,320274,1790208587,6.1.187-android14-11-SAGA,49646d1b0cd1,cc_governor,cc_governor,223828,576312,562515,1195569,338703,2040,90683,87558,177027,282111,86348,28960,adios,0,adios,0,adios,0,49.0,49.3,,42.0,52.3,44.8,81,4192000,-363700,42.0,,,16.04,154128,,1,2000
1790528821,2026-09-27T17:07:01Z,320309,1790208587,6.1.187-android14-11-SAGA,49646d1b0cd1,cc_governor,cc_governor,225379,586361,568266,1211635,342902,2058,90700,88562,177591,283734,86891,29337,adios,0,adios,0,adios,0,48.7,48.8,,42.0,53.4,44.7,81,4190000,-375900,42.0,,,15.87,118552,,1,2000
1790528856,2026-09-27T17:07:36Z,320345,1790208587,6.1.187-android14-11-SAGA,49646d1b0cd1,cc_governor,cc_governor,226812,596209,574095,1227533,347297,2068,90708,89823,177842,285265,87139,29732,adios,0,adios,0,adios,0,48.7,49.3,,42.0,51.1,44.5,81,4193000,-257500,42.0,,,15.88,109700,,1,2000
1790528891,2026-09-27T17:08:11Z,320380,1790208587,6.1.187-android14-11-SAGA,49646d1b0cd1,cc_governor,cc_governor,227409,604389,577575,1239470,350165,2080,90746,91018,178162,286808,87416,30123,adios,0,adios,0,adios,0,48.4,48.8,,41.0,50.9,44.4,81,4188000,-509000,41.0,,,15.64,102472,,1,2000
1790528927,2026-09-27T17:08:47Z,320415,1790208587,6.1.187-android14-11-SAGA,49646d1b0cd1,cc_governor,cc_governor,227883,614271,578821,1250887,350935,2097,90755,92425,178247,288320,87492,30521,adios,0,adios,0,adios,0,48.0,48.2,,41.0,52.1,44.3,81,4187000,-440000,41.0,,,15.75,98372,,1,2000
1790528962,2026-09-27T17:09:22Z,320451,1790208587,6.1.187-android14-11-SAGA,49646d1b0cd1,cc_governor,cc_governor,228452,622764,581116,1261918,352670,2111,90761,93767,178387,289822,87631,30926,adios,0,adios,0,adios,0,47.6,48.4,,41.0,52.4,44.0,81,4185000,-490100,41.0,,,15.55,86288,,1,2000
1790528997,2026-09-27T17:09:57Z,320486,1790208587,6.1.187-android14-11-SAGA,49646d1b0cd1,cc_governor,cc_governor,229052,629367,585537,1273186,356492,2128,90764,94515,179076,291282,88314,31327,adios,0,adios,0,adios,0,47.5,49.8,,41.0,53.0,43.9,80,4162000,-545000,41.0,,,15.34,81896,,1,2000
1790529033,2026-09-27T17:10:33Z,320521,1790208587,6.1.187-android14-11-SAGA,49646d1b0cd1,cc_governor,cc_governor,229931,637904,589410,1285934,359489,2145,91081,95442,180148,293397,89073,31715,adios,0,adios,0,adios,0,47.5,47.6,,41.0,63.2,44.1,80,4182000,-436400,41.0,,,16.06,103096,,1,2000
1790529068,2026-09-27T17:11:08Z,320557,1790208587,6.1.187-android14-11-SAGA,49646d1b0cd1,cc_governor,cc_governor,231282,644934,595424,1299562,364142,2178,91520,96715,181266,295842,89746,32132,adios,0,adios,0,adios,0,47.3,47.9,,41.0,51.6,43.7,80,4183000,-526100,41.0,,,16.24,93732,,1,2000
1790529104,2026-09-27T17:11:44Z,320592,1790208587,6.1.187-android14-11-SAGA,49646d1b0cd1,cc_governor,cc_governor,231955,651871,600070,1311415,368115,2195,91531,98036,181506,297449,89975,32530,adios,0,adios,0,adios,0,47.8,47.7,,41.0,50.4,43.5,80,4188000,-336900,41.0,,,16.29,100044,,1,2000
1790529139,2026-09-27T17:12:19Z,320627,1790208587,6.1.187-android14-11-SAGA,49646d1b0cd1,cc_governor,cc_governor,232399,659804,603208,1322796,370809,2211,91543,99374,181636,298953,90093,32929,adios,0,adios,0,adios,0,46.9,47.2,,41.0,51.6,43.3,80,4185000,-281900,40.0,,,15.74,84052,,1,2000
1790529174,2026-09-27T17:12:54Z,320663,1790208587,6.1.187-android14-11-SAGA,49646d1b0cd1,cc_governor,cc_governor,232838,667192,606300,1333533,373462,2226,91543,100215,182122,300306,90579,33310,adios,0,adios,0,adios,0,46.5,46.6,,40.0,50.0,43.2,80,4185000,-381400,40.0,,,15.51,85820,,1,2000
1790529209,2026-09-27T17:13:29Z,320698,1790208587,6.1.187-android14-11-SAGA,49646d1b0cd1,cc_governor,cc_governor,233599,673380,612034,1345758,378435,2240,91647,101275,182720,301991,91073,33692,adios,0,adios,0,adios,0,46.6,47.5,,40.0,50.1,43.2,80,4184000,-383900,40.0,,,15.29,121840,,1,2000
1790529245,2026-09-27T17:14:05Z,320733,1790208587,6.1.187-android14-11-SAGA,49646d1b0cd1,cc_governor,cc_governor,234059,682411,614095,1357184,380036,2251,91650,102648,182797,303472,91147,34101,adios,0,adios,0,adios,0,46.6,48.3,,40.0,50.7,43.2,80,4183000,-496800,40.0,,,15.66,112656,,1,2000
1790529280,2026-09-27T17:14:40Z,320769,1790208587,6.1.187-android14-11-SAGA,49646d1b0cd1,cc_governor,cc_governor,234790,691532,617173,1369700,382376,2262,91721,103589,183538,305197,91817,34500,adios,0,adios,0,adios,0,47.0,47.4,,40.0,50.8,43.2,80,4185000,-324000,40.0,,,15.48,121772,,1,2000
1790529315,2026-09-27T17:15:15Z,320804,1790208587,6.1.187-android14-11-SAGA,49646d1b0cd1,cc_governor,cc_governor,235379,698390,621735,1381421,386356,2277,91743,104142,184407,306650,92664,34888,adios,0,adios,0,adios,0,46.4,46.9,,40.0,50.8,43.3,80,4186000,-266100,40.0,,,15.91,104756,,1,2000
1790529350,2026-09-27T17:15:50Z,320839,1790208587,6.1.187-android14-11-SAGA,49646d1b0cd1,cc_governor,cc_governor,237788,706144,629803,1397837,392015,2294,92944,105940,186385,310683,93441,35280,adios,0,adios,0,adios,0,48.3,49.2,,40.0,51.4,43.9,80,4168000,-542600,40.0,,,15.69,162260,,1,2000
1790529386,2026-09-27T17:16:26Z,320874,1790208587,6.1.187-android14-11-SAGA,49646d1b0cd1,cc_governor,cc_governor,239002,712296,637376,1411897,398386,2312,93004,106513,187737,312640,94742,35672,adios,0,adios,0,adios,0,48.9,50.4,,40.0,51.4,44.0,80,4171000,-379000,40.0,,,15.53,120692,,1,2000
1790529421,2026-09-27T17:17:01Z,320909,1790208587,6.1.187-android14-11-SAGA,49646d1b0cd1,cc_governor,cc_governor,239834,718466,642995,1423995,403160,2328,93015,107273,188593,314299,95578,36057,adios,0,adios,0,adios,0,47.9,48.6,,40.0,51.5,44.0,80,4177000,-283200,40.0,,,15.50,121600,,1,2000
1790529456,2026-09-27T17:17:36Z,320944,1790208587,6.1.187-android14-11-SAGA,49646d1b0cd1,cc_governor,cc_governor,240366,727786,645093,1435686,404727,2344,93025,108680,188660,315806,95635,36439,adios,0,adios,0,adios,0,48.2,48.6,,41.0,51.4,44.1,80,4169000,-463200,41.0,,,15.51,116680,,1,2000
1790529491,2026-09-27T17:18:11Z,320980,1790208587,6.1.187-android14-11-SAGA,49646d1b0cd1,cc_governor,cc_governor,240869,733914,650027,1447044,409142,2359,93033,109129,189646,317263,96613,36829,adios,0,adios,0,adios,0,48.4,48.8,,41.0,51.3,44.2,80,4176000,-341700,41.0,,,15.72,114396,,1,2000
1790529527,2026-09-27T17:18:47Z,321015,1790208587,6.1.187-android14-11-SAGA,49646d1b0cd1,cc_governor,cc_governor,242076,742467,654312,1460333,412233,2374,93464,110395,190837,320085,97373,37225,adios,0,adios,0,adios,0,50.0,50.3,,41.0,52.8,44.9,80,4175000,-317300,41.0,,,15.59,326144,,1,2000
1790529562,2026-09-27T17:19:22Z,321050,1790208587,6.1.187-android14-11-SAGA,49646d1b0cd1,cc_governor,cc_governor,242667,748602,659172,1471627,416505,2388,93474,111043,191577,321555,98103,37610,adios,0,adios,0,adios,0,48.6,49.5,,41.0,53.2,44.6,80,4173000,-405800,41.0,,,15.73,328288,,1,2000
1790529597,2026-09-27T17:19:57Z,321086,1790208587,6.1.187-android14-11-SAGA,49646d1b0cd1,cc_governor,cc_governor,244209,755971,664707,1485012,420493,2411,94404,112434,193158,324573,98761,37978,adios,0,adios,0,adios,0,51.8,52.5,,41.0,55.7,45.5,80,4169000,-487600,41.0,,,16.15,93732,,1,2000
1790529633,2026-09-27T17:20:33Z,321121,1790208587,6.1.187-android14-11-SAGA,49646d1b0cd1,cc_governor,cc_governor,245179,765865,667059,1497641,421879,2429,94907,113835,194080,327050,99173,38358,adios,0,adios,0,adios,0,49.1,49.3,,41.0,53.3,44.9,79,4163000,-477200,41.0,,,15.94,98860,,1,2000
1790529668,2026-09-27T17:21:08Z,321156,1790208587,6.1.187-android14-11-SAGA,49646d1b0cd1,cc_governor,cc_governor,245839,773419,671050,1509490,425211,2443,94929,115190,194326,328679,99397,38730,adios,0,adios,0,adios,0,48.7,51.0,,41.0,53.4,44.8,79,4168000,-531000,41.0,,,15.60,95484,,1,2000
1790529703,2026-09-27T17:21:43Z,321191,1790208587,6.1.187-android14-11-SAGA,49646d1b0cd1,cc_governor,cc_governor,246276,782442,673123,1520832,426847,2463,94929,116486,194397,330064,99468,39113,adios,0,adios,0,adios,0,48.5,49.5,,41.0,52.8,44.8,79,4174000,-640800,41.0,,,15.64,96772,,1,2000
1790529738,2026-09-27T17:22:18Z,321227,1790208587,6.1.187-android14-11-SAGA,49646d1b0cd1,cc_governor,cc_governor,247083,790704,676883,1533152,429811,2482,95109,117550,195150,331903,100044,39503,adios,0,adios,0,adios,0,49.4,51.6,,41.0,54.0,45.2,79,4163000,-772700,41.0,,,15.65,99620,,1,2000
1790529774,2026-09-27T17:22:54Z,321262,1790208587,6.1.187-android14-11-SAGA,49646d1b0cd1,cc_governor,cc_governor,248843,800427,682063,1548550,433213,2493,95491,118553,196662,334905,101171,39905,adios,0,adios,0,adios,0,49.4,49.9,,41.0,53.0,45.3,79,4136000,-749500,41.0,,,16.04,367028,,1,2000
1790529809,2026-09-27T17:23:29Z,321297,1790208587,6.1.187-android14-11-SAGA,49646d1b0cd1,cc_governor,cc_governor,249197,809286,683414,1558974,434217,2510,95494,119806,196707,336228,101213,40287,adios,0,adios,0,adios,0,49.7,51.2,,42.0,54.4,45.6,79,4144000,-540100,41.0,,,15.79,372244,,1,2000
1790529844,2026-09-27T17:24:04Z,321332,1790208587,6.1.187-android14-11-SAGA,49646d1b0cd1,cc_governor,cc_governor,249647,817192,686178,1569964,436531,2525,95500,120665,197228,337644,101728,40680,adios,0,adios,0,adios,0,49.5,50.1,,42.0,54.3,46.0,79,4167000,-222700,42.0,,,15.90,359592,,1,2000
1790529880,2026-09-27T17:24:40Z,321368,1790208587,6.1.187-android14-11-SAGA,49646d1b0cd1,cc_governor,cc_governor,250767,824943,691110,1583065,440353,2539,95961,122124,198132,340044,102176,41092,adios,0,adios,0,adios,0,50.2,50.8,,43.0,54.1,46.4,79,4163000,-480900,43.0,,,15.86,356824,,1,2000
1790529915,2026-09-27T17:25:15Z,321403,1790208587,6.1.187-android14-11-SAGA,49646d1b0cd1,cc_governor,cc_governor,251392,831499,696253,1595064,444861,2556,95966,123212,198533,341573,102567,41466,adios,0,adios,0,adios,0,50.9,52.0,,43.0,55.4,46.9,79,4141000,-711000,43.0,,,15.59,320728,,1,2000
1790529950,2026-09-27T17:25:50Z,321439,1790208587,6.1.187-android14-11-SAGA,49646d1b0cd1,cc_governor,cc_governor,252056,837063,702366,1607125,450309,2580,95974,123739,199487,343090,103513,41860,adios,0,adios,0,adios,0,51.4,51.8,,43.0,54.9,47.2,79,4136000,-666500,43.0,,,15.49,260256,,1,2000
1790529986,2026-09-27T17:26:26Z,321474,1790208587,6.1.187-android14-11-SAGA,49646d1b0cd1,cc_governor,cc_governor,252559,845075,705584,1618608,453025,2603,96009,125075,199641,344605,103632,42244,adios,0,adios,0,adios,0,51.5,52.3,,44.0,55.3,47.6,79,4158000,-766600,43.0,,,15.47,275768,,1,2000
1790530021,2026-09-27T17:27:01Z,321509,1790208587,6.1.187-android14-11-SAGA,49646d1b0cd1,cc_governor,cc_governor,253154,852821,709252,1630258,456095,2614,96014,126341,199782,346040,103768,42631,adios,0,adios,0,adios,0,52.1,52.2,,44.0,55.6,47.9,78,4121000,-747000,44.0,,,15.33,283528,,1,2000
1790530056,2026-09-27T17:27:36Z,321545,1790208587,6.1.187-android14-11-SAGA,49646d1b0cd1,cc_governor,cc_governor,253657,859514,713509,1641485,459852,2635,96021,127288,200205,347434,104184,42995,adios,0,adios,0,adios,0,51.9,52.8,,44.0,57.2,48.3,78,4146000,-854400,44.0,,,15.67,271124,,1,2000
1790530092,2026-09-27T17:28:12Z,321580,1790208587,6.1.187-android14-11-SAGA,49646d1b0cd1,cc_governor,cc_governor,254207,867962,716182,1652897,461975,2650,96043,128609,200325,348902,104282,43363,adios,0,adios,0,adios,0,52.3,52.8,,44.0,57.7,48.5,78,4157000,-693300,45.0,,,15.73,271176,,1,2000
1790530127,2026-09-27T17:28:47Z,321615,1790208587,6.1.187-android14-11-SAGA,49646d1b0cd1,cc_governor,cc_governor,254978,873353,722698,1665046,467725,2664,96396,129752,200987,350735,104596,43727,adios,0,adios,0,adios,0,52.1,52.4,,45.0,55.3,48.5,78,4159000,-498000,45.0,,,15.61,254236,,1,2000
1790530162,2026-09-27T17:29:22Z,321650,1790208587,6.1.187-android14-11-SAGA,49646d1b0cd1,cc_governor,cc_governor,256417,877446,731713,1678612,475296,2677,96723,130124,202829,352975,106106,44100,adios,0,adios,0,adios,0,52.7,53.7,,46.0,56.5,48.8,78,4156000,-436400,45.0,,,15.73,235052,,1,2000
1790530198,2026-09-27T17:29:58Z,321686,1790208587,6.1.187-android14-11-SAGA,49646d1b0cd1,cc_governor,cc_governor,256846,884497,735118,1689322,478272,2697,96728,130941,203386,354388,106658,44485,adios,0,adios,0,adios,0,52.6,53.4,,45.0,59.8,49.0,78,4147000,-500400,45.0,,,15.69,216712,,1,2000
1790530233,2026-09-27T17:30:33Z,321721,1790208587,6.1.187-android14-11-SAGA,49646d1b0cd1,cc_governor,cc_governor,264427,891708,749828,1713615,485426,2733,99884,133111,209604,363464,109729,44937,adios,0,adios,0,adios,0,63.9,62.8,,46.0,60.3,51.3,78,4137000,-533400,46.0,,,21.40,118720,,1,2000
1790530269,2026-09-27T17:31:09Z,321757,1790208587,6.1.187-android14-11-SAGA,49646d1b0cd1,cc_governor,cc_governor,267396,900241,759243,1732332,491845,2749,100865,133461,212172,366510,111307,45332,adios,0,adios,0,adios,0,54.4,54.8,,46.0,58.1,50.1,78,4146000,-615200,46.0,,,19.11,111224,,1,2000
1790530304,2026-09-27T17:31:44Z,321792,1790208587,6.1.187-android14-11-SAGA,49646d1b0cd1,cc_governor,cc_governor,268768,909008,765637,1747732,496867,2761,100888,134727,212390,368026,111502,45739,adios,0,adios,0,adios,0,53.8,54.7,,46.0,57.5,50.0,78,4140000,-590800,46.0,,,17.41,103920,,1,2000
1790530339,2026-09-27T17:32:19Z,321828,1790208587,6.1.187-android14-11-SAGA,49646d1b0cd1,cc_governor,cc_governor,269221,918718,766890,1758957,497662,2775,100899,136129,212445,369502,111546,46119,adios,0,adios,0,adios,0,54.1,55.6,,47.0,58.2,50.1,77,4147000,-708600,47.0,,,16.47,102088,,1,2000
1790530374,2026-09-27T17:32:55Z,321863,1790208587,6.1.187-android14-11-SAGA,49646d1b0cd1,cc_governor,cc_governor,269827,928654,768705,1770979,498878,2785,100901,137514,212516,370987,111615,46508,adios,0,adios,0,adios,0,54.4,54.9,,47.0,57.6,50.2,77,4144000,-674400,46.0,,,16.20,96720,,1,2000
1790530410,2026-09-27T17:33:30Z,321898,1790208587,6.1.187-android14-11-SAGA,49646d1b0cd1,cc_governor,cc_governor,270170,937566,770253,1781757,500083,2796,100905,138848,212557,372387,111652,46877,adios,0,adios,0,adios,0,54.1,55.0,,46.0,57.8,50.3,77,4117000,-783000,47.0,,,16.43,96476,,1,2000
1790530445,2026-09-27T17:34:05Z,321933,1790208587,6.1.187-android14-11-SAGA,49646d1b0cd1,cc_governor,cc_governor,270693,943939,774725,1792906,504032,2809,100913,139425,213376,373807,112463,47265,adios,0,adios,0,adios,0,54.3,55.0,,47.0,57.9,50.3,77,4141000,-850800,47.0,,,15.89,105692,,1,2000
1790530480,2026-09-27T17:34:40Z,321969,1790208587,6.1.187-android14-11-SAGA,49646d1b0cd1,cc_governor,cc_governor,272216,951502,779735,1805839,507537,2822,101571,141000,214386,376469,112822,47651,adios,0,adios,0,adios,0,54.7,55.8,,47.0,58.4,50.7,77,4120000,-490100,47.0,,,15.76,120000,,1,2000
1790530516,2026-09-27T17:35:16Z,322004,1790208587,6.1.187-android14-11-SAGA,49646d1b0cd1,cc_governor,cc_governor,272756,959601,782559,1817061,509803,2843,101571,141897,214948,377956,113377,48016,adios,0,adios,0,adios,0,54.9,57.5,,47.0,59.0,50.9,77,4086000,-930100,47.0,,,15.58,124692,,1,2000
1790530551,2026-09-27T17:35:51Z,322039,1790208587,6.1.187-android14-11-SAGA,49646d1b0cd1,cc_governor,cc_governor,273614,968754,785552,1829483,511938,2862,101933,143378,215432,379954,113499,48414,adios,0,adios,0,adios,0,54.8,55.8,,47.0,59.6,51.0,77,4137000,-660400,48.0,,,15.71,124620,,1,2000
1790530586,2026-09-27T17:36:26Z,322075,1790208587,6.1.187-android14-11-SAGA,49646d1b0cd1,cc_governor,cc_governor,274054,976189,788900,1840580,514845,2874,101962,144247,215993,381413,114031,48799,adios,0,adios,0,adios,0,55.3,56.1,,47.0,63.2,51.0,77,4128000,-496800,47.0,,,15.65,105912,,1,2000
1790530621,2026-09-27T17:37:01Z,322110,1790208587,6.1.187-android14-11-SAGA,49646d1b0cd1,cc_governor,cc_governor,274764,984307,792629,1852733,517862,2886,101979,145423,216292,382910,114313,49195,adios,0,adios,0,adios,0,54.7,55.0,,48.0,59.9,51.1,77,4142000,-556600,48.0,,,15.47,118452,,1,2000
1790530657,2026-09-27T17:37:37Z,322145,1790208587,6.1.187-android14-11-SAGA,49646d1b0cd1,cc_governor,cc_governor,275980,992754,796720,1865613,520739,2899,102344,147105,216754,385093,114410,49588,adios,0,adios,0,adios,0,57.3,58.8,,48.0,59.3,51.6,76,4135000,-397900,47.0,,,15.54,109512,,1,2000
1790530692,2026-09-27T17:38:12Z,322180,1790208587,6.1.187-android14-11-SAGA,49646d1b0cd1,cc_governor,cc_governor,276443,999827,800356,1876739,523923,2916,102376,147662,217748,386727,115375,49962,adios,0,adios,0,adios,0,55.2,55.4,,48.0,59.8,51.2,76,4122000,-825100,48.0,,,15.41,109776,,1,2000
1790530727,2026-09-27T17:38:47Z,322216,1790208587,6.1.187-android14-11-SAGA,49646d1b0cd1,cc_governor,cc_governor,285112,1006148,814090,1899017,529004,3006,108095,148643,226332,396728,118244,50646,adios,0,adios,0,adios,0,71.6,73.4,,48.0,74.4,56.6,76,4092000,-1473300,48.0,,,20.68,16868,,1,2000
1790530767,2026-09-27T17:39:27Z,322256,1790208587,6.1.187-android14-11-SAGA,49646d1b0cd1,cc_governor,cc_governor,299109,1007507,840878,1931478,541778,3236,120690,149428,245364,421706,124674,51402,adios,0,adios,0,adios,0,57.4,57.8,,48.0,60.2,52.0,76,4126000,-509000,48.0,,,19.48,115272,,1,2000
1790530842,2026-09-27T17:40:42Z,322330,1790208587,6.1.187-android14-11-SAGA,49646d1b0cd1,cc_governor,cc_governor,19,36,145,223,140,0,161,2,230,246,74,17,adios,0,adios,0,adios,0,55.0,54.3,,47.0,57.5,49.4,76,4138000,-245900,47.0,,,26.90,108536,,1,2000
1790530983,2026-09-27T17:43:03Z,322471,1790208587,6.1.187-android14-11-SAGA,49646d1b0cd1,cc_governor,cc_governor,17,0,286,308,283,2,228,0,315,319,90,0,adios,0,adios,0,adios,0,55.4,54.3,,47.0,54.3,49.5,76,4138000,-402800,47.0,,,56.01,141352,,1,2000
1790531130,2026-09-27T17:45:30Z,322619,1790208587,6.1.187-android14-11-SAGA,49646d1b0cd1,cc_governor,cc_governor,0,0,88,108,100,1,16,0,58,60,46,17,adios,0,adios,0,adios,0,54.7,52.5,,47.0,55.0,48.9,76,4142000,-354600,47.0,,,47.57,125980,,1,2000
1790531238,2026-09-27T17:47:18Z,322727,1790208587,6.1.187-android14-11-SAGA,49646d1b0cd1,cc_governor,cc_governor,5,0,85,112,87,0,48,0,104,106,59,18,adios,0,adios,0,adios,0,54.2,50.2,,46.0,55.0,47.6,76,4135000,-575500,46.0,,,34.11,107548,,1,2000
1790531354,2026-09-27T17:49:14Z,322842,1790208587,6.1.187-android14-11-SAGA,49646d1b0cd1,cc_governor,cc_governor,19,0,156,184,147,0,23,0,85,103,18,1,adios,0,adios,0,adios,0,48.8,48.2,,43.0,50.6,44.4,76,4132000,-371000,43.0,,,46.79,117084,,1,2000
1790531554,2026-09-27T17:52:34Z,323043,1790208587,6.1.187-android14-11-SAGA,49646d1b0cd1,cc_governor,cc_governor,14979,1171,20077,24072,5100,27,6515,1014,10860,12966,4372,85,adios,0,adios,0,adios,0,54.3,54.8,,43.0,61.9,47.8,75,4109000,-684800,43.0,,,36.85,79216,,1,2000
1790531609,2026-09-27T17:53:29Z,323098,1790208587,6.1.187-android14-11-SAGA,49646d1b0cd1,cc_governor,cc_governor,0,0,20,25,27,0,33,0,78,81,51,8,adios,0,adios,0,adios,0,48.1,48.9,,42.0,51.2,44.5,75,4131000,-295400,42.0,,,27.42,224604,,1,2000
1790531689,2026-09-27T17:54:49Z,323177,1790208587,6.1.187-android14-11-SAGA,49646d1b0cd1,cc_governor,cc_governor,4,0,299,309,305,0,39,0,90,95,57,21,adios,0,adios,0,adios,0,47.0,46.4,,41.0,50.2,43.0,75,4119000,-538900,41.0,,,22.49,174200,,1,2000
1790531861,2026-09-27T17:57:41Z,323349,1790208587,6.1.187-android14-11-SAGA,49646d1b0cd1,cc_governor,cc_governor,23,0,351,378,339,0,226,0,330,337,109,17,adios,0,adios,0,adios,0,46.4,45.3,,40.0,46.3,41.4,75,4140000,-213600,40.0,,,19.75,121184,,1,2000
1790532172,2026-09-27T18:02:52Z,323660,1790208587,6.1.187-android14-11-SAGA,49646d1b0cd1,cc_governor,cc_governor,7,0,20,122,40,0,20,0,54,56,38,10,adios,0,adios,0,adios,0,43.4,43.3,,39.0,51.6,41.5,75,4079000,-1082100,38.0,,,18.31,68776,,1,2000
1790532242,2026-09-27T18:04:02Z,323730,1790208587,6.1.187-android14-11-SAGA,49646d1b0cd1,cc_governor,cc_governor,21063,1245,35510,44176,14431,97,11715,1003,20599,26288,8873,420,adios,0,adios,0,adios,0,55.8,55.7,51.7,39.0,58.5,45.7,75,4063000,-1481300,39.0,,,23.13,147760,,1,2000
1790532279,2026-09-27T18:04:39Z,323767,1790208587,6.1.187-android14-11-SAGA,49646d1b0cd1,cc_governor,cc_governor,39087,7961,66025,86410,26947,138,18411,4048,34477,45665,16067,843,adios,0,adios,0,adios,0,56.3,55.2,52.9,39.0,58.7,46.2,75,4101000,-695800,39.0,,,21.55,129420,,1,2000
1790532323,2026-09-27T18:05:23Z,323812,1790208587,6.1.187-android14-11-SAGA,49646d1b0cd1,cc_governor,cc_governor,19454,2772,28414,34456,8943,33,8087,1084,12887,15345,4794,107,adios,0,adios,0,adios,0,50.5,50.5,,39.0,53.6,44.5,75,4100000,-515700,39.0,,,20.30,83448,,1,2000
1790532359,2026-09-27T18:05:59Z,323847,1790208587,6.1.187-android14-11-SAGA,49646d1b0cd1,cc_governor,cc_governor,47297,12277,65144,84450,17857,64,16055,5324,26509,34709,10459,497,adios,0,adios,0,adios,0,53.6,52.3,50.8,39.0,56.0,45.3,74,4104000,-515700,39.0,,,19.14,101192,,1,2000
1790532394,2026-09-27T18:06:34Z,323883,1790208587,6.1.187-android14-11-SAGA,49646d1b0cd1,cc_governor,cc_governor,1408,0,2729,2773,1313,2,93,10,237,253,144,18,adios,0,adios,0,adios,0,48.4,49.0,,40.0,49.8,40.8,74,4096000,-331400,39.0,,,18.85,171112,,1,2000
1790532527,2026-09-27T18:08:47Z,324015,1790208587,6.1.187-android14-11-SAGA,49646d1b0cd1,cc_governor,cc_governor,8,0,283,307,285,0,52,0,117,125,70,19,adios,0,adios,0,adios,0,46.4,44.6,,39.0,47.0,41.1,74,4124000,-345400,39.0,,,17.46,120808,,1,2000
1790532655,2026-09-27T18:10:55Z,324143,1790208587,6.1.187-android14-11-SAGA,49646d1b0cd1,cc_governor,cc_governor,27,0,161,183,141,0,48,0,105,112,64,19,adios,0,adios,0,adios,0,46.1,46.9,,39.0,49.6,41.7,74,4117000,-427200,39.0,,,17.30,121612,,1,2000
1790532773,2026-09-27T18:12:53Z,324262,1790208587,6.1.187-android14-11-SAGA,49646d1b0cd1,cc_governor,cc_governor,35,0,371,420,347,0,28,0,142,162,118,16,adios,0,adios,0,adios,0,45.2,45.6,,39.0,48.1,41.6,74,4122000,-234300,39.0,,,16.91,122000,,1,2000
1790532828,2026-09-27T18:13:48Z,324316,1790208587,6.1.187-android14-11-SAGA,49646d1b0cd1,cc_governor,cc_governor,8219,293,15589,18033,7365,52,5716,156,10679,11703,4983,60,adios,0,adios,0,adios,0,50.6,52.1,,39.0,55.4,44.2,74,4111000,-330200,39.0,,,33.67,130336,,1,2000
1790532866,2026-09-27T18:14:26Z,324354,1790208587,6.1.187-android14-11-SAGA,49646d1b0cd1,cc_governor,cc_governor,97,0,811,855,725,0,141,0,262,263,13,0,adios,0,adios,0,adios,0,48.3,49.4,,39.0,51.0,43.4,74,4110000,-280100,39.0,,,26.73,267768,,1,2000
1790532956,2026-09-27T18:15:56Z,324444,1790208587,6.1.187-android14-11-SAGA,49646d1b0cd1,cc_governor,cc_governor,3,0,79,86,95,0,23,0,79,81,60,13,adios,0,adios,0,adios,0,45.4,48.4,,39.0,50.5,41.3,74,4111000,-374700,39.0,,,21.51,116212,,1,2000
1790533125,2026-09-27T18:18:45Z,324613,1790208587,6.1.187-android14-11-SAGA,49646d1b0cd1,cc_governor,cc_governor,66,0,305,342,260,0,108,0,227,237,127,13,adios,0,adios,0,adios,0,45.4,43.0,,38.0,44.3,40.5,74,4103000,-359400,38.0,,,18.92,107772,,1,2000
1790533203,2026-09-27T18:20:03Z,324691,1790208587,6.1.187-android14-11-SAGA,49646d1b0cd1,cc_governor,cc_governor,14109,419,18238,21883,4026,15,7978,286,11446,13149,3418,125,adios,0,adios,0,adios,3,60.0,62.7,54.5,38.0,56.9,44.8,74,4077000,-756200,38.0,,,20.87,96636,,1,2000
1790533240,2026-09-27T18:20:40Z,324728,1790208587,6.1.187-android14-11-SAGA,49646d1b0cd1,cc_governor,cc_governor,46624,3455,64643,79341,18017,88,24438,2451,39715,47902,15261,638,adios,0,adios,0,adios,0,65.0,64.5,57.5,38.0,63.8,47.2,73,4071000,-698200,38.0,,,24.98,158892,,1,2000
1790533279,2026-09-27T18:21:19Z,324767,1790208587,6.1.187-android14-11-SAGA,49646d1b0cd1,cc_governor,cc_governor,79379,9063,111169,136005,31777,154,38457,3985,59944,71541,21487,1267,adios,0,adios,0,adios,0,48.9,48.2,,38.0,53.2,42.7,73,4086000,-664000,38.0,,,22.23,94224,,1,2000
1790533314,2026-09-27T18:21:54Z,324803,1790208587,6.1.187-android14-11-SAGA,49646d1b0cd1,cc_governor,cc_governor,452,3426,5624,9365,5186,4,938,294,1672,2032,736,82,adios,0,adios,0,adios,0,44.5,45.2,,38.0,49.4,40.8,73,4105000,-358200,38.0,,,25.68,125688,,1,2000
1790533371,2026-09-27T18:22:51Z,324859,1790208587,6.1.187-android14-11-SAGA,49646d1b0cd1,cc_governor,cc_governor,401,903,2631,3768,2241,4,139,100,588,711,454,24,adios,0,adios,0,adios,0,45.4,45.4,,37.0,49.2,40.6,73,4107000,-745800,37.0,,,21.27,124636,,1,2000
1790533429,2026-09-27T18:23:49Z,324918,1790208587,6.1.187-android14-11-SAGA,49646d1b0cd1,cc_governor,cc_governor,1,0,173,187,181,0,10,0,87,90,82,12,adios,0,adios,0,adios,0,43.7,41.5,,37.0,45.0,39.0,73,4108000,-759800,37.0,,,18.53,165344,,1,2000
1790534098,2026-09-27T18:34:58Z,325587,1790208587,6.1.187-android14-11-SAGA,49646d1b0cd1,cc_governor,cc_governor,39,0,299,330,277,0,220,0,342,356,128,17,adios,0,adios,0,adios,0,42.0,43.9,,36.0,47.3,38.8,73,4101000,-462000,36.0,,,17.74,104152,,1,2000
1790534199,2026-09-27T18:36:39Z,325687,1790208587,6.1.187-android14-11-SAGA,49646d1b0cd1,cc_governor,cc_governor,6,0,113,139,114,0,57,0,127,131,73,15,adios,0,adios,0,adios,0,41.8,41.9,,36.0,45.9,38.0,73,4104000,-376500,36.0,,,24.65,106332,,1,2000
1790534255,2026-09-27T18:37:35Z,325743,1790208587,6.1.187-android14-11-SAGA,49646d1b0cd1,cc_governor,cc_governor,8,0,96,110,103,0,89,0,153,162,69,17,adios,0,adios,0,adios,0,41.8,44.9,,36.0,43.0,37.3,73,4111000,-790400,36.0,,,63.94,120876,,1,2000
1790534419,2026-09-27T18:40:19Z,325908,1790208587,6.1.187-android14-11-SAGA,49646d1b0cd1,cc_governor,cc_governor,30,24,1285,21,22,0,60,0,86,106,30,7,adios,0,adios,0,adios,0,39.4,40.4,,35.0,40.6,36.9,73,4109000,-253200,36.0,,,55.72,135072,,1,2000
1790534556,2026-09-27T18:42:36Z,326044,1790208587,6.1.187-android14-11-SAGA,49646d1b0cd1,cc_governor,cc_governor,38,180,121,318,84,1,160,102,203,322,47,16,adios,0,adios,0,adios,0,44.0,44.5,,36.0,44.5,38.2,73,4102000,-776300,36.0,,,38.26,122240,,1,2000
1790534667,2026-09-27T18:44:27Z,326155,1790208587,6.1.187-android14-11-SAGA,49646d1b0cd1,cc_governor,cc_governor,22,0,96,104,81,0,102,0,155,37,30,2,adios,0,adios,0,adios,0,42.0,44.6,,37.0,46.4,39.1,73,4104000,-354600,37.0,,,28.03,103560,,1,2000
1790534738,2026-09-27T18:45:38Z,326226,1790208587,6.1.187-android14-11-SAGA,49646d1b0cd1,cc_governor,cc_governor,17,0,197,211,192,0,43,0,166,181,128,12,adios,0,adios,0,adios,0,43.7,43.6,,37.0,44.6,38.6,73,4107000,-258700,37.0,,,22.73,131804,,1,2000
1790534871,2026-09-27T18:47:51Z,326360,1790208587,6.1.187-android14-11-SAGA,49646d1b0cd1,cc_governor,cc_governor,134,1191,1254,2583,1119,2,89,107,257,386,168,25,adios,0,adios,0,adios,0,42.3,40.8,,36.0,45.2,38.1,72,4048000,-1238400,36.0,,,32.07,173712,,1,2000
1790534938,2026-09-27T18:48:58Z,326427,1790208587,6.1.187-android14-11-SAGA,49646d1b0cd1,cc_governor,cc_governor,44,0,711,764,687,0,69,0,180,189,116,21,adios,0,adios,0,adios,0,43.2,43.5,,36.0,42.9,37.9,72,4103000,-308200,36.0,,,25.21,130148,,1,2000
1790535106,2026-09-27T18:51:46Z,326594,1790208587,6.1.187-android14-11-SAGA,49646d1b0cd1,cc_governor,cc_governor,11,0,51,67,63,2,24,0,86,97,67,13,adios,0,adios,0,adios,0,42.5,53.0,48.0,36.0,51.9,40.7,72,4079000,-633500,36.0,,,22.16,87388,,1,2000
1790535143,2026-09-27T18:52:23Z,326632,1790208587,6.1.187-android14-11-SAGA,49646d1b0cd1,cc_governor,cc_governor,9473,4220,19909,27451,10449,63,6000,346,10053,12390,4057,686,adios,0,adios,0,adios,0,44.1,46.2,,36.0,47.2,39.5,72,4068000,-529700,36.0,,,20.54,169640,,1,2000
1790535179,2026-09-27T18:52:59Z,326667,1790208587,6.1.187-android14-11-SAGA,49646d1b0cd1,cc_governor,cc_governor,23126,8646,42871,60344,19744,90,16939,1941,25759,33280,8826,1065,adios,0,adios,0,adios,0,49.8,48.9,47.1,36.0,50.2,42.3,72,4080000,-333800,37.0,,,20.02,119856,,1,2000
1790535214,2026-09-27T18:53:34Z,326702,1790208587,6.1.187-android14-11-SAGA,49646d1b0cd1,cc_governor,cc_governor,30843,15454,62914,92430,32074,123,18199,2877,32133,41391,13945,1454,adios,0,adios,0,adios,0,50.2,54.3,49.9,37.0,54.0,42.7,72,4065000,-562700,37.0,,,19.81,135560,,1,2000
1790535250,2026-09-27T18:54:10Z,326739,1790208587,6.1.187-android14-11-SAGA,49646d1b0cd1,cc_governor,cc_governor,47578,20112,96031,138208,48463,161,20740,4941,43658,55624,22930,1886,adios,0,adios,0,adios,0,48.9,50.3,49.1,37.0,52.4,42.4,72,4061000,-449200,37.0,,,19.20,94020,,1,2000
1790535286,2026-09-27T18:54:46Z,326774,1790208587,6.1.187-android14-11-SAGA,49646d1b0cd1,cc_governor,cc_governor,59065,31797,114193,172420,55127,176,21786,8046,45999,61361,24213,2314,adios,0,adios,0,adios,0,45.1,46.5,,37.0,48.6,40.9,72,4083000,-549900,37.0,,,17.94,109672,,1,2000
1790535365,2026-09-27T18:56:05Z,326854,1790208587,6.1.187-android14-11-SAGA,49646d1b0cd1,cc_governor,cc_governor,4464,33,5676,7076,1156,9,2789,24,3960,4350,1162,116,adios,0,adios,0,adios,0,54.0,53.5,48.4,37.0,53.6,41.8,72,4066000,-532200,37.0,,,17.75,87812,,1,2000
1790535402,2026-09-27T18:56:42Z,326890,1790208587,6.1.187-android14-11-SAGA,49646d1b0cd1,cc_governor,cc_governor,12779,10524,21740,36507,8961,36,4695,1125,8956,10624,4261,619,adios,0,adios,0,adios,0,44.6,44.3,,37.0,47.3,40.3,72,4086000,-319800,37.0,,,17.03,104748,,1,2000
1790535437,2026-09-27T18:57:17Z,326925,1790208587,6.1.187-android14-11-SAGA,49646d1b0cd1,cc_governor,cc_governor,14152,23554,26463,55661,12308,51,4864,3032,9342,13103,4478,1003,adios,0,adios,0,adios,0,44.0,44.4,,37.0,46.9,40.2,72,4086000,-254500,37.0,,,16.60,125076,,1,2000
1790535473,2026-09-27T18:57:53Z,326961,1790208587,6.1.187-android14-11-SAGA,49646d1b0cd1,cc_governor,cc_governor,15155,35588,31883,74180,16719,70,4923,4623,9783,15181,4860,1402,adios,0,adios,0,adios,0,44.6,44.1,,37.0,47.0,40.2,71,4084000,-451600,37.0,,,16.38,126728,,1,2000
1790535530,2026-09-27T18:58:50Z,327019,1790208587,6.1.187-android14-11-SAGA,49646d1b0cd1,cc_governor,cc_governor,0,0,132,164,145,0,39,0,88,90,53,14,adios,0,adios,0,adios,0,43.4,43.7,,37.0,59.6,41.3,71,4079000,-465600,37.0,,,19.92,301092,,1,2000
1790535579,2026-09-27T18:59:39Z,327068,1790208587,6.1.187-android14-11-SAGA,49646d1b0cd1,cc_governor,cc_governor,20618,1827,29254,36840,8641,25,5044,1110,10678,12290,5645,90,adios,0,adios,0,adios,0,50.6,52.5,48.1,37.0,50.1,42.0,71,4071000,-402800,37.0,,,18.57,93756,,1,2000
1790535617,2026-09-27T19:00:17Z,327106,1790208587,6.1.187-android14-11-SAGA,49646d1b0cd1,cc_governor,cc_governor,79,1131,2692,4015,2631,6,156,67,367,498,215,36,adios,0,adios,0,adios,0,43.8,43.8,,37.0,47.6,40.4,71,4086000,-243500,37.0,,,17.40,356296,,1,2000
1790535653,2026-09-27T19:00:53Z,327141,1790208587,6.1.187-android14-11-SAGA,49646d1b0cd1,cc_governor,cc_governor,211,10764,4413,15701,4202,18,156,1155,505,1761,349,429,adios,0,adios,0,adios,0,42.4,43.6,,37.0,47.3,39.7,71,4092000,-183100,37.0,,,16.10,288852,,1,2000
1790535857,2026-09-27T19:04:17Z,327345,1790208587,6.1.187-android14-11-SAGA,49646d1b0cd1,cc_governor,cc_governor,11,0,200,235,19,0,43,0,72,75,35,7,adios,0,adios,0,adios,0,40.5,39.4,,37.0,41.5,38.1,71,4094000,-604200,37.0,,,16.09,117040,,1,2000
1790536399,2026-09-27T19:13:19Z,327887,1790208587,6.1.187-android14-11-SAGA,49646d1b0cd1,cc_governor,cc_governor,73,0,322,378,269,0,23,0,146,151,126,17,adios,0,adios,0,adios,0,41.0,52.3,47.1,36.0,55.4,41.0,71,4067000,-779400,36.0,,,43.19,99624,,1,2000
1790536532,2026-09-27T19:15:32Z,328021,1790208587,6.1.187-android14-11-SAGA,49646d1b0cd1,cc_governor,cc_governor,47,0,235,249,200,0,164,0,263,271,104,15,adios,0,adios,0,adios,0,41.9,42.4,,36.0,46.2,38.6,71,4051000,-818400,36.0,,,31.58,187132,,1,2000
1790536634,2026-09-27T19:17:14Z,328123,1790208587,6.1.187-android14-11-SAGA,49646d1b0cd1,cc_governor,cc_governor,8889,3106,17095,22368,8206,20,3731,286,6337,7059,2606,105,adios,0,adios,0,adios,0,42.5,43.4,,36.0,46.4,39.1,71,4080000,-447900,36.0,,,24.41,101192,,1,2000
1790536670,2026-09-27T19:17:50Z,328158,1790208587,6.1.187-android14-11-SAGA,49646d1b0cd1,cc_governor,cc_governor,10242,12816,23235,39619,12993,31,3888,2009,7434,9990,3546,503,adios,0,adios,0,adios,0,48.4,46.9,,36.0,50.8,40.3,71,4077000,-302100,37.0,,,20.90,85760,,1,2000
1790536705,2026-09-27T19:18:25Z,328194,1790208587,6.1.187-android14-11-SAGA,49646d1b0cd1,cc_governor,cc_governor,25360,23553,46053,77619,20693,65,8821,6809,16585,24757,7764,929,adios,0,adios,0,adios,0,44.1,44.1,,37.0,47.3,40.1,71,4074000,-372300,37.0,,,19.02,85620,,1,2000
1790536741,2026-09-27T19:19:01Z,328229,1790208587,6.1.187-android14-11-SAGA,49646d1b0cd1,cc_governor,cc_governor,44162,35827,69692,117610,25529,93,12262,12632,23476,38881,11214,1297,adios,0,adios,0,adios,0,46.3,47.9,,37.0,48.8,40.9,71,4050000,-548700,37.0,,,18.37,97220,,1,2000
1790536777,2026-09-27T19:19:37Z,328265,1790208587,6.1.187-android14-11-SAGA,49646d1b0cd1,cc_governor,cc_governor,54693,49461,82774,146858,28079,110,13585,16772,25701,45654,12116,1706,adios,0,adios,0,adios,0,44.0,46.1,,37.0,61.8,41.5,71,4055000,-664000,37.0,,,18.78,112948,,1,2000
1790536813,2026-09-27T19:20:13Z,328302,1790208587,6.1.187-android14-11-SAGA,49646d1b0cd1,cc_governor,cc_governor,71863,54930,112373,187697,40510,152,17955,17673,36759,58766,18804,2172,adios,0,adios,0,adios,0,44.7,45.0,,37.0,48.4,40.9,71,4071000,-283200,37.0,,,17.82,193536,,1,2000
1790536849,2026-09-27T19:20:49Z,328337,1790208587,6.1.187-android14-11-SAGA,49646d1b0cd1,cc_governor,cc_governor,81037,70169,123622,217154,42594,165,18878,22076,38076,64710,19147,2585,adios,0,adios,0,adios,0,50.8,50.3,,37.0,50.4,41.6,70,4064000,-490100,37.0,,,17.29,199368,,1,2000
1790536884,2026-09-27T19:21:24Z,328373,1790208587,6.1.187-android14-11-SAGA,49646d1b0cd1,cc_governor,cc_governor,94857,77881,148923,255727,54074,194,21136,23642,45499,74395,24376,2964,adios,0,adios,0,adios,0,51.3,52.1,47.7,38.0,52.5,42.6,70,4072000,-404600,38.0,,,17.78,114584,,1,2000
1790536920,2026-09-27T19:22:00Z,328409,1790208587,6.1.187-android14-11-SAGA,49646d1b0cd1,cc_governor,cc_governor,117061,78703,186975,303051,69939,240,32696,24332,66211,98630,33519,3386,adios,0,adios,0,adios,0,47.6,47.6,,38.0,52.1,42.7,70,4060000,-327700,38.0,,,17.36,81608,,1,2000
1790536956,2026-09-27T19:22:36Z,328444,1790208587,6.1.187-android14-11-SAGA,49646d1b0cd1,cc_governor,cc_governor,129582,92141,204946,339188,75377,275,35132,29784,70204,108890,35079,3769,adios,0,adios,0,adios,0,47.8,49.1,,38.0,51.8,42.3,70,4058000,-745800,38.0,,,17.05,107028,,1,2000
1790536991,2026-09-27T19:23:11Z,328480,1790208587,6.1.187-android14-11-SAGA,49646d1b0cd1,cc_governor,cc_governor,131943,99732,215200,360422,83257,299,37181,31203,75239,115747,38058,4208,adios,0,adios,0,adios,0,45.2,45.6,,38.0,48.5,41.5,70,4069000,-245900,38.0,,,16.35,116400,,1,2000
1790537027,2026-09-27T19:23:47Z,328515,1790208587,6.1.187-android14-11-SAGA,49646d1b0cd1,cc_governor,cc_governor,140759,108766,230479,388054,89720,328,40189,34455,80408,124797,40219,4581,adios,0,adios,0,adios,0,47.3,45.9,,38.0,49.6,41.6,70,4066000,-401600,38.0,,,15.98,104008,,1,2000
1790537062,2026-09-27T19:24:22Z,328551,1790208587,6.1.187-android14-11-SAGA,49646d1b0cd1,cc_governor,cc_governor,148245,118207,243031,412250,94733,351,40829,36430,83621,130900,42791,4972,adios,0,adios,0,adios,0,48.0,51.2,,38.0,50.7,42.6,70,4068000,-409500,38.0,,,16.37,122304,,1,2000
1790537098,2026-09-27T19:24:58Z,328587,1790208587,6.1.187-android14-11-SAGA,49646d1b0cd1,cc_governor,cc_governor,163994,127153,267442,450673,103450,377,45456,41098,92693,146238,47243,5357,adios,0,adios,0,adios,0,46.8,48.7,,38.0,50.4,42.3,70,4064000,-272800,38.0,,,16.65,114508,,1,2000
1790537134,2026-09-27T19:25:34Z,328622,1790208587,6.1.187-android14-11-SAGA,49646d1b0cd1,cc_governor,cc_governor,188968,132311,302399,497819,113430,415,56060,43307,109494,167381,53434,5734,adios,0,adios,0,adios,0,47.8,47.4,,38.0,50.8,42.9,70,4055000,-690900,38.0,,,17.57,160928,,1,2000
1790537169,2026-09-27T19:26:09Z,328657,1790208587,6.1.187-android14-11-SAGA,49646d1b0cd1,cc_governor,cc_governor,201132,144083,319146,529090,118014,440,56942,47433,112622,175706,55680,6110,adios,0,adios,0,adios,0,46.0,47.9,,39.0,49.5,42.1,70,4060000,-459500,39.0,,,17.35,99452,,1,2000
1790537204,2026-09-27T19:26:44Z,328693,1790208587,6.1.187-android14-11-SAGA,49646d1b0cd1,cc_governor,cc_governor,221539,147850,350768,570699,129243,472,70613,48744,132181,198128,61572,6481,adios,0,adios,0,adios,0,52.2,49.8,,39.0,51.4,43.6,70,4058000,-286800,39.0,,,17.75,100132,,1,2000
1790537239,2026-09-27T19:27:19Z,328728,1790208587,6.1.187-android14-11-SAGA,49646d1b0cd1,cc_governor,cc_governor,228299,156314,364667,595961,136368,494,73063,50889,136675,205167,63612,6848,adios,0,adios,0,adios,0,46.5,53.4,,39.0,58.6,44.2,70,4022000,-1043700,39.0,,,17.56,107652,,1,2000
1790537276,2026-09-27T19:27:56Z,328764,1790208587,6.1.187-android14-11-SAGA,49646d1b0cd1,cc_governor,cc_governor,248621,162273,399168,644703,150513,565,80730,53936,152614,225509,71859,7305,adios,0,adios,0,adios,0,55.0,52.8,49.2,39.0,53.4,44.5,69,4022000,-1074200,39.0,,,17.77,135388,,1,2000
1790537328,2026-09-27T19:28:48Z,328816,1790208587,6.1.187-android14-11-SAGA,49646d1b0cd1,cc_governor,cc_governor,4,0,88,101,98,1,60,0,106,108,51,18,adios,0,adios,0,adios,0,44.2,45.5,,39.0,47.7,41.5,69,4064000,-410700,39.0,,,16.95,114128,,1,2000
1790537435,2026-09-27T19:30:35Z,328923,1790208587,6.1.187-android14-11-SAGA,49646d1b0cd1,cc_governor,cc_governor,1,0,91,102,109,2,30,0,74,78,48,14,adios,0,adios,0,adios,0,42.6,42.6,,37.0,44.5,39.2,69,4071000,-240400,38.0,,,16.06,142880,,1,2000
1790537504,2026-09-27T19:31:45Z,328993,1790208587,6.1.187-android14-11-SAGA,49646d1b0cd1,cc_governor,cc_governor,699,956,2063,3175,1361,2,390,62,591,707,201,34,adios,0,adios,0,adios,0,44.3,45.0,,37.0,48.0,39.8,69,4064000,-322800,37.0,,,22.12,128976,,1,2000
1790537697,2026-09-27T19:34:57Z,329185,1790208587,6.1.187-android14-11-SAGA,49646d1b0cd1,cc_governor,cc_governor,21,0,68,106,80,0,39,0,124,145,94,12,adios,0,adios,0,adios,0,46.0,43.3,,36.0,49.5,39.3,69,4061000,-382600,36.0,,,19.48,115936,,1,2000
1790537997,2026-09-27T19:39:57Z,329485,1790208587,6.1.187-android14-11-SAGA,49646d1b0cd1,cc_governor,cc_governor,12,0,194,212,196,0,149,0,220,224,75,17,adios,0,adios,0,adios,0,41.6,43.7,,36.0,46.2,38.4,69,4060000,-335000,36.0,,,17.58,141660,,1,2000
1790538059,2026-09-27T19:40:59Z,329548,1790208587,6.1.187-android14-11-SAGA,49646d1b0cd1,cc_governor,cc_governor,7,0,143,175,154,0,123,0,183,186,65,17,adios,0,adios,0,adios,0,41.4,42.6,,36.0,48.4,38.6,69,4063000,-307000,36.0,,,16.31,133208,,1,2000
1790538139,2026-09-27T19:42:19Z,329627,1790208587,6.1.187-android14-11-SAGA,49646d1b0cd1,cc_governor,cc_governor,8230,405,10594,12688,2373,17,5300,290,7215,8801,1901,119,adios,0,adios,0,adios,100,58.5,52.5,,35.0,66.0,41.8,69,4050000,-694500,36.0,,,16.43,121708,,1,2000
1790538176,2026-09-27T19:42:56Z,329664,1790208587,6.1.187-android14-11-SAGA,49646d1b0cd1,cc_governor,cc_governor,32344,4792,48236,59595,15905,88,16299,1996,26759,32882,10465,593,adios,0,adios,0,adios,0,47.3,46.4,,36.0,60.0,41.3,69,4042000,-662800,36.0,,,17.09,97168,,1,2000
1790538211,2026-09-27T19:43:31Z,329699,1790208587,6.1.187-android14-11-SAGA,49646d1b0cd1,cc_governor,cc_governor,34820,6573,59279,74183,24459,115,17264,2430,29563,36362,11,1,adios,0,adios,0,adios,0,45.8,44.5,,36.0,46.8,39.5,69,4054000,-361900,36.0,,,16.36,124272,,1,2000
1790538289,2026-09-27T19:44:49Z,329778,1790208587,6.1.187-android14-11-SAGA,49646d1b0cd1,cc_governor,cc_governor,83,0,1316,1366,1246,5,71,0,209,219,141,23,adios,0,adios,0,adios,0,43.4,44.4,,36.0,44.0,38.7,69,4057000,-242300,36.0,,,22.52,132724,,1,2000
1790538331,2026-09-27T19:45:31Z,329819,1790208587,6.1.187-android14-11-SAGA,49646d1b0cd1,cc_governor,cc_governor,907,266,8466,10265,7569,10,854,91,1825,2072,974,73,adios,0,adios,0,adios,0,42.3,43.0,,36.0,45.3,38.8,69,4053000,-661600,36.0,,,19.76,121216,,1,2000
1790538366,2026-09-27T19:46:06Z,329854,1790208587,6.1.187-android14-11-SAGA,49646d1b0cd1,cc_governor,cc_governor,1070,1622,17200,22709,16140,24,933,337,3147,3703,2219,472,adios,0,adios,0,adios,0,41.7,42.6,,36.0,45.6,38.7,69,4048000,-291700,36.0,,,17.58,93108,,1,2000
1790538401,2026-09-27T19:46:41Z,329890,1790208587,6.1.187-android14-11-SAGA,49646d1b0cd1,cc_governor,cc_governor,10769,5824,38493,51665,27722,49,8157,2567,17189,21021,9045,989,adios,0,adios,0,adios,0,47.1,47.6,44.8,36.0,50.7,40.8,68,4038000,-568200,36.0,,,18.67,219100,,1,2000
1790538437,2026-09-27T19:47:17Z,329925,1790208587,6.1.187-android14-11-SAGA,49646d1b0cd1,cc_governor,cc_governor,34459,15959,72387,100087,37926,77,12859,7230,28684,37878,15832,1356,adios,0,adios,0,adios,0,47.2,47.6,45.1,37.0,50.9,41.3,68,4025000,-980200,37.0,,,18.36,86188,,1,2000
1790538485,2026-09-27T19:48:05Z,329973,1790208587,6.1.187-android14-11-SAGA,49646d1b0cd1,cc_governor,cc_governor,10,0,525,555,523,0,30,0,124,128,97,23,adios,0,adios,0,adios,0,44.3,44.7,,37.0,45.9,39.2,68,4058000,-263600,37.0,,,18.29,445192,,1,2000
1790538734,2026-09-27T19:52:14Z,330223,1790208587,6.1.187-android14-11-SAGA,49646d1b0cd1,cc_governor,cc_governor,6,0,81,88,83,1,21,0,72,74,56,14,adios,0,adios,0,adios,0,41.5,43.4,,37.0,45.1,39.1,68,4044000,-297200,37.0,,,31.26,436104,,1,2000
1790538859,2026-09-27T19:54:19Z,330347,1790208587,6.1.187-android14-11-SAGA,49646d1b0cd1,cc_governor,cc_governor,0,0,129,139,140,0,3,0,58,62,58,0,adios,0,adios,0,adios,0,42.5,41.6,,37.0,46.0,38.1,68,4059000,-235500,37.0,,,24.19,392312,,1,2000
1790538990,2026-09-27T19:56:30Z,330478,1790208587,6.1.187-android14-11-SAGA,49646d1b0cd1,cc_governor,cc_governor,69,0,285,328,229,0,190,0,300,308,119,20,adios,0,adios,0,adios,0,41.8,42.0,,36.0,44.1,38.2,68,4036000,-454100,36.0,,,20.01,336016,,1,2000
1790539342,2026-09-27T20:02:22Z,330831,1790208587,6.1.187-android14-11-SAGA,49646d1b0cd1,cc_governor,cc_governor,17,0,178,227,177,0,260,0,342,347,89,21,adios,0,adios,0,adios,0,41.5,41.2,,37.0,43.0,37.4,68,4051000,-180600,37.0,,,17.71,230612,,1,2000
1790540130,2026-09-27T20:15:30Z,331618,1790208587,6.1.187-android14-11-SAGA,49646d1b0cd1,cc_governor,cc_governor,5506,3,6226,7548,716,4,2451,38,3577,3864,1144,46,adios,0,adios,0,adios,0,48.5,46.3,,37.0,58.6,40.5,68,4002000,-1235900,37.0,,,17.48,118096,,1,2000
1790540166,2026-09-27T20:16:06Z,331654,1790208587,6.1.187-android14-11-SAGA,49646d1b0cd1,cc_governor,cc_governor,115,0,338,418,245,0,139,0,390,624,13,2,adios,0,adios,0,adios,0,47.6,45.4,,37.0,46.3,39.5,68,4051000,-479700,37.0,,,16.52,120208,,1,2000
1790540207,2026-09-27T20:16:47Z,331695,1790208587,6.1.187-android14-11-SAGA,49646d1b0cd1,cc_governor,cc_governor,19284,2116,31550,37013,12244,31,8319,836,14583,17655,6264,105,adios,0,adios,0,adios,0,46.2,46.4,,37.0,49.0,40.7,68,4030000,-379000,37.0,,,17.03,111164,,1,2000
1790540242,2026-09-27T20:17:22Z,331731,1790208587,6.1.187-android14-11-SAGA,49646d1b0cd1,cc_governor,cc_governor,47628,11464,68782,87591,21138,79,12003,5893,24497,34529,12481,472,adios,0,adios,0,adios,0,47.8,49.8,45.5,37.0,56.9,42.2,67,4033000,-571800,37.0,,,18.68,91040,,1,2000
1790540279,2026-09-27T20:17:59Z,331767,1790208587,6.1.187-android14-11-SAGA,49646d1b0cd1,cc_governor,cc_governor,70409,24685,98715,133789,28309,138,15456,10515,31646,47013,16196,964,adios,0,adios,0,adios,0,45.3,45.6,,37.0,48.7,40.8,67,4027000,-447900,37.0,,,17.49,105236,,1,2000
1790540314,2026-09-27T20:18:34Z,331803,1790208587,6.1.187-android14-11-SAGA,49646d1b0cd1,cc_governor,cc_governor,91538,36630,127949,177668,36416,168,19837,14407,39962,59712,20130,1345,adios,0,adios,0,adios,0,47.0,46.4,,37.0,51.4,41.6,67,4033000,-739700,37.0,,,17.15,128456,,1,2000
1790540350,2026-09-27T20:19:10Z,331839,1790208587,6.1.187-android14-11-SAGA,49646d1b0cd1,cc_governor,cc_governor,111956,39969,161227,218977,49279,194,28402,15402,55007,77212,26611,1752,adios,0,adios,0,adios,0,46.1,47.4,,37.0,53.6,41.5,67,4007000,-480900,37.0,,,17.12,141668,,1,2000
1790540419,2026-09-27T20:20:19Z,331907,1790208587,6.1.187-android14-11-SAGA,49646d1b0cd1,cc_governor,cc_governor,61,541,903,1521,840,1,68,35,167,210,99,24,adios,0,adios,0,adios,0,42.4,43.3,,37.0,41.0,38.0,67,4029000,-253200,37.0,,,16.13,112556,,1,2000
1790540535,2026-09-27T20:22:15Z,332023,1790208587,6.1.187-android14-11-SAGA,49646d1b0cd1,cc_governor,cc_governor,7,0,165,118,18,0,35,0,65,73,35,6,adios,0,adios,0,adios,0,39.7,40.2,,36.0,42.7,37.6,67,4036000,-436400,36.0,,,15.80,101408,,1,2000
1790540728,2026-09-27T20:25:28Z,332216,1790208587,6.1.187-android14-11-SAGA,49646d1b0cd1,cc_governor,cc_governor,36,0,237,270,216,0,175,0,253,257,83,16,adios,0,adios,0,adios,0,41.1,39.6,,36.0,42.9,38.0,67,4038000,-763500,36.0,,,15.93,131652,,1,2000
1790540812,2026-09-27T20:26:52Z,332300,1790208587,6.1.187-android14-11-SAGA,49646d1b0cd1,cc_governor,cc_governor,19765,570,27205,31860,7432,18,11507,416,18074,20031,6572,152,adios,0,adios,0,adios,0,47.7,47.8,,36.0,59.4,41.2,67,4023000,-682900,36.0,,,17.24,115048,,1,2000
1790540848,2026-09-27T20:27:28Z,332336,1790208587,6.1.187-android14-11-SAGA,49646d1b0cd1,cc_governor,cc_governor,31804,2793,50367,60883,18576,39,17418,1261,29010,32709,11596,571,adios,0,adios,0,adios,0,44.0,44.0,,37.0,46.7,40.3,67,4001000,-1038800,37.0,,,16.40,134308,,1,2000
1790540918,2026-09-27T20:28:38Z,332406,1790208587,6.1.187-android14-11-SAGA,49646d1b0cd1,cc_governor,cc_governor,3968,0,5355,6259,1328,33,2476,0,3441,3653,860,68,adios,0,adios,0,adios,0,49.8,49.3,47.8,37.0,51.7,41.3,67,3991000,-1107700,37.0,,,16.04,116164,,1,2000
1790540954,2026-09-27T20:29:14Z,332442,1790208587,6.1.187-android14-11-SAGA,49646d1b0cd1,cc_governor,cc_governor,21726,3765,35587,44606,13850,63,12780,560,20138,23188,7366,499,adios,0,adios,0,adios,0,49.6,50.6,47.6,37.0,52.7,41.7,67,4020000,-436400,37.0,,,17.27,118784,,1,2000
1790540990,2026-09-27T20:29:50Z,332479,1790208587,6.1.187-android14-11-SAGA,49646d1b0cd1,cc_governor,cc_governor,43529,9367,70791,90494,27259,86,17374,2982,33161,40614,15787,943,adios,0,adios,0,adios,0,44.6,44.7,,37.0,47.7,40.5,67,4027000,-268500,37.0,,,16.78,114840,,1,2000
1790541025,2026-09-27T20:30:25Z,332514,1790208587,6.1.187-android14-11-SAGA,49646d1b0cd1,cc_governor,cc_governor,63020,14692,101902,132998,38893,132,26269,5266,48983,60757,22733,1308,adios,0,adios,0,adios,0,48.1,49.4,,37.0,55.0,42.2,66,4021000,-568200,37.0,,,18.96,116588,,1,2000
1790541061,2026-09-27T20:31:01Z,332550,1790208587,6.1.187-android14-11-SAGA,49646d1b0cd1,cc_governor,cc_governor,74371,22863,126074,168962,51719,191,27586,8883,55535,71364,27960,1680,adios,0,adios,0,adios,0,46.8,53.8,46.8,37.0,55.0,42.3,66,4001000,-820300,37.0,,,19.24,113560,,1,2000
1790541098,2026-09-27T20:31:38Z,332586,1790208587,6.1.187-android14-11-SAGA,49646d1b0cd1,cc_governor,cc_governor,104188,23556,173917,225480,69729,240,39265,9342,80781,98545,41521,2126,adios,0,adios,0,adios,0,52.0,51.7,48.0,37.0,56.2,43.5,66,4010000,-681700,38.0,,,19.56,115212,,1,2000
1790541136,2026-09-27T20:32:16Z,332624,1790208587,6.1.187-android14-11-SAGA,49646d1b0cd1,cc_governor,cc_governor,0,0,52,65,57,0,31,0,68,84,41,11,adios,0,adios,0,adios,0,45.5,45.2,,38.0,50.3,41.6,66,3991000,-387500,38.0,,,18.19,117892,,1,2000
1790541185,2026-09-27T20:33:05Z,332673,1790208587,6.1.187-android14-11-SAGA,49646d1b0cd1,cc_governor,cc_governor,79,0,2284,2436,2219,4,542,0,739,792,202,35,adios,0,adios,0,adios,0,43.5,44.6,,37.0,47.9,40.0,66,4029000,-178200,37.0,,,17.04,115900,,1,2000
1790541298,2026-09-27T20:34:58Z,332786,1790208587,6.1.187-android14-11-SAGA,49646d1b0cd1,cc_governor,cc_governor,21,0,158,182,157,0,117,0,172,172,59,15,adios,0,adios,0,adios,0,42.2,42.5,,37.0,42.5,38.8,66,4039000,-162900,37.0,,,15.95,123328,,1,2000
1790541384,2026-09-27T20:36:24Z,332872,1790208587,6.1.187-android14-11-SAGA,49646d1b0cd1,cc_governor,cc_governor,4,0,94,113,97,0,30,0,74,78,49,16,adios,0,adios,0,adios,0,42.7,42.9,,37.0,44.7,39.8,66,4036000,-288000,37.0,,,15.45,121680,,1,2000
1790541463,2026-09-27T20:37:43Z,332951,1790208587,6.1.187-android14-11-SAGA,49646d1b0cd1,cc_governor,cc_governor,42,0,229,253,202,1,268,0,340,341,75,20,adios,0,adios,0,adios,0,43.5,43.9,,37.0,45.9,40.0,66,4038000,-188500,37.0,,,15.17,128248,,1,2000
1790541535,2026-09-27T20:38:55Z,333024,1790208587,6.1.187-android14-11-SAGA,49646d1b0cd1,cc_governor,cc_governor,11,0,14,26,30,0,6,0,31,33,29,11,adios,0,adios,0,adios,0,43.0,43.6,,37.0,44.8,39.9,66,4038000,-310000,37.0,,,15.28,127128,,1,2000
1790541594,2026-09-27T20:39:54Z,333083,1790208587,6.1.187-android14-11-SAGA,49646d1b0cd1,cc_governor,cc_governor,7,0,84,93,86,0,33,0,76,78,47,16,adios,0,adios,0,adios,0,41.7,44.6,,37.0,45.4,40.1,66,4036000,-233100,38.0,,,14.85,128500,,1,2000
1790541650,2026-09-27T20:40:50Z,333138,1790208587,6.1.187-android14-11-SAGA,49646d1b0cd1,cc_governor,cc_governor,20,0,231,280,222,0,9,0,76,86,70,10,adios,0,adios,0,adios,0,43.1,43.6,,37.0,45.3,39.9,66,4038000,-202600,37.0,,,14.97,110456,,1,2000
1790541768,2026-09-27T20:42:48Z,333257,1790208587,6.1.187-android14-11-SAGA,49646d1b0cd1,cc_governor,cc_governor,16,0,147,171,137,0,16,0,59,70,46,17,adios,0,adios,0,adios,0,42.3,43.0,,37.0,44.9,38.4,66,4038000,-322800,37.0,,,21.85,122280,,1,2000
1790541854,2026-09-27T20:44:14Z,333343,1790208587,6.1.187-android14-11-SAGA,49646d1b0cd1,cc_governor,cc_governor,1,0,41,57,58,0,5,0,39,51,49,0,adios,0,adios,0,adios,0,42.2,42.3,,36.0,44.1,37.9,66,4023000,-389400,36.0,,,20.81,129788,,1,2000
1790542027,2026-09-27T20:47:07Z,333515,1790208587,6.1.187-android14-11-SAGA,49646d1b0cd1,cc_governor,cc_governor,9781,1553,14794,18206,5025,6,6480,476,9543,10934,3067,90,adios,0,adios,0,adios,0,44.5,44.9,,36.0,47.1,39.9,66,4032000,-198300,36.0,,,29.42,112432,,1,2000
1790542241,2026-09-27T20:50:41Z,333730,1790208587,6.1.187-android14-11-SAGA,49646d1b0cd1,cc_governor,cc_governor,6045,89,8203,9344,2174,6,3546,39,5764,6343,2242,38,adios,0,adios,0,adios,0,49.3,49.8,,35.0,49.4,39.4,66,4002000,-690900,35.0,,,24.29,195204,,1,2000
1790542292,2026-09-27T20:51:32Z,333780,1790208587,6.1.187-android14-11-SAGA,49646d1b0cd1,cc_governor,cc_governor,5,0,176,201,181,0,177,0,262,267,89,19,adios,0,adios,0,adios,0,38.9,41.3,,35.0,46.1,37.9,65,4026000,-340500,36.0,,,21.50,172364,,1,2000
1790542336,2026-09-27T20:52:16Z,333824,1790208587,6.1.187-android14-11-SAGA,49646d1b0cd1,cc_governor,cc_governor,23516,1183,37910,46518,14364,30,12200,712,21471,23940,9262,428,adios,0,adios,0,adios,0,51.7,51.4,49.2,36.0,53.5,42.1,65,4004000,-807400,36.0,,,22.09,167508,,1,2000
1790542372,2026-09-27T20:52:52Z,333861,1790208587,6.1.187-android14-11-SAGA,49646d1b0cd1,cc_governor,cc_governor,39555,6357,69634,90112,30101,71,14889,2794,31732,37544,16849,865,adios,0,adios,0,adios,0,51.8,51.4,48.2,36.0,52.3,42.0,65,3995000,-632300,36.0,,,20.59,122192,,1,2000
1790542408,2026-09-27T20:53:28Z,333896,1790208587,6.1.187-android14-11-SAGA,49646d1b0cd1,cc_governor,cc_governor,58006,9472,105768,138762,47766,120,20359,4351,46994,56811,26654,1298,adios,0,adios,0,adios,0,50.0,49.9,47.9,37.0,53.5,42.9,65,3993000,-552900,37.0,,,19.77,199360,,1,2000
1790542444,2026-09-27T20:54:04Z,333932,1790208587,6.1.187-android14-11-SAGA,49646d1b0cd1,cc_governor,cc_governor,78134,14710,140143,185066,62033,158,26773,7245,60401,76169,33635,1701,adios,0,adios,0,adios,0,50.5,49.7,,37.0,51.3,43.1,65,4006000,-432700,37.0,,,21.40,118848,,1,2000
1790542479,2026-09-27T20:54:39Z,333967,1790208587,6.1.187-android14-11-SAGA,49646d1b0cd1,cc_governor,cc_governor,92278,19118,169439,223558,77181,185,33756,9840,74566,94498,40819,2097,adios,0,adios,0,adios,0,51.8,52.4,49.7,38.0,55.7,44.0,65,3969000,-1043700,38.0,,,20.63,121860,,1,2000
1790542515,2026-09-27T20:55:15Z,334003,1790208587,6.1.187-android14-11-SAGA,49646d1b0cd1,cc_governor,cc_governor,105731,24296,198563,263625,92855,211,35599,11303,82642,104546,47049,2549,adios,0,adios,0,adios,0,46.9,47.9,,38.0,50.5,42.6,65,4006000,-521800,38.0,,,19.22,112232,,1,2000
1790542550,2026-09-27T20:55:50Z,334039,1790208587,6.1.187-android14-11-SAGA,49646d1b0cd1,cc_governor,cc_governor,120089,35283,221409,302880,101313,237,37263,15699,88183,114959,50920,2934,adios,0,adios,0,adios,0,49.2,49.7,,38.0,53.2,43.2,65,3988000,-555400,38.0,,,19.33,94192,,1,2000
1790542586,2026-09-27T20:56:26Z,334075,1790208587,6.1.187-android14-11-SAGA,49646d1b0cd1,cc_governor,cc_governor,137955,45260,249186,347188,111222,264,39448,18900,95787,126348,56356,3348,adios,0,adios,0,adios,0,56.2,54.0,,38.0,55.1,44.3,64,3987000,-335000,38.0,,,18.87,105196,,1,2000
1790542622,2026-09-27T20:57:02Z,334110,1790208587,6.1.187-android14-11-SAGA,49646d1b0cd1,cc_governor,cc_governor,154247,49090,282151,390910,127931,289,42821,20535,107399,140161,64599,3765,adios,0,adios,0,adios,0,57.9,56.6,51.6,39.0,57.3,44.7,64,3978000,-659100,38.0,,,19.24,148512,,1,2000
1790542658,2026-09-27T20:57:38Z,334146,1790208587,6.1.187-android14-11-SAGA,49646d1b0cd1,cc_governor,cc_governor,170230,61300,305501,432622,135271,318,44809,25107,112675,150395,67866,4180,adios,0,adios,0,adios,0,47.2,49.6,,39.0,53.4,43.1,64,3999000,-379000,39.0,,,18.76,76640,,1,2000
1790542693,2026-09-27T20:58:13Z,334182,1790208587,6.1.187-android14-11-SAGA,49646d1b0cd1,cc_governor,cc_governor,183944,72732,326051,469292,142084,351,46905,28732,118221,159905,71316,4556,adios,0,adios,0,adios,0,52.5,51.7,49.7,39.0,62.4,44.7,64,3970000,-711000,39.0,,,22.38,128320,,1,2000
1790542730,2026-09-27T20:58:50Z,334218,1790208587,6.1.187-android14-11-SAGA,49646d1b0cd1,cc_governor,cc_governor,191421,82361,342488,498256,151066,392,49746,30381,124299,168455,74553,5061,adios,0,adios,0,adios,0,52.9,55.6,55.3,39.0,57.7,44.8,64,3974000,-328900,39.0,,,21.76,545816,,1,2000
1790542766,2026-09-27T20:59:26Z,334255,1790208587,6.1.187-android14-11-SAGA,49646d1b0cd1,cc_governor,cc_governor,203494,88359,367114,533552,163640,436,55863,32897,137510,185035,81651,5504,adios,0,adios,0,adios,0,48.8,51.0,49.3,39.0,58.6,44.5,64,3961000,-747000,39.0,,,21.38,121328,,1,2000
1790542802,2026-09-27T21:00:02Z,334291,1790208587,6.1.187-android14-11-SAGA,49646d1b0cd1,cc_governor,cc_governor,226032,91443,402822,583952,176753,536,79834,35098,170970,225585,91136,5935,adios,0,adios,0,adios,0,56.1,56.1,53.2,39.0,57.9,46.9,64,3984000,-464400,39.0,,,24.89,91084,,1,2000
1790542838,2026-09-27T21:00:38Z,334326,1790208587,6.1.187-android14-11-SAGA,49646d1b0cd1,cc_governor,cc_governor,240804,98046,429101,620789,188308,572,84403,37922,182034,240949,97652,6361,adios,0,adios,0,adios,0,53.6,51.4,,40.0,53.2,44.8,64,3978000,-341700,39.0,,,22.78,83576,,1,2000
1790542873,2026-09-27T21:01:13Z,334362,1790208587,6.1.187-android14-11-SAGA,49646d1b0cd1,cc_governor,cc_governor,247449,104572,446060,648361,198594,607,86250,40443,188071,250111,101841,6758,adios,0,adios,0,adios,0,51.1,52.3,,39.0,57.3,44.2,64,3992000,-299600,39.0,,,20.01,120140,,1,2000
1790542909,2026-09-27T21:01:49Z,334398,1790208587,6.1.187-android14-11-SAGA,49646d1b0cd1,cc_governor,cc_governor,250480,112025,456803,667797,206323,620,87011,42130,190510,254815,103499,7174,adios,0,adios,0,adios,0,47.4,47.6,,39.0,52.5,43.3,64,3991000,-413200,39.0,,,18.53,93912,,1,2000
1790542945,2026-09-27T21:02:25Z,334433,1790208587,6.1.187-android14-11-SAGA,49646d1b0cd1,cc_governor,cc_governor,256048,121351,467071,689420,211024,642,90911,44065,196048,262921,105155,7576,adios,0,adios,0,adios,21,54.3,52.9,,39.0,52.9,44.0,63,3983000,-498000,39.0,,,18.43,121056,,1,2000
1790542988,2026-09-27T21:03:08Z,334476,1790208587,6.1.187-android14-11-SAGA,49646d1b0cd1,cc_governor,cc_governor,0,0,60,75,72,0,32,0,78,82,50,16,adios,0,adios,0,adios,0,46.5,45.6,,39.0,48.6,41.6,63,3990000,-325300,39.0,,,17.09,120048,,1,2000
1790543038,2026-09-27T21:03:58Z,334527,1790208587,6.1.187-android14-11-SAGA,49646d1b0cd1,cc_governor,cc_governor,6628,144,10295,11905,3654,22,3453,58,5421,6430,1968,59,adios,0,adios,0,adios,0,50.0,61.4,53.4,38.0,55.6,43.9,63,3971000,-612700,38.0,,,19.72,131856,,1,2000
1790543076,2026-09-27T21:04:36Z,334564,1790208587,6.1.187-android14-11-SAGA,49646d1b0cd1,cc_governor,cc_governor,29581,3745,48182,61231,18611,107,13872,1843,25294,31457,11426,578,adios,0,adios,0,adios,0,48.1,52.4,,38.0,51.5,42.8,63,3991000,-275200,38.0,,,19.53,162376,,1,2000
1790543111,2026-09-27T21:05:11Z,334600,1790208587,6.1.187-android14-11-SAGA,49646d1b0cd1,cc_governor,cc_governor,37773,13653,61790,88630,24006,148,18461,4956,32631,43070,14202,992,adios,0,adios,0,adios,0,65.2,63.6,,38.0,59.6,45.7,63,3967000,-625600,38.0,,,19.55,102176,,1,2000
1790543149,2026-09-27T21:05:49Z,334638,1790208587,6.1.187-android14-11-SAGA,49646d1b0cd1,cc_governor,cc_governor,55171,22242,89313,129355,34133,298,22369,9674,40926,56890,18569,1492,adios,0,adios,0,adios,0,51.3,52.5,,38.0,59.5,44.5,63,3958000,-1134600,38.0,,,18.91,116484,,1,2000
1790543186,2026-09-27T21:06:26Z,334674,1790208587,6.1.187-android14-11-SAGA,49646d1b0cd1,cc_governor,cc_governor,61027,29664,104104,153963,43077,322,23667,11085,45750,63533,22083,1936,adios,0,adios,0,adios,0,46.5,47.6,,38.0,49.3,42.3,63,3987000,-429600,38.0,,,18.37,87856,,1,2000
1790543221,2026-09-27T21:07:01Z,334710,1790208587,6.1.187-android14-11-SAGA,49646d1b0cd1,cc_governor,cc_governor,73189,40815,121451,185658,48260,351,25219,15634,49555,72276,24336,2330,adios,0,adios,0,adios,0,49.1,49.7,,38.0,55.1,43.3,63,3986000,-469300,38.0,,,20.65,96400,,1,2000
1790543257,2026-09-27T21:07:37Z,334746,1790208587,6.1.187-android14-11-SAGA,49646d1b0cd1,cc_governor,cc_governor,76783,53459,129412,208094,52629,379,25828,19059,50817,77027,24989,2756,adios,0,adios,0,adios,0,46.0,46.5,,38.0,50.8,42.0,63,3984000,-635900,38.0,,,18.97,108908,,1,2000
1790543293,2026-09-27T21:08:13Z,334781,1790208587,6.1.187-android14-11-SAGA,49646d1b0cd1,cc_governor,cc_governor,81029,63808,138797,229693,57768,401,26352,21532,52719,81483,26367,3150,adios,0,adios,0,adios,0,46.3,46.9,,38.0,50.0,41.9,63,3988000,-432700,38.0,,,18.14,128108,,1,2000
1790543328,2026-09-27T21:08:48Z,334816,1790208587,6.1.187-android14-11-SAGA,49646d1b0cd1,cc_governor,cc_governor,89144,73205,153353,255935,64229,426,27786,24897,55820,88170,28036,3542,adios,0,adios,0,adios,0,47.5,48.4,,38.0,49.6,42.4,63,3969000,-560300,38.0,,,18.11,214932,,1,2000
1790543363,2026-09-27T21:09:23Z,334852,1790208587,6.1.187-android14-11-SAGA,49646d1b0cd1,cc_governor,cc_governor,103245,81868,174308,289929,71060,459,35061,27187,68546,104854,33485,3941,adios,0,adios,0,adios,0,46.7,47.1,,38.0,58.4,42.6,62,3978000,-827600,38.0,,,18.03,143008,,1,2000
1790543399,2026-09-27T21:09:59Z,334887,1790208587,6.1.187-android14-11-SAGA,49646d1b0cd1,cc_governor,cc_governor,120525,88434,200750,328656,80215,515,47927,30079,87096,129202,39169,4343,adios,0,adios,0,adios,0,53.2,56.7,,39.0,55.3,45.1,62,3969000,-560300,38.0,,,19.50,24092,,1,2000
1790543434,2026-09-27T21:10:34Z,334923,1790208587,6.1.187-android14-11-SAGA,49646d1b0cd1,cc_governor,cc_governor,128084,93539,222760,358740,94676,550,49977,32446,93582,138953,43605,4727,adios,0,adios,0,adios,0,47.5,48.9,,38.0,56.7,43.5,62,3965000,-459500,39.0,,,19.47,65012,,1,2000
1790543470,2026-09-27T21:11:10Z,334958,1790208587,6.1.187-android14-11-SAGA,49646d1b0cd1,cc_governor,cc_governor,139307,103484,243226,392965,103912,581,51971,36233,99572,149412,47599,5150,adios,0,adios,0,adios,0,51.2,54.7,,39.0,52.7,43.8,62,3963000,-646300,39.0,,,19.12,29520,,1,2000
1790543506,2026-09-27T21:11:46Z,334995,1790208587,6.1.187-android14-11-SAGA,49646d1b0cd1,cc_governor,cc_governor,157476,114332,269782,435337,112284,633,56989,41401,109905,166220,52929,5582,adios,0,adios,0,adios,0,50.0,50.1,,39.0,51.6,43.5,62,3974000,-776300,39.0,,,18.60,98908,,1,2000
1790543543,2026-09-27T21:12:23Z,335031,1790208587,6.1.187-android14-11-SAGA,49646d1b0cd1,cc_governor,cc_governor,166040,126594,285049,465833,119022,661,59532,45996,114648,176101,55109,5996,adios,0,adios,0,adios,0,49.7,50.4,,39.0,55.0,43.1,62,3944000,-985100,39.0,,,17.70,69616,,1,2000
1790543578,2026-09-27T21:12:58Z,335067,1790208587,6.1.187-android14-11-SAGA,49646d1b0cd1,cc_governor,cc_governor,175255,139300,300987,497491,125747,685,61792,50719,120353,186820,58568,6422,adios,0,adios,0,adios,0,50.0,49.2,,38.0,53.9,43.3,62,3971000,-504100,39.0,,,17.38,95324,,1,2000
1790543614,2026-09-27T21:13:34Z,335102,1790208587,6.1.187-android14-11-SAGA,49646d1b0cd1,cc_governor,cc_governor,184796,155925,312585,528634,127763,720,63528,57117,123235,196274,59677,6840,adios,0,adios,0,adios,0,47.8,48.7,,38.0,52.0,43.0,62,3944000,-603600,39.0,,,17.46,108052,,1,2000
1790543650,2026-09-27T21:14:10Z,335138,1790208587,6.1.187-android14-11-SAGA,49646d1b0cd1,cc_governor,cc_governor,199521,168504,334326,566597,134827,763,67870,64182,130854,211589,62994,7248,adios,0,adios,0,adios,0,47.4,47.8,,39.0,50.9,42.8,62,3969000,-571800,39.0,,,18.46,27808,,1,2000
1790543685,2026-09-27T21:14:45Z,335174,1790208587,6.1.187-android14-11-SAGA,49646d1b0cd1,cc_governor,cc_governor,204912,183826,343029,592336,138113,774,68294,68087,131879,216871,63585,7658,adios,0,adios,0,adios,0,48.1,50.3,,38.0,51.3,42.7,62,3972000,-310000,38.0,,,17.78,59424,,1,2000
1790543721,2026-09-27T21:15:21Z,335209,1790208587,6.1.187-android14-11-SAGA,49646d1b0cd1,cc_governor,cc_governor,211703,196395,356515,621214,144812,803,69590,72400,135505,225197,65915,8084,adios,0,adios,0,adios,0,47.2,47.4,,38.0,50.4,42.3,61,3968000,-391800,38.0,,,18.05,43836,,1,2000
1790543756,2026-09-27T21:15:56Z,335245,1790208587,6.1.187-android14-11-SAGA,49646d1b0cd1,cc_governor,cc_governor,224195,204167,379642,656839,155460,837,77048,74986,149350,242577,72300,8458,adios,0,adios,0,adios,0,53.6,56.1,,38.0,57.1,44.2,61,3945000,-942900,38.0,,,19.50,113660,,1,2000
1790543793,2026-09-27T21:16:33Z,335281,1790208587,6.1.187-android14-11-SAGA,49646d1b0cd1,cc_governor,cc_governor,251901,207738,421890,709805,169938,877,86474,77707,169495,267003,83014,8920,adios,0,adios,0,adios,0,52.4,50.5,48.7,39.0,54.5,44.1,61,3956000,-644500,39.0,,,19.86,142620,,1,2000
1790543828,2026-09-27T21:17:08Z,335317,1790208587,6.1.187-android14-11-SAGA,49646d1b0cd1,cc_governor,cc_governor,277399,211214,461149,757034,183741,919,95528,78312,187695,287229,92171,9334,adios,0,adios,0,adios,0,47.8,48.1,,39.0,52.8,43.1,61,3958000,-538900,38.0,,,18.74,108356,,1,2000
1790543864,2026-09-27T21:17:44Z,335352,1790208587,6.1.187-android14-11-SAGA,49646d1b0cd1,cc_governor,cc_governor,295007,215335,494282,797212,199285,932,97675,80111,196315,298948,98657,9742,adios,0,adios,0,adios,0,48.9,48.1,,39.0,52.0,42.9,61,3958000,-616400,39.0,,,18.06,131180,,1,2000
1790543899,2026-09-27T21:18:19Z,335388,1790208587,6.1.187-android14-11-SAGA,49646d1b0cd1,cc_governor,cc_governor,315191,221901,524990,837830,209779,957,101584,81333,205178,309788,103605,10150,adios,0,adios,0,adios,0,50.8,51.1,48.9,39.0,54.4,43.6,61,3947000,-618200,39.0,,,17.99,221032,,1,2000
1790543936,2026-09-27T21:18:56Z,335424,1790208587,6.1.187-android14-11-SAGA,49646d1b0cd1,cc_governor,cc_governor,329018,229886,552042,879172,223021,1005,103384,83813,212231,319751,108847,10584,adios,0,adios,0,adios,0,47.7,48.1,,39.0,54.6,43.3,61,3946000,-521800,39.0,,,18.25,128348,,1,2000
1790543971,2026-09-27T21:19:31Z,335460,1790208587,6.1.187-android14-11-SAGA,49646d1b0cd1,cc_governor,cc_governor,355505,237060,589675,933225,234153,1041,111917,86659,227841,340005,115924,11011,adios,0,adios,0,adios,0,57.2,54.3,,39.0,64.6,45.7,61,3919000,-832500,39.0,,,20.43,108656,,1,2000
1790544008,2026-09-27T21:20:08Z,335496,1790208587,6.1.187-android14-11-SAGA,49646d1b0cd1,cc_governor,cc_governor,379029,240361,630514,982236,251472,1104,119954,88414,245736,360635,125782,11477,adios,0,adios,0,adios,0,49.9,50.1,,39.0,52.2,43.9,61,3956000,-543800,39.0,,,20.97,85304,,1,2000
1790544043,2026-09-27T21:20:43Z,335531,1790208587,6.1.187-android14-11-SAGA,49646d1b0cd1,cc_governor,cc_governor,429082,246279,689597,1057774,260427,1123,138383,91620,270908,389727,132478,11865,adios,0,adios,0,adios,0,57.6,57.5,53.3,39.0,63.1,45.9,60,3919000,-832500,39.0,,,21.84,109072,,1,2000
1790544079,2026-09-27T21:21:19Z,335567,1790208587,6.1.187-android14-11-SAGA,49646d1b0cd1,cc_governor,cc_governor,505777,247905,774987,1162265,269225,1156,174674,96145,313131,437089,138463,12218,adios,0,adios,0,adios,0,50.4,50.8,,39.0,53.8,44.4,60,3938000,-675600,39.0,,,20.66,105380,,1,2000
1790544114,2026-09-27T21:21:54Z,335602,1790208587,6.1.187-android14-11-SAGA,49646d1b0cd1,cc_governor,cc_governor,515216,259771,793803,1195266,278588,1164,175502,99830,316461,444393,140966,12615,adios,0,adios,0,adios,0,49.1,50.2,,39.0,53.3,43.6,60,3949000,-540100,39.0,,,19.57,100172,,1,2000
1790544149,2026-09-27T21:22:29Z,335638,1790208587,6.1.187-android14-11-SAGA,49646d1b0cd1,cc_governor,cc_governor,525347,270599,814447,1228980,289116,1174,176549,103502,320068,451923,143524,13001,adios,0,adios,0,adios,0,48.2,50.8,,39.0,52.8,43.3,60,3946000,-421100,39.0,,,19.19,92676,,1,2000
1790544198,2026-09-27T21:23:18Z,335686,1790208587,6.1.187-android14-11-SAGA,49646d1b0cd1,cc_governor,cc_governor,19229,552,27853,32418,8636,24,7183,183,11935,13146,4761,164,adios,0,adios,0,adios,0,49.3,48.9,,39.0,55.9,44.1,60,3940000,-875200,39.0,,,21.03,152324,,1,2000
1790544234,2026-09-27T21:23:54Z,335722,1790208587,6.1.187-android14-11-SAGA,49646d1b0cd1,cc_governor,cc_governor,38307,5687,61158,74639,22791,60,12730,2070,25085,28768,12324,597,adios,0,adios,0,adios,0,57.4,53.5,,39.0,54.9,44.6,60,3936000,-474800,39.0,,,22.21,106356,,1,2000
1790544269,2026-09-27T21:24:29Z,335758,1790208587,6.1.187-android14-11-SAGA,49646d1b0cd1,cc_governor,cc_governor,56685,10897,94611,116371,37939,80,16539,3129,36136,41313,19585,1016,adios,0,adios,0,adios,0,51.1,55.1,,39.0,56.0,44.5,60,3939000,-657900,39.0,,,21.25,97612,,1,2000
1790544305,2026-09-27T21:25:05Z,335793,1790208587,6.1.187-android14-11-SAGA,49646d1b0cd1,cc_governor,cc_governor,74431,18620,125892,162179,51432,93,20638,5683,48848,57187,28210,1441,adios,0,adios,0,adios,0,50.4,51.0,,39.0,58.2,44.0,60,3931000,-458300,39.0,,,20.50,121740,,1,2000
1790544341,2026-09-27T21:25:41Z,335829,1790208587,6.1.187-android14-11-SAGA,49646d1b0cd1,cc_governor,cc_governor,93339,25583,157736,204881,64348,115,25803,8232,60377,72019,34580,1855,adios,0,adios,0,adios,0,53.8,52.7,,39.0,56.3,44.7,60,3932000,-505300,39.0,,,20.16,116120,,1,2000
1790544376,2026-09-27T21:26:16Z,335865,1790208587,6.1.187-android14-11-SAGA,49646d1b0cd1,cc_governor,cc_governor,117193,27045,195246,250047,78073,199,39248,9040,83631,98949,44396,2418,adios,0,adios,0,adios,0,53.3,55.7,51.3,39.0,59.2,46.1,59,3933000,-660400,40.0,,,21.72,119212,,1,2000
1790544412,2026-09-27T21:26:52Z,335900,1790208587,6.1.187-android14-11-SAGA,49646d1b0cd1,cc_governor,cc_governor,138802,35330,227921,296917,89128,226,46921,14734,99145,121621,52228,2841,adios,0,adios,0,adios,0,49.3,57.2,,40.0,53.5,44.7,59,3879000,-1101600,39.0,,,19.87,20720,,1,2000
1790544448,2026-09-27T21:27:28Z,335937,1790208587,6.1.187-android14-11-SAGA,49646d1b0cd1,cc_governor,cc_governor,161120,37206,267570,347116,106440,297,58587,16275,123172,150101,64600,3260,adios,0,adios,0,adios,0,51.7,52.0,51.0,40.0,59.6,45.5,59,3930000,-654900,40.0,,,21.42,25972,,1,2000
1790544484,2026-09-27T21:28:04Z,335973,1790208587,6.1.187-android14-11-SAGA,49646d1b0cd1,cc_governor,cc_governor,177868,43719,299331,392376,121447,333,65166,20097,141497,173931,76331,3719,adios,0,adios,0,adios,0,52.1,53.9,49.8,40.0,58.3,44.9,59,3923000,-579800,39.0,,,19.95,33008,,1,2000
1790544520,2026-09-27T21:28:40Z,336008,1790208587,6.1.187-android14-11-SAGA,49646d1b0cd1,cc_governor,cc_governor,205535,50326,338243,445552,132699,364,76242,24978,161161,200857,84863,4110,adios,0,adios,0,adios,0,54.1,53.0,,39.0,53.7,44.9,59,3927000,-716500,39.0,,,20.04,150524,,1,2000
1790544852,2026-09-27T21:34:12Z,336340,1790208587,6.1.187-android14-11-SAGA,49646d1b0cd1,cc_governor,cc_governor,5,0,134,164,143,0,17,0,46,50,33,5,adios,0,adios,0,adios,0,41.1,39.6,,37.0,43.9,37.9,59,3943000,-388700,36.0,,,17.64,107464,,1,2000
1790545005,2026-09-27T21:36:45Z,336493,1790208587,6.1.187-android14-11-SAGA,49646d1b0cd1,cc_governor,cc_governor,17931,386,31702,39356,13790,32,7572,282,14951,16765,7382,140,adios,0,adios,0,adios,0,44.7,44.7,44.4,36.0,49.5,40.5,59,3929000,-505300,37.0,,,17.57,113956,,1,2000
1790545041,2026-09-27T21:37:21Z,336529,1790208587,6.1.187-android14-11-SAGA,49646d1b0cd1,cc_governor,cc_governor,41934,2480,72746,90988,30827,68,15318,1598,33477,38065,18168,550,adios,0,adios,0,adios,0,53.4,51.6,,37.0,50.3,41.4,59,3928000,-560300,36.0,,,17.30,87428,,1,2000
1790545077,2026-09-27T21:37:57Z,336565,1790208587,6.1.187-android14-11-SAGA,49646d1b0cd1,cc_governor,cc_governor,60194,6497,107009,137032,46838,110,18704,2750,43309,49425,24613,949,adios,0,adios,0,adios,0,47.5,49.9,45.7,37.0,51.2,41.3,58,3922000,-543800,37.0,,,17.15,94840,,1,2000
1790545112,2026-09-27T21:38:32Z,336601,1790208587,6.1.187-android14-11-SAGA,49646d1b0cd1,cc_governor,cc_governor,74801,14423,134508,180366,59716,143,19228,5236,48070,57044,28853,1348,adios,0,adios,0,adios,0,49.0,50.6,47.9,37.0,52.3,42.0,58,3916000,-859900,37.0,,,16.97,102208,,1,2000
1790545149,2026-09-27T21:39:09Z,336637,1790208587,6.1.187-android14-11-SAGA,49646d1b0cd1,cc_governor,cc_governor,95939,20096,170762,231667,74788,189,21745,8206,59423,72488,37675,1798,adios,0,adios,0,adios,1,53.3,55.5,49.2,37.0,53.6,42.8,58,3917000,-697000,37.0,,,16.94,190504,,1,2000
1790545187,2026-09-27T21:39:47Z,336676,1790208587,6.1.187-android14-11-SAGA,49646d1b0cd1,cc_governor,cc_governor,19,0,221,18,20,0,87,0,117,127,40,8,adios,0,adios,0,adios,0,41.8,41.0,,36.0,43.2,37.3,58,3930000,-564500,36.0,,,18.84,167896,,1,2000
1790545497,2026-09-27T21:44:57Z,336985,1790208587,6.1.187-android14-11-SAGA,49646d1b0cd1,cc_governor,cc_governor,0,0,68,97,81,0,95,0,142,147,53,0,adios,0,adios,0,adios,0,40.3,39.7,,35.0,48.1,37.9,58,3930000,-1127900,35.0,,,66.66,79180,,1,2000
1790545676,2026-09-27T21:47:56Z,337164,1790208587,6.1.187-android14-11-SAGA,49646d1b0cd1,cc_governor,cc_governor,1,0,78,117,96,0,2,0,69,79,69,19,adios,0,adios,0,adios,0,40.7,41.1,,35.0,44.2,37.4,58,3939000,-191000,35.0,,,41.62,122360,,1,2000
1790545813,2026-09-27T21:50:13Z,337301,1790208587,6.1.187-android14-11-SAGA,49646d1b0cd1,cc_governor,cc_governor,36,0,193,213,170,0,81,0,142,144,65,15,adios,0,adios,0,adios,0,41.2,43.7,,35.0,44.5,37.6,58,3935000,-184300,35.0,,,30.67,119384,,1,2000
1790545885,2026-09-27T21:51:25Z,337373,1790208587,6.1.187-android14-11-SAGA,49646d1b0cd1,cc_governor,cc_governor,13097,335,19412,23394,6290,31,7468,166,11628,14011,4167,157,adios,0,adios,0,adios,0,49.1,54.5,49.7,36.0,58.8,42.1,58,3901000,-766600,36.0,,,28.13,120712,,1,2000
1790545921,2026-09-27T21:52:01Z,337410,1790208587,6.1.187-android14-11-SAGA,49646d1b0cd1,cc_governor,cc_governor,30131,2816,52890,63949,22785,77,14798,1101,27438,32151,12628,588,adios,0,adios,0,adios,0,51.9,51.9,52.9,36.0,53.0,41.4,58,3915000,-433900,36.0,,,22.90,127108,,1,2000
1790545957,2026-09-27T21:52:37Z,337446,1790208587,6.1.187-android14-11-SAGA,49646d1b0cd1,cc_governor,cc_governor,32795,12670,64244,87308,31464,93,15424,1868,30118,35824,14698,1027,adios,0,adios,0,adios,0,43.0,45.5,,36.0,47.1,39.5,58,3920000,-528500,36.0,,,20.16,84564,,1,2000
1790545992,2026-09-27T21:53:12Z,337481,1790208587,6.1.187-android14-11-SAGA,49646d1b0cd1,cc_governor,cc_governor,35665,25013,73555,111025,37886,102,16013,3737,32613,40421,16600,1424,adios,0,adios,0,adios,0,42.9,44.9,,36.0,46.5,39.3,57,3924000,-343000,36.0,,,18.25,88548,,1,2000
1790546028,2026-09-27T21:53:48Z,337516,1790208587,6.1.187-android14-11-SAGA,49646d1b0cd1,cc_governor,cc_governor,44184,36153,88388,139805,44050,116,19728,5093,38609,48207,18885,1815,adios,0,adios,0,adios,0,50.7,48.0,,36.0,48.6,40.1,57,3930000,-382600,36.0,,,17.16,325200,,1,2000
1790546962,2026-09-27T22:09:22Z,338450,1790208587,6.1.187-android14-11-SAGA,49646d1b0cd1,cc_governor,cc_governor,33,0,143,161,105,1,59,0,137,142,82,19,adios,0,adios,0,adios,0,40.5,50.9,,35.0,58.2,39.8,57,3904000,-554100,35.0,,,17.36,190316,,1,2000
1790547016,2026-09-27T22:10:16Z,338505,1790208587,6.1.187-android14-11-SAGA,49646d1b0cd1,cc_governor,cc_governor,503,0,918,1044,345,3,756,0,1046,1141,268,41,adios,0,adios,0,adios,41,50.6,47.9,43.7,35.0,56.7,40.5,57,3877000,-1688200,36.0,,,18.21,83508,,1,2000
1790547053,2026-09-27T22:10:53Z,338541,1790208587,6.1.187-android14-11-SAGA,49646d1b0cd1,cc_governor,cc_governor,22257,7863,30794,42486,8500,43,4903,3677,9909,15647,5006,541,adios,0,adios,0,adios,0,46.0,45.3,,36.0,48.6,39.7,57,3922000,-374700,36.0,,,17.88,114760,,1,2000
1790547089,2026-09-27T22:11:29Z,338577,1790208587,6.1.187-android14-11-SAGA,49646d1b0cd1,cc_governor,cc_governor,33342,19666,47326,74340,13937,79,5255,6851,12750,22127,7495,893,adios,0,adios,0,adios,0,44.4,47.6,44.2,36.0,59.2,40.6,57,3878000,-914900,36.0,,,17.78,150828,,1,2000
1790547124,2026-09-27T22:12:04Z,338613,1790208587,6.1.187-android14-11-SAGA,49646d1b0cd1,cc_governor,cc_governor,50990,32660,72502,119993,21512,126,7428,11407,18722,33003,11294,1298,adios,0,adios,0,adios,0,50.8,49.3,,36.0,61.5,42.0,57,3860000,-1585000,36.0,,,17.27,24424,,1,2000
1790547162,2026-09-27T22:12:42Z,338650,1790208587,6.1.187-android14-11-SAGA,49646d1b0cd1,cc_governor,cc_governor,102060,33991,137077,194349,34846,220,38893,12377,62419,83131,23450,1846,adios,0,adios,0,adios,1,48.2,57.7,49.6,37.0,65.4,44.6,57,3856000,-1468500,37.0,,,19.08,145560,,1,2000
1790547202,2026-09-27T22:13:22Z,338690,1790208587,6.1.187-android14-11-SAGA,49646d1b0cd1,cc_governor,cc_governor,162996,35011,212341,280485,49368,350,79792,13352,118224,147466,38431,2532,adios,0,adios,0,adios,0,58.3,57.3,56.3,37.0,66.4,46.3,56,3876000,-1251200,37.0,,,20.69,93704,,1,2000
1790547239,2026-09-27T22:13:59Z,338727,1790208587,6.1.187-android14-11-SAGA,49646d1b0cd1,cc_governor,cc_governor,210524,37453,273595,356141,63044,403,97296,15861,149783,183807,52467,2999,adios,0,adios,0,adios,0,60.2,63.0,56.2,38.0,66.1,46.1,56,3855000,-1333000,38.0,,,20.42,114068,,1,2000
1790547274,2026-09-27T22:14:35Z,338763,1790208587,6.1.187-android14-11-SAGA,49646d1b0cd1,cc_governor,cc_governor,256891,39956,334016,427187,77094,442,109049,17934,176459,214001,67407,3372,adios,0,adios,0,adios,56,64.1,61.4,61.1,38.0,64.7,46.4,56,3881000,-1096100,38.0,,,21.02,119068,,1,2000
1790547312,2026-09-27T22:15:12Z,338800,1790208587,6.1.187-android14-11-SAGA,49646d1b0cd1,cc_governor,cc_governor,308409,42183,399167,502601,90740,530,129323,20355,213615,255739,84316,3795,adios,0,adios,0,adios,0,58.8,58.6,,38.0,64.6,46.7,56,3859000,-1405600,38.0,,,20.61,86612,,1,2000
1790547348,2026-09-27T22:15:48Z,338836,1790208587,6.1.187-android14-11-SAGA,49646d1b0cd1,cc_governor,cc_governor,362986,43037,466885,581201,103899,564,146416,22637,248513,296827,102060,4217,adios,0,adios,0,adios,0,59.4,59.3,,38.0,54.9,45.2,56,3879000,-765300,38.0,,,20.56,96432,,1,2000
1790547386,2026-09-27T22:16:26Z,338874,1790208587,6.1.187-android14-11-SAGA,49646d1b0cd1,cc_governor,cc_governor,397990,44376,521458,643479,123202,635,182577,24008,303489,355295,120748,4782,adios,0,adios,0,adios,0,55.9,55.9,52.5,38.0,61.2,45.5,56,3876000,-968600,38.0,,,23.06,88236,,1,2000
1790547424,2026-09-27T22:17:04Z,338913,1790208587,6.1.187-android14-11-SAGA,49646d1b0cd1,cc_governor,cc_governor,472347,44915,608347,738814,135983,738,251154,24593,386555,440694,135309,5422,adios,0,adios,0,adios,0,59.6,62.7,55.7,39.0,69.3,47.1,55,3836000,-1566700,38.0,,,23.48,84488,,1,2000
1790547462,2026-09-27T22:17:42Z,338950,1790208587,6.1.187-android14-11-SAGA,49646d1b0cd1,cc_governor,cc_governor,536110,45033,686893,825446,150804,827,299255,24667,452611,508505,153353,6040,adios,0,adios,0,adios,0,56.4,54.0,51.7,39.0,53.6,45.4,55,3870000,-563900,39.0,,,22.48,181644,,1,2000
1790547503,2026-09-27T22:18:23Z,338991,1790208587,6.1.187-android14-11-SAGA,49646d1b0cd1,cc_governor,cc_governor,601037,47197,766656,915319,165429,972,371201,27086,538369,599096,167097,6834,adios,0,adios,0,adios,0,60.9,63.7,56.9,39.0,71.6,48.4,55,3855000,-1294500,39.0,,,23.61,110512,,1,2000
1790547541,2026-09-27T22:19:01Z,339029,1790208587,6.1.187-android14-11-SAGA,49646d1b0cd1,cc_governor,cc_governor,664780,48243,843814,1001695,179022,1111,417674,28187,600897,664471,183238,7611,adios,0,adios,0,adios,0,57.7,58.3,54.2,39.0,61.4,46.9,55,3862000,-795800,39.0,,,23.08,105600,,1,2000
1790547577,2026-09-27T22:19:37Z,339066,1790208587,6.1.187-android14-11-SAGA,49646d1b0cd1,cc_governor,cc_governor,713297,50490,906943,1074031,193528,1170,452498,30605,651515,718430,198875,8021,adios,0,adios,0,adios,0,55.7,57.4,53.8,39.0,62.2,46.8,54,3876000,-736600,39.0,,,24.21,94228,,1,2000
1790547617,2026-09-27T22:20:17Z,339105,1790208587,6.1.187-android14-11-SAGA,49646d1b0cd1,cc_governor,cc_governor,795498,54244,997897,1177323,202286,1279,514451,35371,724986,798392,210539,8727,adios,0,adios,0,adios,0,62.5,65.7,57.5,39.0,67.2,48.2,54,3848000,-1253600,39.0,,,24.62,96268,,1,2000
1790547654,2026-09-27T22:20:54Z,339142,1790208587,6.1.187-android14-11-SAGA,49646d1b0cd1,cc_governor,cc_governor,855929,57636,1070604,1260892,214694,1357,564371,39131,789531,868399,225169,9339,adios,0,adios,0,adios,0,54.1,54.0,50.9,39.0,64.4,46.4,54,3837000,-800700,39.0,,,22.69,109248,,1,2000
1790547692,2026-09-27T22:21:32Z,339181,1790208587,6.1.187-android14-11-SAGA,49646d1b0cd1,cc_governor,cc_governor,914548,64264,1139042,1343494,224390,1435,622380,45547,858456,946084,236020,9875,adios,0,adios,0,adios,0,61.6,65.7,56.6,39.0,68.8,48.1,54,3843000,-1163900,39.0,,,22.54,87388,,1,2000
1790547730,2026-09-27T22:22:10Z,339218,1790208587,6.1.187-android14-11-SAGA,49646d1b0cd1,cc_governor,cc_governor,979313,68169,1214259,1430882,234853,1516,663276,50645,912491,1006480,249224,10447,adios,0,adios,0,adios,0,55.5,55.0,52.2,39.0,56.6,46.2,54,3860000,-701200,39.0,,,22.88,135092,,1,2000
1790547769,2026-09-27T22:22:49Z,339257,1790208587,6.1.187-android14-11-SAGA,49646d1b0cd1,cc_governor,cc_governor,1018741,73939,1268692,1497433,249965,1583,689773,57260,955550,1057254,265760,11033,adios,0,adios,0,adios,0,53.4,53.1,50.8,39.0,57.7,45.5,53,3857000,-1175500,39.0,,,22.62,147852,,1,2000
1790547809,2026-09-27T22:23:29Z,339298,1790208587,6.1.187-android14-11-SAGA,49646d1b0cd1,cc_governor,cc_governor,1075833,78359,1339526,1579181,263567,1699,758597,61657,1035611,1143654,276871,11737,adios,0,adios,0,adios,0,55.8,54.6,52.3,39.0,60.6,46.2,53,3851000,-953300,39.0,,,22.47,81748,,1,2000
1790547850,2026-09-27T22:24:10Z,339338,1790208587,6.1.187-android14-11-SAGA,49646d1b0cd1,cc_governor,cc_governor,1158818,81194,1433041,1683819,274211,1832,835200,64622,1125214,1238209,289900,12695,adios,0,adios,0,adios,0,57.6,62.8,55.8,39.0,69.9,47.8,53,3834000,-1331700,39.0,,,24.33,104556,,1,2000
1790547888,2026-09-27T22:24:48Z,339376,1790208587,6.1.187-android14-11-SAGA,49646d1b0cd1,cc_governor,cc_governor,1212454,86899,1497203,1762618,284786,1937,870016,72586,1172120,1295615,302106,13385,adios,0,adios,0,adios,47,65.7,69.8,59.7,39.0,73.1,49.2,53,3833000,-1146200,39.0,,,26.72,103828,,1,2000
1790547928,2026-09-27T22:25:29Z,339417,1790208587,6.1.187-android14-11-SAGA,49646d1b0cd1,cc_governor,cc_governor,1275855,89206,1573065,1853114,297214,2202,910609,75519,1226788,1357382,316172,14113,adios,0,adios,0,adios,0,72.1,72.6,63.9,40.0,76.0,51.2,53,3805000,-1655200,40.0,,,26.25,82084,,1,2000
1790547970,2026-09-27T22:26:10Z,339459,1790208587,6.1.187-android14-11-SAGA,49646d1b0cd1,cc_governor,cc_governor,1332930,91106,1644129,1942056,311195,2593,942682,77411,1274622,1412928,331865,15004,adios,0,adios,0,adios,0,63.6,64.1,57.8,40.0,72.2,49.8,52,3825000,-1320100,40.0,,,25.01,98000,,1,2000
1790548007,2026-09-27T22:26:47Z,339495,1790208587,6.1.187-android14-11-SAGA,49646d1b0cd1,cc_governor,cc_governor,1403114,92006,1726392,2036186,323244,2698,1000285,78585,1345837,1489421,345575,15569,adios,0,adios,0,adios,0,65.1,64.4,,40.0,71.5,50.9,52,3840000,-836700,40.0,,,25.39,118608,,1,2000
1790548045,2026-09-27T22:27:25Z,339533,1790208587,6.1.187-android14-11-SAGA,49646d1b0cd1,cc_governor,cc_governor,1466899,92554,1804455,2127797,337550,2807,1037182,79235,1400247,1547935,363033,16136,adios,0,adios,0,adios,0,60.8,61.5,56.7,40.0,73.0,49.8,52,3822000,-1246900,40.0,,,27.01,121468,,1,2000
1790548082,2026-09-27T22:28:02Z,339570,1790208587,6.1.187-android14-11-SAGA,49646d1b0cd1,cc_governor,cc_governor,1526415,93219,1878608,2212170,352204,2893,1089468,79965,1468504,1619514,378959,16733,adios,0,adios,0,adios,0,67.5,70.1,61.0,41.0,73.0,50.7,52,3834000,-1177900,41.0,,,25.59,76408,,1,2000
1790548121,2026-09-27T22:28:41Z,339609,1790208587,6.1.187-android14-11-SAGA,49646d1b0cd1,cc_governor,cc_governor,1567586,94951,1934484,2282205,366945,3099,1119144,81244,1508324,1670019,389184,17464,adios,0,adios,0,adios,28,72.1,63.5,,41.0,64.8,50.4,51,3807000,-777500,41.0,,,31.09,131272,,1,2000
1790548158,2026-09-27T22:29:18Z,339646,1790208587,6.1.187-android14-11-SAGA,49646d1b0cd1,cc_governor,cc_governor,1595599,99668,1975486,2334896,379866,3183,1127672,83995,1525633,1692026,397961,17899,adios,0,adios,0,adios,0,53.9,54.1,,41.0,55.8,46.7,51,3855000,-1571600,41.0,,,25.41,104024,,1,2000
1790548193,2026-09-27T22:29:53Z,339682,1790208587,6.1.187-android14-11-SAGA,49646d1b0cd1,cc_governor,cc_governor,1614044,106480,2006707,2378612,392662,3213,1130593,87940,1535926,1707411,405333,18303,adios,0,adios,0,adios,0,51.8,51.5,,40.0,63.9,45.4,51,3871000,-437600,40.0,,,22.87,106428,,1,2000
1790548229,2026-09-27T22:30:29Z,339718,1790208587,6.1.187-android14-11-SAGA,49646d1b0cd1,cc_governor,cc_governor,1641670,114197,2045074,2430397,403403,3264,1135155,92979,1546689,1724976,411534,18710,adios,0,adios,0,adios,0,50.9,52.4,48.6,40.0,54.2,44.9,51,3837000,-612700,40.0,,,21.29,70284,,1,2000
1790548265,2026-09-27T22:31:05Z,339754,1790208587,6.1.187-android14-11-SAGA,49646d1b0cd1,cc_governor,cc_governor,1670498,117155,2089173,2487887,418674,3301,1147385,95028,1570919,1754400,423549,19094,adios,0,adios,0,adios,0,56.6,62.7,,40.0,56.2,46.0,51,3857000,-452800,40.0,,,21.09,119376,,1,2000
1790548301,2026-09-27T22:31:41Z,339789,1790208587,6.1.187-android14-11-SAGA,49646d1b0cd1,cc_governor,cc_governor,1693684,121370,2127383,2536687,433717,3344,1154685,97758,1588412,1776379,433740,19461,adios,0,adios,0,adios,0,52.4,52.7,49.5,40.0,55.7,45.1,51,3857000,-482100,40.0,,,20.40,128860,,1,2000
1790548337,2026-09-27T22:32:17Z,339825,1790208587,6.1.187-android14-11-SAGA,49646d1b0cd1,cc_governor,cc_governor,1722317,134437,2161247,2589172,438888,3378,1157370,105605,1594809,1792072,437439,19861,adios,0,adios,0,adios,0,49.3,50.8,,39.0,52.4,44.1,51,3864000,-396700,39.0,,,19.62,112500,,1,2000
1790548372,2026-09-27T22:32:52Z,339861,1790208587,6.1.187-android14-11-SAGA,49646d1b0cd1,cc_governor,cc_governor,1745527,144876,2193044,2638267,447532,3414,1163648,110951,1607149,1811055,443509,20247,adios,0,adios,0,adios,0,55.6,53.0,,39.0,55.2,44.7,51,3847000,-842800,39.0,,,19.72,116940,,1,2000
1790548408,2026-09-27T22:33:28Z,339897,1790208587,6.1.187-android14-11-SAGA,49646d1b0cd1,cc_governor,cc_governor,1772307,146962,2235410,2691020,463057,3461,1177440,112056,1629985,1836981,452523,20640,adios,0,adios,0,adios,0,54.4,53.0,49.6,39.0,55.1,44.7,50,3863000,-424800,39.0,,,21.52,137624,,1,2000
1790548444,2026-09-27T22:34:04Z,339932,1790208587,6.1.187-android14-11-SAGA,49646d1b0cd1,cc_governor,cc_governor,1796805,147274,2279269,2740476,482464,3477,1182124,112241,1645570,1853414,463467,21026,adios,0,adios,0,adios,0,51.7,51.0,,38.0,52.4,43.2,50,3855000,-874000,39.0,,,19.73,90296,,1,2000
1790548479,2026-09-27T22:34:39Z,339967,1790208587,6.1.187-android14-11-SAGA,49646d1b0cd1,cc_governor,cc_governor,1819483,151153,2317482,2789140,498000,3516,1187493,114441,1659874,1870841,472388,21402,adios,0,adios,0,adios,0,51.6,52.5,,38.0,64.0,44.5,50,3834000,-786700,38.0,,,18.82,153316,,1,2000
1790548515,2026-09-27T22:35:15Z,340004,1790208587,6.1.187-android14-11-SAGA,49646d1b0cd1,cc_governor,cc_governor,1830377,164550,2336766,2827223,506352,3550,1188814,117552,1665511,1880204,476697,21878,adios,0,adios,0,adios,0,48.5,50.1,,38.0,53.4,42.7,50,3843000,-617600,38.0,,,18.33,79492,,1,2000
1790548552,2026-09-27T22:35:52Z,340040,1790208587,6.1.187-android14-11-SAGA,49646d1b0cd1,cc_governor,cc_governor,1849073,172262,2368870,2873330,519717,3592,1191986,121415,1675348,1894433,483376,22316,adios,0,adios,0,adios,0,55.4,51.8,,38.0,51.4,43.3,50,3862000,-358200,38.0,,,19.19,154352,,1,2000
1790548587,2026-09-27T22:36:27Z,340075,1790208587,6.1.187-android14-11-SAGA,49646d1b0cd1,cc_governor,cc_governor,1864778,176325,2400067,2916482,535290,3624,1195569,122866,1686643,1908373,491080,22698,adios,0,adios,0,adios,0,50.3,49.9,,38.0,56.3,43.6,50,3848000,-703700,38.0,,,18.42,113068,,1,2000
1790548623,2026-09-27T22:37:03Z,340111,1790208587,6.1.187-android14-11-SAGA,49646d1b0cd1,cc_governor,cc_governor,1897090,178289,2447667,2977511,550570,3666,1216762,124649,1719333,1947294,502552,23097,adios,0,adios,0,adios,0,58.7,55.3,,38.0,54.5,45.2,50,3842000,-609100,38.0,,,19.86,97984,,1,2000
1790548658,2026-09-27T22:37:38Z,340147,1790208587,6.1.187-android14-11-SAGA,49646d1b0cd1,cc_governor,cc_governor,1902551,186396,2464351,3005021,561807,3684,1219797,125713,1726117,1955513,506324,23500,adios,0,adios,0,adios,0,45.7,46.2,,38.0,51.3,42.2,50,3840000,-1314600,38.0,,,18.72,116472,,1,2000
1790548702,2026-09-27T22:38:22Z,340190,1790208587,6.1.187-android14-11-SAGA,49646d1b0cd1,cc_governor,cc_governor,15360,340,19131,23186,3791,15,9207,337,12880,15356,3685,65,adios,0,adios,0,adios,0,55.3,57.2,,38.0,58.0,44.6,49,3845000,-593800,38.0,,,19.67,96116,,1,2000
1790548738,2026-09-27T22:38:58Z,340226,1790208587,6.1.187-android14-11-SAGA,49646d1b0cd1,cc_governor,cc_governor,25677,3976,42731,53061,17051,53,12186,635,22817,26794,10631,503,adios,0,adios,0,adios,0,45.2,46.4,,38.0,48.7,41.5,49,3854000,-445500,38.0,,,17.98,93724,,1,2000
1790548773,2026-09-27T22:39:33Z,340261,1790208587,6.1.187-android14-11-SAGA,49646d1b0cd1,cc_governor,cc_governor,46757,5950,80708,97757,33914,91,19015,1648,41940,48151,22945,877,adios,0,adios,0,adios,0,50.1,52.5,48.2,38.0,55.0,42.9,49,3854000,-563900,38.0,,,18.66,103668,,1,2000
1790548840,2026-09-27T22:40:40Z,340328,1790208587,6.1.187-android14-11-SAGA,49646d1b0cd1,cc_governor,cc_governor,2,0,93,116,104,0,9,0,65,68,61,17,adios,0,adios,0,adios,0,41.6,42.9,,37.0,46.5,38.3,49,3863000,-144600,37.0,,,19.61,99656,,1,2000
1790549374,2026-09-27T22:49:34Z,340862,1790208587,6.1.187-android14-11-SAGA,49646d1b0cd1,cc_governor,cc_governor,6,0,118,127,131,0,14,0,41,44,32,5,adios,0,adios,0,adios,0,40.0,41.7,,35.0,45.7,37.3,49,3866000,-401600,36.0,,,19.69,101496,,1,2000
1790549491,2026-09-27T22:51:31Z,340980,1790208587,6.1.187-android14-11-SAGA,49646d1b0cd1,cc_governor,cc_governor,1,0,49,65,62,1,18,0,68,72,54,16,adios,0,adios,0,adios,0,40.4,40.0,,35.0,43.8,36.9,49,3866000,-460800,35.0,,,17.63,127128,,1,2000
1790549596,2026-09-27T22:53:16Z,341085,1790208587,6.1.187-android14-11-SAGA,49646d1b0cd1,cc_governor,cc_governor,6,0,951,21,16,0,7,0,32,35,30,7,adios,0,adios,0,adios,0,41.0,39.6,,35.0,48.0,37.7,49,3848000,-1133400,35.0,,,17.04,109468,,1,2000
1790549675,2026-09-27T22:54:35Z,341163,1790208587,6.1.187-android14-11-SAGA,49646d1b0cd1,cc_governor,cc_governor,1,0,66,79,76,0,18,0,50,53,30,2,adios,0,adios,0,adios,0,40.0,40.4,,35.0,43.4,37.3,49,3857000,-599900,35.0,,,16.66,130760,,1,2000
1790549734,2026-09-27T22:55:34Z,341223,1790208587,6.1.187-android14-11-SAGA,49646d1b0cd1,cc_governor,cc_governor,99,125,832,988,733,0,75,25,184,217,109,21,adios,0,adios,0,adios,0,42.1,44.6,,35.0,47.1,38.2,49,3867000,-252000,35.0,,,16.86,129444,,1,2000
1790549787,2026-09-27T22:56:27Z,341276,1790208587,6.1.187-android14-11-SAGA,49646d1b0cd1,cc_governor,cc_governor,19,0,396,422,390,0,30,0,107,110,82,22,adios,0,adios,0,adios,0,41.7,42.4,,35.0,46.2,38.3,49,3853000,-509000,35.0,,,16.64,108608,,1,2000
1790549827,2026-09-27T22:57:07Z,341315,1790208587,6.1.187-android14-11-SAGA,49646d1b0cd1,cc_governor,cc_governor,8848,578,10725,13295,1896,7,5395,383,7136,8084,1746,175,adios,0,adios,0,adios,0,46.3,47.7,,35.0,47.8,39.8,49,3839000,-687200,35.0,,,63.20,117820,,1,2000
1790549866,2026-09-27T22:57:46Z,341354,1790208587,6.1.187-android14-11-SAGA,49646d1b0cd1,cc_governor,cc_governor,127,831,1496,2440,1369,1,139,88,312,413,173,33,adios,0,adios,0,adios,0,41.7,42.9,,35.0,45.2,38.5,49,3847000,-459500,35.0,,,42.59,141496,,1,2000
1790549901,2026-09-27T22:58:21Z,341390,1790208587,6.1.187-android14-11-SAGA,49646d1b0cd1,cc_governor,cc_governor,27144,6181,37898,50448,10722,42,13003,3534,21138,27538,8045,408,adios,0,adios,0,adios,0,53.6,60.4,51.2,35.0,63.4,42.8,48,3789000,-1599100,36.0,,,33.34,151396,,1,2000
1790550079,2026-09-27T23:01:19Z,341568,1790208587,6.1.187-android14-11-SAGA,49646d1b0cd1,cc_governor,cc_governor,8,0,134,158,138,0,112,0,152,156,46,17,adios,0,adios,0,adios,0,39.0,37.2,,34.0,41.7,35.4,48,3857000,-396700,34.0,,,26.12,136852,,1,2000
1790550554,2026-09-27T23:09:14Z,342042,1790208587,6.1.187-android14-11-SAGA,49646d1b0cd1,cc_governor,cc_governor,868,86,2610,3006,1758,1,359,47,1151,1391,810,22,adios,0,adios,0,adios,0,40.6,43.3,,33.0,50.9,36.1,48,3863000,-310000,33.0,,,21.36,105616,,1,2000
1790550857,2026-09-27T23:14:17Z,342346,1790208587,6.1.187-android14-11-SAGA,49646d1b0cd1,cc_governor,cc_governor,145,0,793,833,655,0,184,0,335,349,156,19,adios,0,adios,0,adios,0,38.0,38.5,,33.0,43.6,35.1,48,3851000,-353300,33.0,,,18.75,164804,,1,2000
1790551010,2026-09-27T23:16:50Z,342498,1790208587,6.1.187-android14-11-SAGA,49646d1b0cd1,cc_governor,cc_governor,5,0,92,102,96,0,62,0,112,114,53,19,adios,0,adios,0,adios,0,36.9,36.8,,33.0,39.3,34.2,48,3863000,-311200,33.0,,,17.04,119064,,1,2000
1790551425,2026-09-27T23:23:45Z,342914,1790208587,6.1.187-android14-11-SAGA,49646d1b0cd1,cc_governor,cc_governor,16698,260,22630,26487,5909,35,7030,215,11969,13964,4937,96,adios,0,adios,0,adios,0,44.3,43.2,44.0,33.0,48.6,38.0,48,3836000,-695800,33.0,,,28.24,89308,,1,2000
1790551473,2026-09-27T23:24:33Z,342961,1790208587,6.1.187-android14-11-SAGA,49646d1b0cd1,cc_governor,cc_governor,0,0,80,96,93,0,23,0,89,94,71,15,adios,0,adios,0,adios,0,39.6,40.1,,33.0,43.1,36.3,48,3853000,-405800,33.0,,,24.08,86108,,1,2000
1790551521,2026-09-27T23:25:21Z,343009,1790208587,6.1.187-android14-11-SAGA,49646d1b0cd1,cc_governor,cc_governor,9,0,102,123,108,0,16,0,65,71,54,17,adios,0,adios,0,adios,0,39.4,42.0,,33.0,44.7,36.4,48,3848000,-388700,33.0,,,20.26,121232,,1,2000
1790551675,2026-09-27T23:27:55Z,343163,1790208587,6.1.187-android14-11-SAGA,49646d1b0cd1,cc_governor,cc_governor,7,0,142,161,145,1,60,0,79,84,25,4,adios,0,adios,0,adios,0,37.1,38.0,,33.0,41.6,34.1,47,3864000,-266100,32.0,,,17.68,144736,,1,2000
1790551747,2026-09-27T23:29:07Z,343236,1790208587,6.1.187-android14-11-SAGA,49646d1b0cd1,cc_governor,cc_governor,22921,3730,30246,38915,7248,42,8607,2236,13561,17692,4895,66,adios,0,adios,0,adios,0,50.9,49.0,,32.0,45.1,37.2,47,3843000,-485200,32.0,,,17.45,176096,,1,2000
1790552235,2026-09-27T23:37:15Z,343723,1790208587,6.1.187-android14-11-SAGA,49646d1b0cd1,cc_governor,cc_governor,14,0,165,188,158,0,15,0,35,49,24,7,adios,0,adios,0,adios,0,34.7,35.7,,30.0,56.8,35.7,47,3781000,-1336600,30.0,,,18.82,114484,,1,2000
1790552317,2026-09-27T23:38:37Z,343805,1790208587,6.1.187-android14-11-SAGA,49646d1b0cd1,cc_governor,cc_governor,16266,3189,28984,36729,12718,174,24246,1589,31312,40002,7066,645,adios,0,adios,0,adios,0,38.8,39.0,,31.0,41.9,34.8,47,3838000,-584700,31.0,,,19.38,125300,,1,2000
1790552352,2026-09-27T23:39:12Z,343840,1790208587,6.1.187-android14-11-SAGA,49646d1b0cd1,cc_governor,cc_governor,21671,7186,46287,60567,24635,192,27148,3067,38174,49134,11030,1013,adios,0,adios,0,adios,0,38.4,38.8,,31.0,52.5,35.7,47,3807000,-1181600,31.0,,,18.49,125940,,1,2000
1790552388,2026-09-27T23:39:48Z,343876,1790208587,6.1.187-android14-11-SAGA,49646d1b0cd1,cc_governor,cc_governor,42855,10732,75963,101869,33120,243,45166,4751,61094,78100,15933,1455,adios,0,adios,0,adios,0,39.3,40.9,,32.0,41.9,35.5,47,3818000,-679300,32.0,,,18.58,126956,,1,2000
1790552591,2026-09-27T23:43:11Z,344079,1790208587,6.1.187-android14-11-SAGA,49646d1b0cd1,cc_governor,cc_governor,0,0,54,93,66,0,22,0,63,77,44,14,adios,0,adios,0,adios,0,33.6,34.1,,31.0,37.6,32.3,47,3850000,-349700,31.0,,,17.08,119828,,1,2000
1790552927,2026-09-27T23:48:47Z,344415,1790208587,6.1.187-android14-11-SAGA,49646d1b0cd1,cc_governor,cc_governor,0,0,38,52,49,0,54,0,92,96,43,14,adios,0,adios,0,adios,0,38.0,37.9,,30.0,40.6,32.3,47,3849000,-437600,30.0,,,16.27,100148,,1,2000
1790552969,2026-09-27T23:49:29Z,344457,1790208587,6.1.187-android14-11-SAGA,49646d1b0cd1,cc_governor,cc_governor,15,0,75,95,77,0,15,0,59,63,48,16,adios,0,adios,0,adios,0,36.2,35.1,,30.0,36.8,31.9,47,3848000,-316100,30.0,,,16.11,123692,,1,2000
1790553137,2026-09-27T23:52:17Z,344625,1790208587,6.1.187-android14-11-SAGA,49646d1b0cd1,cc_governor,cc_governor,19,0,265,294,257,1,183,0,287,291,108,19,adios,0,adios,0,adios,0,35.4,35.3,,30.0,39.3,32.4,46,3852000,-290500,30.0,,,18.88,93836,,1,2000
1790553330,2026-09-27T23:55:30Z,344818,1790208587,6.1.187-android14-11-SAGA,49646d1b0cd1,cc_governor,cc_governor,13,0,128,201,128,0,35,0,99,102,67,17,adios,0,adios,0,adios,0,34.5,34.9,,30.0,35.8,30.9,46,3839000,-331400,30.0,,,17.65,121584,,1,2000
1790553595,2026-09-27T23:59:55Z,345083,1790208587,6.1.187-android14-11-SAGA,49646d1b0cd1,cc_governor,cc_governor,18,0,172,201,167,0,22,0,115,121,99,16,adios,0,adios,0,adios,0,34.2,34.8,,29.0,44.4,31.5,46,3850000,-327700,29.0,,,16.84,122676,,1,2000
1790553865,2026-09-28T00:04:25Z,345354,1790208587,6.1.187-android14-11-SAGA,49646d1b0cd1,cc_governor,cc_governor,4,0,141,159,144,0,24,0,84,85,76,21,adios,0,adios,0,adios,0,34.4,33.6,,29.0,43.4,30.9,46,3853000,-321000,29.0,,,16.56,121852,,1,2000
1790554139,2026-09-28T00:08:59Z,345628,1790208587,6.1.187-android14-11-SAGA,49646d1b0cd1,cc_governor,cc_governor,54,0,260,273,214,1,85,0,188,191,108,16,adios,0,adios,0,adios,0,34.2,34.4,,29.0,36.6,30.4,46,3846000,-304500,29.0,,,16.18,116976,,1,2000
1790554321,2026-09-28T00:12:01Z,345809,1790208587,6.1.187-android14-11-SAGA,49646d1b0cd1,cc_governor,cc_governor,0,0,64,82,75,1,24,0,132,136,114,13,adios,0,adios,0,adios,2,36.0,35.1,,29.0,36.9,31.4,46,3834000,-716500,29.0,,,16.31,119100,,1,2000
1790554603,2026-09-28T00:16:43Z,346091,1790208587,6.1.187-android14-11-SAGA,49646d1b0cd1,cc_governor,cc_governor,0,0,36,49,56,0,16,0,60,65,50,12,adios,0,adios,0,adios,0,34.5,34.5,,29.0,34.6,30.9,46,3845000,-349700,29.0,,,16.56,107296,,1,2000
1790554916,2026-09-28T00:21:57Z,346405,1790208587,6.1.187-android14-11-SAGA,49646d1b0cd1,cc_governor,cc_governor,16,0,254,265,251,0,0,0,58,62,62,17,adios,0,adios,0,adios,0,34.2,32.7,,29.0,35.4,30.9,46,3853000,-253200,29.0,,,16.01,140908,,1,2000
1790555123,2026-09-28T00:25:23Z,346611,1790208587,6.1.187-android14-11-SAGA,49646d1b0cd1,cc_governor,cc_governor,14,0,137,150,136,1,20,0,132,35,17,1,adios,0,adios,0,adios,0,32.8,35.4,,29.0,36.1,31.3,46,3852000,-203800,29.0,,,15.59,145396,,1,2000
1790555623,2026-09-28T00:33:43Z,347111,1790208587,6.1.187-android14-11-SAGA,49646d1b0cd1,cc_governor,cc_governor,14,0,227,246,226,0,88,0,156,161,73,15,adios,0,adios,0,adios,0,33.9,35.5,,29.0,35.9,30.5,46,3810000,-528500,29.0,,,15.38,130320,,1,2000
1790555923,2026-09-28T00:38:43Z,347411,1790208587,6.1.187-android14-11-SAGA,49646d1b0cd1,cc_governor,cc_governor,29,0,149,159,138,0,48,0,103,107,61,10,adios,0,adios,0,adios,0,34.3,32.5,,29.0,37.0,30.9,46,3845000,-191000,29.0,,,15.69,133620,,1,2000
1790556364,2026-09-28T00:46:04Z,347854,1790208587,6.1.187-android14-11-SAGA,49646d1b0cd1,cc_governor,cc_governor,0,0,37,52,53,0,75,0,118,120,46,10,adios,0,adios,0,adios,0,34.1,34.5,,29.0,34.9,30.9,45,3850000,-208700,29.0,,,15.52,126928,,1,2000
1790556431,2026-09-28T00:47:11Z,347920,1790208587,6.1.187-android14-11-SAGA,49646d1b0cd1,cc_governor,cc_governor,7273,1093,16419,20523,9150,135,10819,573,15751,21047,4932,249,adios,0,adios,0,adios,0,39.8,40.9,,30.0,42.2,34.7,45,3835000,-414400,30.0,,,24.31,88320,,1,2000
1790556467,2026-09-28T00:47:47Z,347955,1790208587,6.1.187-android14-11-SAGA,49646d1b0cd1,cc_governor,cc_governor,19416,4097,39390,50471,19924,171,15596,1378,25040,32552,9439,634,adios,0,adios,0,adios,0,41.3,47.0,,31.0,47.1,36.5,45,3807000,-514500,31.0,,,20.75,178672,,1,2000
1790556503,2026-09-28T00:48:23Z,347991,1790208587,6.1.187-android14-11-SAGA,49646d1b0cd1,cc_governor,cc_governor,24609,5935,52704,67293,28095,208,18247,1621,30274,38418,12027,1088,adios,0,adios,0,adios,0,37.2,37.9,,31.0,41.2,34.4,45,3842000,-316100,31.0,,,18.03,160732,,1,2000
1790556538,2026-09-28T00:48:58Z,348026,1790208587,6.1.187-android14-11-SAGA,49646d1b0cd1,cc_governor,cc_governor,24853,10555,57150,76686,32297,223,18738,2399,31500,40458,12762,1443,adios,0,adios,0,adios,0,36.5,38.3,,31.0,40.1,34.1,45,3847000,-213600,31.0,,,16.54,131980,,1,2000
1790556573,2026-09-28T00:49:34Z,348062,1790208587,6.1.187-android14-11-SAGA,49646d1b0cd1,cc_governor,cc_governor,24963,16722,59604,85626,34641,232,18827,3506,31733,41829,12906,1820,adios,0,adios,0,adios,0,36.2,37.4,,31.0,41.9,33.9,45,3844000,-198300,31.0,,,15.89,108340,,1,2000
1790556835,2026-09-28T00:53:55Z,348324,1790208587,6.1.187-android14-11-SAGA,49646d1b0cd1,cc_governor,cc_governor,88,0,590,658,438,0,73,0,246,301,171,3,adios,0,adios,0,adios,0,37.0,34.3,,31.0,39.7,33.3,45,3848000,-181800,31.0,,,15.26,122544,,1,2000
1790557014,2026-09-28T00:56:54Z,348503,1790208587,6.1.187-android14-11-SAGA,49646d1b0cd1,cc_governor,cc_governor,3,0,69,82,78,0,85,0,82,92,28,2,adios,0,adios,0,adios,0,36.5,37.0,,32.0,37.2,33.3,45,3810000,-878900,32.0,,,15.03,146940,,1,2000
1790557202,2026-09-28T01:00:02Z,348690,1790208587,6.1.187-android14-11-SAGA,49646d1b0cd1,cc_governor,cc_governor,23,0,152,197,141,0,110,0,203,231,100,16,adios,0,adios,0,adios,0,36.2,36.5,,32.0,39.9,34.3,45,3844000,-343000,32.0,,,15.73,108424,,1,2000
1790557345,2026-09-28T01:02:25Z,348833,1790208587,6.1.187-android14-11-SAGA,49646d1b0cd1,cc_governor,cc_governor,13,0,26,35,30,0,50,0,77,84,34,11,adios,0,adios,0,adios,0,37.4,36.7,,32.0,38.6,33.7,45,3850000,-236800,33.0,,,71.39,98056,,1,2000
1790557510,2026-09-28T01:05:10Z,348998,1790208587,6.1.187-android14-11-SAGA,49646d1b0cd1,cc_governor,cc_governor,926,297,2061,2538,1143,0,747,73,1190,1318,447,21,adios,0,adios,0,adios,0,39.3,37.7,,33.0,38.4,34.1,45,3835000,-1019200,33.0,,,46.65,104688,,1,2000
1790557714,2026-09-28T01:08:34Z,349202,1790208587,6.1.187-android14-11-SAGA,49646d1b0cd1,cc_governor,cc_governor,4,0,64,72,69,0,89,0,97,103,22,5,adios,0,adios,0,adios,0,35.2,38.9,,33.0,39.1,34.1,45,3839000,-211100,33.0,,,33.07,122192,,1,2000
1790557937,2026-09-28T01:12:17Z,349426,1790208587,6.1.187-android14-11-SAGA,49646d1b0cd1,cc_governor,cc_governor,2962,83,4115,4726,1077,4,2477,70,3458,3936,894,46,adios,0,adios,0,adios,0,52.4,52.8,,33.0,50.4,39.1,44,3788000,-1112600,33.0,,,27.95,115232,,1,2000
1790558014,2026-09-28T01:13:34Z,349502,1790208587,6.1.187-android14-11-SAGA,49646d1b0cd1,cc_governor,cc_governor,0,0,38,58,53,0,65,0,115,116,55,16,adios,0,adios,0,adios,0,37.5,39.1,,33.0,43.3,34.7,44,3793000,-868500,33.0,,,69.57,120128,,1,2000
1790558095,2026-09-28T01:14:55Z,349584,1790208587,6.1.187-android14-11-SAGA,49646d1b0cd1,cc_governor,cc_governor,18710,1949,33624,41509,14914,57,13422,712,23233,26142,9811,160,adios,0,adios,0,adios,0,44.5,49.5,44.8,33.0,51.2,39.8,44,3801000,-623100,34.0,,,48.87,478992,,1,2000
1790558239,2026-09-28T01:17:19Z,349727,1790208587,6.1.187-android14-11-SAGA,49646d1b0cd1,cc_governor,cc_governor,17,0,300,326,296,0,44,0,115,118,75,16,adios,0,adios,0,adios,0,39.8,37.0,,34.0,42.3,35.8,44,3831000,-450400,33.0,,,38.99,388704,,1,2000
1790558307,2026-09-28T01:18:27Z,349795,1790208587,6.1.187-android14-11-SAGA,49646d1b0cd1,cc_governor,cc_governor,132,8012,3909,12293,3790,14,38,241,791,1053,756,300,adios,0,adios,0,adios,0,39.6,41.7,,34.0,43.9,36.5,44,3831000,-340500,34.0,,,28.93,358764,,1,2000
1790558408,2026-09-28T01:20:08Z,349897,1790208587,6.1.187-android14-11-SAGA,49646d1b0cd1,cc_governor,cc_governor,3,0,206,236,221,0,137,0,205,207,72,18,adios,0,adios,0,adios,0,39.4,39.5,,34.0,43.5,36.2,44,3830000,-374700,34.0,,,23.03,325488,,1,2000
1790558697,2026-09-28T01:24:57Z,350185,1790208587,6.1.187-android14-11-SAGA,49646d1b0cd1,cc_governor,cc_governor,3813,61,5417,6623,1582,18,2744,39,4237,4673,1394,151,adios,0,adios,0,adios,0,52.1,55.8,52.6,33.0,61.1,39.6,44,3795000,-991200,33.0,,,21.09,108700,,1,2000
1790558760,2026-09-28T01:26:00Z,350249,1790208587,6.1.187-android14-11-SAGA,49646d1b0cd1,cc_governor,cc_governor,27,0,487,553,469,3,576,0,686,689,115,20,adios,0,adios,0,adios,0,39.6,37.4,,34.0,39.0,35.1,44,3843000,-576700,34.0,,,18.93,113176,,1,2000
1790558956,2026-09-28T01:29:16Z,350444,1790208587,6.1.187-android14-11-SAGA,49646d1b0cd1,cc_governor,cc_governor,0,0,41,57,57,0,10,0,49,52,43,15,adios,0,adios,0,adios,0,38.0,39.5,,34.0,41.1,35.8,43,3838000,-281900,34.0,,,17.35,121116,,1,2000
1790559130,2026-09-28T01:32:10Z,350619,1790208587,6.1.187-android14-11-SAGA,49646d1b0cd1,cc_governor,cc_governor,13,0,89,99,85,0,62,0,107,114,25,3,adios,0,adios,0,adios,0,37.6,38.5,,33.0,40.0,35.2,43,3840000,-200800,34.0,,,16.14,123432,,1,2000
1790559483,2026-09-28T01:38:03Z,350972,1790208587,6.1.187-android14-11-SAGA,49646d1b0cd1,cc_governor,cc_governor,0,0,59,68,71,0,46,0,99,106,58,16,adios,0,adios,0,adios,0,38.0,38.5,,34.0,40.3,35.0,43,3818000,-324000,34.0,,,25.98,116896,,1,2000
1790559636,2026-09-28T01:40:36Z,351125,1790208587,6.1.187-android14-11-SAGA,49646d1b0cd1,cc_governor,cc_governor,50,4934,1546,7159,1507,13,114,261,248,533,138,69,adios,0,adios,0,adios,0,39.6,40.5,,34.0,44.4,36.4,43,3832000,-267300,34.0,,,21.60,71652,,1,2000
1790559671,2026-09-28T01:41:11Z,351160,1790208587,6.1.187-android14-11-SAGA,49646d1b0cd1,cc_governor,cc_governor,8,0,303,366,305,2,62,0,121,133,63,14,adios,0,adios,0,adios,0,40.7,38.7,,34.0,40.9,35.5,43,3840000,-191000,34.0,,,18.88,120332,,1,2000
1790560436,2026-09-28T01:54:02Z,351930,1790208587,6.1.187-android14-11-SAGA,49646d1b0cd1,cc_governor,cc_governor,0,0,53,66,64,0,14,0,55,67,46,12,adios,0,adios,0,adios,0,37.7,37.1,,34.0,40.1,35.0,43,3823000,-552900,34.0,,,19.45,125176,,1,2000
1790560935,2026-09-28T02:02:15Z,352423,1790208587,6.1.187-android14-11-SAGA,49646d1b0cd1,cc_governor,cc_governor,384,106,1393,1665,1017,5,199,51,604,912,411,19,adios,0,adios,0,adios,0,39.5,39.0,,34.0,41.8,36.0,43,3831000,-472400,34.0,,,17.75,124052,,1,2000
1790561163,2026-09-28T02:06:03Z,352652,1790208587,6.1.187-android14-11-SAGA,49646d1b0cd1,cc_governor,cc_governor,7702,97,10464,12398,2761,23,5464,83,8185,9181,2738,161,adios,0,adios,0,adios,0,51.0,51.1,,34.0,54.6,39.6,43,3758000,-1504500,34.0,,,17.45,111124,,1,2000
1790561200,2026-09-28T02:06:40Z,352688,1790208587,6.1.187-android14-11-SAGA,49646d1b0cd1,cc_governor,cc_governor,49769,713,67349,81228,17593,90,27423,812,43142,49190,15731,585,adios,0,adios,0,adios,0,53.4,53.8,48.3,35.0,56.0,42.2,42,3762000,-1146200,35.0,,,20.52,102216,,1,2000
1790561236,2026-09-28T02:07:16Z,352724,1790208587,6.1.187-android14-11-SAGA,49646d1b0cd1,cc_governor,cc_governor,70425,6506,102603,128773,32126,145,32363,4092,57782,68199,25417,1007,adios,0,adios,0,adios,0,50.9,52.1,48.5,35.0,52.5,41.7,42,3797000,-839200,35.0,,,20.41,113968,,1,2000
1790561272,2026-09-28T02:07:52Z,352760,1790208587,6.1.187-android14-11-SAGA,49646d1b0cd1,cc_governor,cc_governor,95723,12299,141696,181826,45985,196,38629,7355,73438,88224,34813,1418,adios,0,adios,0,adios,0,50.4,52.3,,36.0,50.6,41.8,42,3812000,-426000,36.0,,,19.72,169740,,1,2000
1790561308,2026-09-28T02:08:28Z,352796,1790208587,6.1.187-android14-11-SAGA,49646d1b0cd1,cc_governor,cc_governor,113195,14908,175570,222840,62285,228,47314,8891,89893,107346,42555,1798,adios,0,adios,0,adios,0,50.8,49.3,,36.0,50.9,41.1,42,3765000,-1320100,36.0,,,20.32,28336,,1,2000
1790561343,2026-09-28T02:09:03Z,352832,1790208587,6.1.187-android14-11-SAGA,49646d1b0cd1,cc_governor,cc_governor,132784,17906,211633,270311,78829,299,55998,11135,109204,130914,53206,2165,adios,0,adios,0,adios,0,47.6,49.8,46.6,36.0,52.9,41.5,42,3804000,-644500,36.0,,,19.18,93984,,1,2000
1790561379,2026-09-28T02:09:39Z,352868,1790208587,6.1.187-android14-11-SAGA,49646d1b0cd1,cc_governor,cc_governor,156578,19633,251733,323404,95170,352,70450,12224,135109,163000,64664,2588,adios,0,adios,0,adios,0,50.6,49.7,,36.0,50.4,42.4,42,3805000,-430200,37.0,,,19.91,106544,,1,2000
1790561415,2026-09-28T02:10:15Z,352903,1790208587,6.1.187-android14-11-SAGA,49646d1b0cd1,cc_governor,cc_governor,166953,22145,279466,359684,112526,394,77057,13549,150443,181573,73405,2956,adios,0,adios,0,adios,0,51.5,50.6,,37.0,50.4,41.5,42,3790000,-631100,36.0,,,22.11,125440,,1,2000
1790561450,2026-09-28T02:10:50Z,352939,1790208587,6.1.187-android14-11-SAGA,49646d1b0cd1,cc_governor,cc_governor,178419,27296,305809,395469,127390,423,88452,16422,169786,205287,81334,3335,adios,0,adios,0,adios,0,53.6,56.5,50.8,36.0,66.4,43.4,42,3748000,-1467200,36.0,,,20.94,125108,,1,2000
1790561543,2026-09-28T02:12:23Z,353031,1790208587,6.1.187-android14-11-SAGA,49646d1b0cd1,cc_governor,cc_governor,6,0,249,14,0,1,44,30,44,80,4,6,adios,0,adios,0,adios,0,40.0,42.0,,36.0,45.2,38.1,41,3819000,-354600,36.0,,,18.59,123632,,1,2000
1790561827,2026-09-28T02:17:07Z,353316,1790208587,6.1.187-android14-11-SAGA,49646d1b0cd1,cc_governor,cc_governor,0,0,80,96,90,0,22,0,71,74,54,19,adios,0,adios,0,adios,0,41.7,41.4,,35.0,43.2,36.9,41,3827000,-300900,35.0,,,17.08,102504,,1,2000
1790561876,2026-09-28T02:17:56Z,353364,1790208587,6.1.187-android14-11-SAGA,49646d1b0cd1,cc_governor,cc_governor,5,0,239,271,242,2,192,0,271,20,18,1,adios,0,adios,0,adios,0,40.6,40.4,,35.0,40.8,36.4,41,3831000,-280100,35.0,,,15.92,223372,,1,2000
1790562000,2026-09-28T02:20:00Z,353488,1790208587,6.1.187-android14-11-SAGA,49646d1b0cd1,cc_governor,cc_governor,29,0,229,253,218,0,91,0,201,214,114,16,adios,0,adios,0,adios,0,40.7,42.1,,34.0,50.3,37.4,41,3797000,-234300,35.0,,,17.11,106332,,1,2000
1790562156,2026-09-28T02:22:36Z,353644,1790208587,6.1.187-android14-11-SAGA,49646d1b0cd1,cc_governor,cc_governor,5947,287,8645,10537,2694,31,4496,240,6199,7361,1703,91,adios,0,adios,0,adios,0,43.8,46.1,,34.0,44.8,38.4,41,3821000,-285600,34.0,,,18.25,145652,,1,2000
1790562247,2026-09-28T02:24:07Z,353736,1790208587,6.1.187-android14-11-SAGA,49646d1b0cd1,cc_governor,cc_governor,130,0,1244,1304,1125,2,81,0,243,250,166,25,adios,0,adios,0,adios,0,40.3,41.7,,34.0,43.3,36.5,41,3816000,-379000,34.0,,,17.68,112952,,1,2000
1790562316,2026-09-28T02:25:16Z,353805,1790208587,6.1.187-android14-11-SAGA,49646d1b0cd1,cc_governor,cc_governor,23,0,1039,1178,1030,2,759,0,941,953,185,22,adios,0,adios,0,adios,0,39.6,39.8,,34.0,41.2,36.4,41,3829000,-231900,34.0,,,22.12,121072,,1,2000
1790562459,2026-09-28T02:27:39Z,353947,1790208587,6.1.187-android14-11-SAGA,49646d1b0cd1,cc_governor,cc_governor,176,379,1360,2025,1134,6,415,213,1120,1650,672,23,adios,0,adios,0,adios,0,42.3,42.2,,34.0,45.6,37.2,41,3818000,-335000,34.0,,,49.65,102760,,1,2000
1790562646,2026-09-28T02:30:46Z,354135,1790208587,6.1.187-android14-11-SAGA,49646d1b0cd1,cc_governor,cc_governor,1,0,65,76,76,0,7,0,50,53,49,19,adios,0,adios,0,adios,0,38.9,39.7,,34.0,40.7,35.8,41,3827000,-255100,34.0,,,33.09,124976,,1,2000
1790562811,2026-09-28T02:33:31Z,354299,1790208587,6.1.187-android14-11-SAGA,49646d1b0cd1,cc_governor,cc_governor,6,0,220,242,234,0,192,0,315,322,102,18,adios,0,adios,0,adios,0,38.8,39.4,,34.0,39.0,35.3,41,3826000,-40200,34.0,,,61.44,142316,,1,2000
1790563137,2026-09-28T02:38:57Z,354626,1790208587,6.1.187-android14-11-SAGA,49646d1b0cd1,cc_governor,cc_governor,5,0,4,18,12,0,18,0,45,47,32,8,adios,0,adios,0,adios,0,37.4,36.6,,34.0,41.6,35.5,41,3828000,-254500,34.0,,,42.26,126736,,1,2000
1790563428,2026-09-28T02:43:48Z,354917,1790208587,6.1.187-android14-11-SAGA,49646d1b0cd1,cc_governor,cc_governor,19,0,84,94,76,0,2,0,52,70,54,15,adios,0,adios,0,adios,0,37.2,38.0,,33.0,41.3,35.4,41,3825000,-358200,33.0,,,91.22,128928,,1,2000
1790563522,2026-09-28T02:45:22Z,355011,1790208587,6.1.187-android14-11-SAGA,49646d1b0cd1,cc_governor,cc_governor,10,0,75,93,78,0,29,0,73,99,51,17,adios,0,adios,0,adios,0,38.0,37.5,,33.0,59.1,36.8,40,3774000,-1192000,33.0,,,79.99,69980,,1,2000
1790563808,2026-09-28T02:50:08Z,355296,1790208587,6.1.187-android14-11-SAGA,49646d1b0cd1,cc_governor,cc_governor,4710,3100,13252,18466,8542,63,5960,759,9037,12286,3077,338,adios,0,adios,0,adios,0,38.5,39.3,,33.0,42.6,35.8,40,3825000,-193400,33.0,,,50.92,105664,,1,2000
1790563843,2026-09-28T02:50:43Z,355332,1790208587,6.1.187-android14-11-SAGA,49646d1b0cd1,cc_governor,cc_governor,4976,10466,16499,29504,11531,91,6185,1427,9855,13922,3674,721,adios,0,adios,0,adios,0,38.7,39.3,,33.0,43.4,35.7,40,3819000,-667700,33.0,,,34.78,120548,,1,2000
1790563879,2026-09-28T02:51:19Z,355367,1790208587,6.1.187-android14-11-SAGA,49646d1b0cd1,cc_governor,cc_governor,5071,16607,20430,39866,15371,106,6185,2468,10020,15172,3840,1112,adios,0,adios,0,adios,0,38.4,39.6,,33.0,41.8,35.6,40,3827000,-164100,33.0,,,25.79,123084,,1,2000
1790563914,2026-09-28T02:51:54Z,355402,1790208587,6.1.187-android14-11-SAGA,49646d1b0cd1,cc_governor,cc_governor,5125,23626,23198,49893,18073,136,6185,3404,10197,16322,4012,1502,adios,0,adios,0,adios,0,38.3,41.1,,33.0,43.4,35.6,40,3827000,-285600,33.0,,,20.81,133552,,1,2000
1790563949,2026-09-28T02:52:29Z,355438,1790208587,6.1.187-android14-11-SAGA,49646d1b0cd1,cc_governor,cc_governor,5210,31951,25094,60427,19884,161,6186,4127,10626,17520,4440,1890,adios,0,adios,0,adios,0,38.1,39.4,,33.0,41.4,35.5,40,3828000,-219100,33.0,,,18.09,127160,,1,2000
1790563985,2026-09-28T02:53:05Z,355473,1790208587,6.1.187-android14-11-SAGA,49646d1b0cd1,cc_governor,cc_governor,5268,40241,26783,70677,21515,185,6186,5228,10643,18669,4457,2275,adios,0,adios,0,adios,0,38.2,40.6,,33.0,41.6,35.5,40,3827000,-198300,33.0,,,16.32,126284,,1,2000
1790564020,2026-09-28T02:53:40Z,355509,1790208587,6.1.187-android14-11-SAGA,49646d1b0cd1,cc_governor,cc_governor,5288,45544,27031,76535,21743,212,6186,6360,10657,19832,4471,2667,adios,0,adios,0,adios,0,38.1,38.2,,33.0,41.4,35.5,40,3818000,-335000,33.0,,,15.59,119260,,1,2000
1790564056,2026-09-28T02:54:16Z,355544,1790208587,6.1.187-android14-11-SAGA,49646d1b0cd1,cc_governor,cc_governor,5308,49784,28008,82064,22714,241,6186,7146,10954,20937,4771,3039,adios,0,adios,0,adios,0,37.7,38.6,,33.0,41.9,35.5,40,3821000,-267300,33.0,,,15.25,102284,,1,2000
1790564091,2026-09-28T02:54:51Z,355579,1790208587,6.1.187-android14-11-SAGA,49646d1b0cd1,cc_governor,cc_governor,37161,51325,72189,135434,34851,300,32151,8188,45860,64173,13562,3521,adios,0,adios,0,adios,0,52.9,45.4,,34.0,56.0,40.3,40,3764000,-703700,34.0,,,20.70,121808,,1,2000
1790564131,2026-09-28T02:55:31Z,355619,1790208587,6.1.187-android14-11-SAGA,49646d1b0cd1,cc_governor,cc_governor,98357,51972,147311,220665,48940,391,86939,8822,113247,138798,26287,4215,adios,0,adios,0,adios,0,55.3,57.5,50.2,34.0,60.2,42.8,40,3769000,-926500,35.0,,,20.27,112424,,1,2000
1790564167,2026-09-28T02:56:07Z,355655,1790208587,6.1.187-android14-11-SAGA,49646d1b0cd1,cc_governor,cc_governor,153164,53158,215412,297438,62222,445,98538,9960,140689,169003,42162,4595,adios,0,adios,0,adios,0,50.2,51.2,46.9,35.0,55.0,41.9,40,3790000,-881300,35.0,,,19.34,107056,,1,2000
1790564203,2026-09-28T02:56:43Z,355691,1790208587,6.1.187-android14-11-SAGA,49646d1b0cd1,cc_governor,cc_governor,214229,55389,286928,380675,72676,492,108325,12352,163373,195955,55039,4963,adios,0,adios,0,adios,2,57.8,58.5,52.7,35.0,70.7,45.5,40,3768000,-1258500,35.0,,,19.52,138800,,1,2000
1790564244,2026-09-28T02:57:24Z,355733,1790208587,6.1.187-android14-11-SAGA,49646d1b0cd1,cc_governor,cc_governor,283491,59208,366167,475868,82643,786,127543,17253,194206,235995,66656,5778,adios,0,adios,0,adios,0,49.7,49.5,46.7,36.0,54.2,41.6,39,3785000,-822700,36.0,,,19.39,81708,,1,2000
1790564280,2026-09-28T02:58:00Z,355768,1790208587,6.1.187-android14-11-SAGA,49646d1b0cd1,cc_governor,cc_governor,347368,63812,437658,560386,90248,832,131056,23105,206827,254808,75770,6147,adios,0,adios,0,adios,0,50.6,51.1,48.4,36.0,59.0,41.9,39,3776000,-1050400,36.0,,,18.98,120344,,1,2000
1790564316,2026-09-28T02:58:36Z,355804,1790208587,6.1.187-android14-11-SAGA,49646d1b0cd1,cc_governor,cc_governor,407974,69585,505350,642441,97361,877,135121,29369,219036,273425,83923,6497,adios,0,adios,0,adios,0,49.2,50.0,47.2,35.0,60.6,41.7,39,3770000,-598700,36.0,,,19.31,131576,,1,2000
1790564351,2026-09-28T02:59:11Z,355840,1790208587,6.1.187-android14-11-SAGA,49646d1b0cd1,cc_governor,cc_governor,465152,72327,573457,722067,108297,918,141599,32236,237541,295461,95940,6860,adios,0,adios,0,adios,0,49.5,49.2,47.6,36.0,58.3,41.8,39,3792000,-773900,36.0,,,18.36,98496,,1,2000
1790564387,2026-09-28T02:59:47Z,355876,1790208587,6.1.187-android14-11-SAGA,49646d1b0cd1,cc_governor,cc_governor,518317,76285,637740,803792,119278,977,169188,35594,276529,344892,107375,7255,adios,0,adios,0,adios,29,66.5,64.5,,36.0,68.0,46.3,39,3750000,-1124200,36.0,,,20.48,120504,,1,2000
