ts_unix,ts_iso,uptime_s,boot_id,kernel_ver,build_hash,gov_policy0,gov_policy4,cc0_streak,cc0_instant,cc0_confirmed,cc0_total,cc0_topapp_conf,cc0_warp_conf,cc4_streak,cc4_instant,cc4_confirmed,cc4_total,cc4_topapp_conf,cc4_warp_conf,adios_sda_sched,adios_sda_io_pressure,adios_sdb_sched,adios_sdb_io_pressure,adios_sdc_sched,adios_sdc_io_pressure,thermal_cpu0_c,thermal_cpu1_c,thermal_gpu_c,thermal_batt_c,thermal_soc_max_c,thermal_skin_c,battery_pct,battery_uv,battery_ua,battery_temp_c,foreground_pkg,foreground_uid,loadavg_1m,mem_free_kb,sched_nr_running,bore_warp_enabled,bore_warp_us
1790305203,2026-09-25T03:00:03Z,96691,1790208587,6.1.187-android14-11-SAGA,49646d1b0cd1,cc_governor,cc_governor,784786,579699,1068698,1893585,283864,175,165827,379930,369079,776299,203252,12683,adios,0,adios,0,adios,0,52.0,51.3,,38.0,56.4,43.1,18,3686000,-1037500,38.0,,,17.63,112516,,1,2000
1790305238,2026-09-25T03:00:38Z,96726,1790208587,6.1.187-android14-11-SAGA,49646d1b0cd1,cc_governor,cc_governor,808339,592137,1097333,1939988,288923,179,172286,388847,378635,797071,206313,12928,adios,0,adios,0,adios,3,56.4,51.1,,38.0,53.0,43.5,18,3701000,-533400,38.0,,,17.61,150032,,1,2000
1790305273,2026-09-25T03:01:13Z,96761,1790208587,6.1.187-android14-11-SAGA,49646d1b0cd1,cc_governor,cc_governor,824588,608249,1117966,1981523,293349,180,174880,396332,383406,809624,208526,13192,adios,0,adios,0,adios,0,48.5,48.8,,38.0,51.7,42.7,18,3695000,-1175500,38.0,,,17.22,129176,,1,2000
1790305308,2026-09-25T03:01:48Z,96796,1790208587,6.1.187-android14-11-SAGA,49646d1b0cd1,cc_governor,cc_governor,839455,628580,1132996,2021384,293554,181,176880,406055,385509,821692,208644,13468,adios,0,adios,0,adios,0,49.2,50.4,46.5,38.0,58.2,43.1,18,3681000,-830000,38.0,,,17.15,147100,,1,2000
1790305343,2026-09-25T03:02:23Z,96831,1790208587,6.1.187-android14-11-SAGA,49646d1b0cd1,cc_governor,cc_governor,860059,637644,1164956,2067857,304880,189,180551,410311,394934,835953,214383,13774,adios,0,adios,0,adios,0,48.7,48.2,,38.0,52.0,42.7,18,3687000,-602400,38.0,,,17.46,133976,,1,2000
1790305378,2026-09-25T03:02:58Z,96867,1790208587,6.1.187-android14-11-SAGA,49646d1b0cd1,cc_governor,cc_governor,878161,652942,1188050,2111062,309848,192,183464,417561,400352,849229,216850,14079,adios,0,adios,0,adios,0,53.9,51.7,,38.0,53.1,43.4,18,3685000,-607900,38.0,,,17.30,121040,,1,2000
1790305441,2026-09-25T03:04:01Z,96929,1790208587,6.1.187-android14-11-SAGA,49646d1b0cd1,cc_governor,cc_governor,2,0,193,203,200,0,14,0,73,82,62,13,adios,0,adios,0,adios,0,42.9,43.1,,38.0,42.9,38.6,18,3714000,-364900,37.0,,,16.38,123188,,1,2000
1790305599,2026-09-25T03:06:39Z,97087,1790208587,6.1.187-android14-11-SAGA,49646d1b0cd1,cc_governor,cc_governor,0,0,86,96,98,0,24,0,108,122,20,4,adios,0,adios,0,adios,0,39.0,38.4,,35.0,41.0,35.8,18,3718000,-291700,35.0,,,84.15,103464,,1,2000
1790305776,2026-09-25T03:09:36Z,97264,1790208587,6.1.187-android14-11-SAGA,49646d1b0cd1,cc_governor,cc_governor,9,0,203,215,205,0,42,0,93,97,55,12,adios,0,adios,0,adios,0,37.9,38.3,,33.0,39.3,34.4,18,3717000,-349100,33.0,,,53.34,117108,,1,2000
1790305983,2026-09-25T03:13:03Z,97472,1790208587,6.1.187-android14-11-SAGA,49646d1b0cd1,cc_governor,cc_governor,6,0,144,173,141,0,82,0,135,140,56,12,adios,0,adios,0,adios,0,35.9,44.2,,32.0,37.3,32.8,18,3716000,-225200,32.0,,,36.09,120692,,1,2000
1790306565,2026-09-25T03:22:45Z,98054,1790208587,6.1.187-android14-11-SAGA,49646d1b0cd1,cc_governor,cc_governor,17,0,59,84,60,0,85,0,123,128,42,11,adios,0,adios,0,adios,0,32.5,31.8,,29.0,34.1,29.6,18,3720000,-399100,29.0,,,26.90,119912,,1,2000
1790307502,2026-09-25T03:38:22Z,98990,1790208587,6.1.187-android14-11-SAGA,49646d1b0cd1,cc_governor,cc_governor,4,0,109,126,120,0,43,0,25,40,19,2,adios,0,adios,0,adios,0,31.0,31.7,,27.0,32.7,28.3,17,3705000,-120200,27.0,,,21.27,71648,,1,2000
1790307581,2026-09-25T03:39:41Z,99069,1790208587,6.1.187-android14-11-SAGA,49646d1b0cd1,cc_governor,cc_governor,4075,2685,11857,16216,7793,1,4371,888,6849,11329,2483,45,adios,0,adios,0,adios,0,32.6,33.1,,27.0,37.5,29.9,17,3708000,-332600,27.0,,,18.84,123876,,1,2000
1790307643,2026-09-25T03:40:43Z,99131,1790208587,6.1.187-android14-11-SAGA,49646d1b0cd1,cc_governor,cc_governor,1,0,91,118,14,0,14,0,37,42,27,6,adios,0,adios,0,adios,0,32.2,30.9,,27.0,34.9,29.4,17,3709000,-380200,27.0,,,17.05,117092,,1,2000
1790308399,2026-09-25T03:53:19Z,99887,1790208587,6.1.187-android14-11-SAGA,49646d1b0cd1,cc_governor,cc_governor,9,0,77,86,75,0,24,0,69,72,51,16,adios,0,adios,0,adios,0,30.1,43.0,,26.0,39.3,27.3,17,3709000,-258700,26.0,,,21.18,127760,,1,2000
1790309379,2026-09-25T04:09:39Z,100868,1790208587,6.1.187-android14-11-SAGA,49646d1b0cd1,cc_governor,cc_governor,0,5,17,65,17,0,33,19,50,85,17,8,adios,0,adios,0,adios,0,30.8,29.7,,26.0,30.0,26.7,17,3703000,-322200,26.0,,,84.12,109996,,1,2000
1790316357,2026-09-25T06:05:57Z,107845,1790208587,6.1.187-android14-11-SAGA,49646d1b0cd1,cc_governor,cc_governor,521,1466,4354,6010,3833,0,403,145,965,1338,562,16,adios,0,adios,0,adios,0,28.8,29.6,,24.0,31.0,26.3,16,3707000,-212400,24.0,,,92.11,107268,,1,2000
1790324516,2026-09-25T08:21:56Z,116004,1790208587,6.1.187-android14-11-SAGA,49646d1b0cd1,cc_governor,cc_governor,219,477,847,1377,642,0,238,68,432,518,198,19,adios,0,adios,0,adios,0,32.9,37.4,,23.0,32.3,25.7,16,3700000,-170200,23.0,,,56.34,96956,,1,2000
1790324615,2026-09-25T08:23:35Z,116104,1790208587,6.1.187-android14-11-SAGA,49646d1b0cd1,cc_governor,cc_governor,84,2140,859,3083,775,0,50,110,103,289,53,18,adios,0,adios,0,adios,0,27.6,27.9,,23.0,30.6,25.3,16,3699000,-153800,23.0,,,37.77,120904,,1,2000
1790325577,2026-09-25T08:39:37Z,117065,1790208587,6.1.187-android14-11-SAGA,49646d1b0cd1,cc_governor,cc_governor,15,0,99,116,99,0,132,0,36,49,20,3,adios,0,adios,0,adios,0,25.5,26.9,,23.0,31.3,24.7,15,3685000,-300900,23.0,,,27.69,120036,,1,2000
1790328016,2026-09-25T09:20:16Z,119505,1790208587,6.1.187-android14-11-SAGA,49646d1b0cd1,cc_governor,cc_governor,4932,1638,8631,11821,3699,1,8169,665,10472,13212,2303,20,adios,0,adios,0,adios,0,30.4,31.9,,23.0,37.3,27.4,15,3583000,-1118100,23.0,,,23.35,180748,,1,2000
1790328122,2026-09-25T09:22:02Z,119610,1790208587,6.1.187-android14-11-SAGA,49646d1b0cd1,cc_governor,cc_governor,322,8,871,940,564,0,558,4,1003,1094,440,17,adios,0,adios,0,adios,0,32.7,32.8,,24.0,29.0,25.1,15,3697000,-192200,24.0,,,45.02,132344,,1,2000
1790328455,2026-09-25T09:27:35Z,119944,1790208587,6.1.187-android14-11-SAGA,49646d1b0cd1,cc_governor,cc_governor,56,0,188,209,92,0,160,0,239,262,84,16,adios,0,adios,0,adios,0,28.8,29.8,,24.0,31.1,24.5,15,3673000,-307000,24.0,,,31.69,113212,,1,2000
1790328622,2026-09-25T09:30:22Z,120110,1790208587,6.1.187-android14-11-SAGA,49646d1b0cd1,cc_governor,cc_governor,223,2532,2682,5647,2467,0,257,234,630,1129,378,17,adios,0,adios,0,adios,0,29.3,29.6,,24.0,31.4,25.7,15,3678000,-206200,24.0,,,49.65,107604,,1,2000
1790328910,2026-09-25T09:35:10Z,120398,1790208587,6.1.187-android14-11-SAGA,49646d1b0cd1,cc_governor,cc_governor,6833,231,11037,13189,4208,28,3035,124,5316,6160,2287,83,adios,0,adios,0,adios,0,32.7,33.4,,23.0,35.8,27.5,15,3631000,-726900,24.0,,,89.86,93988,,1,2000
1790329059,2026-09-25T09:37:39Z,120547,1790208587,6.1.187-android14-11-SAGA,49646d1b0cd1,cc_governor,cc_governor,701,102,1669,1954,981,0,805,32,1261,1537,460,17,adios,0,adios,0,adios,0,29.9,31.0,,24.0,29.3,25.5,15,3675000,-491300,24.0,,,85.10,100292,,1,2000
1790329526,2026-09-25T09:45:26Z,121014,1790208587,6.1.187-android14-11-SAGA,49646d1b0cd1,cc_governor,cc_governor,9215,117,14526,16600,5239,28,3347,107,5775,6424,2418,35,adios,0,adios,0,adios,6,41.0,34.5,,24.0,35.5,27.7,14,3651000,-361900,24.0,,,55.59,103108,,1,2000
1790329978,2026-09-25T09:52:58Z,121466,1790208587,6.1.187-android14-11-SAGA,49646d1b0cd1,cc_governor,cc_governor,2,0,55,64,66,0,16,0,66,68,54,15,adios,0,adios,0,adios,0,32.3,32.5,,28.0,35.1,29.7,14,3693000,-243500,28.0,,,37.86,92724,,1,2000
1790330149,2026-09-25T09:55:49Z,121637,1790208587,6.1.187-android14-11-SAGA,49646d1b0cd1,cc_governor,cc_governor,19091,3363,25456,33929,6376,0,10165,1380,14104,16305,3945,242,adios,0,adios,0,adios,0,37.6,38.3,,28.0,42.9,32.5,14,3671000,-538900,28.0,,,28.41,194024,,1,2000
1790330359,2026-09-25T09:59:19Z,121847,1790208587,6.1.187-android14-11-SAGA,49646d1b0cd1,cc_governor,cc_governor,1,0,60,68,69,0,17,0,64,69,52,13,adios,0,adios,0,adios,0,34.8,36.2,,31.0,37.3,31.8,14,3688000,-233100,31.0,,,22.68,121116,,1,2000
1790330640,2026-09-25T10:04:05Z,122134,1790208587,6.1.187-android14-11-SAGA,49646d1b0cd1,cc_governor,cc_governor,0,34,17,68,13,0,5,30,18,54,16,13,adios,0,adios,0,adios,0,35.6,35.1,,31.0,44.1,32.8,14,3683000,-316100,31.0,,,20.24,118952,,1,2000
1790330718,2026-09-25T10:05:18Z,122207,1790208587,6.1.187-android14-11-SAGA,49646d1b0cd1,cc_governor,cc_governor,3,0,245,337,253,0,11,2,75,88,68,14,adios,0,adios,0,adios,0,37.2,37.4,,31.0,40.9,33.2,14,3689000,-249600,31.0,,,17.89,130908,,1,2000
1790330961,2026-09-25T10:09:21Z,122449,1790208587,6.1.187-android14-11-SAGA,49646d1b0cd1,cc_governor,cc_governor,1,0,103,29,25,0,62,0,95,102,41,6,adios,0,adios,0,adios,0,35.3,34.5,,31.0,36.5,32.3,14,3686000,-249600,31.0,,,17.47,127672,,1,2000
1790331071,2026-09-25T10:11:11Z,122559,1790208587,6.1.187-android14-11-SAGA,49646d1b0cd1,cc_governor,cc_governor,0,0,25,29,35,0,48,0,87,89,42,10,adios,0,adios,0,adios,0,35.7,36.0,,31.0,39.3,32.5,14,3690000,-277700,31.0,,,18.96,191160,,1,2000
1790331184,2026-09-25T10:13:04Z,122672,1790208587,6.1.187-android14-11-SAGA,49646d1b0cd1,cc_governor,cc_governor,26,34,324,400,0,0,33,17,54,87,28,3,adios,0,adios,0,adios,0,37.5,37.1,,31.0,42.3,33.1,13,3681000,-322200,31.0,,,18.22,114384,,1,2000
1790331271,2026-09-25T10:14:31Z,122759,1790208587,6.1.187-android14-11-SAGA,49646d1b0cd1,cc_governor,cc_governor,9,0,76,87,83,0,30,0,76,79,51,15,adios,0,adios,0,adios,3,37.4,35.8,,31.0,40.5,33.7,13,3680000,-238000,31.0,,,18.16,195672,,1,2000
1790331462,2026-09-25T10:17:42Z,122950,1790208587,6.1.187-android14-11-SAGA,49646d1b0cd1,cc_governor,cc_governor,7,0,106,124,106,0,178,0,247,252,73,14,adios,0,adios,0,adios,0,35.6,33.6,39.6,31.0,61.4,36.5,13,3604000,-790400,31.0,,,21.77,100832,,1,2000
1790331521,2026-09-25T10:18:41Z,123009,1790208587,6.1.187-android14-11-SAGA,49646d1b0cd1,cc_governor,cc_governor,25842,1072,43523,55236,17705,90,19323,557,30903,36197,11592,512,adios,0,adios,0,adios,0,44.7,45.0,43.2,32.0,47.8,37.6,13,3645000,-763500,32.0,,,22.37,125108,,1,2000
1790331557,2026-09-25T10:19:17Z,123045,1790208587,6.1.187-android14-11-SAGA,49646d1b0cd1,cc_governor,cc_governor,40683,4967,75543,99285,34880,95,21721,2654,40541,48529,18827,861,adios,0,adios,0,adios,0,45.8,44.7,43.0,32.0,48.2,37.6,13,3649000,-671300,32.0,,,20.37,94652,,1,2000
1790331593,2026-09-25T10:19:53Z,123081,1790208587,6.1.187-android14-11-SAGA,49646d1b0cd1,cc_governor,cc_governor,60008,6341,113985,149448,53995,105,27331,3441,57005,67237,29678,1215,adios,0,adios,0,adios,0,45.8,44.7,42.5,33.0,47.0,38.3,12,3637000,-587100,33.0,,,19.36,86464,,1,2000
1790331628,2026-09-25T10:20:28Z,123117,1790208587,6.1.187-android14-11-SAGA,49646d1b0cd1,cc_governor,cc_governor,77307,9640,146768,190239,69477,108,34621,4791,71932,84663,37315,1539,adios,0,adios,0,adios,0,43.1,44.4,,33.0,47.0,37.9,12,3646000,-486400,33.0,,,19.26,322248,,1,2000
1790331738,2026-09-25T10:22:18Z,123227,1790208587,6.1.187-android14-11-SAGA,49646d1b0cd1,cc_governor,cc_governor,0,0,69,90,77,0,7,0,51,54,50,15,adios,0,adios,0,adios,0,36.6,37.6,,33.0,41.6,34.4,12,3666000,-496800,32.0,,,17.89,248144,,1,2000
1790331782,2026-09-25T10:23:02Z,123270,1790208587,6.1.187-android14-11-SAGA,49646d1b0cd1,cc_governor,cc_governor,18405,3355,29193,39559,10788,2,9429,1633,16195,19732,6766,49,adios,0,adios,0,adios,0,42.6,43.5,41.0,32.0,52.1,37.0,12,3605000,-793400,32.0,,,18.53,89180,,1,2000
1790331838,2026-09-25T10:23:58Z,123326,1790208587,6.1.187-android14-11-SAGA,49646d1b0cd1,cc_governor,cc_governor,5080,180,7182,8776,1933,46,3301,165,4979,5735,1668,201,adios,0,adios,0,adios,0,57.5,58.2,51.6,32.0,52.1,39.9,12,3758000,961900,33.0,,,19.00,191060,,1,2000
1790331877,2026-09-25T10:24:37Z,123366,1790208587,6.1.187-android14-11-SAGA,49646d1b0cd1,cc_governor,cc_governor,22519,2468,38356,47922,15831,191,12261,919,19156,26709,6900,1122,adios,0,adios,0,adios,0,46.9,45.0,,33.0,49.8,38.5,12,3787000,1197500,33.0,,,18.12,801792,,1,2000
1790331913,2026-09-25T10:25:13Z,123401,1790208587,6.1.187-android14-11-SAGA,49646d1b0cd1,cc_governor,cc_governor,24757,5943,46910,61143,22172,193,12513,1629,20610,29685,8097,1431,adios,0,adios,0,adios,0,43.7,46.1,,33.0,47.4,37.0,12,3812000,1477600,33.0,,,17.07,601520,,1,2000
1790331948,2026-09-25T10:25:48Z,123436,1790208587,6.1.187-android14-11-SAGA,49646d1b0cd1,cc_governor,cc_governor,25131,12620,49848,71132,24738,195,12545,2862,20954,31740,8413,1715,adios,0,adios,0,adios,0,42.0,43.0,,33.0,45.8,36.4,13,3815000,1430000,33.0,,,16.38,494972,,1,2000
1790332024,2026-09-25T10:27:04Z,123512,1790208587,6.1.187-android14-11-SAGA,49646d1b0cd1,cc_governor,cc_governor,3,0,104,127,110,0,43,0,60,70,21,4,adios,0,adios,0,adios,0,37.5,36.7,,32.0,41.3,34.6,14,3847000,1513000,32.0,,,16.19,637492,,1,2000
1790332139,2026-09-25T10:28:59Z,123627,1790208587,6.1.187-android14-11-SAGA,49646d1b0cd1,cc_governor,cc_governor,7,0,161,175,166,0,0,0,52,62,56,16,adios,0,adios,0,adios,0,36.8,37.4,,32.0,38.4,33.4,14,3856000,1464800,32.0,,,15.78,613744,,1,2000
1790332235,2026-09-25T10:30:35Z,123723,1790208587,6.1.187-android14-11-SAGA,49646d1b0cd1,cc_governor,cc_governor,6,0,812,900,813,0,52,0,74,82,28,5,adios,0,adios,0,adios,0,35.1,34.6,,32.0,39.8,32.8,16,3848000,1220000,31.0,,,15.37,578028,,1,2000
1790332349,2026-09-25T10:32:29Z,123837,1790208587,6.1.187-android14-11-SAGA,49646d1b0cd1,cc_governor,cc_governor,0,0,469,502,480,0,30,0,95,110,68,16,adios,0,adios,0,adios,0,35.9,36.3,,31.0,36.9,32.6,16,3869000,1472100,31.0,,,15.63,136476,,1,2000
1790332449,2026-09-25T10:34:09Z,123937,1790208587,6.1.187-android14-11-SAGA,49646d1b0cd1,cc_governor,cc_governor,0,0,41,46,49,0,55,0,94,100,44,12,adios,0,adios,0,adios,0,35.4,36.2,,31.0,38.8,32.8,17,3874000,1377500,31.0,,,15.09,104868,,1,2000
1790332621,2026-09-25T10:37:01Z,124109,1790208587,6.1.187-android14-11-SAGA,49646d1b0cd1,cc_governor,cc_governor,5,0,349,362,355,0,20,0,71,79,54,16,adios,0,adios,0,adios,0,31.8,37.8,,31.0,41.9,31.6,19,3882000,823900,30.0,,,15.13,116472,,1,2000
1790332743,2026-09-25T10:39:03Z,124231,1790208587,6.1.187-android14-11-SAGA,49646d1b0cd1,cc_governor,cc_governor,574,3696,4093,8358,3519,1,836,274,1333,2049,497,17,adios,0,adios,0,adios,0,35.4,36.3,,30.0,38.5,32.6,20,3912000,1418400,31.0,,,14.71,93124,,1,2000
1790332822,2026-09-25T10:40:22Z,124311,1790208587,6.1.187-android14-11-SAGA,49646d1b0cd1,cc_governor,cc_governor,2,0,328,342,331,0,18,0,74,84,59,15,adios,0,adios,0,adios,0,35.1,37.6,,30.0,38.1,32.3,21,3918000,1473300,30.0,,,14.61,123168,,1,2000
1790332993,2026-09-25T10:43:13Z,124482,1790208587,6.1.187-android14-11-SAGA,49646d1b0cd1,cc_governor,cc_governor,0,0,24,45,33,0,56,0,89,96,43,9,adios,0,adios,0,adios,0,34.6,32.3,,29.0,35.1,30.9,23,3902000,954500,29.0,,,20.86,122196,,1,2000
1790333197,2026-09-25T10:46:37Z,124685,1790208587,6.1.187-android14-11-SAGA,49646d1b0cd1,cc_governor,cc_governor,133,26,226,334,123,48,238,16,388,483,163,94,adios,0,adios,0,adios,0,47.7,45.6,,29.0,53.0,34.6,24,3884000,938700,29.0,,,18.54,125624,,1,2000
1790333246,2026-09-25T10:47:26Z,124735,1790208587,6.1.187-android14-11-SAGA,49646d1b0cd1,cc_governor,cc_governor,47,0,645,679,612,0,108,0,225,231,122,14,adios,0,adios,0,adios,0,33.9,34.9,,30.0,34.9,31.3,25,3937000,1114500,30.0,,,17.30,154012,,1,2000
1790333395,2026-09-25T10:49:55Z,124884,1790208587,6.1.187-android14-11-SAGA,49646d1b0cd1,cc_governor,cc_governor,11,0,119,157,9,0,66,0,97,102,37,8,adios,0,adios,0,adios,0,33.7,34.6,,29.0,37.9,31.0,26,3942000,1484900,29.0,,,16.45,111636,,1,2000
1790333568,2026-09-25T10:52:48Z,125056,1790208587,6.1.187-android14-11-SAGA,49646d1b0cd1,cc_governor,cc_governor,5,0,427,448,439,0,12,0,69,72,62,16,adios,0,adios,0,adios,0,34.0,35.6,,29.0,34.1,30.8,27,3947000,1307300,29.0,,,15.61,120488,,1,2000
1790333705,2026-09-25T10:55:05Z,125194,1790208587,6.1.187-android14-11-SAGA,49646d1b0cd1,cc_governor,cc_governor,2,2,88,107,99,0,57,0,79,82,24,4,adios,0,adios,0,adios,0,32.5,35.8,,29.0,37.0,30.8,29,3947000,1423300,29.0,,,15.24,131236,,1,2000
1790333826,2026-09-25T10:57:06Z,125314,1790208587,6.1.187-android14-11-SAGA,49646d1b0cd1,cc_governor,cc_governor,2,0,127,152,126,0,294,0,366,389,77,15,adios,0,adios,0,adios,0,34.9,35.0,,29.0,36.1,30.9,30,3962000,1459300,30.0,,,69.92,124688,,1,2000
1790333881,2026-09-25T10:58:01Z,125369,1790208587,6.1.187-android14-11-SAGA,49646d1b0cd1,cc_governor,cc_governor,0,0,81,95,91,0,31,0,83,85,16,0,adios,0,adios,0,adios,0,35.7,37.8,,29.0,39.2,32.6,30,3830000,-327700,29.0,,,50.53,191208,,1,2000
1790333935,2026-09-25T10:58:55Z,125423,1790208587,6.1.187-android14-11-SAGA,49646d1b0cd1,cc_governor,cc_governor,0,0,14,24,30,0,21,0,57,60,41,9,adios,0,adios,0,adios,0,34.8,35.8,,30.0,37.9,32.1,30,3819000,-175700,30.0,,,33.43,174920,,1,2000
1790334018,2026-09-25T11:00:18Z,125507,1790208587,6.1.187-android14-11-SAGA,49646d1b0cd1,cc_governor,cc_governor,8,0,104,120,113,0,43,0,33,37,18,2,adios,0,adios,0,adios,0,37.1,37.4,,30.0,38.0,32.4,30,3819000,-261200,30.0,,,25.27,152244,,1,2000
1790334109,2026-09-25T11:01:49Z,125598,1790208587,6.1.187-android14-11-SAGA,49646d1b0cd1,cc_governor,cc_governor,3,0,68,81,78,0,61,0,55,57,23,4,adios,0,adios,0,adios,0,36.1,37.3,,30.0,38.8,32.8,30,3812000,-340500,30.0,,,26.20,123764,,1,2000
1790334231,2026-09-25T11:03:51Z,125720,1790208587,6.1.187-android14-11-SAGA,49646d1b0cd1,cc_governor,cc_governor,69,359,748,1184,679,0,32,39,131,177,99,14,adios,0,adios,0,adios,0,35.9,38.0,,30.0,41.9,32.8,30,3799000,-346600,31.0,,,22.05,119160,,1,2000
1790334278,2026-09-25T11:04:38Z,125766,1790208587,6.1.187-android14-11-SAGA,49646d1b0cd1,cc_governor,cc_governor,2,0,116,145,124,0,62,0,123,149,65,16,adios,0,adios,0,adios,0,36.9,37.1,,31.0,41.8,33.2,30,3804000,-288000,31.0,,,19.16,130464,,1,2000
1790334425,2026-09-25T11:07:05Z,125914,1790208587,6.1.187-android14-11-SAGA,49646d1b0cd1,cc_governor,cc_governor,2,0,77,93,89,0,46,0,97,98,20,3,adios,0,adios,0,adios,0,35.3,37.0,,31.0,37.6,32.8,30,3786000,-332600,31.0,,,138.62,123620,,1,2000
1790334592,2026-09-25T11:09:52Z,126080,1790208587,6.1.187-android14-11-SAGA,49646d1b0cd1,cc_governor,cc_governor,0,0,117,143,128,0,17,0,53,57,26,4,adios,0,adios,0,adios,0,35.9,37.2,,31.0,38.9,32.5,30,3799000,-297200,30.0,,,84.20,123384,,1,2000
1790334740,2026-09-25T11:12:20Z,126228,1790208587,6.1.187-android14-11-SAGA,49646d1b0cd1,cc_governor,cc_governor,5176,915,8205,10170,3038,26,3861,668,5905,7082,2068,114,adios,0,adios,0,adios,0,42.5,42.6,38.9,30.0,44.4,34.7,30,3780000,-456500,30.0,,,58.49,114508,,1,2000
1790334775,2026-09-25T11:12:55Z,126264,1790208587,6.1.187-android14-11-SAGA,49646d1b0cd1,cc_governor,cc_governor,21689,11266,35206,49968,13511,29,8360,4943,14368,20405,6008,434,adios,0,adios,0,adios,0,38.4,39.0,,31.0,42.0,34.3,30,3743000,-783000,31.0,,,39.90,80128,,1,2000
1790334835,2026-09-25T11:13:55Z,126323,1790208587,6.1.187-android14-11-SAGA,49646d1b0cd1,cc_governor,cc_governor,8046,1056,10220,12874,2139,10,5162,161,6842,7897,1687,47,adios,0,adios,0,adios,0,47.8,45.4,41.8,31.0,45.7,36.1,30,3746000,-899000,31.0,,,30.73,81440,,1,2000
1790334871,2026-09-25T11:14:31Z,126359,1790208587,6.1.187-android14-11-SAGA,49646d1b0cd1,cc_governor,cc_governor,25517,8890,40269,52995,14769,16,9796,2136,17298,21394,7508,408,adios,0,adios,0,adios,0,39.8,40.8,,31.0,44.6,34.9,29,3781000,-350900,31.0,,,24.84,108776,,1,2000
1790334956,2026-09-25T11:15:56Z,126444,1790208587,6.1.187-android14-11-SAGA,49646d1b0cd1,cc_governor,cc_governor,20,0,218,251,212,0,43,0,103,105,64,18,adios,0,adios,0,adios,0,37.4,36.2,,31.0,39.1,33.5,29,3792000,-469900,31.0,,,21.90,290988,,1,2000
1790335008,2026-09-25T11:16:48Z,126496,1790208587,6.1.187-android14-11-SAGA,49646d1b0cd1,cc_governor,cc_governor,17189,1747,25836,31884,8658,16,9303,1047,15194,17780,5876,85,adios,0,adios,0,adios,0,45.8,45.5,42.5,31.0,49.3,37.4,29,3705000,-1813300,31.0,,,24.14,203400,,1,2000
1790335044,2026-09-25T11:17:24Z,126532,1790208587,6.1.187-android14-11-SAGA,49646d1b0cd1,cc_governor,cc_governor,41797,3909,66440,81541,24644,26,21102,2322,37663,44105,16568,462,adios,0,adios,0,adios,0,45.3,45.4,,32.0,49.0,38.2,29,3765000,-584700,32.0,,,22.63,207120,,1,2000
1790335079,2026-09-25T11:17:59Z,126568,1790208587,6.1.187-android14-11-SAGA,49646d1b0cd1,cc_governor,cc_governor,59818,7920,99406,122636,39540,29,27378,3372,52169,61009,24698,790,adios,0,adios,0,adios,0,49.6,52.1,45.7,32.0,55.9,39.0,29,3762000,-729300,33.0,,,21.58,199504,,1,2000
1790335117,2026-09-25T11:18:37Z,126605,1790208587,6.1.187-android14-11-SAGA,49646d1b0cd1,cc_governor,cc_governor,56,1422,1125,2638,1069,0,40,117,130,257,90,14,adios,0,adios,0,adios,0,39.6,40.1,,33.0,42.9,36.0,29,3783000,-494900,33.0,,,18.97,126888,,1,2000
1790335163,2026-09-25T11:19:23Z,126652,1790208587,6.1.187-android14-11-SAGA,49646d1b0cd1,cc_governor,cc_governor,22283,1781,33041,40626,10728,0,14129,1457,22020,25453,7861,38,adios,0,adios,0,adios,0,56.4,60.6,,33.0,69.2,42.3,29,3680000,-1978700,33.0,,,22.36,146416,,1,2000
1790335200,2026-09-25T11:20:00Z,126688,1790208587,6.1.187-android14-11-SAGA,49646d1b0cd1,cc_governor,cc_governor,49013,8286,71763,89732,22676,25,29258,7826,48232,60087,18970,450,adios,0,adios,0,adios,0,60.2,60.3,,33.0,64.6,44.1,29,3688000,-1322600,34.0,,,22.58,118712,,1,2000
1790335237,2026-09-25T11:20:37Z,126726,1790208587,6.1.187-android14-11-SAGA,49646d1b0cd1,cc_governor,cc_governor,76073,15235,112249,141810,36110,43,44496,13793,75010,94277,30468,827,adios,0,adios,0,adios,0,64.7,69.5,,35.0,67.2,45.9,28,3682000,-1598500,35.0,,,23.24,122492,,1,2000
1790335275,2026-09-25T11:21:15Z,126763,1790208587,6.1.187-android14-11-SAGA,49646d1b0cd1,cc_governor,cc_governor,108305,17456,159292,195277,50993,67,64080,16261,101053,125322,36981,1417,adios,0,adios,0,adios,0,45.9,46.2,,35.0,49.0,40.8,28,3772000,-345400,35.0,,,22.63,96476,,1,2000
1790335367,2026-09-25T11:22:47Z,126856,1790208587,6.1.187-android14-11-SAGA,49646d1b0cd1,cc_governor,cc_governor,8,0,94,110,103,0,59,0,109,145,56,15,adios,0,adios,0,adios,0,41.8,41.4,,34.0,43.7,37.5,28,3771000,-438800,34.0,,,19.28,123936,,1,2000
1790335447,2026-09-25T11:24:07Z,126936,1790208587,6.1.187-android14-11-SAGA,49646d1b0cd1,cc_governor,cc_governor,2,0,47,62,54,0,33,0,77,82,50,12,adios,0,adios,0,adios,0,36.0,43.0,,34.0,41.8,35.9,28,3776000,-381400,34.0,,,17.69,124584,,1,2000
1790335645,2026-09-25T11:27:25Z,127133,1790208587,6.1.187-android14-11-SAGA,49646d1b0cd1,cc_governor,cc_governor,3,0,91,109,100,0,107,0,154,164,54,10,adios,0,adios,0,adios,0,39.9,41.9,,33.0,40.1,34.8,28,3786000,-278900,33.0,,,17.51,156684,,1,2000
1790335814,2026-09-25T11:30:14Z,127302,1790208587,6.1.187-android14-11-SAGA,49646d1b0cd1,cc_governor,cc_governor,20150,1916,28274,34825,8125,11,10642,1196,16459,19510,5827,95,adios,0,adios,0,adios,0,44.8,45.1,,33.0,54.5,38.7,28,3697000,-1679600,33.0,,,18.92,139828,,1,2000
1790335850,2026-09-25T11:30:50Z,127339,1790208587,6.1.187-android14-11-SAGA,49646d1b0cd1,cc_governor,cc_governor,36092,5894,57647,75967,21537,63,19645,2400,32892,41008,13267,495,adios,0,adios,0,adios,0,55.2,54.4,48.0,33.0,52.3,40.7,28,3693000,-1599100,33.0,,,21.73,140356,,1,2000
1790335888,2026-09-25T11:31:28Z,127376,1790208587,6.1.187-android14-11-SAGA,49646d1b0cd1,cc_governor,cc_governor,71085,6772,108929,137713,37855,102,40004,3167,65811,78185,25814,911,adios,0,adios,0,adios,0,50.4,55.5,,34.0,51.6,40.8,28,3737000,-386300,34.0,,,21.61,100648,,1,2000
1790335924,2026-09-25T11:32:04Z,127412,1790208587,6.1.187-android14-11-SAGA,49646d1b0cd1,cc_governor,cc_governor,79592,10332,130461,166917,50847,114,44610,3833,75371,89133,30760,1268,adios,0,adios,0,adios,0,52.1,50.7,45.9,34.0,48.6,39.6,27,3756000,-620700,34.0,,,28.24,238504,,1,2000
1790335960,2026-09-25T11:32:40Z,127448,1790208587,6.1.187-android14-11-SAGA,49646d1b0cd1,cc_governor,cc_governor,97545,18223,159601,210113,62053,119,51718,7716,89357,107706,37639,1610,adios,0,adios,0,adios,0,45.4,45.9,,35.0,49.1,39.9,27,3731000,-797100,35.0,,,23.14,98072,,1,2000
1790335996,2026-09-25T11:33:16Z,127484,1790208587,6.1.187-android14-11-SAGA,49646d1b0cd1,cc_governor,cc_governor,113054,25154,187524,249138,74417,125,57247,11834,100182,123346,42944,1930,adios,0,adios,0,adios,0,47.6,47.1,45.4,35.0,52.3,40.4,27,3711000,-1035100,35.0,,,21.82,97492,,1,2000
1790336032,2026-09-25T11:33:52Z,127521,1790208587,6.1.187-android14-11-SAGA,49646d1b0cd1,cc_governor,cc_governor,135085,29360,224277,296793,89222,135,66894,14007,119036,145252,52146,2282,adios,0,adios,0,adios,0,44.3,44.3,,35.0,46.9,39.3,27,3748000,-492500,35.0,,,19.39,138848,,1,2000
1790336067,2026-09-25T11:34:27Z,127556,1790208587,6.1.187-android14-11-SAGA,49646d1b0cd1,cc_governor,cc_governor,147232,39050,246006,333833,98772,137,72878,18539,131311,162627,58433,2583,adios,0,adios,0,adios,0,46.2,44.8,,35.0,48.1,39.4,27,3749000,-545000,35.0,,,18.21,143616,,1,2000
1790336103,2026-09-25T11:35:03Z,127591,1790208587,6.1.187-android14-11-SAGA,49646d1b0cd1,cc_governor,cc_governor,162049,51502,267762,374520,105711,138,78554,25432,142775,182004,64244,2886,adios,0,adios,0,adios,0,49.1,53.1,,35.0,56.6,41.9,27,3748000,-575500,35.0,,,19.59,148804,,1,2000
1790336140,2026-09-25T11:35:40Z,127628,1790208587,6.1.187-android14-11-SAGA,49646d1b0cd1,cc_governor,cc_governor,177079,62413,291477,413907,114419,178,83856,28532,152409,195414,68568,3365,adios,0,adios,0,adios,0,43.8,46.1,,35.0,45.9,39.0,27,3757000,-799500,35.0,,,18.44,180580,,1,2000
1790336175,2026-09-25T11:36:15Z,127663,1790208587,6.1.187-android14-11-SAGA,49646d1b0cd1,cc_governor,cc_governor,200353,68628,325889,461995,125553,180,94966,31871,172335,219907,77375,3669,adios,0,adios,0,adios,0,45.8,45.8,,35.0,53.2,40.9,27,3713000,-863600,35.0,,,18.85,314340,,1,2000
1790336211,2026-09-25T11:36:51Z,127699,1790208587,6.1.187-android14-11-SAGA,49646d1b0cd1,cc_governor,cc_governor,222176,76636,358517,508447,136301,197,102269,36127,185912,238311,83640,4038,adios,0,adios,0,adios,38,55.5,58.5,50.3,35.0,56.0,42.2,27,3737000,-867300,35.0,,,17.88,218368,,1,2000
1790336248,2026-09-25T11:37:28Z,127736,1790208587,6.1.187-android14-11-SAGA,49646d1b0cd1,cc_governor,cc_governor,3,0,287,307,298,0,59,0,109,158,53,14,adios,0,adios,0,adios,0,44.6,45.7,,36.0,46.9,39.7,27,3769000,-414400,36.0,,,17.39,161756,,1,2000
1790336297,2026-09-25T11:38:17Z,127786,1790208587,6.1.187-android14-11-SAGA,49646d1b0cd1,cc_governor,cc_governor,66,3862,1560,5607,1494,0,81,162,194,390,113,18,adios,0,adios,0,adios,0,40.1,41.1,,35.0,44.1,37.2,27,3752000,-478500,35.0,,,16.17,133996,,1,2000
1790336333,2026-09-25T11:38:53Z,127822,1790208587,6.1.187-android14-11-SAGA,49646d1b0cd1,cc_governor,cc_governor,541,10974,6852,18452,6311,3,376,1483,919,2637,543,337,adios,0,adios,0,adios,0,39.7,40.1,,34.0,43.8,36.7,26,3766000,-324000,34.0,,,15.36,71648,,1,2000
1790336402,2026-09-25T11:40:03Z,127891,1790208587,6.1.187-android14-11-SAGA,49646d1b0cd1,cc_governor,cc_governor,610,0,1801,2079,1185,31,638,5,1156,1360,410,62,adios,0,adios,0,adios,0,48.5,53.4,,33.0,48.7,37.7,26,3752000,-484000,33.0,,,15.23,122276,,1,2000
1790336439,2026-09-25T11:40:39Z,127928,1790208587,6.1.187-android14-11-SAGA,49646d1b0cd1,cc_governor,cc_governor,16013,6406,25888,37619,9873,65,9736,1153,15539,18384,5816,420,adios,0,adios,0,adios,0,43.8,43.7,41.7,33.0,46.7,37.8,26,3746000,-551700,33.0,,,16.08,157176,,1,2000
1790336475,2026-09-25T11:41:15Z,127964,1790208587,6.1.187-android14-11-SAGA,49646d1b0cd1,cc_governor,cc_governor,27636,19991,45247,80135,17633,72,12242,5481,21539,29130,9308,786,adios,0,adios,0,adios,0,45.4,43.9,,33.0,47.1,38.1,26,3739000,-549900,33.0,,,16.97,105140,,1,2000
1790336511,2026-09-25T11:41:51Z,128000,1790208587,6.1.187-android14-11-SAGA,49646d1b0cd1,cc_governor,cc_governor,36074,32297,60864,112160,24788,76,16093,8199,29076,39767,12983,1173,adios,0,adios,0,adios,0,41.4,41.5,,34.0,44.2,36.9,26,3747000,-499200,34.0,,,16.60,155472,,1,2000
1790336546,2026-09-25T11:42:27Z,128035,1790208587,6.1.187-android14-11-SAGA,49646d1b0cd1,cc_governor,cc_governor,50231,41547,83852,151802,33579,96,31428,9978,49369,64801,17899,1509,adios,0,adios,0,adios,0,54.4,54.6,,33.0,57.1,40.9,26,3710000,-945400,34.0,,,17.79,159636,,1,2000
1790336584,2026-09-25T11:43:04Z,128072,1790208587,6.1.187-android14-11-SAGA,49646d1b0cd1,cc_governor,cc_governor,73060,42978,121767,206017,48724,178,59829,11200,88164,110045,28347,1973,adios,0,adios,0,adios,0,48.0,47.3,,34.0,49.8,40.0,26,3726000,-729300,34.0,,,20.43,127948,,1,2000
1790336619,2026-09-25T11:43:39Z,128107,1790208587,6.1.187-android14-11-SAGA,49646d1b0cd1,cc_governor,cc_governor,86219,46466,150835,248824,64626,182,64173,13203,101240,126136,37049,2282,adios,0,adios,0,adios,0,46.5,44.6,42.6,34.0,46.4,39.0,26,3740000,-513300,34.0,,,20.87,120068,,1,2000
1790336655,2026-09-25T11:44:15Z,128143,1790208587,6.1.187-android14-11-SAGA,49646d1b0cd1,cc_governor,cc_governor,111306,53912,184126,299330,72815,186,75325,16312,118656,148334,43322,2595,adios,0,adios,0,adios,27,54.6,49.7,46.9,34.0,49.6,40.4,26,3739000,-645100,34.0,,,19.39,145796,,1,2000
1790336690,2026-09-25T11:44:50Z,128179,1790208587,6.1.187-android14-11-SAGA,49646d1b0cd1,cc_governor,cc_governor,139478,55724,227032,354789,87550,194,97046,17673,151591,186240,54557,2932,adios,0,adios,0,adios,0,56.0,56.7,49.5,35.0,53.8,41.6,26,3731000,-542600,35.0,,,19.30,210176,,1,2000
1790336767,2026-09-25T11:46:07Z,128256,1790208587,6.1.187-android14-11-SAGA,49646d1b0cd1,cc_governor,cc_governor,0,0,153,187,165,0,22,0,71,73,53,15,adios,0,adios,0,adios,0,39.8,39.4,,34.0,40.6,35.6,25,3756000,-341700,34.0,,,17.65,470584,,1,2000
1790336914,2026-09-25T11:48:34Z,128402,1790208587,6.1.187-android14-11-SAGA,49646d1b0cd1,cc_governor,cc_governor,12969,521,16622,20239,3636,15,7943,468,10945,12376,3031,138,adios,0,adios,0,adios,0,51.6,47.5,43.5,33.0,51.3,38.3,25,3693000,-1289000,33.0,,,21.30,106444,,1,2000
1790337004,2026-09-25T11:50:04Z,128492,1790208587,6.1.187-android14-11-SAGA,49646d1b0cd1,cc_governor,cc_governor,16,33,527,596,511,0,54,27,129,174,75,16,adios,0,adios,0,adios,0,36.2,36.8,,32.0,36.5,33.5,25,3757000,-197100,32.0,,,18.63,119540,,1,2000
1790337401,2026-09-25T11:56:41Z,128890,1790208587,6.1.187-android14-11-SAGA,49646d1b0cd1,cc_governor,cc_governor,2,0,110,149,134,0,95,0,185,189,96,16,adios,0,adios,0,adios,0,34.1,36.0,,29.0,34.3,30.4,25,3746000,-925900,29.0,,,17.07,123972,,1,2000
1790337606,2026-09-25T12:00:06Z,129094,1790208587,6.1.187-android14-11-SAGA,49646d1b0cd1,cc_governor,cc_governor,8369,1893,14633,18818,6271,92,4233,1314,61,66,24,3,adios,0,adios,0,adios,0,36.4,36.7,,29.0,37.8,31.6,25,3745000,-363700,29.0,,,15.85,197208,,1,2000
1790337915,2026-09-25T12:05:15Z,129403,1790208587,6.1.187-android14-11-SAGA,49646d1b0cd1,cc_governor,cc_governor,8156,71,13044,15294,4885,0,5113,59,8551,9254,3450,33,adios,0,adios,0,adios,0,40.7,43.8,38.0,28.0,44.8,32.9,25,3674000,-731800,28.0,,,16.61,149748,,1,2000
1790337951,2026-09-25T12:05:51Z,129440,1790208587,6.1.187-android14-11-SAGA,49646d1b0cd1,cc_governor,cc_governor,20189,12188,33322,51942,13124,5,8134,4454,16190,21739,8056,405,adios,0,adios,0,adios,0,37.8,39.1,,28.0,42.5,32.9,25,3690000,-1008300,28.0,,,17.51,176236,,1,2000
1790337988,2026-09-25T12:06:28Z,129476,1790208587,6.1.187-android14-11-SAGA,49646d1b0cd1,cc_governor,cc_governor,47909,15072,77002,107132,29118,14,19111,6085,38094,46955,18993,772,adios,0,adios,0,adios,0,40.3,40.4,37.4,29.0,43.5,33.7,25,3683000,-1096100,29.0,,,17.67,142932,,1,2000
1790338023,2026-09-25T12:07:03Z,129512,1790208587,6.1.187-android14-11-SAGA,49646d1b0cd1,cc_governor,cc_governor,66249,21170,110052,152692,43774,27,24262,8858,52354,65579,28112,1106,adios,0,adios,0,adios,0,50.2,48.7,41.3,29.0,48.2,35.3,25,3653000,-1437300,29.0,,,19.33,120284,,1,2000
1790338060,2026-09-25T12:07:40Z,129548,1790208587,6.1.187-android14-11-SAGA,49646d1b0cd1,cc_governor,cc_governor,81137,29404,137103,192838,55984,67,27630,11658,61485,79031,33866,1457,adios,0,adios,0,adios,0,40.4,41.5,,30.0,48.6,34.7,25,3700000,-947800,30.0,,,19.12,120604,,1,2000
1790338095,2026-09-25T12:08:15Z,129583,1790208587,6.1.187-android14-11-SAGA,49646d1b0cd1,cc_governor,cc_governor,94544,37714,162989,230844,68444,69,28961,14585,67492,88644,38548,1739,adios,0,adios,0,adios,0,42.2,43.0,39.1,30.0,43.3,34.9,25,3697000,-845300,30.0,,,19.14,128028,,1,2000
1790338130,2026-09-25T12:08:50Z,129618,1790208587,6.1.187-android14-11-SAGA,49646d1b0cd1,cc_governor,cc_governor,107692,41866,193077,268943,85382,70,29817,16019,73897,96894,44084,2037,adios,0,adios,0,adios,0,39.9,40.8,38.1,30.0,44.7,34.7,24,3715000,-587100,30.0,,,18.45,160156,,1,2000
1790338165,2026-09-25T12:09:25Z,129653,1790208587,6.1.187-android14-11-SAGA,49646d1b0cd1,cc_governor,cc_governor,122822,45111,225872,308946,103019,71,30722,17838,79829,105055,49107,2350,adios,0,adios,0,adios,0,40.2,41.9,,30.0,42.6,34.6,24,3722000,-682900,30.0,,,18.13,182140,,1,2000
1790338200,2026-09-25T12:10:00Z,129689,1790208587,6.1.187-android14-11-SAGA,49646d1b0cd1,cc_governor,cc_governor,136418,54057,251346,347189,114940,72,31502,21269,84257,113497,52766,2652,adios,0,adios,0,adios,0,40.1,41.6,,30.0,44.9,34.8,24,3699000,-624300,30.0,,,18.17,121152,,1,2000
1790338235,2026-09-25T12:10:35Z,129724,1790208587,6.1.187-android14-11-SAGA,49646d1b0cd1,cc_governor,cc_governor,147997,65324,272932,383929,124945,74,31750,24404,87668,120267,55927,2956,adios,0,adios,0,adios,0,39.7,40.8,,30.0,42.4,34.5,24,3714000,-389400,30.0,,,18.23,91456,,1,2000
1790338271,2026-09-25T12:11:11Z,129759,1790208587,6.1.187-android14-11-SAGA,49646d1b0cd1,cc_governor,cc_governor,158872,77095,293638,419993,134766,78,31882,27850,90463,126638,58581,3262,adios,0,adios,0,adios,0,39.2,40.0,,30.0,44.1,34.8,24,3722000,-391800,30.0,,,18.29,167760,,1,2000
1790338306,2026-09-25T12:11:46Z,129794,1790208587,6.1.187-android14-11-SAGA,49646d1b0cd1,cc_governor,cc_governor,172098,87049,317774,457904,145686,79,33463,31635,95240,135918,61788,3552,adios,0,adios,0,adios,0,41.9,42.2,,31.0,44.6,35.1,24,3684000,-541300,30.0,,,17.88,87412,,1,2000
1790338341,2026-09-25T12:12:21Z,129829,1790208587,6.1.187-android14-11-SAGA,49646d1b0cd1,cc_governor,cc_governor,185663,91783,348147,497009,162502,83,33873,33282,100448,143164,66583,3848,adios,0,adios,0,adios,0,39.6,41.3,,31.0,43.2,34.9,24,3711000,-674400,31.0,,,18.05,256436,,1,2000
1790338376,2026-09-25T12:12:56Z,129865,1790208587,6.1.187-android14-11-SAGA,49646d1b0cd1,cc_governor,cc_governor,198028,99945,373746,534571,175707,85,34637,35743,105224,150593,70587,4158,adios,0,adios,0,adios,0,40.5,40.7,,31.0,43.5,35.1,24,3716000,-403400,31.0,,,18.24,190064,,1,2000
1790338411,2026-09-25T12:13:31Z,129900,1790208587,6.1.187-android14-11-SAGA,49646d1b0cd1,cc_governor,cc_governor,212595,105781,403374,573895,190754,87,35497,37448,111239,158850,75709,4469,adios,0,adios,0,adios,0,48.2,43.9,,31.0,44.8,35.7,24,3703000,-537100,31.0,,,18.05,189220,,1,2000
1790338447,2026-09-25T12:14:07Z,129935,1790208587,6.1.187-android14-11-SAGA,49646d1b0cd1,cc_governor,cc_governor,225923,112782,430727,612096,204799,90,36447,39582,116593,166625,80146,4788,adios,0,adios,0,adios,0,40.5,40.7,,31.0,43.7,35.3,24,3714000,-506500,31.0,,,17.43,128464,,1,2000
1790338482,2026-09-25T12:14:42Z,129970,1790208587,6.1.187-android14-11-SAGA,49646d1b0cd1,cc_governor,cc_governor,239365,121006,457149,650322,217805,91,37607,42341,121389,174783,83791,5113,adios,0,adios,0,adios,0,40.6,40.4,,31.0,43.9,35.4,24,3700000,-537700,31.0,,,17.57,122288,,1,2000
1790338517,2026-09-25T12:15:17Z,130005,1790208587,6.1.187-android14-11-SAGA,49646d1b0cd1,cc_governor,cc_governor,251216,133319,478026,687239,226819,93,38490,46082,124769,182551,86286,5412,adios,0,adios,0,adios,0,41.9,52.0,,31.0,43.8,35.8,23,3716000,-720200,31.0,,,18.08,147896,,1,2000
1790338552,2026-09-25T12:15:52Z,130041,1790208587,6.1.187-android14-11-SAGA,49646d1b0cd1,cc_governor,cc_governor,264002,143168,502125,725136,238141,95,38854,49335,128403,189848,89553,5731,adios,0,adios,0,adios,0,41.4,42.5,,31.0,44.2,35.5,23,3706000,-422300,31.0,,,18.50,172564,,1,2000
1790338588,2026-09-25T12:16:28Z,130076,1790208587,6.1.187-android14-11-SAGA,49646d1b0cd1,cc_governor,cc_governor,284475,148694,536373,771287,251922,99,43959,51000,141405,205358,97454,6041,adios,0,adios,0,adios,0,43.3,44.4,41.6,32.0,48.1,36.9,23,3689000,-666500,32.0,,,19.22,156604,,1,2000
1790338694,2026-09-25T12:18:14Z,130182,1790208587,6.1.187-android14-11-SAGA,49646d1b0cd1,cc_governor,cc_governor,14,0,148,163,147,0,52,0,98,102,51,15,adios,0,adios,0,adios,0,35.7,37.8,,31.0,36.9,32.4,23,3741000,-388700,31.0,,,18.34,117576,,1,2000
1790339058,2026-09-25T12:24:18Z,130546,1790208587,6.1.187-android14-11-SAGA,49646d1b0cd1,cc_governor,cc_governor,2,0,78,91,90,0,21,0,66,68,49,15,adios,0,adios,0,adios,0,32.1,32.8,,29.0,35.0,29.9,23,3735000,-341700,29.0,,,16.86,107472,,1,2000
1790339271,2026-09-25T12:27:51Z,130759,1790208587,6.1.187-android14-11-SAGA,49646d1b0cd1,cc_governor,cc_governor,7,0,123,141,130,0,9,0,57,58,51,11,adios,0,adios,0,adios,0,33.4,35.9,,28.0,35.2,29.9,23,3728000,-423500,28.0,,,16.13,116024,,1,2000
1790339324,2026-09-25T12:28:44Z,130813,1790208587,6.1.187-android14-11-SAGA,49646d1b0cd1,cc_governor,cc_governor,18307,2778,25336,32364,7029,1,10828,1419,15843,18821,5015,41,adios,0,adios,0,adios,0,39.4,38.6,,29.0,40.8,33.2,23,3733000,-322200,29.0,,,17.03,97496,,1,2000
1790339392,2026-09-25T12:29:52Z,130881,1790208587,6.1.187-android14-11-SAGA,49646d1b0cd1,cc_governor,cc_governor,4674,0,6069,6482,1353,2,1848,0,2736,2921,894,28,adios,0,adios,0,adios,0,37.2,38.4,,29.0,41.4,32.1,23,3707000,-551700,28.0,,,16.58,128380,,1,2000
1790339428,2026-09-25T12:30:28Z,130917,1790208587,6.1.187-android14-11-SAGA,49646d1b0cd1,cc_governor,cc_governor,22544,10331,33579,48813,11056,16,6631,2914,13005,16988,6377,381,adios,0,adios,0,adios,0,37.2,37.8,,29.0,39.8,32.4,23,3703000,-533400,29.0,,,18.10,84156,,1,2000
1790339464,2026-09-25T12:31:04Z,130952,1790208587,6.1.187-android14-11-SAGA,49646d1b0cd1,cc_governor,cc_governor,30820,24754,48740,82170,17936,17,6820,6861,15164,23511,8348,679,adios,0,adios,0,adios,0,37.5,39.7,,29.0,42.6,32.7,23,3710000,-606600,29.0,,,18.15,98960,,1,2000
1790339499,2026-09-25T12:31:39Z,130988,1790208587,6.1.187-android14-11-SAGA,49646d1b0cd1,cc_governor,cc_governor,40658,34294,70445,117064,29787,19,6960,9327,18399,29447,11444,975,adios,0,adios,0,adios,0,38.2,37.8,35.8,29.0,41.5,32.9,23,3718000,-584700,29.0,,,17.14,103816,,1,2000
1790339534,2026-09-25T12:32:15Z,131023,1790208587,6.1.187-android14-11-SAGA,49646d1b0cd1,cc_governor,cc_governor,50581,45199,90830,152008,40243,20,7411,12071,21632,35783,14221,1263,adios,0,adios,0,adios,0,37.7,37.9,,29.0,41.4,33.1,23,3706000,-469900,29.0,,,17.83,103996,,1,2000
1790339570,2026-09-25T12:32:50Z,131058,1790208587,6.1.187-android14-11-SAGA,49646d1b0cd1,cc_governor,cc_governor,60275,57757,109113,186607,48840,21,7647,15867,23684,41865,16041,1573,adios,0,adios,0,adios,0,38.5,39.0,,29.0,42.9,33.3,22,3709000,-451600,29.0,,,17.65,105708,,1,2000
1790339605,2026-09-25T12:33:25Z,131093,1790208587,6.1.187-android14-11-SAGA,49646d1b0cd1,cc_governor,cc_governor,70201,69881,128114,221624,57926,23,7803,19312,25974,47813,18177,1871,adios,0,adios,0,adios,0,39.0,39.3,,29.0,41.3,33.4,22,3699000,-436400,29.0,,,17.37,89828,,1,2000
1790339640,2026-09-25T12:34:00Z,131129,1790208587,6.1.187-android14-11-SAGA,49646d1b0cd1,cc_governor,cc_governor,79473,83132,145241,255957,65771,24,7934,23133,27790,53734,19862,2183,adios,0,adios,0,adios,0,38.4,38.4,,30.0,40.9,33.7,22,3702000,-472400,30.0,,,17.21,114824,,1,2000
1790339676,2026-09-25T12:34:36Z,131164,1790208587,6.1.187-android14-11-SAGA,49646d1b0cd1,cc_governor,cc_governor,90303,93527,166957,292084,76658,25,8633,26064,31584,60816,22962,2488,adios,0,adios,0,adios,0,39.3,41.8,,30.0,44.3,34.2,22,3697000,-593800,30.0,,,17.51,131584,,1,2000
1790339711,2026-09-25T12:35:11Z,131199,1790208587,6.1.187-android14-11-SAGA,49646d1b0cd1,cc_governor,cc_governor,100046,107394,183932,326888,83884,27,8846,29919,33464,66744,24618,2803,adios,0,adios,0,adios,0,38.7,39.9,,30.0,42.2,34.1,22,3712000,-631100,30.0,,,17.72,122528,,1,2000
1790339746,2026-09-25T12:35:46Z,131235,1790208587,6.1.187-android14-11-SAGA,49646d1b0cd1,cc_governor,cc_governor,109887,121916,200279,361675,90366,28,8995,33963,34802,72263,25807,3110,adios,0,adios,0,adios,0,39.1,39.3,,30.0,43.1,34.4,22,3690000,-589600,30.0,,,17.66,121492,,1,2000
1790339782,2026-09-25T12:36:22Z,131270,1790208587,6.1.187-android14-11-SAGA,49646d1b0cd1,cc_governor,cc_governor,121790,133201,221547,398251,99757,31,9237,37150,37543,78462,28306,3409,adios,0,adios,0,adios,0,39.0,41.8,,30.0,43.0,34.4,22,3706000,-510800,30.0,,,17.16,114804,,1,2000
1790339817,2026-09-25T12:36:57Z,131305,1790208587,6.1.187-android14-11-SAGA,49646d1b0cd1,cc_governor,cc_governor,131763,144709,241099,433386,109337,32,9551,40509,40025,84480,30484,3698,adios,0,adios,0,adios,0,39.5,40.3,,31.0,43.1,34.6,22,3700000,-452800,31.0,,,17.49,72288,,1,2000
1790339852,2026-09-25T12:37:32Z,131341,1790208587,6.1.187-android14-11-SAGA,49646d1b0cd1,cc_governor,cc_governor,141605,157895,258792,467898,117170,33,9673,44146,41981,90286,32308,4000,adios,0,adios,0,adios,0,39.4,41.1,,31.0,43.2,34.6,22,3704000,-426000,31.0,,,17.61,128160,,1,2000
1790339888,2026-09-25T12:38:08Z,131376,1790208587,6.1.187-android14-11-SAGA,49646d1b0cd1,cc_governor,cc_governor,151342,171424,275957,502528,124613,34,9776,48087,43608,96059,33832,4300,adios,0,adios,0,adios,0,40.0,39.8,,31.0,43.7,34.7,22,3683000,-835500,31.0,,,17.09,126680,,1,2000
1790339923,2026-09-25T12:38:43Z,131411,1790208587,6.1.187-android14-11-SAGA,49646d1b0cd1,cc_governor,cc_governor,162190,181928,297586,538956,135394,35,9987,51608,45603,101780,35615,4617,adios,0,adios,0,adios,0,40.5,39.6,,31.0,42.1,34.8,22,3712000,-698800,31.0,,,17.25,95596,,1,2000
1790339958,2026-09-25T12:39:18Z,131447,1790208587,6.1.187-android14-11-SAGA,49646d1b0cd1,cc_governor,cc_governor,172343,193490,317544,574424,145196,37,10106,54805,47921,107427,37815,4922,adios,0,adios,0,adios,0,40.1,40.5,,31.0,42.5,34.9,21,3703000,-533400,31.0,,,17.61,102384,,1,2000
1790339994,2026-09-25T12:39:54Z,131482,1790208587,6.1.187-android14-11-SAGA,49646d1b0cd1,cc_governor,cc_governor,182742,204567,338194,610260,155462,39,10302,58272,50132,113271,39844,5213,adios,0,adios,0,adios,0,40.0,40.4,,31.0,43.0,34.9,21,3697000,-704900,31.0,,,17.35,115620,,1,2000
1790340029,2026-09-25T12:40:29Z,131517,1790208587,6.1.187-android14-11-SAGA,49646d1b0cd1,cc_governor,cc_governor,193308,215589,358458,645403,165155,40,10665,61243,53454,119855,42799,5525,adios,0,adios,0,adios,0,39.9,40.7,,31.0,43.5,35.0,21,3699000,-684800,31.0,,,17.72,114012,,1,2000
1790340064,2026-09-25T12:41:04Z,131553,1790208587,6.1.187-android14-11-SAGA,49646d1b0cd1,cc_governor,cc_governor,202829,229551,375191,680046,172354,40,10845,65113,54998,125481,44153,5848,adios,0,adios,0,adios,0,39.4,39.6,,31.0,42.4,34.9,21,3707000,-432700,31.0,,,17.93,80944,,1,2000
1790340100,2026-09-25T12:41:40Z,131588,1790208587,6.1.187-android14-11-SAGA,49646d1b0cd1,cc_governor,cc_governor,212403,244145,391511,714594,179125,41,11269,68920,57252,131825,45988,6181,adios,0,adios,0,adios,0,39.6,41.3,38.1,31.0,42.9,34.9,21,3697000,-408300,31.0,,,18.24,90400,,1,2000
1790340135,2026-09-25T12:42:15Z,131623,1790208587,6.1.187-android14-11-SAGA,49646d1b0cd1,cc_governor,cc_governor,223229,254565,413066,750343,189866,43,11515,72240,59868,137938,48366,6488,adios,0,adios,0,adios,0,39.8,40.6,,31.0,43.5,34.9,21,3709000,-602400,31.0,,,18.24,93796,,1,2000
1790340170,2026-09-25T12:42:50Z,131659,1790208587,6.1.187-android14-11-SAGA,49646d1b0cd1,cc_governor,cc_governor,233455,264945,434145,785630,200707,47,11634,75192,62329,143564,50703,6791,adios,0,adios,0,adios,0,39.8,40.1,,31.0,43.6,34.9,21,3699000,-854400,31.0,,,18.63,106744,,1,2000
1790340206,2026-09-25T12:43:26Z,131694,1790208587,6.1.187-android14-11-SAGA,49646d1b0cd1,cc_governor,cc_governor,244984,270946,460981,822392,215993,49,11897,76618,66612,149518,54715,7084,adios,0,adios,0,adios,0,39.3,40.6,,31.0,43.4,35.0,21,3695000,-583400,31.0,,,19.04,130304,,1,2000
1790340241,2026-09-25T12:44:01Z,131729,1790208587,6.1.187-android14-11-SAGA,49646d1b0cd1,cc_governor,cc_governor,254707,286619,475931,857001,221224,52,12037,80956,67761,155190,55724,7387,adios,0,adios,0,adios,0,39.7,40.3,,31.0,43.5,35.0,21,3690000,-758600,31.0,,,18.87,115548,,1,2000
1790340276,2026-09-25T12:44:36Z,131765,1790208587,6.1.187-android14-11-SAGA,49646d1b0cd1,cc_governor,cc_governor,265666,296254,498619,893266,232959,54,12812,83935,71330,162058,58527,7706,adios,0,adios,0,adios,0,40.8,43.1,,31.0,44.8,35.6,21,3669000,-941700,31.0,,,18.60,104672,,1,2000
1790340312,2026-09-25T12:45:12Z,131800,1790208587,6.1.187-android14-11-SAGA,49646d1b0cd1,cc_governor,cc_governor,276284,306839,519869,929223,243579,54,13361,86437,75182,168843,61821,8007,adios,0,adios,0,adios,0,40.9,42.2,,31.0,43.9,35.4,20,3697000,-417400,31.0,,,18.22,88120,,1,2000
1790340347,2026-09-25T12:45:47Z,131835,1790208587,6.1.187-android14-11-SAGA,49646d1b0cd1,cc_governor,cc_governor,286286,319374,538580,964295,252291,55,13654,89924,77485,174868,63831,8331,adios,0,adios,0,adios,0,39.6,43.0,38.5,31.0,44.3,35.4,20,3703000,-487600,31.0,,,17.61,78052,,1,2000
1790340382,2026-09-25T12:46:22Z,131871,1790208587,6.1.187-android14-11-SAGA,49646d1b0cd1,cc_governor,cc_governor,296247,331566,557590,999250,261339,55,14123,92763,80512,180980,66389,8643,adios,0,adios,0,adios,0,40.4,40.5,,31.0,42.7,35.2,20,3698000,-446700,31.0,,,17.11,88112,,1,2000
1790340418,2026-09-25T12:46:58Z,131906,1790208587,6.1.187-android14-11-SAGA,49646d1b0cd1,cc_governor,cc_governor,305982,344574,575599,1033919,269608,59,14400,96200,82846,186942,68446,8955,adios,0,adios,0,adios,0,40.3,41.1,38.5,31.0,43.1,35.3,20,3693000,-410700,31.0,,,17.94,94096,,1,2000
1790340453,2026-09-25T12:47:33Z,131942,1790208587,6.1.187-android14-11-SAGA,49646d1b0cd1,cc_governor,cc_governor,316105,355867,595864,1069441,279735,61,14623,99228,85625,192977,71002,9270,adios,0,adios,0,adios,0,40.5,40.4,,31.0,42.5,35.2,20,3694000,-698800,31.0,,,17.77,127936,,1,2000
1790340489,2026-09-25T12:48:09Z,131977,1790208587,6.1.187-android14-11-SAGA,49646d1b0cd1,cc_governor,cc_governor,325288,368972,612996,1103436,287705,62,14709,102548,87708,198493,72999,9584,adios,0,adios,0,adios,0,39.9,40.7,,31.0,43.5,35.4,20,3699000,-618200,32.0,,,17.53,110540,,1,2000
1790340524,2026-09-25T12:48:44Z,132012,1790208587,6.1.187-android14-11-SAGA,49646d1b0cd1,cc_governor,cc_governor,339584,382857,633943,1142655,294365,65,17201,107723,92826,209430,75632,9894,adios,0,adios,0,adios,0,44.3,45.0,,32.0,46.1,36.4,20,3660000,-866000,32.0,,,17.71,79516,,1,2000
1790340560,2026-09-25T12:49:20Z,132048,1790208587,6.1.187-android14-11-SAGA,49646d1b0cd1,cc_governor,cc_governor,356807,391579,662908,1184200,306069,67,22178,112576,105219,227364,83015,10213,adios,0,adios,0,adios,0,42.4,42.2,,32.0,45.3,36.3,20,3681000,-808700,32.0,,,17.95,145688,,1,2000
1790340595,2026-09-25T12:49:55Z,132083,1790208587,6.1.187-android14-11-SAGA,49646d1b0cd1,cc_governor,cc_governor,371772,396133,694199,1225742,322329,71,26320,115111,118002,243757,91661,10543,adios,0,adios,0,adios,0,53.6,54.5,46.4,32.0,50.9,38.5,20,3679000,-668900,32.0,,,18.62,333348,,1,2000
1790340632,2026-09-25T12:50:32Z,132120,1790208587,6.1.187-android14-11-SAGA,49646d1b0cd1,cc_governor,cc_governor,395199,396781,737187,1278633,342000,118,30668,115473,133323,260284,102676,10952,adios,0,adios,0,adios,0,44.4,44.0,42.1,33.0,45.6,37.5,20,3696000,-650000,33.0,,,20.13,146200,,1,2000
1790340668,2026-09-25T12:51:08Z,132156,1790208587,6.1.187-android14-11-SAGA,49646d1b0cd1,cc_governor,cc_governor,408806,404068,763612,1317401,354806,122,32197,118501,139859,270693,107662,11300,adios,0,adios,0,adios,0,40.6,41.1,,33.0,44.0,36.8,19,3700000,-280100,33.0,,,18.71,233676,,1,2000
1790340703,2026-09-25T12:51:43Z,132191,1790208587,6.1.187-android14-11-SAGA,49646d1b0cd1,cc_governor,cc_governor,427026,410451,793743,1360864,366703,124,37935,120292,152294,285886,114370,11609,adios,0,adios,0,adios,0,46.3,50.2,,33.0,45.0,37.9,19,3716000,-354600,33.0,,,17.65,132000,,1,2000
1790340739,2026-09-25T12:52:19Z,132227,1790208587,6.1.187-android14-11-SAGA,49646d1b0cd1,cc_governor,cc_governor,5,0,157,181,174,0,2,0,47,51,50,13,adios,0,adios,0,adios,0,43.7,41.0,,33.0,43.7,36.8,19,3712000,-245900,33.0,,,16.54,180732,,1,2000
1790340785,2026-09-25T12:53:05Z,132274,1790208587,6.1.187-android14-11-SAGA,49646d1b0cd1,cc_governor,cc_governor,94,0,1046,1135,963,0,13,0,209,236,200,14,adios,0,adios,0,adios,0,39.3,39.6,,33.0,41.9,35.4,19,3718000,-270300,33.0,,,15.80,159228,,1,2000
1790340825,2026-09-25T12:53:45Z,132313,1790208587,6.1.187-android14-11-SAGA,49646d1b0cd1,cc_governor,cc_governor,0,0,132,168,151,0,50,0,91,94,10,0,adios,0,adios,0,adios,0,38.0,38.3,,33.0,42.0,35.0,19,3721000,-207500,33.0,,,15.32,191992,,1,2000
1790340868,2026-09-25T12:54:28Z,132356,1790208587,6.1.187-android14-11-SAGA,49646d1b0cd1,cc_governor,cc_governor,10642,263,16114,19240,5388,31,6375,263,10074,12074,3631,301,adios,0,adios,0,adios,0,51.7,44.8,,33.0,63.8,40.0,19,3741000,248400,33.0,,,18.73,92920,,1,2000
1790340914,2026-09-25T12:55:25Z,132413,1790208587,6.1.187-android14-11-SAGA,49646d1b0cd1,cc_governor,cc_governor,6,0,44,57,49,0,49,0,90,91,44,9,adios,0,adios,0,adios,0,37.9,52.5,45.4,33.0,49.8,38.1,20,3813000,1134600,33.0,,,18.08,42836,,1,2000
1790340966,2026-09-25T12:56:06Z,132455,1790208587,6.1.187-android14-11-SAGA,49646d1b0cd1,cc_governor,cc_governor,30982,2892,44875,57274,13905,130,21279,1167,30170,37689,8897,495,adios,0,adios,0,adios,0,42.0,43.4,,33.0,44.9,37.6,20,3857000,1470900,33.0,,,21.01,82508,,1,2000
1790341001,2026-09-25T12:56:42Z,132490,1790208587,6.1.187-android14-11-SAGA,49646d1b0cd1,cc_governor,cc_governor,33733,14236,53651,78017,19914,131,21314,2290,31136,40120,9822,793,adios,0,adios,0,adios,0,39.5,39.9,,33.0,43.3,36.2,20,3856000,1364700,33.0,,,18.12,72924,,1,2000
1790341037,2026-09-25T12:57:17Z,132525,1790208587,6.1.187-android14-11-SAGA,49646d1b0cd1,cc_governor,cc_governor,36640,24071,64086,98878,27465,133,21440,3217,32454,42685,11019,1100,adios,0,adios,0,adios,0,39.0,39.6,,33.0,42.4,35.6,21,3871000,1545400,33.0,,,16.62,118216,,1,2000
1790341072,2026-09-25T12:57:52Z,132561,1790208587,6.1.187-android14-11-SAGA,49646d1b0cd1,cc_governor,cc_governor,39101,36866,70868,119001,31767,135,21443,4517,33125,44931,11682,1421,adios,0,adios,0,adios,0,38.3,39.2,,33.0,42.6,35.1,21,3874000,1296900,32.0,,,15.55,95844,,1,2000
1790341108,2026-09-25T12:58:28Z,132596,1790208587,6.1.187-android14-11-SAGA,49646d1b0cd1,cc_governor,cc_governor,41197,52225,74441,138318,33242,137,21445,6236,33190,46964,11745,1739,adios,0,adios,0,adios,0,38.0,38.2,,32.0,41.4,34.8,21,3879000,1303700,32.0,,,15.29,75476,,1,2000
1790341143,2026-09-25T12:59:03Z,132632,1790208587,6.1.187-android14-11-SAGA,49646d1b0cd1,cc_governor,cc_governor,47716,56893,92630,162179,44775,158,24340,7206,38145,53887,13808,2123,adios,0,adios,0,adios,6,50.9,49.3,45.3,32.0,49.4,38.1,21,3849000,1230400,32.0,,,18.30,122960,,1,2000
1790341179,2026-09-25T12:59:39Z,132667,1790208587,6.1.187-android14-11-SAGA,49646d1b0cd1,cc_governor,cc_governor,74818,62092,131860,213802,57059,206,40009,9629,62005,83440,22000,2582,adios,0,adios,0,adios,0,42.8,42.5,,32.0,40.9,35.5,22,3753000,-220300,32.0,,,21.36,121576,,1,2000
1790341253,2026-09-25T13:00:53Z,132741,1790208587,6.1.187-android14-11-SAGA,49646d1b0cd1,cc_governor,cc_governor,0,0,68,77,78,0,51,0,96,99,50,13,adios,0,adios,0,adios,0,36.4,37.2,,32.0,37.7,33.9,22,3740000,-281300,32.0,,,18.66,123504,,1,2000
1790341314,2026-09-25T13:01:54Z,132802,1790208587,6.1.187-android14-11-SAGA,49646d1b0cd1,cc_governor,cc_governor,5,0,88,103,97,0,26,0,69,72,47,17,adios,0,adios,0,adios,0,38.9,39.3,,32.0,40.1,34.2,21,3737000,-450400,32.0,,,17.28,124296,,1,2000
1790341517,2026-09-25T13:05:17Z,133006,1790208587,6.1.187-android14-11-SAGA,49646d1b0cd1,cc_governor,cc_governor,15,0,8,50,10,0,77,11,93,127,26,8,adios,0,adios,0,adios,0,38.0,37.3,,32.0,39.3,34.3,21,3736000,-564500,32.0,,,16.49,122828,,1,2000
1790341681,2026-09-25T13:08:01Z,133170,1790208587,6.1.187-android14-11-SAGA,49646d1b0cd1,cc_governor,cc_governor,6,0,85,114,94,0,15,0,66,69,55,13,adios,0,adios,0,adios,0,38.4,39.6,,33.0,38.5,34.5,21,3733000,-292900,33.0,,,17.09,131716,,1,2000
1790341852,2026-09-25T13:10:52Z,133340,1790208587,6.1.187-android14-11-SAGA,49646d1b0cd1,cc_governor,cc_governor,2,0,60,76,73,0,43,0,92,94,53,16,adios,0,adios,0,adios,0,38.5,39.6,,33.0,40.8,35.3,21,3738000,-174500,33.0,,,16.51,128600,,1,2000
1790341958,2026-09-25T13:12:38Z,133446,1790208587,6.1.187-android14-11-SAGA,49646d1b0cd1,cc_governor,cc_governor,0,0,30,49,46,0,33,0,68,75,40,10,adios,0,adios,0,adios,0,38.2,37.9,,33.0,42.1,35.0,21,3728000,-445500,33.0,,,29.42,131004,,1,2000
1790342052,2026-09-25T13:14:12Z,133540,1790208587,6.1.187-android14-11-SAGA,49646d1b0cd1,cc_governor,cc_governor,63,24,209,289,159,0,262,9,398,433,141,14,adios,0,adios,0,adios,0,41.9,40.0,,33.0,41.3,34.8,21,3736000,-401600,33.0,,,24.61,316636,,1,2000
1790342237,2026-09-25T13:17:17Z,133725,1790208587,6.1.187-android14-11-SAGA,49646d1b0cd1,cc_governor,cc_governor,32,0,1400,1543,1381,0,456,0,683,696,231,19,adios,0,adios,0,adios,0,40.8,42.0,,33.0,47.6,37.3,21,3688000,-597500,33.0,,,22.17,148872,,1,2000
1790342273,2026-09-25T13:17:53Z,133762,1790208587,6.1.187-android14-11-SAGA,49646d1b0cd1,cc_governor,cc_governor,19323,5412,30510,42778,11187,16,7902,2247,14714,18371,6812,101,adios,0,adios,0,adios,0,44.4,44.7,41.8,34.0,47.3,38.3,21,3816000,954500,34.0,,,23.59,114360,,1,2000
1790342309,2026-09-25T13:18:29Z,133798,1790208587,6.1.187-android14-11-SAGA,49646d1b0cd1,cc_governor,cc_governor,28492,18917,49405,85838,20922,19,8218,6688,17969,26430,9759,425,adios,0,adios,0,adios,0,43.6,44.5,,34.0,46.4,38.2,21,3824000,930100,34.0,,,20.86,100872,,1,2000
1790342345,2026-09-25T13:19:05Z,133834,1790208587,6.1.187-android14-11-SAGA,49646d1b0cd1,cc_governor,cc_governor,54504,24169,89701,141655,35180,22,17239,8787,35536,47305,18303,751,adios,0,adios,0,adios,0,45.7,45.8,,34.0,48.0,39.3,21,3829000,965500,34.0,,,21.35,117700,,1,2000
1790342381,2026-09-25T13:19:41Z,133869,1790208587,6.1.187-android14-11-SAGA,49646d1b0cd1,cc_governor,cc_governor,65981,31548,113746,176590,47747,24,20360,11868,43839,59474,23461,1080,adios,0,adios,0,adios,0,45.5,44.9,43.0,34.0,47.5,38.7,21,3832000,955800,34.0,,,19.44,101460,,1,2000
1790342416,2026-09-25T13:20:16Z,133905,1790208587,6.1.187-android14-11-SAGA,49646d1b0cd1,cc_governor,cc_governor,75495,42435,129883,206600,54388,29,22762,13870,49476,67682,26714,1376,adios,0,adios,0,adios,0,42.0,42.6,,34.0,44.9,37.4,22,3836000,961900,34.0,,,18.27,110040,,1,2000
1790342452,2026-09-25T13:20:52Z,133940,1790208587,6.1.187-android14-11-SAGA,49646d1b0cd1,cc_governor,cc_governor,80988,52494,143080,231290,62110,30,23135,14885,51339,70809,28207,1663,adios,0,adios,0,adios,0,43.0,41.4,,34.0,44.6,37.0,22,3839000,967400,34.0,,,17.48,106364,,1,2000
1790342487,2026-09-25T13:21:27Z,133975,1790208587,6.1.187-android14-11-SAGA,49646d1b0cd1,cc_governor,cc_governor,82670,61748,153122,251945,70457,32,23327,15743,52620,73237,29293,1958,adios,0,adios,0,adios,0,40.5,42.2,,33.0,44.6,36.7,22,3840000,952700,33.0,,,16.75,140548,,1,2000
1790342522,2026-09-25T13:22:02Z,134010,1790208587,6.1.187-android14-11-SAGA,49646d1b0cd1,cc_governor,cc_governor,101577,69282,182246,292394,80660,33,25757,18828,60018,84939,34260,2259,adios,0,adios,0,adios,0,43.7,43.1,40.6,33.0,46.6,37.5,22,3842000,944200,33.0,,,17.04,128984,,1,2000
1790342557,2026-09-25T13:22:37Z,134046,1790208587,6.1.187-android14-11-SAGA,49646d1b0cd1,cc_governor,cc_governor,133604,80442,220649,347055,87008,35,28301,25870,66969,100321,38667,2582,adios,0,adios,0,adios,0,44.6,45.1,42.0,33.0,47.3,38.2,22,3842000,951500,33.0,,,17.88,119892,,1,2000
1790342593,2026-09-25T13:23:13Z,134081,1790208587,6.1.187-android14-11-SAGA,49646d1b0cd1,cc_governor,cc_governor,158825,88276,256971,395296,98157,37,30581,30193,75027,113884,44454,2894,adios,0,adios,0,adios,0,46.1,45.4,,33.0,48.1,38.3,22,3845000,963100,33.0,,,17.25,103976,,1,2000
1790342629,2026-09-25T13:23:49Z,134117,1790208587,6.1.187-android14-11-SAGA,49646d1b0cd1,cc_governor,cc_governor,185270,92961,297407,449271,112141,40,37190,32443,90599,132823,53428,3215,adios,0,adios,0,adios,0,47.9,45.7,43.3,34.0,47.3,38.8,23,3847000,969800,34.0,,,18.16,194452,,1,2000
1790342664,2026-09-25T13:24:24Z,134152,1790208587,6.1.187-android14-11-SAGA,49646d1b0cd1,cc_governor,cc_governor,202201,101010,323822,489582,121640,44,46213,35726,103605,150420,57394,3558,adios,0,adios,0,adios,0,41.7,45.0,,34.0,45.2,38.0,23,3885000,1559400,34.0,,,21.32,149480,,1,2000
1790342702,2026-09-25T13:25:02Z,134190,1790208587,6.1.187-android14-11-SAGA,49646d1b0cd1,cc_governor,cc_governor,14,276,838,1167,823,0,31,45,121,204,90,17,adios,0,adios,0,adios,0,39.5,40.5,,34.0,52.6,36.7,23,3854000,1290800,33.0,,,18.37,153512,,1,2000
1790342743,2026-09-25T13:25:43Z,134232,1790208587,6.1.187-android14-11-SAGA,49646d1b0cd1,cc_governor,cc_governor,8,0,296,307,300,0,72,0,127,134,59,15,adios,0,adios,0,adios,0,39.9,40.1,,33.0,40.6,35.4,24,3893000,1464800,33.0,,,17.12,263804,,1,2000
1790342833,2026-09-25T13:27:13Z,134322,1790208587,6.1.187-android14-11-SAGA,49646d1b0cd1,cc_governor,cc_governor,7352,1197,13859,16831,6516,0,4159,145,6959,7981,2804,19,adios,0,adios,0,adios,0,40.9,41.5,,33.0,45.5,36.6,24,3885000,1304900,33.0,,,17.22,243820,,1,2000
1790342869,2026-09-25T13:27:49Z,134357,1790208587,6.1.187-android14-11-SAGA,49646d1b0cd1,cc_governor,cc_governor,21420,5739,41803,53394,20403,1,12824,1437,22163,25868,9342,322,adios,0,adios,0,adios,0,44.4,52.4,,33.0,47.1,37.9,25,3883000,1163900,33.0,,,17.08,178316,,1,2000
1790342927,2026-09-25T13:28:47Z,134416,1790208587,6.1.187-android14-11-SAGA,49646d1b0cd1,cc_governor,cc_governor,159,0,2542,2689,2398,0,257,0,682,795,430,14,adios,0,adios,0,adios,0,41.8,41.4,,33.0,42.7,36.1,25,3911000,1397000,33.0,,,16.68,145800,,1,2000
1790342983,2026-09-25T13:29:43Z,134471,1790208587,6.1.187-android14-11-SAGA,49646d1b0cd1,cc_governor,cc_governor,15,0,828,847,831,0,45,0,120,144,80,15,adios,0,adios,0,adios,0,38.6,43.5,,33.0,41.7,35.7,26,3920000,1517900,33.0,,,15.96,247328,,1,2000
1790343018,2026-09-25T13:30:18Z,134506,1790208587,6.1.187-android14-11-SAGA,49646d1b0cd1,cc_governor,cc_governor,210,6035,8899,15391,8689,1,365,604,1382,2283,1017,323,adios,0,adios,0,adios,0,38.0,38.5,,33.0,41.1,35.3,26,3915000,1495300,33.0,,,15.33,222024,,1,2000
1790343097,2026-09-25T13:31:37Z,134585,1790208587,6.1.187-android14-11-SAGA,49646d1b0cd1,cc_governor,cc_governor,9,0,561,580,566,0,20,0,90,106,75,15,adios,0,adios,0,adios,0,37.5,39.1,,33.0,41.3,34.7,27,3923000,1373900,33.0,,,14.89,226868,,1,2000
1790343156,2026-09-25T13:32:36Z,134644,1790208587,6.1.187-android14-11-SAGA,49646d1b0cd1,cc_governor,cc_governor,9,0,592,638,604,0,22,0,84,96,66,15,adios,0,adios,0,adios,0,38.4,42.2,,32.0,39.7,34.3,27,3928000,1371400,32.0,,,33.75,222612,,1,2000
1790343205,2026-09-25T13:33:25Z,134693,1790208587,6.1.187-android14-11-SAGA,49646d1b0cd1,cc_governor,cc_governor,19,153,1205,1451,1198,0,1,40,78,169,84,16,adios,0,adios,0,adios,0,38.2,37.1,,32.0,41.3,34.5,28,3924000,1452000,32.0,,,25.80,150036,,1,2000
1790343297,2026-09-25T13:34:57Z,134785,1790208587,6.1.187-android14-11-SAGA,49646d1b0cd1,cc_governor,cc_governor,2,0,83,113,95,0,43,0,89,93,50,16,adios,0,adios,0,adios,0,40.1,37.5,,32.0,41.3,33.0,29,3938000,1135800,32.0,,,20.96,128352,,1,2000
1790343406,2026-09-25T13:36:46Z,134894,1790208587,6.1.187-android14-11-SAGA,49646d1b0cd1,cc_governor,cc_governor,1,0,68,92,79,0,99,0,146,153,54,16,adios,0,adios,0,adios,0,36.2,36.8,,31.0,39.4,33.2,30,3923000,1293300,31.0,,,18.51,113552,,1,2000
1790343520,2026-09-25T13:38:40Z,135009,1790208587,6.1.187-android14-11-SAGA,49646d1b0cd1,cc_governor,cc_governor,2,0,67,93,84,0,15,0,52,54,42,13,adios,0,adios,0,adios,0,35.6,35.9,,31.0,39.4,32.8,31,3948000,1313400,31.0,,,16.88,95004,,1,2000
1790343613,2026-09-25T13:40:13Z,135101,1790208587,6.1.187-android14-11-SAGA,49646d1b0cd1,cc_governor,cc_governor,47,0,752,772,717,0,6,0,217,249,127,18,adios,0,adios,0,adios,0,35.6,35.0,,31.0,38.5,32.5,32,3940000,1284100,31.0,,,15.80,118212,,1,2000
1790343688,2026-09-25T13:41:28Z,135176,1790208587,6.1.187-android14-11-SAGA,49646d1b0cd1,cc_governor,cc_governor,6,0,250,260,255,0,21,0,66,74,48,15,adios,0,adios,0,adios,0,33.9,35.4,,31.0,34.8,32.1,33,3960000,1411100,31.0,,,15.58,125684,,1,2000
1790343800,2026-09-25T13:43:20Z,135288,1790208587,6.1.187-android14-11-SAGA,49646d1b0cd1,cc_governor,cc_governor,9,0,86,106,100,0,44,0,88,99,49,16,adios,0,adios,0,adios,0,35.0,36.3,,31.0,38.0,32.0,33,3959000,1156600,30.0,,,15.31,119276,,1,2000
1790343869,2026-09-25T13:44:29Z,135358,1790208587,6.1.187-android14-11-SAGA,49646d1b0cd1,cc_governor,cc_governor,0,0,127,135,137,0,14,0,64,67,52,15,adios,0,adios,0,adios,0,35.4,38.3,,31.0,38.1,32.2,34,3967000,1464200,31.0,,,15.14,108556,,1,2000
1790343978,2026-09-25T13:46:18Z,135466,1790208587,6.1.187-android14-11-SAGA,49646d1b0cd1,cc_governor,cc_governor,0,0,193,202,202,0,3,0,50,52,49,16,adios,0,adios,0,adios,0,35.2,35.6,,30.0,34.9,31.8,35,3966000,1502600,31.0,,,15.05,137416,,1,2000
1790344047,2026-09-25T13:47:27Z,135535,1790208587,6.1.187-android14-11-SAGA,49646d1b0cd1,cc_governor,cc_governor,2625,2066,10297,14230,7672,0,5557,757,8602,14357,3045,17,adios,0,adios,0,adios,0,37.2,37.3,,31.0,40.3,33.7,36,3967000,1289000,31.0,,,16.66,118196,,1,2000
1790344082,2026-09-25T13:48:02Z,135570,1790208587,6.1.187-android14-11-SAGA,49646d1b0cd1,cc_governor,cc_governor,2808,11150,14977,28591,12169,1,5575,2129,8903,16472,3328,314,adios,0,adios,0,adios,0,36.1,36.3,,31.0,39.9,33.1,36,3969000,1306100,31.0,,,15.90,124368,,1,2000
1790344117,2026-09-25T13:48:37Z,135606,1790208587,6.1.187-android14-11-SAGA,49646d1b0cd1,cc_governor,cc_governor,13783,15993,35605,57591,21849,7,13785,3096,21854,32201,8086,633,adios,0,adios,0,adios,0,44.4,44.4,41.6,31.0,47.6,36.2,36,3935000,1190700,31.0,,,16.22,166488,,1,2000
1790344153,2026-09-25T13:49:13Z,135641,1790208587,6.1.187-android14-11-SAGA,49646d1b0cd1,cc_governor,cc_governor,33646,19551,71655,105579,38028,9,23351,5252,42036,56436,18696,978,adios,0,adios,0,adios,1,48.5,55.0,49.5,31.0,55.4,39.2,37,3928000,949000,31.0,,,18.66,148348,,1,2000
1790344190,2026-09-25T13:49:50Z,135678,1790208587,6.1.187-android14-11-SAGA,49646d1b0cd1,cc_governor,cc_governor,54296,21848,109875,153023,55597,29,36718,6385,66372,84471,29660,1358,adios,0,adios,0,adios,0,45.3,45.7,,32.0,48.9,37.9,37,3938000,757400,32.0,,,23.25,128532,,1,2000
1790344225,2026-09-25T13:50:25Z,135714,1790208587,6.1.187-android14-11-SAGA,49646d1b0cd1,cc_governor,cc_governor,64762,29901,133466,189160,68715,30,42730,11691,80959,106257,38216,1677,adios,0,adios,0,adios,0,46.9,47.7,,32.0,50.4,38.1,37,3927000,1087000,32.0,,,21.51,200632,,1,2000
1790344261,2026-09-25T13:51:01Z,135749,1790208587,6.1.187-android14-11-SAGA,49646d1b0cd1,cc_governor,cc_governor,74870,35141,159337,225158,84465,31,47994,15170,97204,128200,49210,1960,adios,0,adios,0,adios,0,43.5,44.8,,32.0,46.9,37.6,37,3930000,604200,32.0,,,19.84,122296,,1,2000
1790344296,2026-09-25T13:51:36Z,135784,1790208587,6.1.187-android14-11-SAGA,49646d1b0cd1,cc_governor,cc_governor,82652,44267,179828,258833,97197,33,51069,20958,107529,145914,56469,2265,adios,0,adios,0,adios,0,43.9,43.7,,32.0,46.6,37.3,38,3951000,1135800,32.0,,,19.66,102604,,1,2000
1790344331,2026-09-25T13:52:11Z,135820,1790208587,6.1.187-android14-11-SAGA,49646d1b0cd1,cc_governor,cc_governor,94770,54045,202298,294630,107500,35,54804,27857,118093,165341,63302,2576,adios,0,adios,0,adios,0,47.7,46.4,,33.0,48.5,37.7,38,3944000,1074200,32.0,,,19.72,277344,,1,2000
1790344367,2026-09-25T13:52:47Z,135855,1790208587,6.1.187-android14-11-SAGA,49646d1b0cd1,cc_governor,cc_governor,102541,66152,219163,327722,116639,37,57599,35216,126375,182556,68782,2869,adios,0,adios,0,adios,0,43.4,44.3,,33.0,45.8,37.3,38,3951000,1049100,33.0,,,19.58,262264,,1,2000
1790344402,2026-09-25T13:53:22Z,135890,1790208587,6.1.187-android14-11-SAGA,49646d1b0cd1,cc_governor,cc_governor,110427,77807,236808,360502,126381,39,60370,42430,134539,199544,74163,3177,adios,0,adios,0,adios,0,42.9,43.2,,33.0,46.7,37.4,38,3960000,1289600,33.0,,,19.18,146052,,1,2000
1790344437,2026-09-25T13:53:57Z,135925,1790208587,6.1.187-android14-11-SAGA,49646d1b0cd1,cc_governor,cc_governor,117900,88683,255231,393966,137331,41,63984,49054,144277,217561,80293,3482,adios,0,adios,0,adios,0,43.6,43.1,,33.0,47.2,37.4,39,3958000,1276200,33.0,,,18.94,95356,,1,2000
1790344472,2026-09-25T13:54:32Z,135961,1790208587,6.1.187-android14-11-SAGA,49646d1b0cd1,cc_governor,cc_governor,125344,98003,275250,427287,149902,43,66540,54645,153999,234315,87459,3795,adios,0,adios,0,adios,0,46.8,45.3,41.5,33.0,46.7,37.7,39,3956000,1182200,33.0,,,19.22,73724,,1,2000
1790344508,2026-09-25T13:55:08Z,135996,1790208587,6.1.187-android14-11-SAGA,49646d1b0cd1,cc_governor,cc_governor,132862,109736,292731,460781,159853,45,68475,61938,161512,250931,93004,4098,adios,0,adios,0,adios,0,44.9,43.5,,33.0,46.8,37.7,39,3954000,1093700,33.0,,,18.15,120104,,1,2000
1790344543,2026-09-25T13:55:43Z,136032,1790208587,6.1.187-android14-11-SAGA,49646d1b0cd1,cc_governor,cc_governor,141086,119185,313277,494671,172213,46,71786,67257,172272,268762,100490,4401,adios,0,adios,0,adios,0,44.0,44.6,41.3,33.0,47.5,37.8,39,3941000,885000,33.0,,,18.18,148316,,1,2000
1790344579,2026-09-25T13:56:19Z,136067,1790208587,6.1.187-android14-11-SAGA,49646d1b0cd1,cc_governor,cc_governor,151913,127337,336766,530456,184843,49,76862,72525,185216,288771,108354,4709,adios,0,adios,0,adios,0,45.8,47.6,,33.0,48.0,38.2,40,3935000,923400,33.0,,,19.94,150652,,1,2000
1790344614,2026-09-25T13:56:54Z,136102,1790208587,6.1.187-android14-11-SAGA,49646d1b0cd1,cc_governor,cc_governor,158520,141026,351414,562191,192879,51,78156,80529,191545,303957,113385,5021,adios,0,adios,0,adios,0,47.4,47.1,,33.0,50.2,38.9,40,3938000,959400,33.0,,,19.61,253604,,1,2000
1790344649,2026-09-25T13:57:29Z,136138,1790208587,6.1.187-android14-11-SAGA,49646d1b0cd1,cc_governor,cc_governor,168242,149354,373560,596193,205297,58,80991,86018,202016,321337,121023,5304,adios,0,adios,0,adios,0,44.5,46.3,,33.0,47.6,38.5,40,3939000,921000,33.0,,,19.43,159500,,1,2000
1790344685,2026-09-25T13:58:05Z,136173,1790208587,6.1.187-android14-11-SAGA,49646d1b0cd1,cc_governor,cc_governor,179190,159925,394671,631493,215478,60,84284,92939,211976,339547,127692,5630,adios,0,adios,0,adios,0,47.3,47.1,43.1,34.0,53.8,39.0,40,3941000,964300,34.0,,,19.15,202588,,1,2000
1790344720,2026-09-25T13:58:40Z,136208,1790208587,6.1.187-android14-11-SAGA,49646d1b0cd1,cc_governor,cc_governor,189083,167299,418066,666452,228995,67,87739,97642,223921,358083,136157,5944,adios,0,adios,0,adios,0,46.3,44.9,,34.0,48.6,38.7,41,3942000,969800,33.0,,,18.53,183884,,1,2000
1790344755,2026-09-25T13:59:15Z,136243,1790208587,6.1.187-android14-11-SAGA,49646d1b0cd1,cc_governor,cc_governor,196017,179881,433763,697895,237739,71,89661,104811,230909,373075,141247,6234,adios,0,adios,0,adios,0,43.6,44.0,,34.0,48.9,38.2,41,3942000,960600,34.0,,,18.71,157960,,1,2000
1790344790,2026-09-25T13:59:50Z,136279,1790208587,6.1.187-android14-11-SAGA,49646d1b0cd1,cc_governor,cc_governor,205008,190797,452540,730661,247515,74,91447,111437,238999,388795,147552,6510,adios,0,adios,0,adios,0,43.5,46.2,,34.0,58.4,38.8,41,3933000,972200,34.0,,,18.92,182052,,1,2000
1790344826,2026-09-25T14:00:26Z,136314,1790208587,6.1.187-android14-11-SAGA,49646d1b0cd1,cc_governor,cc_governor,218025,195971,480661,771030,262634,83,101251,115283,260139,419057,158875,6874,adios,0,adios,0,adios,0,45.0,46.4,,34.0,47.6,38.6,41,3942000,947800,34.0,,,18.77,122276,,1,2000
1790344861,2026-09-25T14:01:01Z,136350,1790208587,6.1.187-android14-11-SAGA,49646d1b0cd1,cc_governor,cc_governor,233118,198911,512605,809487,279489,87,109715,117380,280684,443828,170974,7177,adios,0,adios,0,adios,0,45.3,45.2,,34.0,55.9,39.4,41,3939000,957000,34.0,,,19.51,157308,,1,2000
1790344897,2026-09-25T14:01:37Z,136385,1790208587,6.1.187-android14-11-SAGA,49646d1b0cd1,cc_governor,cc_governor,244695,207868,535721,845124,291026,88,114267,123392,292949,463998,178702,7482,adios,0,adios,0,adios,0,46.1,46.6,,34.0,49.2,39.4,42,3943000,772700,34.0,,,19.48,93500,,1,2000
1790344932,2026-09-25T14:02:12Z,136420,1790208587,6.1.187-android14-11-SAGA,49646d1b0cd1,cc_governor,cc_governor,252801,220442,552627,878027,299816,90,116664,131084,300721,480695,184057,7787,adios,0,adios,0,adios,0,45.8,46.9,,34.0,49.3,39.5,42,3944000,967400,34.0,,,19.64,102368,,1,2000
1790344967,2026-09-25T14:02:47Z,136456,1790208587,6.1.187-android14-11-SAGA,49646d1b0cd1,cc_governor,cc_governor,260369,229796,572348,910591,311998,91,118336,136977,309010,495817,190678,8079,adios,0,adios,0,adios,0,46.1,47.0,,34.0,49.3,39.4,42,3944000,965500,34.0,,,20.10,120400,,1,2000
1790345003,2026-09-25T14:03:23Z,136491,1790208587,6.1.187-android14-11-SAGA,49646d1b0cd1,cc_governor,cc_governor,268435,242888,588437,942942,319975,94,120853,145306,316179,512366,195323,8381,adios,0,adios,0,adios,0,46.2,47.7,44.7,34.0,51.6,39.6,42,3945000,935000,34.0,,,19.63,179636,,1,2000
1790345038,2026-09-25T14:03:58Z,136526,1790208587,6.1.187-android14-11-SAGA,49646d1b0cd1,cc_governor,cc_governor,276041,255466,604779,975242,328751,94,122383,152910,322615,527305,200242,8690,adios,0,adios,0,adios,0,45.8,46.2,,34.0,49.8,39.5,42,3945000,917300,34.0,,,20.22,150384,,1,2000
1790345073,2026-09-25T14:04:33Z,136561,1790208587,6.1.187-android14-11-SAGA,49646d1b0cd1,cc_governor,cc_governor,284920,262991,626858,1008096,341901,94,124507,157546,333017,543591,208508,8990,adios,0,adios,0,adios,0,46.2,48.2,45.0,34.0,51.1,40.0,43,3946000,950300,34.0,,,20.54,129372,,1,2000
1790345108,2026-09-25T14:05:08Z,136597,1790208587,6.1.187-android14-11-SAGA,49646d1b0cd1,cc_governor,cc_governor,297082,270520,651936,1045323,354885,125,131358,161979,348379,565371,217036,9363,adios,0,adios,0,adios,0,61.1,56.6,51.6,34.0,65.8,43.0,43,3918000,510200,34.0,,,25.22,239288,,1,2000
1790345146,2026-09-25T14:05:46Z,136634,1790208587,6.1.187-android14-11-SAGA,49646d1b0cd1,cc_governor,cc_governor,333587,272158,703174,1106540,369537,162,157919,162987,387132,610394,229179,9840,adios,0,adios,0,adios,0,49.4,50.1,46.7,35.0,67.1,43.5,43,3910000,178200,35.0,,,24.65,126980,,1,2000
1790345190,2026-09-25T14:06:30Z,136678,1790208587,6.1.187-android14-11-SAGA,49646d1b0cd1,cc_governor,cc_governor,395667,273239,782067,1197537,386407,278,196562,163928,442467,674967,245914,10949,adios,0,adios,0,adios,0,54.7,56.3,53.8,36.0,62.7,44.5,43,3932000,700000,36.0,,,21.84,99864,,1,2000
1790345226,2026-09-25T14:07:06Z,136714,1790208587,6.1.187-android14-11-SAGA,49646d1b0cd1,cc_governor,cc_governor,441467,274861,842761,1267047,401182,280,211155,165618,472801,708676,261643,11255,adios,0,adios,0,adios,0,54.8,58.9,51.3,36.0,62.7,44.2,43,3924000,693300,36.0,,,21.31,89512,,1,2000
1790345261,2026-09-25T14:07:41Z,136750,1790208587,6.1.187-android14-11-SAGA,49646d1b0cd1,cc_governor,cc_governor,492388,277958,905410,1340151,412997,288,228502,168601,503821,744328,275334,11580,adios,0,adios,0,adios,0,53.2,52.8,49.4,36.0,57.9,43.5,44,3913000,761100,36.0,,,21.06,92312,,1,2000
1790345297,2026-09-25T14:08:17Z,136785,1790208587,6.1.187-android14-11-SAGA,49646d1b0cd1,cc_governor,cc_governor,541625,281370,966932,1411381,425298,290,249977,171695,538420,783071,288456,11877,adios,0,adios,0,adios,0,52.1,51.4,49.0,36.0,63.4,43.3,44,3923000,529700,36.0,,,20.27,99100,,1,2000
1790345332,2026-09-25T14:08:52Z,136821,1790208587,6.1.187-android14-11-SAGA,49646d1b0cd1,cc_governor,cc_governor,594592,287336,1028691,1485878,434005,295,263483,178635,562021,814460,298536,12158,adios,0,adios,0,adios,0,50.4,51.9,,36.0,61.2,42.9,44,3934000,770200,36.0,,,20.50,114636,,1,2000
1790345368,2026-09-25T14:09:28Z,136856,1790208587,6.1.187-android14-11-SAGA,49646d1b0cd1,cc_governor,cc_governor,642232,298951,1080420,1555654,438179,296,277312,190052,580583,845178,303258,12430,adios,0,adios,0,adios,0,50.8,52.2,,36.0,62.0,42.9,44,3936000,692100,36.0,,,19.81,122564,,1,2000
1790345403,2026-09-25T14:10:03Z,136891,1790208587,6.1.187-android14-11-SAGA,49646d1b0cd1,cc_governor,cc_governor,693349,302766,1142852,1629205,449450,300,286608,194312,602744,872398,316135,12700,adios,0,adios,0,adios,0,52.5,51.2,48.2,36.0,66.0,43.7,44,3933000,899000,36.0,,,21.04,94636,,1,2000
1790345439,2026-09-25T14:10:39Z,136928,1790208587,6.1.187-android14-11-SAGA,49646d1b0cd1,cc_governor,cc_governor,750324,305659,1211421,1708619,460884,321,317888,197064,646419,922422,328509,13061,adios,0,adios,0,adios,0,58.3,59.2,51.7,37.0,67.1,44.8,45,3934000,803200,37.0,,,21.05,100668,,1,2000
1790345475,2026-09-25T14:11:15Z,136963,1790208587,6.1.187-android14-11-SAGA,49646d1b0cd1,cc_governor,cc_governor,802700,310584,1273788,1783171,471110,323,337638,201815,678298,961104,340670,13342,adios,0,adios,0,adios,0,58.8,60.5,54.9,37.0,68.1,45.5,45,3916000,666500,37.0,,,21.81,80024,,1,2000
1790345511,2026-09-25T14:11:51Z,137000,1790208587,6.1.187-android14-11-SAGA,49646d1b0cd1,cc_governor,cc_governor,847465,312535,1333506,1853077,486040,356,352730,204114,709380,996614,356657,13690,adios,0,adios,0,adios,0,56.8,60.9,52.8,37.0,59.9,44.9,45,3937000,807400,37.0,,,21.30,92876,,1,2000
1790345547,2026-09-25T14:12:27Z,137035,1790208587,6.1.187-android14-11-SAGA,49646d1b0cd1,cc_governor,cc_governor,896800,313701,1396927,1924878,500146,360,369070,205449,742304,1032601,373211,13979,adios,0,adios,0,adios,0,56.4,57.4,52.0,37.0,64.9,44.9,45,3940000,814800,37.0,,,21.33,101856,,1,2000
1790345583,2026-09-25T14:13:03Z,137071,1790208587,6.1.187-android14-11-SAGA,49646d1b0cd1,cc_governor,cc_governor,941511,318653,1453467,1994043,511957,363,380232,210554,767114,1064022,386895,14292,adios,0,adios,0,adios,0,55.6,60.6,52.8,37.0,58.1,44.9,45,3946000,836700,37.0,,,20.43,116936,,1,2000
1790345618,2026-09-25T14:13:38Z,137107,1790208587,6.1.187-android14-11-SAGA,49646d1b0cd1,cc_governor,cc_governor,985268,326609,1505921,2062058,520603,365,387542,218441,785384,1090664,397833,14558,adios,0,adios,0,adios,0,55.8,59.1,,37.0,58.8,44.4,45,3935000,707300,37.0,,,19.78,134104,,1,2000
1790345654,2026-09-25T14:14:14Z,137142,1790208587,6.1.187-android14-11-SAGA,49646d1b0cd1,cc_governor,cc_governor,1026669,334309,1556340,2127444,529698,366,398173,225937,806162,1119657,407966,14800,adios,0,adios,0,adios,0,58.6,61.4,54.5,37.0,67.4,45.8,46,3926000,543800,37.0,,,18.76,113928,,1,2000
1790345689,2026-09-25T14:14:49Z,137178,1790208587,6.1.187-android14-11-SAGA,49646d1b0cd1,cc_governor,cc_governor,1073504,335050,1618512,2197094,545031,368,419630,226676,844466,1160605,424772,15084,adios,0,adios,0,adios,0,64.4,62.1,,38.0,65.7,47.2,46,3910000,581000,38.0,,,19.36,94340,,1,2000
1790345726,2026-09-25T14:15:26Z,137214,1790208587,6.1.187-android14-11-SAGA,49646d1b0cd1,cc_governor,cc_governor,1110810,337725,1671906,2259392,561108,381,441181,229124,882141,1206545,440968,15502,adios,0,adios,0,adios,0,50.0,61.3,,38.0,63.8,46.0,46,3929000,753700,38.0,,,19.78,130760,,1,2000
1790345763,2026-09-25T14:16:04Z,137252,1790208587,6.1.187-android14-11-SAGA,49646d1b0cd1,cc_governor,cc_governor,1144393,338942,1723983,2319946,579572,447,471942,230243,930528,1261473,458591,16013,adios,0,adios,0,adios,35,65.8,65.5,57.7,38.0,72.8,48.2,46,3925000,203800,38.0,,,21.67,105120,,1,2000
1790345801,2026-09-25T14:16:41Z,137289,1790208587,6.1.187-android14-11-SAGA,49646d1b0cd1,cc_governor,cc_governor,1221597,339613,1812305,2417871,590644,473,533314,231090,1006265,1341074,472908,16543,adios,0,adios,0,adios,0,65.8,65.8,58.5,38.0,72.5,48.9,46,3904000,681700,38.0,,,22.09,87216,,1,2000
1790345839,2026-09-25T14:17:19Z,137328,1790208587,6.1.187-android14-11-SAGA,49646d1b0cd1,cc_governor,cc_governor,1299405,340347,1901093,2516997,601549,509,592500,232078,1080466,1420058,487844,17117,adios,0,adios,0,adios,0,67.2,68.2,60.0,39.0,76.0,50.0,47,3926000,637200,39.0,,,23.46,65244,,1,2000
1790345877,2026-09-25T14:17:57Z,137365,1790208587,6.1.187-android14-11-SAGA,49646d1b0cd1,cc_governor,cc_governor,1375641,340940,1988561,2614863,612747,554,643047,233057,1146726,1489981,503579,17665,adios,0,adios,0,adios,0,63.8,64.4,58.8,39.0,67.3,49.3,47,3930000,711600,39.0,,,21.98,120060,,1,2000
1790345913,2026-09-25T14:18:34Z,137402,1790208587,6.1.187-android14-11-SAGA,49646d1b0cd1,cc_governor,cc_governor,1426028,341619,2055352,2690087,629285,577,676412,233934,1198626,1545068,522148,18150,adios,0,adios,0,adios,0,58.2,59.5,54.2,39.0,60.9,47.8,47,3940000,676800,39.0,,,22.55,83760,,1,2000
1790345951,2026-09-25T14:19:11Z,137440,1790208587,6.1.187-android14-11-SAGA,49646d1b0cd1,cc_governor,cc_governor,1499485,342849,2140241,2785331,640618,633,726506,235414,1264552,1615496,538022,18730,adios,0,adios,0,adios,0,62.7,67.3,59.6,39.0,74.0,50.3,47,3827000,-1234100,39.0,,,21.75,116388,,1,2000
1790345990,2026-09-25T14:19:50Z,137478,1790208587,6.1.187-android14-11-SAGA,49646d1b0cd1,cc_governor,cc_governor,1582943,343928,2233524,2890117,650459,695,785388,237299,1337643,1693827,552242,19330,adios,0,adios,0,adios,0,63.9,65.9,57.8,40.0,70.7,49.3,46,3797000,-1340300,39.0,,,22.66,66188,,1,2000
1790346027,2026-09-25T14:20:27Z,137516,1790208587,6.1.187-android14-11-SAGA,49646d1b0cd1,cc_governor,cc_governor,1676074,344784,2334732,3003530,658630,777,863479,238611,1427779,1791125,564217,19914,adios,0,adios,0,adios,0,70.1,72.0,62.7,40.0,76.9,51.5,46,3801000,-1482500,40.0,,,26.38,117924,,1,2000
1790346065,2026-09-25T14:21:05Z,137554,1790208587,6.1.187-android14-11-SAGA,49646d1b0cd1,cc_governor,cc_governor,1736651,345533,2409821,3092056,673062,845,908681,239427,1487862,1859487,579057,20517,adios,0,adios,0,adios,0,75.0,75.1,65.1,40.0,79.0,53.4,46,3779000,-1541100,40.0,,,27.51,118060,,1,2000
1790346105,2026-09-25T14:21:45Z,137594,1790208587,6.1.187-android14-11-SAGA,49646d1b0cd1,cc_governor,cc_governor,1805925,347111,2490915,3185030,684897,1219,954031,241204,1546622,1924791,592592,21387,adios,0,adios,0,adios,2,63.7,63.6,,41.0,66.9,50.4,45,3810000,-1242000,41.0,,,27.18,109824,,1,2000
1790346142,2026-09-25T14:22:22Z,137630,1790208587,6.1.187-android14-11-SAGA,49646d1b0cd1,cc_governor,cc_governor,1879428,347365,2576172,3279436,696730,1227,1001869,241600,1611100,1990879,609227,21750,adios,0,adios,0,adios,0,60.7,67.4,,40.0,73.3,50.3,45,3789000,-1202300,40.0,,,26.45,82760,,1,2000
1790346179,2026-09-25T14:22:59Z,137667,1790208587,6.1.187-android14-11-SAGA,49646d1b0cd1,cc_governor,cc_governor,1955884,350241,2661427,3377454,705407,1249,1046249,245736,1668828,2056354,622569,22246,adios,0,adios,0,adios,0,70.1,69.1,60.7,40.0,73.8,50.9,45,3783000,-1405600,40.0,,,26.37,123332,,1,2000
1790346217,2026-09-25T14:23:37Z,137705,1790208587,6.1.187-android14-11-SAGA,49646d1b0cd1,cc_governor,cc_governor,2032050,352079,2747729,3475876,715693,1302,1093274,247898,1731284,2124548,637971,22804,adios,0,adios,0,adios,0,63.1,60.0,56.4,40.0,70.7,49.0,45,3794000,-1309800,40.0,,,24.54,119552,,1,2000
1790346254,2026-09-25T14:24:14Z,137742,1790208587,6.1.187-android14-11-SAGA,49646d1b0cd1,cc_governor,cc_governor,2093684,353045,2822782,3559845,728939,1318,1131905,249009,1786630,2183102,654680,23233,adios,0,adios,0,adios,0,61.6,65.6,57.7,40.0,70.3,49.3,45,3791000,-1286600,40.0,,,23.95,116632,,1,2000
1790346291,2026-09-25T14:24:51Z,137779,1790208587,6.1.187-android14-11-SAGA,49646d1b0cd1,cc_governor,cc_governor,2179878,355199,2916486,3664965,736629,1351,1201364,252130,1867956,2270069,666613,23817,adios,0,adios,0,adios,0,65.5,67.6,,40.0,74.4,50.1,44,3799000,-1252400,40.0,,,24.99,132492,,1,2000
1790346328,2026-09-25T14:25:28Z,137817,1790208587,6.1.187-android14-11-SAGA,49646d1b0cd1,cc_governor,cc_governor,2246896,357162,2995595,3754491,748655,1375,1254973,254864,1936154,2344250,681181,24363,adios,0,adios,0,adios,5,59.9,60.5,56.0,40.0,63.9,48.4,44,3777000,-748200,40.0,,,24.41,93924,,1,2000
1790346364,2026-09-25T14:26:04Z,137853,1790208587,6.1.187-android14-11-SAGA,49646d1b0cd1,cc_governor,cc_governor,2285892,363004,3046845,3819138,760869,1399,1286085,260422,1979904,2395700,693792,24763,adios,0,adios,0,adios,0,64.8,70.4,60.6,39.0,73.6,50.1,44,3782000,-1105300,39.0,,,24.75,88736,,1,2000
1790346402,2026-09-25T14:26:42Z,137890,1790208587,6.1.187-android14-11-SAGA,49646d1b0cd1,cc_governor,cc_governor,2342272,366779,3115041,3899000,772765,1449,1321553,264447,2030468,2452320,708928,25329,adios,0,adios,0,adios,0,58.8,59.4,55.1,39.0,66.3,47.9,44,3785000,-979600,39.0,,,24.81,96892,,1,2000
1790346438,2026-09-25T14:27:18Z,137927,1790208587,6.1.187-android14-11-SAGA,49646d1b0cd1,cc_governor,cc_governor,2387268,368544,3175583,3968824,788202,1462,1348905,266760,2074472,2500062,725493,25736,adios,0,adios,0,adios,0,63.9,65.5,58.5,39.0,70.0,48.9,44,3770000,-1135800,39.0,,,24.29,123896,,1,2000
1790346476,2026-09-25T14:27:56Z,137964,1790208587,6.1.187-android14-11-SAGA,49646d1b0cd1,cc_governor,cc_governor,2467844,371608,3264134,4069594,796277,1487,1394811,271360,2133935,2565650,739054,26255,adios,0,adios,0,adios,0,58.8,62.1,55.3,39.0,70.9,48.2,43,3785000,-1223100,39.0,,,23.69,116700,,1,2000
1790346513,2026-09-25T14:28:33Z,138002,1790208587,6.1.187-android14-11-SAGA,49646d1b0cd1,cc_governor,cc_governor,2543157,372454,3350418,4166769,807213,1506,1433856,273051,2189207,2625646,755301,26766,adios,0,adios,0,adios,0,67.9,68.2,60.5,39.0,69.7,49.6,43,3770000,-1293300,39.0,,,24.81,102588,,1,2000
1790346551,2026-09-25T14:29:11Z,138039,1790208587,6.1.187-android14-11-SAGA,49646d1b0cd1,cc_governor,cc_governor,2602978,373531,3422406,4251385,819255,1638,1484873,274043,2253161,2697272,768217,27344,adios,0,adios,0,adios,0,67.6,68.6,61.2,39.0,74.7,50.4,43,3787000,-1087000,39.0,,,28.02,118416,,1,2000
1790346589,2026-09-25T14:29:49Z,138077,1790208587,6.1.187-android14-11-SAGA,49646d1b0cd1,cc_governor,cc_governor,2682514,375126,3512008,4353106,829556,1692,1548304,276259,2329855,2779908,781566,28019,adios,0,adios,0,adios,0,68.8,69.8,60.9,39.0,73.5,50.4,43,3747000,-867300,39.0,,,28.25,121024,,1,2000
1790346629,2026-09-25T14:30:29Z,138117,1790208587,6.1.187-android14-11-SAGA,49646d1b0cd1,cc_governor,cc_governor,2736017,376343,3581813,4438368,845636,1833,1594968,277369,2392801,2850200,797762,28762,adios,0,adios,0,adios,0,68.2,69.0,,39.0,73.4,50.7,43,3756000,-1399500,40.0,,,28.31,103540,,1,2000
1790346667,2026-09-25T14:31:07Z,138155,1790208587,6.1.187-android14-11-SAGA,49646d1b0cd1,cc_governor,cc_governor,2827076,377277,3681695,4549064,854533,1894,1655672,279090,2467726,2929334,811961,29444,adios,0,adios,0,adios,0,65.8,65.2,58.6,39.0,69.2,49.3,42,3759000,-1658900,39.0,,,24.63,136180,,1,2000
1790346704,2026-09-25T14:31:44Z,138192,1790208587,6.1.187-android14-11-SAGA,49646d1b0cd1,cc_governor,cc_governor,2904875,379465,3768970,4647838,863948,1915,1701687,283265,2527273,2995259,825477,29955,adios,0,adios,0,adios,0,60.4,62.2,58.7,39.0,69.4,49.1,42,3771000,-1304900,39.0,,,24.51,118924,,1,2000
1790346743,2026-09-25T14:32:23Z,138231,1790208587,6.1.187-android14-11-SAGA,49646d1b0cd1,cc_governor,cc_governor,2951622,380978,3831023,4723321,879324,2038,1736197,284982,2578046,3051605,841840,30574,adios,0,adios,0,adios,0,59.5,62.8,57.1,39.0,65.8,48.6,42,3782000,-1202300,39.0,,,26.47,89308,,1,2000
1790346780,2026-09-25T14:33:00Z,138268,1790208587,6.1.187-android14-11-SAGA,49646d1b0cd1,cc_governor,cc_governor,3009547,383463,3901817,4804640,892277,2048,1780599,287684,2637436,3115900,856719,31080,adios,0,adios,0,adios,2,66.5,67.2,,39.0,75.1,49.4,42,3735000,-1606400,39.0,,,27.50,142428,,1,2000
1790346818,2026-09-25T14:33:38Z,138307,1790208587,6.1.187-android14-11-SAGA,49646d1b0cd1,cc_governor,cc_governor,3096583,385381,3996928,4911917,900181,2156,1858100,290804,2726077,3211024,867770,31768,adios,0,adios,0,adios,0,65.5,66.2,58.8,39.0,73.0,49.2,41,3759000,-1239600,39.0,,,25.14,84732,,1,2000
1790346856,2026-09-25T14:34:16Z,138344,1790208587,6.1.187-android14-11-SAGA,49646d1b0cd1,cc_governor,cc_governor,3176568,387509,4085623,5012660,908915,2202,1911024,293860,2792365,3283057,881203,32314,adios,0,adios,0,adios,0,63.7,66.7,57.8,39.0,72.4,48.8,41,3737000,-1154700,39.0,,,26.51,120968,,1,2000
1790346893,2026-09-25T14:34:53Z,138381,1790208587,6.1.187-android14-11-SAGA,49646d1b0cd1,cc_governor,cc_governor,3248962,388628,4169641,5107041,920637,2230,1969646,295512,2865766,3360066,896042,32877,adios,0,adios,0,adios,0,64.4,64.6,57.4,39.0,71.8,48.6,41,3752000,-1180400,39.0,,,24.16,109104,,1,2000
1790346930,2026-09-25T14:35:30Z,138419,1790208587,6.1.187-android14-11-SAGA,49646d1b0cd1,cc_governor,cc_governor,3341331,391535,4268346,5219103,926818,2257,2055403,299696,2961019,3462510,905478,33466,adios,0,adios,0,adios,0,66.5,67.1,59.0,39.0,73.0,49.4,41,3745000,-1401900,39.0,,,23.77,88672,,1,2000
1790346968,2026-09-25T14:36:08Z,138456,1790208587,6.1.187-android14-11-SAGA,49646d1b0cd1,cc_governor,cc_governor,3434586,394565,4367325,5331526,932678,2286,2125312,304287,3041479,3549645,916009,34010,adios,0,adios,0,adios,0,63.4,64.8,57.5,39.0,69.8,48.6,41,3744000,-1484900,39.0,,,22.60,114032,,1,2000
1790347005,2026-09-25T14:36:45Z,138493,1790208587,6.1.187-android14-11-SAGA,49646d1b0cd1,cc_governor,cc_governor,3517465,395943,4459830,5435754,942376,2314,2202045,306459,3129786,3643818,927633,34540,adios,0,adios,0,adios,0,66.5,70.1,,39.0,72.8,49.7,40,3766000,-1371400,39.0,,,22.49,124884,,1,2000
1790347043,2026-09-25T14:37:23Z,138531,1790208587,6.1.187-android14-11-SAGA,49646d1b0cd1,cc_governor,cc_governor,3558414,397336,4512965,5503676,954571,2440,2231948,307414,3169299,3694375,937321,35162,adios,0,adios,0,adios,0,76.6,66.2,61.8,39.0,68.3,50.8,40,3758000,-1060100,40.0,,,26.78,159928,,1,2000
1790347083,2026-09-25T14:38:03Z,138571,1790208587,6.1.187-android14-11-SAGA,49646d1b0cd1,cc_governor,cc_governor,3617466,398910,4586133,5588639,968646,2561,2252632,309581,3207460,3737356,954835,35656,adios,0,adios,0,adios,0,56.2,63.8,,40.0,67.1,47.8,40,3750000,-1309800,39.0,,,23.46,119040,,1,2000
1790347118,2026-09-25T14:38:38Z,138607,1790208587,6.1.187-android14-11-SAGA,49646d1b0cd1,cc_governor,cc_governor,3673626,400542,4654368,5668274,980707,2571,2271215,311772,3242233,3777683,970807,35957,adios,0,adios,0,adios,0,63.2,66.5,57.5,39.0,69.5,48.5,40,3748000,-1333000,39.0,,,21.61,81036,,1,2000
1790347156,2026-09-25T14:39:16Z,138644,1790208587,6.1.187-android14-11-SAGA,49646d1b0cd1,cc_governor,cc_governor,3743412,401710,4735945,5763740,992512,2601,2306844,313986,3293523,3832839,986679,36364,adios,0,adios,0,adios,0,54.5,58.8,54.0,39.0,64.6,47.1,40,3754000,-1213900,39.0,,,21.12,72320,,1,2000
1790347192,2026-09-25T14:39:52Z,138680,1790208587,6.1.187-android14-11-SAGA,49646d1b0cd1,cc_governor,cc_governor,3800776,406102,4803280,5846384,1002510,2617,2327148,319118,3328201,3873997,1001064,36705,adios,0,adios,0,adios,0,56.6,62.0,,39.0,60.1,46.1,39,3776000,-643300,39.0,,,20.84,108620,,1,2000
1790347228,2026-09-25T14:40:28Z,138716,1790208587,6.1.187-android14-11-SAGA,49646d1b0cd1,cc_governor,cc_governor,3851151,408368,4866671,5922305,1015527,2625,2343880,322301,3360658,3911272,1016766,37011,adios,0,adios,0,adios,0,63.5,67.1,62.2,39.0,70.8,48.7,39,3748000,-1253600,38.0,,,22.58,118128,,1,2000
1790347265,2026-09-25T14:41:05Z,138753,1790208587,6.1.187-android14-11-SAGA,49646d1b0cd1,cc_governor,cc_governor,3909807,412504,4935984,6007691,1026161,2650,2366195,327250,3397759,3954747,1031576,37386,adios,0,adios,0,adios,0,60.1,60.3,54.7,39.0,70.6,47.4,39,3732000,-1578300,39.0,,,21.93,117936,,1,2000
1790347301,2026-09-25T14:41:41Z,138790,1790208587,6.1.187-android14-11-SAGA,49646d1b0cd1,cc_governor,cc_governor,3959805,413934,5000089,6080397,1040275,2663,2389255,329043,3438017,4000393,1048715,37735,adios,0,adios,0,adios,0,54.6,53.6,51.5,39.0,57.0,45.7,39,3739000,-1262200,39.0,,,21.47,94296,,1,2000
1790347340,2026-09-25T14:42:20Z,138829,1790208587,6.1.187-android14-11-SAGA,49646d1b0cd1,cc_governor,cc_governor,4019063,414492,5075893,6163975,1056630,2683,2455185,329621,3519928,4085369,1064697,38337,adios,0,adios,0,adios,0,55.6,56.1,52.4,38.0,60.0,46.3,39,3751000,-928900,38.0,,,24.93,124588,,1,2000
1790347380,2026-09-25T14:43:00Z,138869,1790208587,6.1.187-android14-11-SAGA,49646d1b0cd1,cc_governor,cc_governor,4107911,415173,5175388,6272082,1067495,2739,2547507,330666,3624652,4193877,1077015,39123,adios,0,adios,0,adios,0,54.6,54.0,52.6,38.0,65.3,46.5,38,3732000,-981400,38.0,,,25.26,105420,,1,2000
1790347420,2026-09-25T14:43:40Z,138908,1790208587,6.1.187-android14-11-SAGA,49646d1b0cd1,cc_governor,cc_governor,4196618,417074,5273590,6381291,1076966,2775,2620498,333177,3711164,4285361,1090579,39812,adios,0,adios,0,adios,0,59.8,60.0,54.1,38.0,63.1,46.6,38,3734000,-1354300,38.0,,,25.07,76612,,1,2000
1790347458,2026-09-25T14:44:18Z,138946,1790208587,6.1.187-android14-11-SAGA,49646d1b0cd1,cc_governor,cc_governor,4281114,418061,5368892,6486475,1087503,2812,2691529,334911,3796545,4374594,1104895,40451,adios,0,adios,0,adios,0,56.9,58.5,52.5,38.0,62.7,46.6,38,3737000,-1177900,38.0,,,24.52,85032,,1,2000
1790347497,2026-09-25T14:44:57Z,138985,1790208587,6.1.187-android14-11-SAGA,49646d1b0cd1,cc_governor,cc_governor,4372063,420559,5467691,6597135,1095509,2867,2760910,339448,3877543,4462812,1116599,41166,adios,0,adios,0,adios,0,63.8,63.9,56.8,38.0,63.5,47.6,38,3733000,-1284100,38.0,,,24.33,122988,,1,2000
1790347535,2026-09-25T14:45:35Z,139023,1790208587,6.1.187-android14-11-SAGA,49646d1b0cd1,cc_governor,cc_governor,4443759,421951,5551989,6696860,1108082,2892,2805683,341264,3938996,4530236,1133154,41798,adios,0,adios,0,adios,5,62.7,62.6,56.4,38.0,70.6,48.2,38,3739000,-1574700,38.0,,,23.39,97208,,1,2000
1790347572,2026-09-25T14:46:12Z,139060,1790208587,6.1.187-android14-11-SAGA,49646d1b0cd1,cc_governor,cc_governor,4511739,423074,5631467,6787608,1119761,2990,2861982,342604,4008595,4605130,1146605,42334,adios,0,adios,0,adios,0,62.6,64.8,57.6,39.0,65.9,48.5,37,3722000,-859300,39.0,,,24.28,124404,,1,2000
1790347608,2026-09-25T14:46:48Z,139097,1790208587,6.1.187-android14-11-SAGA,49646d1b0cd1,cc_governor,cc_governor,4568424,424499,5702075,6867672,1133431,3002,2896675,344341,4059967,4660288,1163165,42708,adios,0,adios,0,adios,2,63.6,65.6,58.0,39.0,69.3,48.2,37,3715000,-1189500,39.0,,,22.58,113680,,1,2000
1790347645,2026-09-25T14:47:25Z,139134,1790208587,6.1.187-android14-11-SAGA,49646d1b0cd1,cc_governor,cc_governor,4643440,424942,5788989,6964559,1145432,3014,2935328,345014,4116361,4718850,1180988,43167,adios,0,adios,0,adios,0,62.7,64.8,57.2,38.0,69.8,47.8,37,3737000,-1230400,39.0,,,22.65,115192,,1,2000
1790347682,2026-09-25T14:48:02Z,139170,1790208587,6.1.187-android14-11-SAGA,49646d1b0cd1,cc_governor,cc_governor,4720069,426417,5875893,7062023,1155652,3030,2979583,347958,4175759,4782600,1196130,43627,adios,0,adios,0,adios,0,58.1,62.6,53.4,39.0,64.7,47.1,37,3745000,-972200,38.0,,,22.28,89800,,1,2000
1790347720,2026-09-25T14:48:40Z,139208,1790208587,6.1.187-android14-11-SAGA,49646d1b0cd1,cc_governor,cc_governor,4798618,430052,5963094,7160908,1164253,3053,3058036,352279,4264617,4878002,1206441,44153,adios,0,adios,0,adios,0,57.8,60.6,,38.0,66.2,46.9,37,3735000,-1394000,39.0,,,22.24,73584,,1,2000
1790347758,2026-09-25T14:49:18Z,139247,1790208587,6.1.187-android14-11-SAGA,49646d1b0cd1,cc_governor,cc_governor,4886280,433052,6058456,7269196,1172007,3096,3117864,357747,4335891,4957076,1217962,44808,adios,0,adios,0,adios,0,64.8,64.1,56.9,39.0,67.5,47.8,36,3746000,-1243200,38.0,,,22.26,99660,,1,2000
1790347795,2026-09-25T14:49:55Z,139284,1790208587,6.1.187-android14-11-SAGA,49646d1b0cd1,cc_governor,cc_governor,4944492,436603,6128290,7351830,1183780,3122,3153470,362278,4385703,5012716,1232213,45198,adios,0,adios,0,adios,0,59.6,61.4,54.2,39.0,61.1,47.3,36,3734000,-1494100,38.0,,,23.10,93424,,1,2000
1790347833,2026-09-25T14:50:33Z,139322,1790208587,6.1.187-android14-11-SAGA,49646d1b0cd1,cc_governor,cc_governor,5016812,439632,6210997,7449666,1194139,3169,3208465,366366,4453963,5087631,1245502,45698,adios,0,adios,0,adios,0,63.3,66.0,,38.0,70.6,48.5,36,3713000,-1470900,39.0,,,23.28,103736,,1,2000
1790347870,2026-09-25T14:51:10Z,139359,1790208587,6.1.187-android14-11-SAGA,49646d1b0cd1,cc_governor,cc_governor,5096073,442012,6299246,7549248,1203149,3202,3254394,371078,4513348,5153655,1258909,46211,adios,0,adios,0,adios,0,56.7,58.9,54.0,39.0,62.8,46.9,36,3750000,-1098600,39.0,,,23.36,107828,,1,2000
1790347907,2026-09-25T14:51:47Z,139396,1790208587,6.1.187-android14-11-SAGA,49646d1b0cd1,cc_governor,cc_governor,5152902,445630,6367992,7630601,1215076,3236,3298967,375098,4571707,5218087,1272704,46653,adios,0,adios,0,adios,0,62.6,65.1,57.1,39.0,68.8,47.9,35,3725000,-1264000,39.0,,,22.13,94012,,1,2000
1790347944,2026-09-25T14:52:24Z,139432,1790208587,6.1.187-android14-11-SAGA,49646d1b0cd1,cc_governor,cc_governor,5227519,450705,6449689,7726015,1221999,3253,3349704,382048,4632521,5287391,1282686,47082,adios,0,adios,0,adios,0,63.6,62.8,56.2,39.0,68.7,47.7,35,3732000,-930100,39.0,,,23.02,109784,,1,2000
1790347981,2026-09-25T14:53:01Z,139469,1790208587,6.1.187-android14-11-SAGA,49646d1b0cd1,cc_governor,cc_governor,5280591,454734,6515507,7805606,1234799,3286,3382001,386427,4680071,5340793,1298089,47577,adios,0,adios,0,adios,45,61.3,66.5,57.6,39.0,72.3,48.2,35,3713000,-1044900,39.0,,,22.35,81500,,1,2000
1790348019,2026-09-25T14:53:39Z,139508,1790208587,6.1.187-android14-11-SAGA,49646d1b0cd1,cc_governor,cc_governor,5363982,456207,6608644,7909927,1244631,3392,3446054,388885,4757823,5423432,1311735,48242,adios,0,adios,0,adios,0,62.8,64.3,57.5,39.0,67.3,48.1,35,3735000,-1333000,39.0,,,23.59,92504,,1,2000
1790348056,2026-09-25T14:54:16Z,139545,1790208587,6.1.187-android14-11-SAGA,49646d1b0cd1,cc_governor,cc_governor,5399936,461806,6658679,7973136,1258693,3399,3472295,394703,4798351,5470782,1326052,48631,adios,0,adios,0,adios,0,58.6,59.8,,39.0,67.4,47.0,35,3723000,-1293300,39.0,,,22.70,82600,,1,2000
1790348092,2026-09-25T14:54:52Z,139581,1790208587,6.1.187-android14-11-SAGA,49646d1b0cd1,cc_governor,cc_governor,5476096,466186,6742058,8070000,1265774,3405,3509806,402047,4847035,5528108,1337128,49044,adios,0,adios,0,adios,0,61.7,64.5,57.5,39.0,71.3,48.3,34,3711000,-1258500,38.0,,,22.22,89112,,1,2000
1790348130,2026-09-25T14:55:30Z,139618,1790208587,6.1.187-android14-11-SAGA,49646d1b0cd1,cc_governor,cc_governor,5539928,470743,6815069,8155248,1275156,3450,3560992,407733,4909280,5598323,1348286,49684,adios,0,adios,0,adios,2,65.8,59.1,,38.0,73.1,49.5,34,3685000,-1661300,39.0,,,26.90,99560,,1,2000
1790348173,2026-09-25T14:56:13Z,139662,1790208587,6.1.187-android14-11-SAGA,49646d1b0cd1,cc_governor,cc_governor,5587176,472728,6877750,8229319,1290432,3846,3594369,409495,4957958,5652337,1363504,50492,adios,0,adios,0,adios,0,59.9,65.5,,39.0,66.0,48.1,34,3732000,-729300,39.0,,,24.55,81332,,1,2000
1790348210,2026-09-25T14:56:50Z,139698,1790208587,6.1.187-android14-11-SAGA,49646d1b0cd1,cc_governor,cc_governor,5643904,474201,6948671,8309932,1304618,3866,3632980,412159,5013195,5711830,1380128,50981,adios,0,adios,0,adios,0,62.6,65.9,57.0,39.0,70.2,48.1,34,3724000,-1313400,38.0,,,22.20,97076,,1,2000
1790348247,2026-09-25T14:57:27Z,139736,1790208587,6.1.187-android14-11-SAGA,49646d1b0cd1,cc_governor,cc_governor,5694989,475101,7016001,8386834,1320920,3908,3672334,413303,5070373,5772113,1398008,51522,adios,0,adios,0,adios,2,61.5,63.5,56.7,38.0,73.0,48.5,34,3692000,-1400700,39.0,,,21.41,93508,,1,2000
1790348285,2026-09-25T14:58:05Z,139774,1790208587,6.1.187-android14-11-SAGA,49646d1b0cd1,cc_governor,cc_governor,5783579,476954,7113177,8496104,1329581,4002,3752072,415461,5161870,5868408,1409793,52288,adios,0,adios,0,adios,0,60.9,65.1,,39.0,69.6,48.7,33,3707000,-1259700,39.0,,,22.87,98628,,1,2000
1790348323,2026-09-25T14:58:43Z,139812,1790208587,6.1.187-android14-11-SAGA,49646d1b0cd1,cc_governor,cc_governor,5868670,480357,7205977,8602364,1337114,4049,3828213,420019,5248253,5961840,1419902,52839,adios,0,adios,0,adios,0,64.0,67.2,59.6,39.0,71.8,49.4,33,3698000,-1359800,39.0,,,24.21,100536,,1,2000
1790348361,2026-09-25T14:59:21Z,139849,1790208587,6.1.187-android14-11-SAGA,49646d1b0cd1,cc_governor,cc_governor,5947212,484768,7291747,8702142,1344526,4109,3878932,427091,5309363,6031473,1430424,53446,adios,0,adios,0,adios,0,59.4,58.4,56.3,39.0,69.2,48.4,33,3705000,-1257300,39.0,,,22.65,129960,,1,2000
1790348398,2026-09-25T14:59:58Z,139886,1790208587,6.1.187-android14-11-SAGA,49646d1b0cd1,cc_governor,cc_governor,6054397,486628,7401936,8824583,1347445,4146,3923680,432765,5365505,6097066,1441670,53941,adios,0,adios,0,adios,5,65.6,67.3,60.1,39.0,74.5,49.6,33,3677000,-1633300,39.0,,,22.78,102860,,1,2000
1790348436,2026-09-25T15:00:36Z,139924,1790208587,6.1.187-android14-11-SAGA,49646d1b0cd1,cc_governor,cc_governor,6125321,488233,7483169,8916661,1357810,4295,4000306,434790,5453111,6193208,1452800,54828,adios,0,adios,0,adios,0,68.0,70.5,61.2,39.0,76.2,50.7,32,3699000,-1432400,39.0,,,26.49,97212,,1,2000
1790348473,2026-09-25T15:01:13Z,139962,1790208587,6.1.187-android14-11-SAGA,49646d1b0cd1,cc_governor,cc_governor,6194148,489064,7562105,9005749,1367859,4325,4036149,435722,5504730,6248258,1468572,55249,adios,0,adios,0,adios,0,61.6,66.6,60.2,39.0,74.5,50.2,32,3684000,-1633300,39.0,,,26.11,70320,,1,2000
1790348511,2026-09-25T15:01:51Z,140000,1790208587,6.1.187-android14-11-SAGA,49646d1b0cd1,cc_governor,cc_governor,6293791,490627,7666865,9123151,1372980,4416,4130580,438471,5609039,6361793,1478405,56040,adios,0,adios,0,adios,0,69.9,71.8,62.4,39.0,79.0,51.6,32,3674000,-1481300,39.0,,,25.04,119844,,1,2000
1790348550,2026-09-25T15:02:30Z,140039,1790208587,6.1.187-android14-11-SAGA,49646d1b0cd1,cc_governor,cc_governor,6385864,491249,7766081,9234203,1380235,4595,4186196,439342,5679716,6438604,1493546,56934,adios,0,adios,0,adios,0,63.1,62.6,58.4,40.0,67.8,49.6,31,3703000,-1154700,39.0,,,25.27,298344,,1,2000
1790348587,2026-09-25T15:03:07Z,140075,1790208587,6.1.187-android14-11-SAGA,49646d1b0cd1,cc_governor,cc_governor,6458158,492701,7847290,9326701,1389012,4607,4216552,443150,5725393,6490035,1508858,57304,adios,0,adios,0,adios,0,61.4,66.1,58.6,40.0,73.4,49.4,31,3686000,-1279200,39.0,,,23.75,81920,,1,2000
1790348624,2026-09-25T15:03:44Z,140112,1790208587,6.1.187-android14-11-SAGA,49646d1b0cd1,cc_governor,cc_governor,6572445,493316,7965631,9456169,1393078,4679,4299668,445395,5820077,6591094,1520373,57836,adios,0,adios,0,adios,0,69.6,70.7,62.5,39.0,73.6,50.4,31,3685000,-1335400,39.0,,,24.68,146488,,1,2000
1790348661,2026-09-25T15:04:21Z,140150,1790208587,6.1.187-android14-11-SAGA,49646d1b0cd1,cc_governor,cc_governor,6682055,494859,8079327,9580991,1397083,4820,4374760,450521,5903671,6683204,1528785,58436,adios,0,adios,0,adios,0,72.0,72.9,,40.0,78.3,51.6,31,3677000,-1328700,39.0,,,24.60,96536,,1,2000
1790348700,2026-09-25T15:05:00Z,140188,1790208587,6.1.187-android14-11-SAGA,49646d1b0cd1,cc_governor,cc_governor,6761505,498169,8167482,9682442,1405933,4991,4438437,455764,5975538,6763732,1537036,59267,adios,0,adios,0,adios,0,73.6,74.5,63.9,39.0,78.9,52.7,30,3653000,-1875000,39.0,,,26.01,90772,,1,2000
1790348743,2026-09-25T15:05:43Z,140232,1790208587,6.1.187-android14-11-SAGA,49646d1b0cd1,cc_governor,cc_governor,6845788,499184,8259119,9789535,1413222,5280,4483913,457886,6034861,6832161,1550873,60216,adios,0,adios,0,adios,0,68.8,68.7,60.6,40.0,76.3,51.1,30,3695000,-1252400,40.0,,,26.68,110196,,1,2000
1790348780,2026-09-25T15:06:20Z,140269,1790208587,6.1.187-android14-11-SAGA,49646d1b0cd1,cc_governor,cc_governor,6959355,499376,8376530,9919307,1417094,5309,4579247,458247,6143180,6945048,1563843,60818,adios,0,adios,0,adios,2,66.7,70.2,61.7,40.0,72.7,51.1,30,3692000,-1343300,40.0,,,27.41,115612,,1,2000
1790348819,2026-09-25T15:06:59Z,140308,1790208587,6.1.187-android14-11-SAGA,49646d1b0cd1,cc_governor,cc_governor,7061027,500413,8481857,10040385,1420791,5417,4625496,461472,6204337,7015238,1578717,61502,adios,0,adios,0,adios,0,67.2,72.0,61.4,39.0,75.3,50.5,29,3672000,-1301800,39.0,,,27.79,112796,,1,2000
1790348858,2026-09-25T15:07:38Z,140346,1790208587,6.1.187-android14-11-SAGA,49646d1b0cd1,cc_governor,cc_governor,7134645,501423,8561046,10130353,1426364,5558,4682720,464067,6271167,7089779,1588460,62381,adios,0,adios,0,adios,0,73.2,72.3,,39.0,77.6,51.3,29,3688000,-1601500,39.0,,,31.46,75788,,1,2000
1790348894,2026-09-25T15:08:14Z,140383,1790208587,6.1.187-android14-11-SAGA,49646d1b0cd1,cc_governor,cc_governor,7172387,502906,8610908,10193236,1438497,5604,4703322,465403,6302967,7128034,1599656,62740,adios,0,adios,0,adios,0,57.7,58.4,,40.0,59.5,47.5,29,3722000,-509000,40.0,,,25.92,116200,,1,2000
1790348930,2026-09-25T15:08:50Z,140419,1790208587,6.1.187-android14-11-SAGA,49646d1b0cd1,cc_governor,cc_governor,7208899,503418,8658663,10250826,1449782,5610,4707940,466125,6319157,7146208,1611224,63046,adios,0,adios,0,adios,0,53.1,53.7,51.7,39.0,57.4,45.9,29,3715000,-783000,39.0,,,22.94,383408,,1,2000
1790348966,2026-09-25T15:09:26Z,140454,1790208587,6.1.187-android14-11-SAGA,49646d1b0cd1,cc_governor,cc_governor,7229763,508408,8694759,10299905,1465017,5614,4712078,468370,6333182,7163008,1621111,63391,adios,0,adios,0,adios,0,56.0,57.0,53.5,39.0,59.0,45.9,29,3703000,-747000,39.0,,,20.14,200536,,1,2000
1790349002,2026-09-25T15:10:02Z,140491,1790208587,6.1.187-android14-11-SAGA,49646d1b0cd1,cc_governor,cc_governor,7261585,509274,8740708,10354858,1479137,5633,4726212,468676,6356502,7187686,1630296,63827,adios,0,adios,0,adios,0,47.2,48.8,,38.0,54.8,42.7,28,3718000,-450400,38.0,,,18.90,118132,,1,2000
1790349037,2026-09-25T15:10:37Z,140526,1790208587,6.1.187-android14-11-SAGA,49646d1b0cd1,cc_governor,cc_governor,13741,358,19532,23136,5803,11,5598,193,9524,10234,3936,101,adios,0,adios,0,adios,0,49.3,48.8,,38.0,51.6,42.5,28,3724000,-545000,38.0,,,19.84,133880,,1,2000
1790349073,2026-09-25T15:11:13Z,140561,1790208587,6.1.187-android14-11-SAGA,49646d1b0cd1,cc_governor,cc_governor,27592,10972,40609,59343,13017,14,8242,4718,15602,21390,7360,395,adios,0,adios,0,adios,0,47.2,46.3,,37.0,48.4,41.0,28,3741000,-442500,37.0,,,18.49,140464,,1,2000
1790349108,2026-09-25T15:11:48Z,140596,1790208587,6.1.187-android14-11-SAGA,49646d1b0cd1,cc_governor,cc_governor,28472,19772,46002,74646,17527,16,8452,5632,16668,23481,8248,694,adios,0,adios,0,adios,0,48.1,44.5,,36.0,48.3,39.7,28,3739000,-386300,37.0,,,17.09,100988,,1,2000
1790349143,2026-09-25T15:12:23Z,140631,1790208587,6.1.187-android14-11-SAGA,49646d1b0cd1,cc_governor,cc_governor,29060,27787,51343,89122,22282,18,8676,6150,17912,25276,9236,1002,adios,0,adios,0,adios,0,42.1,42.7,,36.0,60.5,40.0,28,3680000,-1344600,36.0,,,18.62,131768,,1,2000
1790349179,2026-09-25T15:12:59Z,140668,1790208587,6.1.187-android14-11-SAGA,49646d1b0cd1,cc_governor,cc_governor,48333,33712,84878,135190,36556,50,16682,9897,34378,46823,17704,1427,adios,0,adios,0,adios,0,47.9,47.2,,36.0,52.1,40.2,28,3720000,-537700,36.0,,,18.94,110224,,1,2000
1790349215,2026-09-25T15:13:35Z,140703,1790208587,6.1.187-android14-11-SAGA,49646d1b0cd1,cc_governor,cc_governor,67699,37558,120044,180748,52363,50,23467,12458,52174,68053,28725,1725,adios,0,adios,0,adios,0,47.0,46.6,44.7,35.0,48.2,40.2,28,3724000,-538900,36.0,,,19.52,114348,,1,2000
1790349250,2026-09-25T15:14:10Z,140739,1790208587,6.1.187-android14-11-SAGA,49646d1b0cd1,cc_governor,cc_governor,89129,44052,154648,227724,65536,52,30293,16582,68215,89077,37928,2066,adios,0,adios,0,adios,0,48.7,45.7,,35.0,50.9,40.5,28,3696000,-839200,35.0,,,18.69,118904,,1,2000
1790349286,2026-09-25T15:14:46Z,140774,1790208587,6.1.187-android14-11-SAGA,49646d1b0cd1,cc_governor,cc_governor,114059,45194,197632,278306,83538,58,43916,17614,95289,119359,51349,2353,adios,0,adios,0,adios,0,52.4,51.0,,35.0,51.1,41.8,28,3717000,-413200,35.0,,,18.60,107236,,1,2000
1790349321,2026-09-25T15:15:21Z,140809,1790208587,6.1.187-android14-11-SAGA,49646d1b0cd1,cc_governor,cc_governor,125650,49872,225363,314378,99726,60,47204,19411,105790,132309,58593,2642,adios,0,adios,0,adios,0,44.7,45.1,,35.0,47.2,39.5,28,3725000,-414400,35.0,,,18.26,139636,,1,2000
1790349356,2026-09-25T15:15:56Z,140844,1790208587,6.1.187-android14-11-SAGA,49646d1b0cd1,cc_governor,cc_governor,135929,59606,246343,347715,110411,62,48843,22587,110360,140504,61517,2928,adios,0,adios,0,adios,0,45.0,44.9,,35.0,47.5,39.1,27,3728000,-648800,35.0,,,18.14,95784,,1,2000
1790349391,2026-09-25T15:16:31Z,140879,1790208587,6.1.187-android14-11-SAGA,49646d1b0cd1,cc_governor,cc_governor,145986,68064,268775,381277,122789,64,49781,25036,114878,147791,65097,3230,adios,0,adios,0,adios,0,44.0,45.4,,35.0,46.8,38.8,27,3726000,-725700,35.0,,,18.18,150688,,1,2000
1790349426,2026-09-25T15:17:06Z,140914,1790208587,6.1.187-android14-11-SAGA,49646d1b0cd1,cc_governor,cc_governor,159476,71772,299306,418666,139831,66,53246,26424,124443,159096,71207,3518,adios,0,adios,0,adios,0,47.0,48.0,,34.0,57.5,40.1,27,3675000,-978300,34.0,,,19.26,116468,,1,2000
1790349462,2026-09-25T15:17:42Z,140951,1790208587,6.1.187-android14-11-SAGA,49646d1b0cd1,cc_governor,cc_governor,178438,73692,336358,464009,157938,79,62493,27547,146888,184364,84406,3936,adios,0,adios,0,adios,0,46.2,49.1,,35.0,49.9,39.7,27,3699000,-454100,35.0,,,19.14,134908,,1,2000
1790349497,2026-09-25T15:18:17Z,140986,1790208587,6.1.187-android14-11-SAGA,49646d1b0cd1,cc_governor,cc_governor,184568,79970,357402,494813,172841,80,64283,31084,156592,198474,92316,4244,adios,0,adios,0,adios,0,45.0,44.4,,35.0,50.9,38.8,27,3713000,-747000,34.0,,,18.51,137952,,1,2000
1790349532,2026-09-25T15:18:52Z,141021,1790208587,6.1.187-android14-11-SAGA,49646d1b0cd1,cc_governor,cc_governor,190087,86453,377645,525049,187578,81,65537,34772,165413,211756,99880,4548,adios,0,adios,0,adios,0,44.0,44.1,,34.0,47.5,38.4,27,3714000,-523600,34.0,,,18.16,96192,,1,2000
1790349568,2026-09-25T15:19:28Z,141056,1790208587,6.1.187-android14-11-SAGA,49646d1b0cd1,cc_governor,cc_governor,195572,95242,395543,554717,199926,83,66525,39438,172816,224358,106291,4849,adios,0,adios,0,adios,0,46.3,47.5,,34.0,48.2,38.4,27,3713000,-505300,34.0,,,18.04,102320,,1,2000
1790349603,2026-09-25T15:20:03Z,141091,1790208587,6.1.187-android14-11-SAGA,49646d1b0cd1,cc_governor,cc_governor,202273,101947,416169,585066,213906,85,68168,43041,181783,237480,113621,5138,adios,0,adios,0,adios,0,43.6,44.5,,34.0,49.4,38.0,27,3714000,-479700,34.0,,,18.08,112732,,1,2000
1790349638,2026-09-25T15:20:38Z,141126,1790208587,6.1.187-android14-11-SAGA,49646d1b0cd1,cc_governor,cc_governor,209267,108346,437181,615540,227927,86,69813,46987,190889,251287,121080,5441,adios,0,adios,0,adios,0,42.4,42.9,,34.0,48.2,37.7,27,3728000,-526100,34.0,,,18.58,84952,,1,2000
1790349673,2026-09-25T15:21:13Z,141161,1790208587,6.1.187-android14-11-SAGA,49646d1b0cd1,cc_governor,cc_governor,230337,111761,471448,655988,241141,89,74218,51212,206241,274154,132028,5751,adios,0,adios,0,adios,0,44.6,44.1,,34.0,47.6,38.1,26,3719000,-510800,34.0,,,18.71,298544,,1,2000
1790349708,2026-09-25T15:21:48Z,141196,1790208587,6.1.187-android14-11-SAGA,49646d1b0cd1,cc_governor,cc_governor,236472,117809,492528,686277,256055,90,76257,54678,215951,288013,139692,6061,adios,0,adios,0,adios,0,42.8,44.6,,34.0,46.7,37.9,26,3712000,-424800,34.0,,,18.76,277080,,1,2000
1790349743,2026-09-25T15:22:23Z,141231,1790208587,6.1.187-android14-11-SAGA,49646d1b0cd1,cc_governor,cc_governor,242980,126444,511264,716987,268176,93,79352,59172,225767,303066,146421,6367,adios,0,adios,0,adios,0,46.3,46.2,,34.0,48.0,38.3,26,3704000,-709800,34.0,,,18.07,279480,,1,2000
1790349778,2026-09-25T15:22:58Z,141266,1790208587,6.1.187-android14-11-SAGA,49646d1b0cd1,cc_governor,cc_governor,267583,130714,550656,767282,283066,94,95432,62455,253384,336200,157966,6660,adios,0,adios,0,adios,0,54.4,58.9,,34.0,62.9,41.5,26,3671000,-1107700,34.0,,,18.98,133392,,1,2000
1790349814,2026-09-25T15:23:34Z,141303,1790208587,6.1.187-android14-11-SAGA,49646d1b0cd1,cc_governor,cc_governor,308269,133472,605502,849095,297113,103,142796,64458,311721,409664,168893,7073,adios,0,adios,0,adios,4,58.8,56.8,,35.0,65.2,44.1,26,3666000,-729300,34.0,,,19.97,121076,,1,2000
1790349850,2026-09-25T15:24:10Z,141339,1790208587,6.1.187-android14-11-SAGA,49646d1b0cd1,cc_governor,cc_governor,338712,137675,650783,909181,312096,128,176402,66864,355222,458626,178837,7434,adios,0,adios,0,adios,0,55.3,61.6,50.1,35.0,59.2,43.0,26,3692000,-664000,35.0,,,19.56,104476,,1,2000
1790349887,2026-09-25T15:24:47Z,141375,1790208587,6.1.187-android14-11-SAGA,49646d1b0cd1,cc_governor,cc_governor,346447,139634,678219,948846,331787,130,182106,68002,371915,478852,189830,7763,adios,0,adios,0,adios,0,48.0,48.8,,35.0,51.8,41.0,25,3704000,-718900,35.0,,,18.94,90412,,1,2000
1790349922,2026-09-25T15:25:22Z,141410,1790208587,6.1.187-android14-11-SAGA,49646d1b0cd1,cc_governor,cc_governor,352061,140986,703301,986165,351265,131,185060,68660,384984,494474,199929,8066,adios,0,adios,0,adios,0,46.3,49.0,,35.0,50.9,40.8,25,3695000,-903300,35.0,,,18.90,89392,,1,2000
1790349957,2026-09-25T15:25:57Z,141446,1790208587,6.1.187-android14-11-SAGA,49646d1b0cd1,cc_governor,cc_governor,363074,145448,725156,1017869,362082,131,190259,69005,395159,506261,204900,8376,adios,0,adios,0,adios,0,43.9,43.4,,35.0,46.0,39.1,25,3717000,-310000,35.0,,,19.59,121896,,1,2000
1790349993,2026-09-25T15:26:33Z,141481,1790208587,6.1.187-android14-11-SAGA,49646d1b0cd1,cc_governor,cc_governor,364062,155827,729389,1033591,365314,132,190385,70105,395763,508189,205357,8668,adios,0,adios,0,adios,0,44.6,44.2,,35.0,45.6,38.4,25,3715000,-590800,35.0,,,18.02,129412,,1,2000
1790350028,2026-09-25T15:27:08Z,141516,1790208587,6.1.187-android14-11-SAGA,49646d1b0cd1,cc_governor,cc_governor,367338,162947,740084,1053116,372746,133,191462,70595,398835,512019,207373,8972,adios,0,adios,0,adios,0,41.9,42.8,,34.0,45.4,37.9,25,3712000,-432700,34.0,,,17.22,90028,,1,2000
1790350063,2026-09-25T15:27:43Z,141551,1790208587,6.1.187-android14-11-SAGA,49646d1b0cd1,cc_governor,cc_governor,376717,170819,759166,1082945,382449,136,194871,72508,405781,521406,210910,9266,adios,0,adios,0,adios,0,43.9,44.6,,34.0,47.8,38.6,25,3702000,-588300,34.0,,,17.86,99540,,1,2000
1790350098,2026-09-25T15:28:18Z,141587,1790208587,6.1.187-android14-11-SAGA,49646d1b0cd1,cc_governor,cc_governor,387771,182614,780191,1119828,392413,137,196061,75988,410139,529901,213997,9567,adios,0,adios,0,adios,0,48.9,48.2,,34.0,52.0,39.2,25,3709000,-340500,34.0,,,18.32,103796,,1,2000
1790350134,2026-09-25T15:28:54Z,141623,1790208587,6.1.187-android14-11-SAGA,49646d1b0cd1,cc_governor,cc_governor,401791,189512,809012,1164208,407226,140,201086,77874,421920,544904,220842,9934,adios,0,adios,0,adios,0,46.5,45.2,,34.0,48.2,38.8,25,3701000,-717700,34.0,,,18.36,139444,,1,2000
1790350170,2026-09-25T15:29:30Z,141658,1790208587,6.1.187-android14-11-SAGA,49646d1b0cd1,cc_governor,cc_governor,413250,200804,830373,1200561,417146,143,203305,81898,427251,554553,223951,10231,adios,0,adios,0,adios,0,45.8,49.7,,34.0,49.9,39.4,24,3682000,-923400,34.0,,,19.02,90980,,1,2000
1790350206,2026-09-25T15:30:06Z,141694,1790208587,6.1.187-android14-11-SAGA,49646d1b0cd1,cc_governor,cc_governor,427513,208293,858495,1246529,430977,147,210036,84655,440667,573672,230631,10577,adios,0,adios,0,adios,0,45.6,45.7,,34.0,51.2,39.4,24,3701000,-769000,34.0,,,18.86,126724,,1,2000
1790350241,2026-09-25T15:30:41Z,141729,1790208587,6.1.187-android14-11-SAGA,49646d1b0cd1,cc_governor,cc_governor,440362,214578,886346,1287496,446004,148,213661,87659,449707,586730,236046,10879,adios,0,adios,0,adios,0,44.5,45.5,,34.0,47.8,38.8,24,3693000,-426000,34.0,,,18.99,120936,,1,2000
1790350276,2026-09-25T15:31:16Z,141764,1790208587,6.1.187-android14-11-SAGA,49646d1b0cd1,cc_governor,cc_governor,450169,230489,901544,1323037,451371,151,214130,93248,451469,594543,237339,11199,adios,0,adios,0,adios,0,43.4,43.8,41.4,34.0,50.4,38.3,24,3707000,-577300,34.0,,,18.34,122836,,1,2000
1790350311,2026-09-25T15:31:51Z,141800,1790208587,6.1.187-android14-11-SAGA,49646d1b0cd1,cc_governor,cc_governor,462700,238505,927484,1362377,464806,152,216154,96256,458306,605285,242100,11504,adios,0,adios,0,adios,0,47.1,47.5,,34.0,47.8,38.4,24,3704000,-761100,34.0,,,20.33,94788,,1,2000
1790350347,2026-09-25T15:32:27Z,141835,1790208587,6.1.187-android14-11-SAGA,49646d1b0cd1,cc_governor,cc_governor,474131,253169,945524,1398950,471404,154,216974,100170,461748,612981,244783,11834,adios,0,adios,0,adios,0,42.8,44.4,,34.0,46.6,37.8,24,3712000,-577300,34.0,,,19.70,148528,,1,2000
1790350382,2026-09-25T15:33:02Z,141870,1790208587,6.1.187-android14-11-SAGA,49646d1b0cd1,cc_governor,cc_governor,484557,263751,966772,1436685,482211,155,218986,103513,467429,622994,248443,12129,adios,0,adios,0,adios,0,43.2,43.0,,34.0,46.5,37.8,24,3711000,-482100,34.0,,,18.40,127672,,1,2000
1790350417,2026-09-25T15:33:37Z,141905,1790208587,6.1.187-android14-11-SAGA,49646d1b0cd1,cc_governor,cc_governor,494978,277330,984976,1473094,489999,157,220230,107907,470747,631275,250521,12427,adios,0,adios,0,adios,0,42.9,43.1,,34.0,46.5,37.6,24,3700000,-387500,34.0,,,18.88,121784,,1,2000
1790350452,2026-09-25T15:34:12Z,141941,1790208587,6.1.187-android14-11-SAGA,49646d1b0cd1,cc_governor,cc_governor,505138,291659,1001882,1509061,496743,157,221391,112426,473981,639689,252590,12718,adios,0,adios,0,adios,0,42.6,44.7,41.6,34.0,45.9,37.7,24,3711000,-654900,34.0,,,18.94,103160,,1,2000
1790350487,2026-09-25T15:34:47Z,141976,1790208587,6.1.187-android14-11-SAGA,49646d1b0cd1,cc_governor,cc_governor,516309,304583,1021708,1547097,505389,159,222704,116246,477710,647868,255006,13024,adios,0,adios,0,adios,0,42.4,42.5,,34.0,47.1,37.5,23,3684000,-791600,34.0,,,18.73,106640,,1,2000
1790350523,2026-09-25T15:35:23Z,142011,1790208587,6.1.187-android14-11-SAGA,49646d1b0cd1,cc_governor,cc_governor,538853,312320,1055336,1594876,516471,164,229776,120682,490258,666333,260493,13331,adios,0,adios,0,adios,0,44.6,45.6,,34.0,46.9,38.4,23,3695000,-701200,34.0,,,17.95,148320,,1,2000
1790350559,2026-09-25T15:35:59Z,142047,1790208587,6.1.187-android14-11-SAGA,49646d1b0cd1,cc_governor,cc_governor,572944,314710,1103158,1653509,530215,176,245674,122474,515925,695936,270257,13676,adios,0,adios,0,adios,0,50.6,51.3,47.7,34.0,51.7,40.3,23,3689000,-550500,34.0,,,18.19,160620,,1,2000
1790350595,2026-09-25T15:36:35Z,142083,1790208587,6.1.187-android14-11-SAGA,49646d1b0cd1,cc_governor,cc_governor,593547,318059,1140303,1702147,546788,190,249380,124216,529575,712119,280204,14059,adios,0,adios,0,adios,0,48.0,50.4,45.7,34.0,48.6,39.5,23,3689000,-1224300,34.0,,,17.98,118596,,1,2000
1790350631,2026-09-25T15:37:11Z,142120,1790208587,6.1.187-android14-11-SAGA,49646d1b0cd1,cc_governor,cc_governor,603644,318733,1170529,1753620,566909,272,256372,124593,550261,736831,293915,14426,adios,0,adios,0,adios,0,50.0,50.8,46.7,34.0,53.1,40.9,23,3793000,750700,34.0,,,18.41,144520,,1,2000
1790350668,2026-09-25T15:37:48Z,142156,1790208587,6.1.187-android14-11-SAGA,49646d1b0cd1,cc_governor,cc_governor,609675,322609,1194190,1791308,584535,281,258152,125130,559477,747535,301330,14796,adios,0,adios,0,adios,0,43.4,43.9,,35.0,47.4,39.0,23,3814000,964300,35.0,,,17.62,273964,,1,2000
1790350703,2026-09-25T15:38:23Z,142191,1790208587,6.1.187-android14-11-SAGA,49646d1b0cd1,cc_governor,cc_governor,625871,324482,1220184,1824361,594292,337,278666,126475,587323,780813,308584,15183,adios,0,adios,0,adios,0,66.6,67.4,61.8,35.0,72.9,47.4,23,3753000,-67100,35.0,,,27.69,317348,,1,2000
1790350742,2026-09-25T15:39:02Z,142230,1790208587,6.1.187-android14-11-SAGA,49646d1b0cd1,cc_governor,cc_governor,655795,325597,1258170,1870003,602313,462,329846,128283,647827,851762,317846,16007,adios,0,adios,0,adios,7,70.7,70.8,64.4,36.0,77.4,51.0,23,3759000,363700,37.0,,,39.02,308636,,1,2000
1790350792,2026-09-25T15:39:52Z,142280,1790208587,6.1.187-android14-11-SAGA,49646d1b0cd1,cc_governor,cc_governor,701324,327522,1315815,1941133,614361,864,383391,130788,714747,928909,331283,17386,adios,0,adios,0,adios,0,66.7,64.7,59.8,37.0,68.6,48.8,23,3781000,504100,37.0,,,33.14,196268,,1,2000
1790350830,2026-09-25T15:40:30Z,142319,1790208587,6.1.187-android14-11-SAGA,49646d1b0cd1,cc_governor,cc_governor,742162,329584,1371261,2009779,629062,933,405783,132016,748332,966698,342561,17845,adios,0,adios,0,adios,2,63.7,65.1,,37.0,57.4,46.1,23,3814000,959400,37.0,,,26.56,130644,,1,2000
1790350867,2026-09-25T15:41:07Z,142355,1790208587,6.1.187-android14-11-SAGA,49646d1b0cd1,cc_governor,cc_governor,766362,332343,1412655,2060593,646322,984,418217,134201,774276,996116,356076,18235,adios,0,adios,0,adios,0,53.0,55.7,,37.0,54.2,43.8,24,3817000,932600,37.0,,,24.90,142668,,1,2000
1790350902,2026-09-25T15:41:42Z,142390,1790208587,6.1.187-android14-11-SAGA,49646d1b0cd1,cc_governor,cc_governor,786298,339734,1445117,2104690,658805,985,423581,138305,786857,1013461,363146,18514,adios,0,adios,0,adios,0,52.5,54.0,49.0,37.0,54.8,43.4,24,3816000,931300,37.0,,,21.14,85588,,1,2000
1790350938,2026-09-25T15:42:18Z,142426,1790208587,6.1.187-android14-11-SAGA,49646d1b0cd1,cc_governor,cc_governor,814575,341382,1490549,2161675,675951,994,436551,139488,813416,1043197,376806,18881,adios,0,adios,0,adios,1,53.6,53.8,,37.0,67.2,44.2,24,3805000,783000,37.0,,,21.27,110824,,1,2000
1790350974,2026-09-25T15:42:54Z,142462,1790208587,6.1.187-android14-11-SAGA,49646d1b0cd1,cc_governor,cc_governor,842664,342507,1536444,2215427,693778,1022,453720,140352,843545,1076579,389833,19244,adios,0,adios,0,adios,0,49.0,49.3,,37.0,55.5,42.6,24,3816000,792200,37.0,,,21.18,158348,,1,2000
1790351009,2026-09-25T15:43:29Z,142497,1790208587,6.1.187-android14-11-SAGA,49646d1b0cd1,cc_governor,cc_governor,864160,344871,1575308,2262248,711141,1023,462081,142267,864017,1099787,401940,19560,adios,0,adios,0,adios,0,48.9,48.1,,37.0,52.3,41.9,24,3826000,938700,37.0,,,20.55,109148,,1,2000
1790351044,2026-09-25T15:44:04Z,142532,1790208587,6.1.187-android14-11-SAGA,49646d1b0cd1,cc_governor,cc_governor,876294,349949,1602852,2298587,726460,1024,466551,144569,876689,1115352,410146,19879,adios,0,adios,0,adios,0,51.1,49.9,46.8,37.0,51.7,42.0,24,3828000,952700,37.0,,,18.96,94524,,1,2000
1790351080,2026-09-25T15:44:40Z,142568,1790208587,6.1.187-android14-11-SAGA,49646d1b0cd1,cc_governor,cc_governor,893525,352656,1630415,2333320,736904,1029,474362,144745,891148,1131194,416790,20220,adios,0,adios,0,adios,0,43.4,45.4,,37.0,47.0,40.1,25,3870000,1299400,37.0,,,17.38,117060,,1,2000
1790351115,2026-09-25T15:45:15Z,142603,1790208587,6.1.187-android14-11-SAGA,49646d1b0cd1,cc_governor,cc_governor,280,4811,1459,6753,1185,0,351,382,463,1075,115,23,adios,0,adios,0,adios,0,42.1,42.7,,36.0,45.1,39.0,25,3870000,1505700,36.0,,,16.29,137632,,1,2000
1790351150,2026-09-25T15:45:50Z,142639,1790208587,6.1.187-android14-11-SAGA,49646d1b0cd1,cc_governor,cc_governor,341,10377,4387,15867,4046,0,367,1378,763,2467,396,336,adios,0,adios,0,adios,0,41.1,42.3,,36.0,44.3,38.3,25,3877000,1433700,36.0,,,15.49,102860,,1,2000
1790351186,2026-09-25T15:46:26Z,142674,1790208587,6.1.187-android14-11-SAGA,49646d1b0cd1,cc_governor,cc_governor,409,17887,5228,24765,4819,3,390,2524,831,3713,441,643,adios,0,adios,0,adios,0,40.8,41.2,,36.0,43.7,37.8,26,3879000,1378700,36.0,,,15.20,115344,,1,2000
1790351221,2026-09-25T15:47:01Z,142709,1790208587,6.1.187-android14-11-SAGA,49646d1b0cd1,cc_governor,cc_governor,14237,22774,26003,54199,11765,24,7962,4074,12422,18330,4476,1109,adios,0,adios,0,adios,0,49.6,48.1,,35.0,50.9,40.5,26,3852000,1066800,35.0,,,18.62,189864,,1,2000
1790351256,2026-09-25T15:47:36Z,142745,1790208587,6.1.187-android14-11-SAGA,49646d1b0cd1,cc_governor,cc_governor,17273,27365,34871,68476,17598,27,8196,4656,13846,20444,5650,1419,adios,0,adios,0,adios,0,40.7,42.4,,35.0,44.3,37.9,26,3885000,1482500,35.0,,,16.86,243416,,1,2000
1790351292,2026-09-25T15:48:12Z,142780,1790208587,6.1.187-android14-11-SAGA,49646d1b0cd1,cc_governor,cc_governor,127,3569,3066,7092,2939,2,55,253,283,562,228,19,adios,0,adios,0,adios,0,40.1,40.6,,35.0,44.2,37.3,26,3889000,1403100,35.0,,,15.91,210104,,1,2000
1790351327,2026-09-25T15:48:47Z,142815,1790208587,6.1.187-android14-11-SAGA,49646d1b0cd1,cc_governor,cc_governor,48,0,550,609,510,0,38,0,105,110,72,15,adios,0,adios,0,adios,0,40.0,40.7,,35.0,43.1,37.9,27,3832000,842800,35.0,,,16.45,50164,,1,2000
1790351364,2026-09-25T15:49:24Z,142852,1790208587,6.1.187-android14-11-SAGA,49646d1b0cd1,cc_governor,cc_governor,20269,3936,29141,36932,8880,142,6908,1237,11930,14146,5026,463,adios,0,adios,0,adios,0,40.7,41.1,,35.0,44.2,37.5,27,3890000,1494100,35.0,,,16.14,156420,,1,2000
1790351462,2026-09-25T15:51:02Z,142951,1790208587,6.1.187-android14-11-SAGA,49646d1b0cd1,cc_governor,cc_governor,1,0,82,94,94,0,7,0,49,52,46,14,adios,0,adios,0,adios,0,38.8,40.8,,34.0,40.9,35.2,28,3880000,897800,34.0,,,15.35,133932,,1,2000
1790351575,2026-09-25T15:52:55Z,143064,1790208587,6.1.187-android14-11-SAGA,49646d1b0cd1,cc_governor,cc_governor,8,27,589,677,585,0,274,22,370,401,99,17,adios,0,adios,0,adios,0,37.9,41.0,,33.0,40.8,34.9,29,3919000,1524600,33.0,,,15.00,113840,,1,2000
1790351683,2026-09-25T15:54:43Z,143171,1790208587,6.1.187-android14-11-SAGA,49646d1b0cd1,cc_governor,cc_governor,2,0,69,101,78,0,169,0,221,252,16,1,adios,0,adios,0,adios,6,35.8,37.0,,33.0,38.5,33.8,30,3916000,1245700,32.0,,,15.43,109472,,1,2000
1790351798,2026-09-25T15:56:38Z,143287,1790208587,6.1.187-android14-11-SAGA,49646d1b0cd1,cc_governor,cc_governor,0,0,20,32,30,0,81,0,120,122,42,8,adios,0,adios,0,adios,0,35.9,37.0,,32.0,39.5,33.8,31,3926000,1380000,32.0,,,15.30,138912,,1,2000
1790351935,2026-09-25T15:58:55Z,143423,1790208587,6.1.187-android14-11-SAGA,49646d1b0cd1,cc_governor,cc_governor,5,0,78,97,84,0,71,0,116,120,51,14,adios,0,adios,0,adios,0,34.8,37.4,,32.0,43.9,32.9,33,3912000,1218800,32.0,,,15.23,129448,,1,2000
1790352056,2026-09-25T16:00:56Z,143545,1790208587,6.1.187-android14-11-SAGA,49646d1b0cd1,cc_governor,cc_governor,3,8,1017,1168,1014,0,120,28,187,257,67,15,adios,0,adios,0,adios,0,36.6,37.0,,32.0,40.7,33.1,34,3945000,1376300,32.0,,,15.22,113240,,1,2000
1790352194,2026-09-25T16:03:14Z,143683,1790208587,6.1.187-android14-11-SAGA,49646d1b0cd1,cc_governor,cc_governor,0,0,56,77,64,0,33,0,77,81,49,14,adios,0,adios,0,adios,0,35.1,35.9,,31.0,38.4,33.1,35,3932000,1428800,31.0,,,15.06,116824,,1,2000
1790352254,2026-09-25T16:04:14Z,143742,1790208587,6.1.187-android14-11-SAGA,49646d1b0cd1,cc_governor,cc_governor,101,637,1647,2468,1546,1,80,59,224,298,144,17,adios,0,adios,0,adios,0,37.1,37.9,,32.0,41.5,34.4,35,3943000,1298200,32.0,,,14.83,127756,,1,2000
1790352300,2026-09-25T16:05:00Z,143788,1790208587,6.1.187-android14-11-SAGA,49646d1b0cd1,cc_governor,cc_governor,42,0,391,416,358,0,99,0,165,170,71,17,adios,0,adios,0,adios,0,36.6,36.9,,32.0,41.0,33.8,36,3961000,1491700,32.0,,,14.90,142176,,1,2000
1790352396,2026-09-25T16:06:36Z,143884,1790208587,6.1.187-android14-11-SAGA,49646d1b0cd1,cc_governor,cc_governor,0,0,436,469,452,0,35,0,94,98,65,16,adios,0,adios,0,adios,0,36.1,35.6,,31.0,39.8,32.6,37,3958000,1237100,31.0,,,15.06,123528,,1,2000
1790352480,2026-09-25T16:08:00Z,143968,1790208587,6.1.187-android14-11-SAGA,49646d1b0cd1,cc_governor,cc_governor,7924,945,11061,14388,3132,4,3642,686,5943,6969,2301,544,adios,0,adios,0,adios,0,40.2,42.3,,31.0,44.0,35.3,37,3947000,1328700,31.0,,,17.18,144132,,1,2000
1790352515,2026-09-25T16:08:35Z,144004,1790208587,6.1.187-android14-11-SAGA,49646d1b0cd1,cc_governor,cc_governor,11085,1659,18450,22055,7363,5,5117,485,8781,10897,3664,264,adios,0,adios,0,adios,0,40.8,40.8,,32.0,42.5,35.7,38,3947000,1139500,31.0,,,18.53,115720,,1,2000
1790352551,2026-09-25T16:09:11Z,144039,1790208587,6.1.187-android14-11-SAGA,49646d1b0cd1,cc_governor,cc_governor,18039,8592,32014,45425,13962,8,10012,1612,16977,20885,6987,589,adios,0,adios,0,adios,0,45.1,43.3,,32.0,50.4,36.5,38,3940000,1104100,32.0,,,19.56,101004,,1,2000
1790352587,2026-09-25T16:09:47Z,144075,1790208587,6.1.187-android14-11-SAGA,49646d1b0cd1,cc_governor,cc_governor,39445,11521,71016,92577,31601,12,17027,2733,32882,38835,15810,947,adios,0,adios,0,adios,0,45.1,49.4,46.1,32.0,52.4,38.1,38,3920000,918500,32.0,,,19.47,133892,,1,2000
1790352624,2026-09-25T16:10:24Z,144112,1790208587,6.1.187-android14-11-SAGA,49646d1b0cd1,cc_governor,cc_governor,59410,14536,109665,140445,50267,57,21646,3784,44513,52948,22873,1405,adios,0,adios,0,adios,0,41.7,41.7,,32.0,44.3,36.5,38,3950000,1328700,32.0,,,18.84,116480,,1,2000
1790352659,2026-09-25T16:10:59Z,144147,1790208587,6.1.187-android14-11-SAGA,49646d1b0cd1,cc_governor,cc_governor,71713,25586,132146,178049,60433,58,22431,6914,48266,60383,25835,1706,adios,0,adios,0,adios,0,41.5,41.6,,32.0,44.5,36.2,39,3947000,1170600,32.0,,,18.21,123688,,1,2000
1790352694,2026-09-25T16:11:34Z,144183,1790208587,6.1.187-android14-11-SAGA,49646d1b0cd1,cc_governor,cc_governor,85363,34331,158425,217654,73062,58,23867,9944,52594,68231,28727,2017,adios,0,adios,0,adios,0,42.2,42.4,,32.0,48.4,36.8,39,3945000,994200,32.0,,,18.17,113624,,1,2000
1790352729,2026-09-25T16:12:09Z,144218,1790208587,6.1.187-android14-11-SAGA,49646d1b0cd1,cc_governor,cc_governor,98398,45112,181976,256150,83573,59,24691,13305,55761,75271,31070,2316,adios,0,adios,0,adios,0,40.8,41.0,,32.0,46.3,36.2,39,3953000,1245700,32.0,,,18.25,129404,,1,2000
1790352764,2026-09-25T16:12:45Z,144253,1790208587,6.1.187-android14-11-SAGA,49646d1b0cd1,cc_governor,cc_governor,110089,57380,202800,293148,92715,61,25221,16305,58712,81481,33496,2618,adios,0,adios,0,adios,0,41.1,41.7,,32.0,45.0,36.3,39,3956000,1179200,32.0,,,18.23,114712,,1,2000
1790352800,2026-09-25T16:13:20Z,144288,1790208587,6.1.187-android14-11-SAGA,49646d1b0cd1,cc_governor,cc_governor,121963,70698,222712,330394,100749,63,25404,19621,60668,87015,35264,2931,adios,0,adios,0,adios,0,41.7,41.6,,32.0,45.2,36.2,40,3956000,1154700,32.0,,,18.45,113776,,1,2000
1790352835,2026-09-25T16:13:55Z,144323,1790208587,6.1.187-android14-11-SAGA,49646d1b0cd1,cc_governor,cc_governor,135535,83395,244561,369342,109026,66,25807,23209,62980,93213,37173,3233,adios,0,adios,0,adios,0,41.3,43.2,39.3,32.0,43.9,36.3,40,3960000,1126700,32.0,,,17.99,100180,,1,2000
1790352870,2026-09-25T16:14:30Z,144359,1790208587,6.1.187-android14-11-SAGA,49646d1b0cd1,cc_governor,cc_governor,147401,96452,264745,406818,117338,69,26236,26422,65333,99005,39097,3533,adios,0,adios,0,adios,0,41.5,41.3,39.6,33.0,44.7,36.4,40,3960000,1112600,33.0,,,18.35,71608,,1,2000
1790352905,2026-09-25T16:15:05Z,144394,1790208587,6.1.187-android14-11-SAGA,49646d1b0cd1,cc_governor,cc_governor,159112,111583,282688,444246,123590,70,26502,30871,66801,105244,40306,3848,adios,0,adios,0,adios,0,41.4,41.8,,33.0,45.1,36.5,41,3949000,1246900,33.0,,,18.61,104916,,1,2000
1790352941,2026-09-25T16:15:41Z,144429,1790208587,6.1.187-android14-11-SAGA,49646d1b0cd1,cc_governor,cc_governor,172777,121848,306918,483075,134130,72,27952,33700,71086,112862,43134,4135,adios,0,adios,0,adios,0,41.6,41.8,,33.0,44.9,36.7,41,3962000,1218800,33.0,,,18.11,166644,,1,2000
1790352976,2026-09-25T16:16:16Z,144464,1790208587,6.1.187-android14-11-SAGA,49646d1b0cd1,cc_governor,cc_governor,185280,135244,327329,521146,142047,74,28266,36990,73256,118577,44990,4447,adios,0,adios,0,adios,0,41.6,41.9,,33.0,44.3,36.6,41,3961000,1239600,33.0,,,17.68,153324,,1,2000
1790353011,2026-09-25T16:16:51Z,144499,1790208587,6.1.187-android14-11-SAGA,49646d1b0cd1,cc_governor,cc_governor,197595,148491,347178,558127,149583,77,28717,40615,75452,124730,46735,4732,adios,0,adios,0,adios,0,41.2,42.7,,33.0,46.1,36.6,41,3960000,1132200,33.0,,,17.77,123284,,1,2000
1790353046,2026-09-25T16:17:26Z,144534,1790208587,6.1.187-android14-11-SAGA,49646d1b0cd1,cc_governor,cc_governor,209987,160434,368933,596035,158948,79,29377,43950,78198,131081,48829,5037,adios,0,adios,0,adios,0,41.5,41.9,,33.0,45.1,36.5,42,3956000,1026000,33.0,,,17.73,104448,,1,2000
1790353081,2026-09-25T16:18:01Z,144570,1790208587,6.1.187-android14-11-SAGA,49646d1b0cd1,cc_governor,cc_governor,221913,175882,386756,633338,164840,80,29934,48160,80000,137442,50072,5324,adios,0,adios,0,adios,0,41.4,41.5,39.4,33.0,43.9,36.5,42,3960000,1156600,33.0,,,17.45,130716,,1,2000
1790353116,2026-09-25T16:18:36Z,144605,1790208587,6.1.187-android14-11-SAGA,49646d1b0cd1,cc_governor,cc_governor,235162,188725,408480,672106,173311,80,30132,51314,81816,142588,51684,5604,adios,0,adios,0,adios,0,41.3,43.3,,33.0,46.1,36.5,42,3966000,1267700,33.0,,,17.31,126096,,1,2000
1790353151,2026-09-25T16:19:11Z,144640,1790208587,6.1.187-android14-11-SAGA,49646d1b0cd1,cc_governor,cc_governor,246801,204368,425974,709302,179173,82,30615,55389,83427,148456,52812,5907,adios,0,adios,0,adios,0,41.4,42.8,,33.0,44.6,36.4,43,3968000,1160200,33.0,,,17.59,137520,,1,2000
1790353187,2026-09-25T16:19:47Z,144675,1790208587,6.1.187-android14-11-SAGA,49646d1b0cd1,cc_governor,cc_governor,258587,219972,443682,746346,185108,86,30748,59277,84520,153563,53776,6212,adios,0,adios,0,adios,0,41.4,41.2,39.4,33.0,45.3,36.4,43,3962000,757400,33.0,,,17.28,123256,,1,2000
1790353222,2026-09-25T16:20:22Z,144710,1790208587,6.1.187-android14-11-SAGA,49646d1b0cd1,cc_governor,cc_governor,271520,224849,472913,784884,201392,89,33047,60293,91268,161754,58221,6524,adios,0,adios,0,adios,0,41.1,43.9,39.7,33.0,48.2,36.8,43,3962000,1107700,33.0,,,17.17,101928,,1,2000
1790353257,2026-09-25T16:20:57Z,144746,1790208587,6.1.187-android14-11-SAGA,49646d1b0cd1,cc_governor,cc_governor,284205,232988,498863,823525,214635,90,34561,62704,97086,170488,62525,6827,adios,0,adios,0,adios,0,41.7,41.9,,33.0,44.5,36.7,43,3970000,1161400,33.0,,,16.84,89900,,1,2000
1790353292,2026-09-25T16:21:32Z,144781,1790208587,6.1.187-android14-11-SAGA,49646d1b0cd1,cc_governor,cc_governor,297018,243187,522552,861632,225534,92,36296,66213,102066,179645,65770,7115,adios,0,adios,0,adios,0,42.9,43.6,,33.0,45.1,36.8,44,3971000,1069300,33.0,,,18.48,84316,,1,2000
1790353328,2026-09-25T16:22:08Z,144816,1790208587,6.1.187-android14-11-SAGA,49646d1b0cd1,cc_governor,cc_governor,309222,255507,543918,899537,234705,92,38083,70113,105863,187766,67785,7426,adios,0,adios,0,adios,0,41.5,41.8,39.6,33.0,44.8,36.8,44,3982000,1387900,33.0,,,18.58,113836,,1,2000
1790353363,2026-09-25T16:22:43Z,144851,1790208587,6.1.187-android14-11-SAGA,49646d1b0cd1,cc_governor,cc_governor,320450,270324,561556,935822,241100,92,38984,74048,108457,194609,69473,7720,adios,0,adios,0,adios,0,41.6,43.0,40.0,33.0,45.0,36.8,44,3971000,1028400,33.0,,,18.10,104408,,1,2000
1790353398,2026-09-25T16:23:18Z,144886,1790208587,6.1.187-android14-11-SAGA,49646d1b0cd1,cc_governor,cc_governor,331782,281063,583495,972422,251727,94,39294,76728,111918,200943,72633,8007,adios,0,adios,0,adios,0,42.8,42.0,,33.0,45.3,36.9,45,3977000,1118100,33.0,,,18.03,113908,,1,2000
1790353433,2026-09-25T16:23:53Z,144921,1790208587,6.1.187-android14-11-SAGA,49646d1b0cd1,cc_governor,cc_governor,343026,295794,601388,1008906,258350,95,39730,80765,114062,207409,74332,8303,adios,0,adios,0,adios,0,42.1,42.0,,33.0,44.9,36.9,45,3976000,1076000,33.0,,,17.36,100280,,1,2000
1790353468,2026-09-25T16:24:28Z,144957,1790208587,6.1.187-android14-11-SAGA,49646d1b0cd1,cc_governor,cc_governor,354962,308829,621568,1045909,266599,96,40011,84757,115987,213539,75976,8607,adios,0,adios,0,adios,0,41.6,42.1,39.9,33.0,46.1,36.9,45,3985000,1218800,33.0,,,16.98,89364,,1,2000
1790353504,2026-09-25T16:25:04Z,144992,1790208587,6.1.187-android14-11-SAGA,49646d1b0cd1,cc_governor,cc_governor,367231,318685,645667,1084349,278458,99,40575,87756,119499,220300,78930,8913,adios,0,adios,0,adios,0,44.4,42.5,,33.0,45.8,37.2,46,3989000,1318900,33.0,,,16.93,140796,,1,2000
1790353539,2026-09-25T16:25:39Z,145027,1790208587,6.1.187-android14-11-SAGA,49646d1b0cd1,cc_governor,cc_governor,378658,326962,670496,1122001,291853,101,40949,89897,123428,226536,82486,9210,adios,0,adios,0,adios,0,42.1,42.6,,33.0,46.8,37.2,46,3973000,1271300,33.0,,,17.41,113640,,1,2000
1790353574,2026-09-25T16:26:14Z,145063,1790208587,6.1.187-android14-11-SAGA,49646d1b0cd1,cc_governor,cc_governor,390967,329136,702210,1161766,311236,103,42321,90521,131058,235319,88747,9505,adios,0,adios,0,adios,0,42.1,43.1,,33.0,44.6,37.3,46,3988000,1165100,33.0,,,17.20,92344,,1,2000
1790353609,2026-09-25T16:26:49Z,145098,1790208587,6.1.187-android14-11-SAGA,49646d1b0cd1,cc_governor,cc_governor,402399,340928,723221,1198449,320820,104,43240,93670,134626,242371,91385,9804,adios,0,adios,0,adios,0,42.3,44.5,,33.0,44.8,37.2,46,3981000,1011900,33.0,,,17.64,72276,,1,2000
1790353644,2026-09-25T16:27:24Z,145133,1790208587,6.1.187-android14-11-SAGA,49646d1b0cd1,cc_governor,cc_governor,414734,354066,743681,1236050,328935,106,43639,97804,136650,248742,93011,10098,adios,0,adios,0,adios,0,42.1,42.5,,34.0,44.9,37.1,47,3996000,1418400,34.0,,,17.35,135508,,1,2000
1790353680,2026-09-25T16:28:00Z,145168,1790208587,6.1.187-android14-11-SAGA,49646d1b0cd1,cc_governor,cc_governor,426122,369289,761051,1272433,334930,108,44034,102327,138409,255284,94384,10391,adios,0,adios,0,adios,0,41.6,44.6,,33.0,46.9,37.4,47,3994000,1295700,34.0,,,17.37,105896,,1,2000
1790353715,2026-09-25T16:28:35Z,145203,1790208587,6.1.187-android14-11-SAGA,49646d1b0cd1,cc_governor,cc_governor,438145,384171,779109,1309054,340963,109,44629,106331,140974,262115,96345,10664,adios,0,adios,0,adios,0,41.5,42.2,,34.0,46.4,37.1,47,3996000,1213900,33.0,,,17.66,93864,,1,2000
1790353750,2026-09-25T16:29:10Z,145238,1790208587,6.1.187-android14-11-SAGA,49646d1b0cd1,cc_governor,cc_governor,449897,397041,799691,1346185,349794,111,44849,109922,143283,268192,98428,10966,adios,0,adios,0,adios,0,42.3,43.1,,33.0,57.9,38.4,48,3859000,-562700,33.0,,,17.45,117980,,1,2000
1790353787,2026-09-25T16:29:47Z,145275,1790208587,6.1.187-android14-11-SAGA,49646d1b0cd1,cc_governor,cc_governor,494401,400449,856856,1415216,362452,170,58734,112484,167381,296745,108651,11420,adios,0,adios,0,adios,0,44.6,44.3,43.0,33.0,53.0,39.5,48,3871000,-692100,33.0,,,18.74,81412,,1,2000
1790353824,2026-09-25T16:30:24Z,145312,1790208587,6.1.187-android14-11-SAGA,49646d1b0cd1,cc_governor,cc_governor,7054,3833,13609,18310,6555,0,5301,1767,7829,10874,2528,18,adios,0,adios,0,adios,0,42.9,43.8,,33.0,52.8,37.4,47,3848000,-671300,33.0,,,17.49,95588,,1,2000
1790353860,2026-09-25T16:31:00Z,145348,1790208587,6.1.187-android14-11-SAGA,49646d1b0cd1,cc_governor,cc_governor,13,52,25,93,23,0,15,36,32,84,23,19,adios,0,adios,0,adios,0,40.7,38.3,,33.0,40.5,35.2,47,3879000,-245900,33.0,,,16.75,122752,,1,2000
1790353953,2026-09-25T16:32:33Z,145441,1790208587,6.1.187-android14-11-SAGA,49646d1b0cd1,cc_governor,cc_governor,173,168,1060,1366,895,0,453,9,680,779,234,19,adios,0,adios,0,adios,0,38.8,40.6,,33.0,43.3,35.5,47,3875000,-276400,33.0,,,15.92,96240,,1,2000
1790353988,2026-09-25T16:33:08Z,145476,1790208587,6.1.187-android14-11-SAGA,49646d1b0cd1,cc_governor,cc_governor,13140,1894,20680,25148,7419,7,10343,443,14135,16291,3771,213,adios,0,adios,0,adios,0,57.2,51.8,,33.0,60.2,40.2,47,3811000,-693300,33.0,,,19.98,124636,,1,2000
1790354026,2026-09-25T16:33:46Z,145514,1790208587,6.1.187-android14-11-SAGA,49646d1b0cd1,cc_governor,cc_governor,75,1528,1842,3448,1777,0,15,71,156,232,144,18,adios,0,adios,0,adios,0,41.1,42.1,,34.0,43.7,37.4,47,3863000,-369800,34.0,,,18.03,123224,,1,2000
1790354061,2026-09-25T16:34:21Z,145549,1790208587,6.1.187-android14-11-SAGA,49646d1b0cd1,cc_governor,cc_governor,228,6557,5950,12866,5732,3,170,1006,823,1877,658,320,adios,0,adios,0,adios,0,40.3,41.2,,34.0,42.6,36.9,47,3871000,-303300,34.0,,,16.93,93200,,1,2000
1790354096,2026-09-25T16:34:56Z,145585,1790208587,6.1.187-android14-11-SAGA,49646d1b0cd1,cc_governor,cc_governor,280,12975,7941,21535,7661,5,286,2081,1136,3289,850,641,adios,0,adios,0,adios,0,40.1,53.6,45.7,34.0,48.4,38.7,47,3851000,-452800,34.0,,,16.98,219168,,1,2000
1790354134,2026-09-25T16:35:34Z,145622,1790208587,6.1.187-android14-11-SAGA,49646d1b0cd1,cc_governor,cc_governor,24378,19357,41533,65787,17155,116,12762,3749,19551,24464,6789,1144,adios,0,adios,0,adios,0,42.6,43.1,,34.0,46.5,38.4,47,3860000,-292900,34.0,,,18.33,140936,,1,2000
1790354197,2026-09-25T16:36:37Z,145685,1790208587,6.1.187-android14-11-SAGA,49646d1b0cd1,cc_governor,cc_governor,0,0,28,66,43,0,32,0,63,66,35,10,adios,0,adios,0,adios,0,41.3,42.1,,35.0,55.4,39.6,47,3798000,-1330500,35.0,,,18.82,209380,,1,2000
1790354235,2026-09-25T16:37:15Z,145723,1790208587,6.1.187-android14-11-SAGA,49646d1b0cd1,cc_governor,cc_governor,17779,2942,27024,34200,9163,77,10287,332,16074,17511,5792,769,adios,0,adios,0,adios,9,52.7,49.4,,35.0,47.7,40.0,47,3842000,-437600,35.0,,,18.54,220276,,1,2000
1790354276,2026-09-25T16:37:56Z,145764,1790208587,6.1.187-android14-11-SAGA,49646d1b0cd1,cc_governor,cc_governor,52,0,540,587,499,0,72,0,195,205,127,14,adios,0,adios,0,adios,0,41.8,42.5,,35.0,45.4,38.4,47,3860000,-358200,35.0,,,17.14,219616,,1,2000
1790354325,2026-09-25T16:38:45Z,145813,1790208587,6.1.187-android14-11-SAGA,49646d1b0cd1,cc_governor,cc_governor,85,1975,766,2858,681,0,79,105,189,321,110,18,adios,0,adios,0,adios,0,39.9,41.1,,35.0,42.9,36.8,47,3838000,-295400,35.0,,,16.48,206740,,1,2000
1790354455,2026-09-25T16:40:55Z,145943,1790208587,6.1.187-android14-11-SAGA,49646d1b0cd1,cc_governor,cc_governor,32,98,445,598,423,0,236,5,390,413,159,14,adios,0,adios,0,adios,0,41.4,41.6,,35.0,45.4,37.9,47,3850000,-518100,35.0,,,16.84,273376,,1,2000
1790354770,2026-09-25T16:46:10Z,146258,1790208587,6.1.187-android14-11-SAGA,49646d1b0cd1,cc_governor,cc_governor,0,0,47,70,56,0,27,0,68,72,45,15,adios,0,adios,0,adios,0,38.3,37.5,,34.0,39.6,35.1,47,3855000,-244700,34.0,,,16.12,260532,,1,2000
1790355275,2026-09-25T16:54:35Z,146764,1790208587,6.1.187-android14-11-SAGA,49646d1b0cd1,cc_governor,cc_governor,11159,411,14229,17098,3036,14,7977,195,10563,12168,2495,59,adios,0,adios,0,adios,0,61.1,60.4,51.5,34.0,54.3,41.5,46,3792000,-919800,34.0,,,20.90,97704,,1,2000
1790355312,2026-09-25T16:55:12Z,146801,1790208587,6.1.187-android14-11-SAGA,49646d1b0cd1,cc_governor,cc_governor,6470,5417,10196,16365,3741,0,4021,2284,5339,8836,1324,19,adios,0,adios,0,adios,0,44.0,44.5,,34.0,47.2,38.4,46,3841000,-275200,34.0,,,18.67,141804,,1,2000
1790355354,2026-09-25T16:55:54Z,146842,1790208587,6.1.187-android14-11-SAGA,49646d1b0cd1,cc_governor,cc_governor,15,0,223,245,218,0,45,0,133,143,94,15,adios,0,adios,0,adios,0,40.8,39.6,,35.0,42.3,36.9,46,3852000,-231900,34.0,,,17.70,118304,,1,2000
1790355445,2026-09-25T16:57:25Z,146933,1790208587,6.1.187-android14-11-SAGA,49646d1b0cd1,cc_governor,cc_governor,9253,2310,16560,21558,7326,23,4392,831,8309,9793,3894,259,adios,0,adios,0,adios,0,48.3,48.0,45.3,34.0,50.5,39.4,46,3822000,-689600,34.0,,,17.12,208904,,1,2000
1790355500,2026-09-25T16:58:20Z,146989,1790208587,6.1.187-android14-11-SAGA,49646d1b0cd1,cc_governor,cc_governor,122,212,855,1123,732,0,77,31,176,222,99,11,adios,0,adios,0,adios,0,41.2,41.4,,34.0,43.7,36.0,46,3851000,-270300,34.0,,,16.68,109908,,1,2000
1790355604,2026-09-25T17:00:04Z,147093,1790208587,6.1.187-android14-11-SAGA,49646d1b0cd1,cc_governor,cc_governor,7,0,135,143,137,0,20,0,68,70,53,15,adios,0,adios,0,adios,0,40.1,41.0,,34.0,44.2,36.8,46,3836000,-533400,34.0,,,16.05,123120,,1,2000
1790355665,2026-09-25T17:01:05Z,147154,1790208587,6.1.187-android14-11-SAGA,49646d1b0cd1,cc_governor,cc_governor,12634,2595,17894,23088,5260,5,6631,750,10232,11753,3601,379,adios,0,adios,0,adios,0,42.3,44.1,,35.0,45.9,38.2,46,3831000,-485200,35.0,,,16.87,173992,,1,2000
1790355704,2026-09-25T17:01:44Z,147192,1790208587,6.1.187-android14-11-SAGA,49646d1b0cd1,cc_governor,cc_governor,1,0,27,32,39,0,60,0,94,96,38,8,adios,0,adios,0,adios,0,42.4,41.8,,35.0,45.3,38.0,46,3832000,-397900,35.0,,,17.68,241476,,1,2000
1790355744,2026-09-25T17:02:24Z,147233,1790208587,6.1.187-android14-11-SAGA,49646d1b0cd1,cc_governor,cc_governor,5755,691,8337,10198,2582,2,3189,116,4462,4914,1273,49,adios,0,adios,0,adios,0,43.0,43.7,,35.0,45.1,38.7,46,3832000,-477200,35.0,,,17.47,223424,,1,2000
1790355835,2026-09-25T17:03:55Z,147323,1790208587,6.1.187-android14-11-SAGA,49646d1b0cd1,cc_governor,cc_governor,7,0,80,92,80,0,35,0,78,82,47,17,adios,0,adios,0,adios,0,41.0,41.6,,35.0,48.3,38.3,46,3831000,-484000,35.0,,,16.91,118904,,1,2000
1790355877,2026-09-25T17:04:37Z,147365,1790208587,6.1.187-android14-11-SAGA,49646d1b0cd1,cc_governor,cc_governor,11204,143,14915,17850,3681,13,6744,145,9826,11226,3045,87,adios,0,adios,0,adios,0,61.0,58.1,,35.0,64.4,43.2,46,3802000,-738500,36.0,,,44.81,124556,,1,2000
1790355916,2026-09-25T17:05:16Z,147404,1790208587,6.1.187-android14-11-SAGA,49646d1b0cd1,cc_governor,cc_governor,34844,3070,55518,69497,20677,93,16739,2124,31840,37955,15101,522,adios,0,adios,0,adios,0,48.4,49.6,46.1,36.0,54.6,41.5,46,3789000,-987500,36.0,,,34.04,81532,,1,2000
1790355953,2026-09-25T17:05:53Z,147441,1790208587,6.1.187-android14-11-SAGA,49646d1b0cd1,cc_governor,cc_governor,55060,6995,91508,118469,36467,100,23629,4753,49122,60199,25498,882,adios,0,adios,0,adios,0,47.9,47.9,,37.0,49.7,41.9,45,3824000,-604200,37.0,,,25.40,111060,,1,2000
1790355988,2026-09-25T17:06:28Z,147476,1790208587,6.1.187-android14-11-SAGA,49646d1b0cd1,cc_governor,cc_governor,58344,20413,96083,137963,37739,102,24120,8170,49823,64393,25703,1185,adios,0,adios,0,adios,0,44.7,47.6,,37.0,48.3,40.5,45,3827000,-278900,37.0,,,21.15,122516,,1,2000
1790356023,2026-09-25T17:07:03Z,147511,1790208587,6.1.187-android14-11-SAGA,49646d1b0cd1,cc_governor,cc_governor,67402,25852,117527,169172,50105,104,25264,10030,56194,72786,30930,1483,adios,0,adios,0,adios,0,48.3,49.1,,37.0,49.4,41.1,45,3828000,-332600,37.0,,,20.24,165688,,1,2000
1790356059,2026-09-25T17:07:39Z,147547,1790208587,6.1.187-android14-11-SAGA,49646d1b0cd1,cc_governor,cc_governor,70144,34559,126326,188259,56194,107,25731,11722,58287,76639,32561,1817,adios,0,adios,0,adios,0,44.0,44.7,,37.0,47.4,40.1,45,3827000,-333800,37.0,,,18.49,159288,,1,2000
1790356094,2026-09-25T17:08:14Z,147582,1790208587,6.1.187-android14-11-SAGA,49646d1b0cd1,cc_governor,cc_governor,74693,40285,140075,210016,65410,111,26299,13572,61056,81357,34772,2122,adios,0,adios,0,adios,0,47.3,48.0,44.4,37.0,50.3,40.7,45,3811000,-803200,37.0,,,18.14,142276,,1,2000
1790356129,2026-09-25T17:08:49Z,147618,1790208587,6.1.187-android14-11-SAGA,49646d1b0cd1,cc_governor,cc_governor,88116,48976,165790,252330,77674,114,27468,17750,68718,93400,41250,2413,adios,0,adios,0,adios,0,45.7,48.6,,37.0,48.6,40.9,45,3827000,-371000,37.0,,,17.79,128488,,1,2000
1790356199,2026-09-25T17:09:59Z,147688,1790208587,6.1.187-android14-11-SAGA,49646d1b0cd1,cc_governor,cc_governor,11,0,91,115,92,0,30,0,86,96,66,14,adios,0,adios,0,adios,0,44.7,44.3,,36.0,43.0,37.9,45,3840000,-261200,37.0,,,16.65,173844,,1,2000
1790356354,2026-09-25T17:12:34Z,147842,1790208587,6.1.187-android14-11-SAGA,49646d1b0cd1,cc_governor,cc_governor,5,0,139,181,16,0,4,0,33,43,36,5,adios,0,adios,0,adios,0,41.4,43.0,,36.0,46.1,36.5,45,3819000,-371000,36.0,,,16.01,336216,,1,2000
1790356658,2026-09-25T17:17:38Z,148146,1790208587,6.1.187-android14-11-SAGA,49646d1b0cd1,cc_governor,cc_governor,32,0,535,617,525,0,76,0,100,104,28,5,adios,0,adios,0,adios,0,39.5,39.9,,35.0,42.2,35.9,45,3841000,-244700,35.0,,,16.06,313584,,1,2000
1790356809,2026-09-25T17:20:09Z,148297,1790208587,6.1.187-android14-11-SAGA,49646d1b0cd1,cc_governor,cc_governor,32369,4267,39876,52177,7516,7,17534,3447,25017,30644,7497,113,adios,0,adios,0,adios,0,49.6,58.6,,35.0,49.3,40.6,45,3825000,-281300,35.0,,,19.49,130168,,1,2000
1790356844,2026-09-25T17:20:44Z,148332,1790208587,6.1.187-android14-11-SAGA,49646d1b0cd1,cc_governor,cc_governor,53183,4960,79562,98033,26401,13,26023,3920,46475,53749,20463,429,adios,0,adios,0,adios,0,44.8,47.6,,36.0,51.2,40.0,45,3810000,-644500,36.0,,,18.92,89924,,1,2000
1790356880,2026-09-25T17:21:20Z,148368,1790208587,6.1.187-android14-11-SAGA,49646d1b0cd1,cc_governor,cc_governor,73723,6834,114680,141112,40974,16,35742,4654,64296,74741,28563,774,adios,0,adios,0,adios,0,49.2,53.3,,36.0,56.6,42.3,44,3814000,-430200,36.0,,,18.35,76632,,1,2000
1790356916,2026-09-25T17:21:56Z,148404,1790208587,6.1.187-android14-11-SAGA,49646d1b0cd1,cc_governor,cc_governor,104231,7454,162962,198233,58747,27,50316,5179,91961,104797,41663,1157,adios,0,adios,0,adios,0,53.8,54.5,,36.0,61.4,42.6,44,3788000,-981400,36.0,,,18.86,109312,,1,2000
1790356952,2026-09-25T17:22:32Z,148440,1790208587,6.1.187-android14-11-SAGA,49646d1b0cd1,cc_governor,cc_governor,118264,13619,191215,238909,72950,35,58711,8853,109734,128010,51021,1530,adios,0,adios,0,adios,0,47.3,47.5,,37.0,55.6,41.5,44,3805000,-581000,37.0,,,18.79,141180,,1,2000
1790356987,2026-09-25T17:23:07Z,148475,1790208587,6.1.187-android14-11-SAGA,49646d1b0cd1,cc_governor,cc_governor,123173,24220,206725,269241,83559,36,61169,14613,117709,143014,56548,1850,adios,0,adios,0,adios,0,47.2,47.2,45.0,37.0,52.9,41.3,44,3812000,-638400,37.0,,,18.73,113164,,1,2000
1790357022,2026-09-25T17:23:42Z,148510,1790208587,6.1.187-android14-11-SAGA,49646d1b0cd1,cc_governor,cc_governor,137243,29889,233351,306222,96096,39,67898,16786,132023,161023,64125,2139,adios,0,adios,0,adios,0,45.9,47.4,,37.0,48.7,41.0,44,3823000,-317300,37.0,,,18.68,176300,,1,2000
1790357057,2026-09-25T17:24:17Z,148546,1790208587,6.1.187-android14-11-SAGA,49646d1b0cd1,cc_governor,cc_governor,157657,40549,261638,350081,103980,43,73816,21681,143585,178547,69769,2442,adios,0,adios,0,adios,0,46.9,49.9,,37.0,52.5,41.6,44,3820000,-358200,37.0,,,17.97,129636,,1,2000
1790357093,2026-09-25T17:24:53Z,148581,1790208587,6.1.187-android14-11-SAGA,49646d1b0cd1,cc_governor,cc_governor,161729,51802,270156,371205,108427,44,74294,22477,145918,181801,71624,2748,adios,0,adios,0,adios,0,43.8,44.1,,37.0,46.8,40.2,44,3821000,-347900,37.0,,,17.01,97940,,1,2000
1790357128,2026-09-25T17:25:28Z,148617,1790208587,6.1.187-android14-11-SAGA,49646d1b0cd1,cc_governor,cc_governor,162143,60939,274748,385692,112617,46,74301,23584,146191,183319,71895,3051,adios,0,adios,0,adios,0,43.7,44.0,,37.0,46.4,39.8,44,3828000,-277700,37.0,,,16.25,140252,,1,2000
1790357163,2026-09-25T17:26:03Z,148652,1790208587,6.1.187-android14-11-SAGA,49646d1b0cd1,cc_governor,cc_governor,164783,71641,282239,405386,117454,48,74910,25350,149432,188542,74522,3352,adios,0,adios,0,adios,0,45.8,46.9,43.7,37.0,50.4,40.6,44,3820000,-639600,37.0,,,16.44,100672,,1,2000
1790357199,2026-09-25T17:26:39Z,148687,1790208587,6.1.187-android14-11-SAGA,49646d1b0cd1,cc_governor,cc_governor,169610,86635,293055,434860,123445,52,78446,32497,156377,203382,77931,3662,adios,0,adios,0,adios,0,47.1,46.5,,37.0,50.1,40.9,44,3817000,-616400,37.0,,,17.70,110444,,1,2000
1790357234,2026-09-25T17:27:14Z,148722,1790208587,6.1.187-android14-11-SAGA,49646d1b0cd1,cc_governor,cc_governor,176281,98008,309621,466418,133347,54,81466,38300,164625,218358,83168,3953,adios,0,adios,0,adios,0,46.9,48.5,,37.0,51.1,41.2,44,3808000,-314900,37.0,,,17.74,97872,,1,2000
1790357269,2026-09-25T17:27:49Z,148757,1790208587,6.1.187-android14-11-SAGA,49646d1b0cd1,cc_governor,cc_governor,184527,107184,329866,499743,145330,54,84712,43644,174447,235044,89735,4236,adios,0,adios,0,adios,0,48.2,47.7,,37.0,50.8,41.2,43,3810000,-353300,37.0,,,18.08,234424,,1,2000
1790357304,2026-09-25T17:28:24Z,148793,1790208587,6.1.187-android14-11-SAGA,49646d1b0cd1,cc_governor,cc_governor,190266,118576,345668,530584,155415,54,86304,49719,180522,248296,94227,4542,adios,0,adios,0,adios,0,47.4,47.6,,37.0,50.7,41.4,43,3801000,-482100,37.0,,,18.31,201760,,1,2000
1790357339,2026-09-25T17:28:59Z,148828,1790208587,6.1.187-android14-11-SAGA,49646d1b0cd1,cc_governor,cc_governor,202707,129272,367627,567783,164810,57,91077,55433,190902,265071,99799,4850,adios,0,adios,0,adios,0,56.2,50.5,,37.0,52.7,42.2,43,3811000,-694500,37.0,,,18.29,138444,,1,2000
1790357375,2026-09-25T17:29:35Z,148863,1790208587,6.1.187-android14-11-SAGA,49646d1b0cd1,cc_governor,cc_governor,211147,139052,387425,601266,176276,67,94487,59782,200627,279677,106140,5164,adios,0,adios,0,adios,0,47.2,48.0,,37.0,50.5,41.4,43,3816000,-509000,37.0,,,18.78,89236,,1,2000
1790357411,2026-09-25T17:30:11Z,148899,1790208587,6.1.187-android14-11-SAGA,49646d1b0cd1,cc_governor,cc_governor,217727,153732,400592,633547,182866,70,98854,66362,209895,297559,111046,5481,adios,0,adios,0,adios,0,48.1,48.4,,37.0,50.7,41.8,43,3810000,-409500,37.0,,,18.69,106544,,1,2000
1790357446,2026-09-25T17:30:46Z,148934,1790208587,6.1.187-android14-11-SAGA,49646d1b0cd1,cc_governor,cc_governor,227674,166927,417763,667942,190070,71,102787,73720,217027,313169,114240,5768,adios,0,adios,0,adios,0,48.8,50.2,,37.0,52.7,42.0,43,3786000,-661600,38.0,,,20.42,115176,,1,2000
1790357481,2026-09-25T17:31:21Z,148969,1790208587,6.1.187-android14-11-SAGA,49646d1b0cd1,cc_governor,cc_governor,233146,180843,430847,697960,197689,74,103366,79610,220717,323288,117351,6057,adios,0,adios,0,adios,0,47.5,48.6,,38.0,52.5,42.1,43,3803000,-462000,38.0,,,19.77,126268,,1,2000
1790357516,2026-09-25T17:31:56Z,149005,1790208587,6.1.187-android14-11-SAGA,49646d1b0cd1,cc_governor,cc_governor,241055,193816,447212,732167,206150,77,106622,86110,228555,338900,121824,6384,adios,0,adios,0,adios,0,55.6,52.9,51.8,37.0,56.4,43.7,43,3785000,-454100,38.0,,,18.96,121572,,1,2000
1790357553,2026-09-25T17:32:33Z,149041,1790208587,6.1.187-android14-11-SAGA,49646d1b0cd1,cc_governor,cc_governor,253379,201730,467830,765367,214447,116,112024,89282,238338,352488,126311,6779,adios,0,adios,0,adios,0,45.2,46.2,,38.0,51.1,41.7,43,3813000,-393000,38.0,,,17.35,126192,,1,2000
1790357589,2026-09-25T17:33:09Z,149077,1790208587,6.1.187-android14-11-SAGA,49646d1b0cd1,cc_governor,cc_governor,270179,209886,494869,805214,224673,123,118653,91854,250243,367885,131590,7104,adios,0,adios,0,adios,0,46.4,47.7,,38.0,49.9,41.6,43,3813000,-487600,38.0,,,17.75,174860,,1,2000
1790357624,2026-09-25T17:33:44Z,149112,1790208587,6.1.187-android14-11-SAGA,49646d1b0cd1,cc_governor,cc_governor,284193,221885,516998,843308,232804,123,122813,96850,259018,382297,136205,7381,adios,0,adios,0,adios,0,48.3,48.1,,38.0,51.5,42.0,43,3811000,-383900,38.0,,,18.56,134684,,1,2000
1790357659,2026-09-25T17:34:19Z,149147,1790208587,6.1.187-android14-11-SAGA,49646d1b0cd1,cc_governor,cc_governor,289021,235680,529308,872261,240283,124,123503,103620,263737,394270,140234,7679,adios,0,adios,0,adios,0,47.0,47.3,44.8,38.0,51.8,41.6,42,3801000,-757400,38.0,,,18.22,113592,,1,2000
1790357694,2026-09-25T17:34:54Z,149182,1790208587,6.1.187-android14-11-SAGA,49646d1b0cd1,cc_governor,cc_governor,295564,249988,542925,904091,247361,125,128526,110975,273090,413139,144564,7986,adios,0,adios,0,adios,0,47.5,47.5,,38.0,50.8,41.7,42,3793000,-667700,38.0,,,18.43,96212,,1,2000
1790357729,2026-09-25T17:35:29Z,149218,1790208587,6.1.187-android14-11-SAGA,49646d1b0cd1,cc_governor,cc_governor,301169,262732,557648,935184,256467,128,131038,117477,280309,428064,149271,8287,adios,0,adios,0,adios,0,46.9,46.9,,38.0,50.0,41.5,42,3797000,-800700,38.0,,,18.20,150580,,1,2000
1790357765,2026-09-25T17:36:05Z,149253,1790208587,6.1.187-android14-11-SAGA,49646d1b0cd1,cc_governor,cc_governor,306853,277488,570021,965821,263168,131,133189,125470,285595,442404,152406,8607,adios,0,adios,0,adios,0,47.2,48.9,,38.0,51.7,41.6,42,3767000,-591400,38.0,,,18.53,135856,,1,2000
1790357800,2026-09-25T17:36:40Z,149288,1790208587,6.1.187-android14-11-SAGA,49646d1b0cd1,cc_governor,cc_governor,313367,290689,584849,997587,271482,133,136262,132734,292851,458257,156589,8910,adios,0,adios,0,adios,0,47.6,46.8,,38.0,50.4,41.6,42,3812000,-549900,37.0,,,18.09,101600,,1,2000
1790357835,2026-09-25T17:37:15Z,149323,1790208587,6.1.187-android14-11-SAGA,49646d1b0cd1,cc_governor,cc_governor,320075,304181,599326,1029130,279249,134,139215,139833,299687,473631,160472,9211,adios,0,adios,0,adios,0,48.4,47.5,,38.0,52.4,41.6,42,3802000,-364900,38.0,,,18.64,110460,,1,2000
1790357870,2026-09-25T17:37:50Z,149359,1790208587,6.1.187-android14-11-SAGA,49646d1b0cd1,cc_governor,cc_governor,326212,318443,612518,1060113,286306,136,141533,147595,305515,488397,163982,9510,adios,0,adios,0,adios,0,47.3,47.3,,37.0,54.1,41.6,42,3798000,-547400,37.0,,,18.97,94604,,1,2000
1790357905,2026-09-25T17:38:25Z,149394,1790208587,6.1.187-android14-11-SAGA,49646d1b0cd1,cc_governor,cc_governor,332273,333244,625112,1091046,292839,137,144165,155558,311256,503272,167091,9805,adios,0,adios,0,adios,0,48.3,47.0,,37.0,50.6,41.3,42,3804000,-403400,37.0,,,18.72,91200,,1,2000
1790357940,2026-09-25T17:39:00Z,149429,1790208587,6.1.187-android14-11-SAGA,49646d1b0cd1,cc_governor,cc_governor,337559,348527,636385,1120843,298825,138,145613,163071,315619,515983,170006,10103,adios,0,adios,0,adios,0,47.1,50.6,44.6,37.0,50.4,41.1,42,3807000,-692100,37.0,,,18.67,119116,,1,2000
1790357976,2026-09-25T17:39:36Z,149464,1790208587,6.1.187-android14-11-SAGA,49646d1b0cd1,cc_governor,cc_governor,343361,360524,651725,1151467,308330,139,147455,169031,322405,529570,174955,10402,adios,0,adios,0,adios,0,52.3,51.4,,37.0,52.8,42.0,42,3803000,-619500,37.0,,,19.17,107008,,1,2000
1790358011,2026-09-25T17:40:11Z,149499,1790208587,6.1.187-android14-11-SAGA,49646d1b0cd1,cc_governor,cc_governor,352799,372410,669380,1184315,316566,141,151716,175379,331944,547237,180228,10657,adios,0,adios,0,adios,0,47.1,48.5,,37.0,50.5,41.2,42,3793000,-381400,37.0,,,18.86,125348,,1,2000
1790358046,2026-09-25T17:40:46Z,149534,1790208587,6.1.187-android14-11-SAGA,49646d1b0cd1,cc_governor,cc_governor,358066,387641,681024,1214534,322953,142,153210,183441,336383,560510,183173,10957,adios,0,adios,0,adios,0,46.8,49.1,,37.0,49.9,41.1,42,3797000,-446700,37.0,,,18.40,84656,,1,2000
1790358081,2026-09-25T17:41:21Z,149570,1790208587,6.1.187-android14-11-SAGA,49646d1b0cd1,cc_governor,cc_governor,364264,398608,697540,1245451,333276,142,155363,189853,343618,575352,188255,11253,adios,0,adios,0,adios,0,48.1,47.3,,37.0,49.7,41.1,41,3797000,-617600,37.0,,,19.11,97988,,1,2000
1790358116,2026-09-25T17:41:56Z,149605,1790208587,6.1.187-android14-11-SAGA,49646d1b0cd1,cc_governor,cc_governor,370515,413750,710114,1276549,339595,142,157926,198298,349221,590510,191295,11541,adios,0,adios,0,adios,0,46.5,47.0,,37.0,51.2,40.9,41,3799000,-651200,37.0,,,19.76,107416,,1,2000
1790358151,2026-09-25T17:42:31Z,149640,1790208587,6.1.187-android14-11-SAGA,49646d1b0cd1,cc_governor,cc_governor,375993,427491,723236,1306948,347235,144,159740,205555,355007,604553,195267,11842,adios,0,adios,0,adios,0,46.8,48.0,52.1,37.0,65.5,42.3,41,3765000,-1170600,37.0,,,19.67,353092,,1,2000
1790358188,2026-09-25T17:43:08Z,149677,1790208587,6.1.187-android14-11-SAGA,49646d1b0cd1,cc_governor,cc_governor,401476,432596,759930,1354751,358345,210,169341,208501,370946,624600,201600,12294,adios,0,adios,0,adios,0,50.1,58.0,48.1,37.0,51.7,41.7,41,3806000,-352100,37.0,,,19.10,296392,,1,2000
1790358226,2026-09-25T17:43:46Z,149714,1790208587,6.1.187-android14-11-SAGA,49646d1b0cd1,cc_governor,cc_governor,5069,4898,9488,15163,4368,0,4474,1455,6445,9182,1975,18,adios,0,adios,0,adios,0,46.4,46.7,,37.0,50.7,40.6,41,3810000,-277700,37.0,,,17.69,186260,,1,2000
1790358261,2026-09-25T17:44:21Z,149750,1790208587,6.1.187-android14-11-SAGA,49646d1b0cd1,cc_governor,cc_governor,10598,11952,17994,31563,7410,2,7773,4099,11267,17595,3461,304,adios,0,adios,0,adios,0,47.1,43.4,,37.0,42.3,38.5,41,3817000,-185500,37.0,,,16.94,122212,,1,2000
1790358393,2026-09-25T17:46:33Z,149882,1790208587,6.1.187-android14-11-SAGA,49646d1b0cd1,cc_governor,cc_governor,4,0,72,81,79,0,24,0,66,71,57,0,adios,0,adios,0,adios,0,41.0,42.4,,36.0,44.8,38.0,41,3763000,-616400,36.0,,,16.29,124984,,1,2000
1790358440,2026-09-25T17:47:20Z,149929,1790208587,6.1.187-android14-11-SAGA,49646d1b0cd1,cc_governor,cc_governor,955,284,2752,3326,1815,0,938,64,1730,2146,794,18,adios,0,adios,0,adios,0,44.7,44.1,,36.0,47.4,39.2,41,3797000,-438800,36.0,,,16.26,119408,,1,2000
1790358479,2026-09-25T17:47:59Z,149967,1790208587,6.1.187-android14-11-SAGA,49646d1b0cd1,cc_governor,cc_governor,6026,2392,11445,15691,5418,49,3091,821,6276,7766,3185,195,adios,0,adios,0,adios,0,44.3,45.2,44.5,36.0,49.5,40.2,41,3794000,-523000,36.0,,,21.49,252428,,1,2000
1790358547,2026-09-25T17:49:07Z,150036,1790208587,6.1.187-android14-11-SAGA,49646d1b0cd1,cc_governor,cc_governor,65,0,503,533,448,0,47,0,165,206,122,11,adios,0,adios,0,adios,0,42.3,42.6,,36.0,47.4,38.3,41,3801000,-512000,35.0,,,18.85,202372,,1,2000
1790358590,2026-09-25T17:49:50Z,150078,1790208587,6.1.187-android14-11-SAGA,49646d1b0cd1,cc_governor,cc_governor,13128,1764,19241,24318,6113,3,5372,997,8969,11237,3592,52,adios,0,adios,0,adios,0,53.7,57.7,50.6,35.0,64.3,42.6,41,3736000,-1068100,35.0,,,19.30,88432,,1,2000
1790358630,2026-09-25T17:50:30Z,150118,1790208587,6.1.187-android14-11-SAGA,49646d1b0cd1,cc_governor,cc_governor,61321,2755,82095,96147,20739,111,40170,1936,56829,66147,16620,724,adios,0,adios,0,adios,20,47.9,46.5,,36.0,70.4,44.3,40,3734000,-1473300,36.0,,,24.29,96080,,1,2000
1790358672,2026-09-25T17:51:12Z,150160,1790208587,6.1.187-android14-11-SAGA,49646d1b0cd1,cc_governor,cc_governor,123753,3660,159556,184202,35799,297,73338,2666,106064,123875,32649,1581,adios,0,adios,0,adios,0,49.4,51.5,48.7,36.0,65.5,43.7,40,3762000,-932600,36.0,,,22.47,118788,,1,2000
1790358710,2026-09-25T17:51:50Z,150199,1790208587,6.1.187-android14-11-SAGA,49646d1b0cd1,cc_governor,cc_governor,175332,4275,227516,262332,52159,311,89216,3253,139744,160501,50543,2100,adios,0,adios,0,adios,0,53.3,54.6,50.8,36.0,62.3,43.2,40,3762000,-1145000,36.0,,,21.09,120648,,1,2000
1790358747,2026-09-25T17:52:27Z,150235,1790208587,6.1.187-android14-11-SAGA,49646d1b0cd1,cc_governor,cc_governor,223320,5137,288925,334038,65605,332,109966,4202,177236,202594,67278,2397,adios,0,adios,0,adios,0,53.1,55.1,,37.0,55.6,42.8,40,3778000,-872800,37.0,,,20.92,98828,,1,2000
1790358782,2026-09-25T17:53:02Z,150271,1790208587,6.1.187-android14-11-SAGA,49646d1b0cd1,cc_governor,cc_governor,286960,6518,363623,420313,76635,333,130359,5651,214900,243232,84539,2675,adios,0,adios,0,adios,0,51.3,52.9,48.0,36.0,53.3,41.9,40,3779000,-661600,36.0,,,20.85,90524,,1,2000
1790358818,2026-09-25T17:53:38Z,150306,1790208587,6.1.187-android14-11-SAGA,49646d1b0cd1,cc_governor,cc_governor,352210,10582,436800,506986,84561,335,143090,11748,240898,276591,97804,2973,adios,0,adios,0,adios,0,51.4,54.3,47.4,36.0,53.3,41.5,39,3773000,-739700,36.0,,,19.80,77028,,1,2000
1790358853,2026-09-25T17:54:13Z,150342,1790208587,6.1.187-android14-11-SAGA,49646d1b0cd1,cc_governor,cc_governor,417136,15509,508611,592809,91467,336,152589,20211,261253,306151,108642,3278,adios,0,adios,0,adios,0,51.6,50.6,46.3,36.0,50.8,41.0,39,3783000,-404600,36.0,,,18.66,105176,,1,2000
1790358889,2026-09-25T17:54:49Z,150377,1790208587,6.1.187-android14-11-SAGA,49646d1b0cd1,cc_governor,cc_governor,479948,20299,578962,677227,98959,340,168279,26443,289126,342524,120846,3566,adios,0,adios,0,adios,0,56.2,56.4,,36.0,61.2,43.2,39,3753000,-906900,36.0,,,18.51,98316,,1,2000
1790358925,2026-09-25T17:55:25Z,150413,1790208587,6.1.187-android14-11-SAGA,49646d1b0cd1,cc_governor,cc_governor,532915,23684,642708,751263,109808,344,192038,29741,326481,386999,134371,3843,adios,0,adios,0,adios,0,58.4,60.2,52.6,36.0,62.8,44.6,39,3710000,-1306100,36.0,,,19.37,140156,,1,2000
1790358961,2026-09-25T17:56:01Z,150450,1790208587,6.1.187-android14-11-SAGA,49646d1b0cd1,cc_governor,cc_governor,584688,26527,707230,828879,122435,356,218272,33767,367391,436981,149019,4188,adios,0,adios,0,adios,0,53.1,48.7,47.3,36.0,47.7,41.9,39,3752000,-1005200,36.0,,,20.52,110628,,1,2000
1790359004,2026-09-25T17:56:44Z,150493,1790208587,6.1.187-android14-11-SAGA,49646d1b0cd1,cc_governor,cc_governor,647848,27417,787900,918965,140012,394,257202,34908,426167,499811,168967,5010,adios,0,adios,0,adios,0,50.4,52.8,53.1,36.0,62.0,43.8,38,3754000,-1004000,36.0,,,24.77,78996,,1,2000
1790359044,2026-09-25T17:57:24Z,150532,1790208587,6.1.187-android14-11-SAGA,49646d1b0cd1,cc_governor,cc_governor,713840,27567,869601,1008510,155687,476,327011,35139,510510,587071,183489,5737,adios,0,adios,0,adios,0,56.5,53.0,50.3,36.0,60.5,43.8,38,3757000,-890500,36.0,,,24.78,77160,,1,2000
1790359082,2026-09-25T17:58:02Z,150570,1790208587,6.1.187-android14-11-SAGA,49646d1b0cd1,cc_governor,cc_governor,776854,29887,945702,1094190,168880,492,394074,37025,591488,672087,197433,6208,adios,0,adios,0,adios,0,54.0,51.3,48.3,37.0,54.3,42.9,38,3765000,-666500,37.0,,,24.58,103752,,1,2000
1790359122,2026-09-25T17:58:42Z,150610,1790208587,6.1.187-android14-11-SAGA,49646d1b0cd1,cc_governor,cc_governor,850890,30901,1033810,1190475,182869,547,467096,38137,678754,763217,211528,6992,adios,0,adios,0,adios,0,52.1,50.5,,36.0,52.5,42.9,38,3754000,-736600,37.0,,,24.55,126504,,1,2000
1790359162,2026-09-25T17:59:22Z,150651,1790208587,6.1.187-android14-11-SAGA,49646d1b0cd1,cc_governor,cc_governor,922802,32418,1120148,1286034,197055,611,524883,39653,753010,842028,228088,7801,adios,0,adios,0,adios,0,54.9,51.5,48.8,36.0,56.1,43.2,38,3765000,-568200,37.0,,,25.20,93004,,1,2000
1790359203,2026-09-25T18:00:03Z,150691,1790208587,6.1.187-android14-11-SAGA,49646d1b0cd1,cc_governor,cc_governor,1005745,35405,1213880,1390314,208085,707,594286,43219,835009,930007,240519,8829,adios,0,adios,0,adios,0,53.5,53.6,,37.0,58.4,43.6,37,3748000,-1145000,37.0,,,23.83,92900,,1,2000
1790359244,2026-09-25T18:00:44Z,150732,1790208587,6.1.187-android14-11-SAGA,49646d1b0cd1,cc_governor,cc_governor,1078375,40076,1297846,1486304,219271,790,655644,48329,909190,1011443,253376,9685,adios,0,adios,0,adios,0,55.2,50.9,48.9,37.0,52.7,42.9,37,3758000,-872800,37.0,,,22.69,80160,,1,2000
1790359283,2026-09-25T18:01:23Z,150772,1790208587,6.1.187-android14-11-SAGA,49646d1b0cd1,cc_governor,cc_governor,1156429,44450,1385739,1586151,229085,853,721461,53927,985833,1097063,264246,10376,adios,0,adios,0,adios,0,54.6,54.4,49.6,37.0,54.5,43.3,37,3754000,-931300,37.0,,,24.21,98412,,1,2000
1790359324,2026-09-25T18:02:04Z,150812,1790208587,6.1.187-android14-11-SAGA,49646d1b0cd1,cc_governor,cc_governor,1240822,48682,1479447,1691945,238563,907,785699,59644,1061971,1181702,276228,11245,adios,0,adios,0,adios,0,55.0,52.3,,37.0,52.7,43.1,37,3751000,-993600,37.0,,,26.47,133372,,1,2000
1790359365,2026-09-25T18:02:45Z,150853,1790208587,6.1.187-android14-11-SAGA,49646d1b0cd1,cc_governor,cc_governor,1315308,49881,1568043,1789801,252631,980,852794,60967,1144640,1268475,291658,12129,adios,0,adios,0,adios,0,53.7,53.3,49.2,37.0,53.4,43.2,37,3743000,-799500,37.0,,,25.77,82448,,1,2000
1790359407,2026-09-25T18:03:27Z,150896,1790208587,6.1.187-android14-11-SAGA,49646d1b0cd1,cc_governor,cc_governor,1405458,50135,1671967,1902410,266385,1133,914567,61563,1224802,1351862,310038,13248,adios,0,adios,0,adios,2,58.6,54.2,50.3,37.0,57.8,43.8,36,3746000,-1030800,37.0,,,27.84,112304,,1,2000
1790359447,2026-09-25T18:04:07Z,150935,1790208587,6.1.187-android14-11-SAGA,49646d1b0cd1,cc_governor,cc_governor,1483319,53481,1760421,2001811,277072,1237,982112,65733,1304827,1438969,322667,14130,adios,0,adios,0,adios,0,55.0,51.2,49.4,37.0,52.9,43.1,36,3759000,-582200,37.0,,,25.18,134652,,1,2000
1790359487,2026-09-25T18:04:47Z,150975,1790208587,6.1.187-android14-11-SAGA,49646d1b0cd1,cc_governor,cc_governor,1547241,56214,1838266,2089249,290836,1281,1043280,68578,1380673,1519699,337286,14737,adios,0,adios,0,adios,0,54.3,52.7,49.5,37.0,57.6,43.5,36,3752000,-653600,37.0,,,24.66,101028,,1,2000
1790359527,2026-09-25T18:05:27Z,151015,1790208587,6.1.187-android14-11-SAGA,49646d1b0cd1,cc_governor,cc_governor,1619903,59824,1922336,2184116,302405,1355,1123361,72113,1472628,1617450,349128,15603,adios,0,adios,0,adios,3,54.3,51.4,49.1,37.0,62.1,43.9,36,3735000,-1019200,37.0,,,23.34,93228,,1,2000
1790359566,2026-09-25T18:06:06Z,151054,1790208587,6.1.187-android14-11-SAGA,49646d1b0cd1,cc_governor,cc_governor,1721543,63339,2029392,2303457,307708,1408,1202854,77763,1561315,1715408,358308,16330,adios,0,adios,0,adios,0,55.9,56.0,,37.0,58.7,44.4,36,3740000,-897800,37.0,,,24.43,102580,,1,2000
1790359604,2026-09-25T18:06:44Z,151092,1790208587,6.1.187-android14-11-SAGA,49646d1b0cd1,cc_governor,cc_governor,1835325,64725,2145302,2431006,309880,1455,1268636,82222,1638317,1801544,369704,17006,adios,0,adios,0,adios,0,57.4,63.3,55.1,37.0,69.9,46.5,35,3724000,-1675400,37.0,,,26.83,107272,,1,2000
1790359643,2026-09-25T18:07:23Z,151131,1790208587,6.1.187-android14-11-SAGA,49646d1b0cd1,cc_governor,cc_governor,1913055,65456,2232320,2528836,319231,1575,1304881,83274,1692008,1860190,387095,17706,adios,0,adios,0,adios,0,55.1,52.0,54.5,37.0,66.1,45.2,35,3741000,-1151100,37.0,,,24.10,119620,,1,2000
1790359679,2026-09-25T18:07:59Z,151168,1790208587,6.1.187-android14-11-SAGA,49646d1b0cd1,cc_governor,cc_governor,1964569,70542,2294193,2606741,329647,1577,1318179,90372,1718730,1894816,400567,18021,adios,0,adios,0,adios,0,56.0,58.6,53.4,37.0,63.8,44.8,35,3745000,-1259700,37.0,,,22.33,118072,,1,2000
1790359716,2026-09-25T18:08:36Z,151204,1790208587,6.1.187-android14-11-SAGA,49646d1b0cd1,cc_governor,cc_governor,2021285,74189,2361456,2687775,340114,1585,1334676,95298,1750381,1932268,415682,18352,adios,0,adios,0,adios,0,55.6,57.3,52.2,37.0,58.8,43.9,35,3763000,-638400,37.0,,,20.79,81084,,1,2000
1790359751,2026-09-25T18:09:11Z,151240,1790208587,6.1.187-android14-11-SAGA,49646d1b0cd1,cc_governor,cc_governor,2075963,79433,2425185,2769213,349188,1591,1353625,101960,1781523,1972417,427893,18665,adios,0,adios,0,adios,0,56.2,56.8,,37.0,60.2,44.7,35,3733000,-899600,37.0,,,23.45,96760,,1,2000
1790359787,2026-09-25T18:09:47Z,151276,1790208587,6.1.187-android14-11-SAGA,49646d1b0cd1,cc_governor,cc_governor,2137055,82849,2495837,2853347,358774,1594,1368150,107717,1809950,2008057,441818,19005,adios,0,adios,0,adios,0,51.9,52.0,,37.0,64.8,43.9,34,3758000,-682900,37.0,,,21.01,79960,,1,2000
1790359823,2026-09-25T18:10:23Z,151311,1790208587,6.1.187-android14-11-SAGA,49646d1b0cd1,cc_governor,cc_governor,2202929,87949,2568440,2940503,365489,1597,1379191,116060,1831527,2038629,452356,19285,adios,0,adios,0,adios,0,51.6,57.0,50.5,37.0,60.2,44.6,34,3749000,-965500,37.0,,,21.00,128724,,1,2000
1790359859,2026-09-25T18:10:59Z,151347,1790208587,6.1.187-android14-11-SAGA,49646d1b0cd1,cc_governor,cc_governor,2274915,89732,2649422,3034133,374445,1622,1396206,118870,1864472,2076020,468259,19645,adios,0,adios,0,adios,0,56.7,57.1,,37.0,59.4,44.6,34,3748000,-1154700,37.0,,,20.47,97448,,1,2000
1790359895,2026-09-25T18:11:35Z,151384,1790208587,6.1.187-android14-11-SAGA,49646d1b0cd1,cc_governor,cc_governor,2335332,93142,2720210,3118574,384837,1630,1419895,123319,1901850,2119496,481955,19955,adios,0,adios,0,adios,0,58.5,58.4,54.9,37.0,61.3,45.2,34,3746000,-902100,38.0,,,20.14,115048,,1,2000
1790359931,2026-09-25T18:12:11Z,151420,1790208587,6.1.187-android14-11-SAGA,49646d1b0cd1,cc_governor,cc_governor,2394817,97612,2788656,3203390,393831,1635,1433622,130746,1928219,2153972,494548,20299,adios,0,adios,0,adios,0,56.7,57.3,52.6,37.0,59.5,44.1,34,3738000,-863600,37.0,,,19.66,85296,,1,2000
1790359967,2026-09-25T18:12:47Z,151456,1790208587,6.1.187-android14-11-SAGA,49646d1b0cd1,cc_governor,cc_governor,2458620,100817,2862075,3290906,403428,1639,1450934,135791,1959830,2191410,508895,20650,adios,0,adios,0,adios,0,56.2,53.8,50.4,37.0,56.2,43.5,34,3750000,-1049100,37.0,,,19.71,129268,,1,2000
1790360003,2026-09-25T18:13:23Z,151491,1790208587,6.1.187-android14-11-SAGA,49646d1b0cd1,cc_governor,cc_governor,2525499,105308,2936703,3379564,411193,1645,1468272,142158,1988912,2227708,520638,20956,adios,0,adios,0,adios,0,58.0,57.5,51.0,37.0,60.7,44.0,33,3726000,-1173000,37.0,,,19.35,111308,,1,2000
1790360040,2026-09-25T18:14:00Z,151529,1790208587,6.1.187-android14-11-SAGA,49646d1b0cd1,cc_governor,cc_governor,2595859,109033,3016482,3474857,420614,1667,1497445,147431,2030870,2276313,533402,21332,adios,0,adios,0,adios,0,51.5,51.9,49.5,37.0,64.2,43.7,33,3734000,-1104100,37.0,,,19.81,112376,,1,2000
1790360077,2026-09-25T18:14:37Z,151565,1790208587,6.1.187-android14-11-SAGA,49646d1b0cd1,cc_governor,cc_governor,2659378,113101,3089167,3562522,429780,1679,1513734,153164,2060970,2312927,547231,21676,adios,0,adios,0,adios,0,52.2,52.7,50.1,37.0,63.1,43.3,33,3714000,-922200,37.0,,,19.35,98076,,1,2000
1790360113,2026-09-25T18:15:13Z,151601,1790208587,6.1.187-android14-11-SAGA,49646d1b0cd1,cc_governor,cc_governor,2711220,123874,3145352,3638447,434105,1682,1526600,167014,2079724,2346273,553115,21977,adios,0,adios,0,adios,0,55.1,54.2,51.3,37.0,56.8,43.6,33,3742000,-833100,37.0,,,18.45,112136,,1,2000
1790360149,2026-09-25T18:15:49Z,151637,1790208587,6.1.187-android14-11-SAGA,49646d1b0cd1,cc_governor,cc_governor,2771607,130251,3212454,3723309,440722,1693,1537060,177088,2099890,2377341,562717,22338,adios,0,adios,0,adios,0,58.2,60.9,58.5,37.0,67.5,45.3,33,3713000,-1454400,37.0,,,20.47,110416,,1,2000
1790360186,2026-09-25T18:16:26Z,151675,1790208587,6.1.187-android14-11-SAGA,49646d1b0cd1,cc_governor,cc_governor,2835949,131161,3290129,3819763,454101,1760,1582079,178175,2159803,2444296,577606,22832,adios,0,adios,0,adios,0,62.5,68.3,60.0,37.0,71.8,47.7,32,3699000,-989900,37.0,,,22.14,187456,,1,2000
1790360225,2026-09-25T18:17:05Z,151713,1790208587,6.1.187-android14-11-SAGA,49646d1b0cd1,cc_governor,cc_governor,2901520,135281,3365631,3912521,464067,1888,1602351,184058,2193801,2486074,591466,23391,adios,0,adios,0,adios,0,53.2,55.7,50.5,38.0,56.0,44.2,32,3737000,-1010700,38.0,,,21.18,112064,,1,2000
1790360261,2026-09-25T18:17:41Z,151749,1790208587,6.1.187-android14-11-SAGA,49646d1b0cd1,cc_governor,cc_governor,2967684,139303,3439668,3999815,471942,1889,1615843,191005,2218578,2518687,602714,23710,adios,0,adios,0,adios,0,56.5,61.1,51.3,38.0,63.0,44.5,32,3702000,-1351900,38.0,,,20.48,114188,,1,2000
1790360297,2026-09-25T18:18:17Z,151786,1790208587,6.1.187-android14-11-SAGA,49646d1b0cd1,cc_governor,cc_governor,3038345,142668,3519276,4093869,480892,1901,1642321,196550,2257904,2564722,615564,24049,adios,0,adios,0,adios,0,52.1,52.7,49.1,37.0,65.1,44.0,32,3725000,-911800,37.0,,,21.39,150272,,1,2000
1790360333,2026-09-25T18:18:53Z,151821,1790208587,6.1.187-android14-11-SAGA,49646d1b0cd1,cc_governor,cc_governor,3101012,147580,3589237,4179102,488174,1903,1652994,203901,2280969,2595811,627990,24380,adios,0,adios,0,adios,0,53.5,55.4,51.2,37.0,65.6,44.0,32,3708000,-1056500,37.0,,,19.93,125420,,1,2000
1790360369,2026-09-25T18:19:29Z,151857,1790208587,6.1.187-android14-11-SAGA,49646d1b0cd1,cc_governor,cc_governor,3164764,150006,3663627,4267928,498865,1907,1671852,207712,2315071,2634596,643242,24706,adios,0,adios,0,adios,0,58.2,57.3,,37.0,68.7,45.0,32,3740000,-656100,37.0,,,21.37,103908,,1,2000
1790360406,2026-09-25T18:20:06Z,151894,1790208587,6.1.187-android14-11-SAGA,49646d1b0cd1,cc_governor,cc_governor,3223125,152911,3733177,4351057,510078,1923,1695629,211372,2354252,2679573,658624,25061,adios,0,adios,0,adios,0,59.5,61.2,,37.0,63.7,45.6,31,3714000,-1230400,37.0,,,21.58,116148,,1,2000
1790360442,2026-09-25T18:20:42Z,151930,1790208587,6.1.187-android14-11-SAGA,49646d1b0cd1,cc_governor,cc_governor,3274054,156613,3796309,4425144,522032,1935,1728965,216307,2400350,2734480,671238,25483,adios,0,adios,0,adios,0,55.0,56.1,51.0,37.0,57.0,44.4,31,3697000,-891700,37.0,,,24.51,145168,,1,2000
1790360484,2026-09-25T18:21:24Z,151973,1790208587,6.1.187-android14-11-SAGA,49646d1b0cd1,cc_governor,cc_governor,3361106,156931,3897010,4534193,535733,2053,1807230,216766,2493173,2830574,685810,26634,adios,0,adios,0,adios,0,55.4,51.4,,38.0,56.0,44.1,31,3731000,-766600,38.0,,,25.34,115148,,1,2000
1790360524,2026-09-25T18:22:04Z,152013,1790208587,6.1.187-android14-11-SAGA,49646d1b0cd1,cc_governor,cc_governor,3432967,158148,3982944,4628736,549719,2095,1886695,218162,2586815,2928098,699987,27280,adios,0,adios,0,adios,0,55.8,57.3,52.2,37.0,64.3,45.4,31,3719000,-1079700,37.0,,,25.86,115836,,1,2000
1790360563,2026-09-25T18:22:43Z,152051,1790208587,6.1.187-android14-11-SAGA,49646d1b0cd1,cc_governor,cc_governor,3507532,158701,4070538,4725148,562948,2129,1960617,218775,2674708,3019285,713952,27877,adios,0,adios,0,adios,0,57.7,55.6,51.2,38.0,62.5,45.0,30,3724000,-832500,38.0,,,24.85,77632,,1,2000
1790360602,2026-09-25T18:23:22Z,152090,1790208587,6.1.187-android14-11-SAGA,49646d1b0cd1,cc_governor,cc_governor,3577659,163038,4151596,4818005,573976,2183,2022023,223157,2749650,3100562,727578,28661,adios,0,adios,0,adios,0,50.6,49.7,,37.0,53.4,43.5,30,3726000,-954500,37.0,,,23.43,130376,,1,2000
1790360643,2026-09-25T18:24:03Z,152131,1790208587,6.1.187-android14-11-SAGA,49646d1b0cd1,cc_governor,cc_governor,3651729,169508,4235123,4916092,583228,2229,2101056,229996,2837728,3198128,736632,29469,adios,0,adios,0,adios,0,54.0,54.2,50.2,37.0,58.3,44.2,30,3710000,-941700,38.0,,,23.45,78716,,1,2000
1790360683,2026-09-25T18:24:43Z,152172,1790208587,6.1.187-android14-11-SAGA,49646d1b0cd1,cc_governor,cc_governor,3724213,173715,4318869,5011401,594540,2281,2172918,235459,2921179,3289556,748121,30159,adios,0,adios,0,adios,0,52.0,51.0,48.7,38.0,51.9,43.5,30,3729000,-726900,38.0,,,23.81,96748,,1,2000
1790360725,2026-09-25T18:25:25Z,152213,1790208587,6.1.187-android14-11-SAGA,49646d1b0cd1,cc_governor,cc_governor,3793471,180136,4398310,5104168,604571,2332,2242715,241752,3001125,3378275,758384,30905,adios,0,adios,0,adios,0,55.9,57.6,52.2,37.0,58.8,45.2,30,3722000,-939900,37.0,,,24.98,131284,,1,2000
1790360763,2026-09-25T18:26:03Z,152252,1790208587,6.1.187-android14-11-SAGA,49646d1b0cd1,cc_governor,cc_governor,3869782,185746,4482371,5201162,612579,2390,2328074,247411,3094849,3480021,766652,31599,adios,0,adios,0,adios,0,58.4,62.5,54.5,38.0,63.4,45.4,29,3702000,-1303100,38.0,,,25.14,108584,,1,2000
1790360801,2026-09-25T18:26:41Z,152290,1790208587,6.1.187-android14-11-SAGA,49646d1b0cd1,cc_governor,cc_governor,3942066,189273,4564567,5296648,622423,2428,2397445,251121,3175730,3567798,778173,32196,adios,0,adios,0,adios,0,61.6,62.5,56.3,38.0,67.8,46.9,29,3694000,-1185900,38.0,,,24.39,122292,,1,2000
1790360839,2026-09-25T18:27:19Z,152328,1790208587,6.1.187-android14-11-SAGA,49646d1b0cd1,cc_governor,cc_governor,4012895,192277,4645952,5389063,632908,2477,2444957,255091,3236464,3634482,791408,32808,adios,0,adios,0,adios,0,59.8,62.1,53.5,38.0,65.8,46.1,29,3724000,-858100,38.0,,,23.66,86772,,1,2000
1790360876,2026-09-25T18:27:56Z,152365,1790208587,6.1.187-android14-11-SAGA,49646d1b0cd1,cc_governor,cc_governor,4072167,196276,4716815,5471367,644633,2505,2501955,259941,3305290,3709928,803322,33309,adios,0,adios,0,adios,0,52.6,58.8,52.3,38.0,64.2,45.2,29,3694000,-1192000,38.0,,,22.91,108384,,1,2000
1790360914,2026-09-25T18:28:34Z,152402,1790208587,6.1.187-android14-11-SAGA,49646d1b0cd1,cc_governor,cc_governor,4142891,200194,4797078,5563311,654067,2531,2566262,263359,3381529,3791545,815103,33839,adios,0,adios,0,adios,3,59.3,57.7,53.3,38.0,65.7,46.1,28,3677000,-1252400,38.0,,,25.22,109264,,1,2000
1790360951,2026-09-25T18:29:11Z,152440,1790208587,6.1.187-android14-11-SAGA,49646d1b0cd1,cc_governor,cc_governor,4221730,202465,4885785,5662279,663869,2571,2642854,265257,3470153,3884546,827221,34440,adios,0,adios,0,adios,0,56.6,57.9,53.2,38.0,63.0,45.9,28,3704000,-1032100,38.0,,,24.46,84028,,1,2000
1790360989,2026-09-25T18:29:49Z,152477,1790208587,6.1.187-android14-11-SAGA,49646d1b0cd1,cc_governor,cc_governor,4275893,208106,4951298,5740641,675352,2604,2699727,270692,3538696,3960266,838795,35022,adios,0,adios,0,adios,0,56.7,54.9,50.9,38.0,56.8,44.7,28,3702000,-722600,38.0,,,24.51,82724,,1,2000
1790361028,2026-09-25T18:30:28Z,152517,1790208587,6.1.187-android14-11-SAGA,49646d1b0cd1,cc_governor,cc_governor,4356976,210630,5043017,5842932,686026,2654,2760768,274198,3614301,4041536,853545,35779,adios,0,adios,0,adios,0,51.4,50.5,49.0,38.0,57.8,44.0,28,3719000,-680500,38.0,,,23.69,139260,,1,2000
1790361068,2026-09-25T18:31:08Z,152556,1790208587,6.1.187-android14-11-SAGA,49646d1b0cd1,cc_governor,cc_governor,4427106,215985,5122997,5935438,695668,2697,2840206,279748,3703642,4138659,863323,36431,adios,0,adios,0,adios,0,55.5,55.0,50.9,38.0,64.8,44.6,28,3705000,-1028400,38.0,,,26.61,88640,,1,2000
1790361108,2026-09-25T18:31:48Z,152596,1790208587,6.1.187-android14-11-SAGA,49646d1b0cd1,cc_governor,cc_governor,4503052,217318,5211892,6034203,708722,2763,2891296,282001,3771492,4210486,880134,37249,adios,0,adios,0,adios,0,61.0,58.8,53.3,38.0,61.8,45.4,27,3685000,-967400,38.0,,,25.14,108864,,1,2000
1790361145,2026-09-25T18:32:25Z,152633,1790208587,6.1.187-android14-11-SAGA,49646d1b0cd1,cc_governor,cc_governor,4559614,223894,5277842,6115005,718100,2778,2940747,289500,3830572,4278943,889716,37689,adios,0,adios,0,adios,0,59.8,58.2,53.1,38.0,65.3,45.6,27,3695000,-1099800,38.0,,,24.30,112772,,1,2000
1790361182,2026-09-25T18:33:02Z,152670,1790208587,6.1.187-android14-11-SAGA,49646d1b0cd1,cc_governor,cc_governor,4631077,232468,5353971,6207034,722694,2796,3009549,298707,3905117,4364490,895480,38231,adios,0,adios,0,adios,0,54.6,59.0,52.7,38.0,63.0,45.0,27,3681000,-1371400,38.0,,,23.25,110744,,1,2000
1790361220,2026-09-25T18:33:40Z,152708,1790208587,6.1.187-android14-11-SAGA,49646d1b0cd1,cc_governor,cc_governor,4693584,234391,5429798,6292290,736204,2829,3070006,300718,3980200,4443182,910191,38775,adios,0,adios,0,adios,0,56.4,59.4,52.4,38.0,63.9,45.0,27,3695000,-1026000,38.0,,,23.10,111296,,1,2000
1790361256,2026-09-25T18:34:17Z,152745,1790208587,6.1.187-android14-11-SAGA,49646d1b0cd1,cc_governor,cc_governor,4765730,236897,5512130,6385913,746256,2848,3115976,304188,4040071,4507798,923947,39224,adios,0,adios,0,adios,0,62.3,64.4,56.4,38.0,69.9,46.6,26,3658000,-1250000,38.0,,,22.73,98744,,1,2000
1790361295,2026-09-25T18:34:55Z,152783,1790208587,6.1.187-android14-11-SAGA,49646d1b0cd1,cc_governor,cc_governor,4856673,241753,5608297,6496543,751589,2914,3195811,310473,4127992,4603984,932087,39913,adios,0,adios,0,adios,0,63.3,64.3,56.8,38.0,70.4,47.1,26,3684000,-1040000,38.0,,,23.64,77496,,1,2000
1790361333,2026-09-25T18:35:33Z,152821,1790208587,6.1.187-android14-11-SAGA,49646d1b0cd1,cc_governor,cc_governor,4921334,243623,5685274,6584333,763879,2948,3226010,312934,4175257,4655076,949238,40474,adios,0,adios,0,adios,0,55.7,57.5,51.0,38.0,57.4,44.2,26,3712000,-720200,38.0,,,21.93,90968,,1,2000
1790361368,2026-09-25T18:36:08Z,152857,1790208587,6.1.187-android14-11-SAGA,49646d1b0cd1,cc_governor,cc_governor,4982862,248395,5754778,6668293,771917,2954,3236800,320262,4198488,4686212,961689,40775,adios,0,adios,0,adios,0,56.5,55.8,52.6,38.0,59.0,44.5,26,3689000,-646300,38.0,,,21.28,70196,,1,2000
1790361404,2026-09-25T18:36:44Z,152893,1790208587,6.1.187-android14-11-SAGA,49646d1b0cd1,cc_governor,cc_governor,5023410,250356,5807628,6732817,784228,2993,3261877,322044,4236229,4731197,974344,41213,adios,0,adios,0,adios,0,60.8,56.0,,38.0,72.6,47.2,26,3687000,-832500,38.0,,,22.57,97804,,1,2000
1790361486,2026-09-25T18:38:06Z,152974,1790208587,6.1.187-android14-11-SAGA,49646d1b0cd1,cc_governor,cc_governor,1017,41,1667,1862,664,0,763,48,1219,1482,460,14,adios,0,adios,0,adios,0,47.9,46.9,,37.0,46.3,39.8,26,3735000,-324000,37.0,,,24.50,121192,,1,2000
1790361556,2026-09-25T18:39:16Z,153044,1790208587,6.1.187-android14-11-SAGA,49646d1b0cd1,cc_governor,cc_governor,2,0,106,117,117,0,98,0,144,147,50,16,adios,0,adios,0,adios,0,44.1,46.6,,37.0,46.5,40.6,25,3703000,-1542300,37.0,,,20.70,247688,,1,2000
1790361596,2026-09-25T18:39:56Z,153084,1790208587,6.1.187-android14-11-SAGA,49646d1b0cd1,cc_governor,cc_governor,15465,7663,22462,33520,7013,87,7323,1767,12089,14943,4775,144,adios,0,adios,0,adios,0,48.2,48.0,45.8,37.0,49.4,41.3,25,3720000,-534600,37.0,,,19.41,105360,,1,2000
1790361631,2026-09-25T18:40:31Z,153119,1790208587,6.1.187-android14-11-SAGA,49646d1b0cd1,cc_governor,cc_governor,23652,19119,34837,59845,11185,88,10995,4649,18208,24331,7213,453,adios,0,adios,0,adios,0,47.5,46.8,,37.0,47.5,40.4,25,3729000,-702500,37.0,,,19.04,343936,,1,2000
1790361729,2026-09-25T18:42:09Z,153218,1790208587,6.1.187-android14-11-SAGA,49646d1b0cd1,cc_governor,cc_governor,2,0,102,130,20,0,94,0,120,127,30,7,adios,0,adios,0,adios,0,42.6,42.4,,36.0,44.5,38.5,25,3741000,-469900,36.0,,,111.66,318084,,1,2000
1790361797,2026-09-25T18:43:17Z,153286,1790208587,6.1.187-android14-11-SAGA,49646d1b0cd1,cc_governor,cc_governor,22,0,16,20,21,0,28,0,56,56,31,6,adios,0,adios,0,adios,0,42.3,41.7,,36.0,45.1,38.1,25,3730000,-233100,36.0,,,88.91,346468,,1,2000
1790361953,2026-09-25T18:45:53Z,153442,1790208587,6.1.187-android14-11-SAGA,49646d1b0cd1,cc_governor,cc_governor,12,0,6,21,20,0,46,0,73,78,33,8,adios,0,adios,0,adios,0,40.7,41.3,,35.0,44.5,37.4,25,3729000,-374700,35.0,,,60.69,293608,,1,2000
1790362002,2026-09-25T18:46:42Z,153491,1790208587,6.1.187-android14-11-SAGA,49646d1b0cd1,cc_governor,cc_governor,8958,5,12173,14627,3140,1,8502,20,11130,12369,2586,23,adios,0,adios,0,adios,0,60.6,60.3,52.3,35.0,59.8,43.0,25,3676000,-1226800,35.0,,,40.48,115424,,1,2000
1790362040,2026-09-25T18:47:20Z,153528,1790208587,6.1.187-android14-11-SAGA,49646d1b0cd1,cc_governor,cc_governor,25162,4885,44660,58533,19491,29,13470,2102,23404,27523,9942,455,adios,0,adios,0,adios,0,47.2,47.7,,35.0,58.1,40.7,25,3709000,-626800,35.0,,,31.29,136324,,1,2000
1790362076,2026-09-25T18:47:56Z,153564,1790208587,6.1.187-android14-11-SAGA,49646d1b0cd1,cc_governor,cc_governor,35823,15300,66717,100614,30912,33,15131,5583,31621,39799,16496,815,adios,0,adios,0,adios,0,48.5,52.7,46.7,35.0,53.3,41.0,25,3713000,-474800,35.0,,,26.11,106076,,1,2000
1790362112,2026-09-25T18:48:32Z,153601,1790208587,6.1.187-android14-11-SAGA,49646d1b0cd1,cc_governor,cc_governor,55887,24321,97442,145835,41555,36,18147,8365,41543,53246,23396,1197,adios,0,adios,0,adios,0,45.6,45.4,,36.0,49.2,39.7,24,3692000,-882500,35.0,,,22.68,106008,,1,2000
1790362148,2026-09-25T18:49:08Z,153636,1790208587,6.1.187-android14-11-SAGA,49646d1b0cd1,cc_governor,cc_governor,84842,28492,139691,202155,54835,37,34662,10874,67528,85045,32866,1519,adios,0,adios,0,adios,0,63.8,61.4,55.4,36.0,59.6,44.9,24,3705000,-1280500,36.0,,,28.43,137708,,1,2000
1790362186,2026-09-25T18:49:46Z,153675,1790208587,6.1.187-android14-11-SAGA,49646d1b0cd1,cc_governor,cc_governor,114844,33236,184241,258022,69391,81,49170,13339,89347,112553,40180,2074,adios,0,adios,0,adios,0,46.8,46.4,,36.0,49.6,41.0,24,3718000,-399100,36.0,,,24.38,102388,,1,2000
1790362273,2026-09-25T18:51:13Z,153761,1790208587,6.1.187-android14-11-SAGA,49646d1b0cd1,cc_governor,cc_governor,14,0,197,380,196,0,52,0,151,173,103,14,adios,0,adios,0,adios,0,42.1,42.0,,36.0,42.6,38.0,24,3728000,-347900,36.0,,,114.03,122744,,1,2000
1790362348,2026-09-25T18:52:28Z,153836,1790208587,6.1.187-android14-11-SAGA,49646d1b0cd1,cc_governor,cc_governor,3106,385,4956,6258,1762,6,1790,21,2945,3265,1082,120,adios,0,adios,0,adios,0,57.2,58.8,,36.0,53.6,41.6,24,3706000,-611500,36.0,,,67.31,168440,,1,2000
1790362386,2026-09-25T18:53:06Z,153874,1790208587,6.1.187-android14-11-SAGA,49646d1b0cd1,cc_governor,cc_governor,15935,2160,21574,26795,5649,2,4715,1144,8615,10669,3913,65,adios,0,adios,0,adios,0,46.9,47.8,,36.0,49.4,40.7,23,3699000,-605400,36.0,,,45.69,96928,,1,2000
1790362421,2026-09-25T18:53:41Z,153909,1790208587,6.1.187-android14-11-SAGA,49646d1b0cd1,cc_governor,cc_governor,42402,11566,56560,76403,14044,5,8284,7247,16902,26522,8617,398,adios,0,adios,0,adios,0,49.1,48.8,46.8,37.0,52.3,42.0,23,3642000,-1651000,36.0,,,34.96,176800,,1,2000
1790362457,2026-09-25T18:54:17Z,153945,1790208587,6.1.187-android14-11-SAGA,49646d1b0cd1,cc_governor,cc_governor,64678,22939,85986,123471,21308,9,15483,9293,28090,40520,12607,751,adios,0,adios,0,adios,0,46.9,49.6,,37.0,49.9,41.9,23,3690000,-804400,37.0,,,27.14,310204,,1,2000
1790362530,2026-09-25T18:55:30Z,154019,1790208587,6.1.187-android14-11-SAGA,49646d1b0cd1,cc_governor,cc_governor,16,0,95,113,94,0,59,0,118,122,63,14,adios,0,adios,0,adios,0,43.6,46.7,,37.0,48.2,39.8,23,3723000,-535800,37.0,,,22.08,268664,,1,2000
1790362570,2026-09-25T18:56:10Z,154058,1790208587,6.1.187-android14-11-SAGA,49646d1b0cd1,cc_governor,cc_governor,123,878,1352,2315,1241,0,33,37,181,226,152,14,adios,0,adios,0,adios,0,45.4,45.9,,37.0,47.9,40.8,23,3704000,-388700,37.0,,,20.06,166356,,1,2000
1790362651,2026-09-25T18:57:31Z,154139,1790208587,6.1.187-android14-11-SAGA,49646d1b0cd1,cc_governor,cc_governor,26,0,152,169,139,0,89,1,178,184,94,15,adios,0,adios,0,adios,0,44.0,44.9,,37.0,47.0,40.1,23,3676000,-1734600,37.0,,,18.66,94852,,1,2000
1790362734,2026-09-25T18:58:54Z,154223,1790208587,6.1.187-android14-11-SAGA,49646d1b0cd1,cc_governor,cc_governor,151,1700,892,2706,741,0,160,172,274,464,114,17,adios,0,adios,0,adios,0,43.0,43.6,,36.0,49.1,39.2,23,3719000,-308800,36.0,,,17.87,165268,,1,2000
1790362801,2026-09-25T19:00:01Z,154289,1790208587,6.1.187-android14-11-SAGA,49646d1b0cd1,cc_governor,cc_governor,22142,355,26373,29028,4244,0,6481,333,10088,11159,3484,153,adios,0,adios,0,adios,0,49.9,47.8,,36.0,50.3,40.4,23,3704000,-477200,36.0,,,18.68,98460,,1,2000
1790362836,2026-09-25T19:00:36Z,154325,1790208587,6.1.187-android14-11-SAGA,49646d1b0cd1,cc_governor,cc_governor,59850,1268,79270,91832,19407,24,28317,1118,42930,48167,14627,499,adios,0,adios,0,adios,0,53.1,52.1,,36.0,51.5,42.8,22,3689000,-919800,36.0,,,20.69,117612,,1,2000
1790362872,2026-09-25T19:01:12Z,154361,1790208587,6.1.187-android14-11-SAGA,49646d1b0cd1,cc_governor,cc_governor,93357,5168,126498,147837,33125,32,42909,2682,65447,74293,22544,851,adios,0,adios,0,adios,0,47.7,48.9,,36.0,49.9,41.3,22,3700000,-542600,36.0,,,20.40,103496,,1,2000
1790362913,2026-09-25T19:01:53Z,154402,1790208587,6.1.187-android14-11-SAGA,49646d1b0cd1,cc_governor,cc_governor,62,0,357,399,308,0,44,0,157,167,119,13,adios,0,adios,0,adios,0,43.6,43.7,,36.0,47.6,39.6,22,3698000,-1055200,36.0,,,19.41,123828,,1,2000
1790363011,2026-09-25T19:03:31Z,154499,1790208587,6.1.187-android14-11-SAGA,49646d1b0cd1,cc_governor,cc_governor,3632,22,4851,5906,1192,13,1465,55,2415,2684,932,89,adios,0,adios,0,adios,17,52.1,47.7,44.5,36.0,48.7,40.1,22,3672000,-838000,36.0,,,18.65,118484,,1,2000
1790363048,2026-09-25T19:04:08Z,154536,1790208587,6.1.187-android14-11-SAGA,49646d1b0cd1,cc_governor,cc_governor,26233,1785,41014,48839,14677,34,13668,1150,21715,26568,7939,518,adios,0,adios,0,adios,0,54.7,51.2,48.0,36.0,51.1,42.0,22,3653000,-1235900,36.0,,,19.21,141452,,1,2000
1790363084,2026-09-25T19:04:44Z,154572,1790208587,6.1.187-android14-11-SAGA,49646d1b0cd1,cc_governor,cc_governor,82,724,924,1724,842,0,85,80,211,299,126,18,adios,0,adios,0,adios,0,45.9,45.3,,36.0,48.2,40.2,22,3712000,-225200,36.0,,,18.38,114996,,1,2000
1790363121,2026-09-25T19:05:21Z,154610,1790208587,6.1.187-android14-11-SAGA,49646d1b0cd1,cc_governor,cc_governor,25230,1762,36308,45189,11049,17,21011,1189,28799,35307,7765,137,adios,0,adios,0,adios,2,61.6,58.1,52.7,36.0,57.5,44.2,21,3669000,-802000,36.0,,,18.70,144308,,1,2000
1790363158,2026-09-25T19:05:58Z,154646,1790208587,6.1.187-android14-11-SAGA,49646d1b0cd1,cc_governor,cc_governor,45061,3471,72410,93236,27362,123,32318,2081,49351,64183,17008,644,adios,0,adios,0,adios,0,66.0,61.7,,36.0,63.3,45.6,21,3667000,-896600,37.0,,,19.74,81268,,1,2000
1790363193,2026-09-25T19:06:33Z,154681,1790208587,6.1.187-android14-11-SAGA,49646d1b0cd1,cc_governor,cc_governor,60379,5932,96812,123287,36406,2008,52669,4511,81376,105765,28707,851,adios,0,adios,0,adios,0,49.8,51.2,,37.0,54.7,43.2,21,3689000,-410700,37.0,,,20.72,98440,,1,2000
1790363228,2026-09-25T19:07:08Z,154716,1790208587,6.1.187-android14-11-SAGA,49646d1b0cd1,cc_governor,cc_governor,72366,13131,122752,159089,50394,2010,53485,6765,86743,113851,33261,1159,adios,0,adios,0,adios,0,46.3,46.0,,37.0,49.3,40.9,21,3707000,-377800,37.0,,,19.55,126824,,1,2000
1790363263,2026-09-25T19:07:43Z,154751,1790208587,6.1.187-android14-11-SAGA,49646d1b0cd1,cc_governor,cc_governor,90056,18636,155195,200813,65145,2012,61110,9623,101678,132515,40578,1469,adios,0,adios,0,adios,0,49.4,53.0,,37.0,52.7,41.6,21,3671000,-583400,37.0,,,19.02,113464,,1,2000
1790363299,2026-09-25T19:08:19Z,154787,1790208587,6.1.187-android14-11-SAGA,49646d1b0cd1,cc_governor,cc_governor,118443,19835,201311,255237,82867,2014,84991,10621,138544,173395,53553,1811,adios,0,adios,0,adios,0,50.5,49.8,,37.0,51.9,42.4,20,3699000,-266100,37.0,,,18.60,133848,,1,2000
1790363334,2026-09-25T19:08:54Z,154822,1790208587,6.1.187-android14-11-SAGA,49646d1b0cd1,cc_governor,cc_governor,126531,27956,222366,287528,95830,2015,88246,15866,149627,190664,61381,2136,adios,0,adios,0,adios,0,46.7,46.8,,37.0,52.2,41.3,20,3678000,-849600,37.0,,,18.59,146528,,1,2000
1790363370,2026-09-25T19:09:30Z,154858,1790208587,6.1.187-android14-11-SAGA,49646d1b0cd1,cc_governor,cc_governor,142066,35258,250524,327003,108425,2018,92279,20029,159689,206139,67410,2444,adios,0,adios,0,adios,0,47.8,48.0,,37.0,50.9,41.0,20,3692000,-466900,37.0,,,18.26,123040,,1,2000
1790363405,2026-09-25T19:10:05Z,154893,1790208587,6.1.187-android14-11-SAGA,49646d1b0cd1,cc_governor,cc_governor,158377,42863,279743,368739,121386,2020,98736,23514,172253,224087,73524,2752,adios,0,adios,0,adios,0,46.6,47.5,45.3,37.0,51.4,41.1,20,3692000,-595000,37.0,,,19.04,124912,,1,2000
1790363440,2026-09-25T19:10:40Z,154929,1790208587,6.1.187-android14-11-SAGA,49646d1b0cd1,cc_governor,cc_governor,170703,51363,305123,408453,134448,2024,106305,27230,183899,240937,77599,3072,adios,0,adios,0,adios,0,45.5,45.9,,36.0,54.2,40.4,20,3692000,-462000,36.0,,,18.88,123284,,1,2000
1790363476,2026-09-25T19:11:16Z,154964,1790208587,6.1.187-android14-11-SAGA,49646d1b0cd1,cc_governor,cc_governor,184301,59941,331162,447694,146861,2030,112547,30264,195078,256484,82531,3368,adios,0,adios,0,adios,0,44.3,45.9,,36.0,49.1,39.7,20,3698000,-680500,36.0,,,19.04,128204,,1,2000
1790363511,2026-09-25T19:11:51Z,155000,1790208587,6.1.187-android14-11-SAGA,49646d1b0cd1,cc_governor,cc_governor,194923,70901,352417,484470,157448,2032,117709,34109,203565,269676,85856,3669,adios,0,adios,0,adios,0,48.2,50.0,,36.0,48.8,39.7,20,3697000,-450400,36.0,,,17.97,115292,,1,2000
1790363547,2026-09-25T19:12:27Z,155035,1790208587,6.1.187-android14-11-SAGA,49646d1b0cd1,cc_governor,cc_governor,208419,76850,381392,524422,172971,2036,122776,36355,214582,283883,91812,3984,adios,0,adios,0,adios,0,44.6,44.9,,35.0,47.4,39.4,20,3704000,-698800,36.0,,,18.59,127224,,1,2000
1790363582,2026-09-25T19:13:02Z,155070,1790208587,6.1.187-android14-11-SAGA,49646d1b0cd1,cc_governor,cc_governor,220504,89477,401597,560944,181087,2038,123328,40180,218213,291994,94885,4275,adios,0,adios,0,adios,0,44.2,44.3,,35.0,51.1,39.7,20,3684000,-874000,35.0,,,18.56,118588,,1,2000
1790363617,2026-09-25T19:13:37Z,155106,1790208587,6.1.187-android14-11-SAGA,49646d1b0cd1,cc_governor,cc_governor,239691,102095,428245,605968,188554,2052,129569,45646,228994,309340,99425,4615,adios,0,adios,0,adios,0,46.2,46.2,43.7,36.0,51.5,39.7,20,3686000,-855700,35.0,,,18.05,116440,,1,2000
1790363653,2026-09-25T19:14:13Z,155142,1790208587,6.1.187-android14-11-SAGA,49646d1b0cd1,cc_governor,cc_governor,255239,114547,452071,646132,196845,2056,133952,52423,236011,324079,102070,4961,adios,0,adios,0,adios,0,44.6,44.0,42.4,35.0,47.1,39.0,19,3665000,-433900,35.0,,,17.58,132020,,1,2000
1790363689,2026-09-25T19:14:49Z,155177,1790208587,6.1.187-android14-11-SAGA,49646d1b0cd1,cc_governor,cc_governor,281716,118173,492949,697520,211230,2059,148451,54458,258566,350829,110115,5274,adios,0,adios,0,adios,0,44.8,44.6,42.9,35.0,50.9,39.9,19,3692000,-446700,35.0,,,17.71,76964,,1,2000
1790363725,2026-09-25T19:15:25Z,155213,1790208587,6.1.187-android14-11-SAGA,49646d1b0cd1,cc_governor,cc_governor,1,0,198,216,203,0,38,0,88,90,55,13,adios,0,adios,0,adios,0,42.6,43.7,,35.0,42.6,37.4,19,3709000,-340500,35.0,,,17.74,118048,,1,2000
1790363852,2026-09-25T19:17:32Z,155341,1790208587,6.1.187-android14-11-SAGA,49646d1b0cd1,cc_governor,cc_governor,108,2,1399,1459,1291,1,97,13,315,335,218,17,adios,0,adios,0,adios,0,42.0,45.6,,36.0,46.7,38.4,19,3698000,-482100,36.0,,,16.82,144356,,1,2000
1790363995,2026-09-25T19:19:55Z,155483,1790208587,6.1.187-android14-11-SAGA,49646d1b0cd1,cc_governor,cc_governor,6,0,57,64,61,0,29,0,78,85,53,14,adios,0,adios,0,adios,0,40.1,38.5,,36.0,43.7,37.9,19,3700000,-322800,36.0,,,16.75,122744,,1,2000
1790364331,2026-09-25T19:25:31Z,155820,1790208587,6.1.187-android14-11-SAGA,49646d1b0cd1,cc_governor,cc_governor,2,0,53,64,63,0,0,0,32,52,35,14,adios,0,adios,0,adios,0,41.8,44.3,,36.0,45.6,38.5,19,3705000,-408300,36.0,,,16.74,85452,,1,2000
1790364401,2026-09-25T19:26:41Z,155890,1790208587,6.1.187-android14-11-SAGA,49646d1b0cd1,cc_governor,cc_governor,4658,128,6533,7607,1826,5,4967,99,6421,7400,1453,35,adios,0,adios,0,adios,3,57.5,59.6,,36.0,53.3,41.8,19,3693000,-424800,36.0,,,16.89,100184,,1,2000
1790364437,2026-09-25T19:27:17Z,155926,1790208587,6.1.187-android14-11-SAGA,49646d1b0cd1,cc_governor,cc_governor,28726,3604,46677,58366,17936,13,14167,1722,24719,29183,10564,360,adios,0,adios,0,adios,0,48.0,47.4,45.6,37.0,51.4,40.8,18,3693000,-429600,37.0,,,17.35,92096,,1,2000
1790364473,2026-09-25T19:27:53Z,155961,1790208587,6.1.187-android14-11-SAGA,49646d1b0cd1,cc_governor,cc_governor,41480,14435,69854,98169,28375,15,16104,6446,31427,41294,15340,677,adios,0,adios,0,adios,0,45.5,45.5,43.4,36.0,50.3,40.1,18,3685000,-657300,36.0,,,17.91,97584,,1,2000
1790364508,2026-09-25T19:28:28Z,155996,1790208587,6.1.187-android14-11-SAGA,49646d1b0cd1,cc_governor,cc_governor,49283,30009,83037,130213,33753,18,17533,12473,34539,50833,17006,975,adios,0,adios,0,adios,0,44.8,45.3,,36.0,48.5,39.9,18,3693000,-349700,37.0,,,18.38,100316,,1,2000
1790364543,2026-09-25T19:29:03Z,156032,1790208587,6.1.187-android14-11-SAGA,49646d1b0cd1,cc_governor,cc_governor,68029,38443,113560,174333,45531,22,24425,16179,48107,69261,23682,1271,adios,0,adios,0,adios,0,45.8,45.8,,36.0,49.3,40.2,18,3686000,-290500,36.0,,,17.91,137648,,1,2000
1790364578,2026-09-25T19:29:38Z,156067,1790208587,6.1.187-android14-11-SAGA,49646d1b0cd1,cc_governor,cc_governor,80750,49876,135836,211856,55060,24,28248,21140,55419,82155,27170,1584,adios,0,adios,0,adios,0,45.2,45.0,,36.0,47.6,39.6,18,3687000,-472400,36.0,,,17.74,84400,,1,2000
1790364614,2026-09-25T19:30:14Z,156102,1790208587,6.1.187-android14-11-SAGA,49646d1b0cd1,cc_governor,cc_governor,92346,65642,152774,248300,60427,26,28871,27199,57976,91135,29093,1880,adios,0,adios,0,adios,0,44.4,46.2,,36.0,48.4,39.2,18,3691000,-393000,36.0,,,17.16,100352,,1,2000
1790364649,2026-09-25T19:30:49Z,156137,1790208587,6.1.187-android14-11-SAGA,49646d1b0cd1,cc_governor,cc_governor,107321,72122,181452,287401,74125,27,32716,29969,67869,104429,35153,2170,adios,0,adios,0,adios,0,44.4,44.0,,36.0,46.7,39.2,18,3692000,-445500,36.0,,,18.01,135100,,1,2000
1790364684,2026-09-25T19:31:24Z,156173,1790208587,6.1.187-android14-11-SAGA,49646d1b0cd1,cc_governor,cc_governor,116221,85271,198000,319454,81794,27,33051,33291,70286,110329,37244,2487,adios,0,adios,0,adios,0,43.1,44.2,,35.0,46.4,38.6,18,3699000,-528500,35.0,,,17.60,110200,,1,2000
1790364719,2026-09-25T19:31:59Z,156208,1790208587,6.1.187-android14-11-SAGA,49646d1b0cd1,cc_governor,cc_governor,125445,97138,216339,352031,90888,28,33501,36600,72699,116251,39193,2775,adios,0,adios,0,adios,0,42.5,44.3,,35.0,46.3,38.2,18,3698000,-325300,35.0,,,17.92,103820,,1,2000
1790364755,2026-09-25T19:32:35Z,156243,1790208587,6.1.187-android14-11-SAGA,49646d1b0cd1,cc_governor,cc_governor,138723,103391,239798,384910,101080,30,46295,38345,92358,138538,46072,3089,adios,0,adios,0,adios,0,48.9,48.8,44.5,35.0,51.4,39.6,17,3686000,-1060100,35.0,,,18.49,141780,,1,2000
1790364790,2026-09-25T19:33:10Z,156278,1790208587,6.1.187-android14-11-SAGA,49646d1b0cd1,cc_governor,cc_governor,160200,110877,273869,431059,113669,33,58702,43547,114433,166998,55751,3447,adios,0,adios,0,adios,0,44.6,44.2,,35.0,49.8,39.1,17,3658000,-638400,35.0,,,18.09,97536,,1,2000
1790364825,2026-09-25T19:33:45Z,156314,1790208587,6.1.187-android14-11-SAGA,49646d1b0cd1,cc_governor,cc_governor,170740,121292,294921,465314,124169,36,60578,47227,119782,176361,59219,3776,adios,0,adios,0,adios,0,42.9,45.5,,35.0,46.1,38.3,17,3681000,-630400,35.0,,,18.25,97664,,1,2000
1790364860,2026-09-25T19:34:20Z,156349,1790208587,6.1.187-android14-11-SAGA,49646d1b0cd1,cc_governor,cc_governor,179865,129749,316414,498055,136559,38,60915,49622,123348,182520,62438,4090,adios,0,adios,0,adios,0,42.5,42.6,,35.0,45.9,38.1,17,3690000,-257500,35.0,,,17.84,89376,,1,2000
1790364895,2026-09-25T19:34:56Z,156384,1790208587,6.1.187-android14-11-SAGA,49646d1b0cd1,cc_governor,cc_governor,189379,137587,338819,530985,149440,40,62036,52103,127990,190060,65954,4372,adios,0,adios,0,adios,0,43.5,42.8,,35.0,46.9,37.9,17,3685000,-478500,35.0,,,17.57,114316,,1,2000
1790364931,2026-09-25T19:35:31Z,156419,1790208587,6.1.187-android14-11-SAGA,49646d1b0cd1,cc_governor,cc_governor,205667,146025,366781,571008,161120,49,69870,55571,141797,208405,71949,4670,adios,0,adios,0,adios,0,51.7,47.4,,35.0,47.9,39.4,17,3680000,-385100,35.0,,,17.73,162144,,1,2000
1790364966,2026-09-25T19:36:06Z,156454,1790208587,6.1.187-android14-11-SAGA,49646d1b0cd1,cc_governor,cc_governor,218034,151437,394439,606877,176405,54,71739,57333,148576,217424,76852,4972,adios,0,adios,0,adios,0,43.3,43.4,,35.0,46.4,38.3,17,3691000,-446700,35.0,,,17.70,178272,,1,2000
1790365001,2026-09-25T19:36:41Z,156490,1790208587,6.1.187-android14-11-SAGA,49646d1b0cd1,cc_governor,cc_governor,226824,163098,412441,639008,185610,58,72076,61003,151193,223927,79123,5269,adios,0,adios,0,adios,0,42.8,42.7,,35.0,46.4,38.1,17,3683000,-516900,35.0,,,17.53,135868,,1,2000
1790365036,2026-09-25T19:37:16Z,156525,1790208587,6.1.187-android14-11-SAGA,49646d1b0cd1,cc_governor,cc_governor,236671,171325,434751,672243,198091,59,72452,63257,154953,230141,82510,5589,adios,0,adios,0,adios,0,42.5,42.9,,34.0,46.2,37.9,17,3693000,-805600,34.0,,,17.62,133988,,1,2000
1790365071,2026-09-25T19:37:51Z,156560,1790208587,6.1.187-android14-11-SAGA,49646d1b0cd1,cc_governor,cc_governor,246237,178547,458015,705358,211805,60,72933,65314,159091,236535,86168,5888,adios,0,adios,0,adios,0,42.4,42.6,,34.0,46.3,37.8,17,3687000,-382600,34.0,,,17.29,144224,,1,2000
1790365107,2026-09-25T19:38:27Z,156595,1790208587,6.1.187-android14-11-SAGA,49646d1b0cd1,cc_governor,cc_governor,255704,186626,480216,738253,224503,61,73377,67787,163047,243181,89659,6182,adios,0,adios,0,adios,0,45.4,44.6,,34.0,47.3,38.0,16,3672000,-531000,34.0,,,19.13,128284,,1,2000
1790365142,2026-09-25T19:39:02Z,156630,1790208587,6.1.187-android14-11-SAGA,49646d1b0cd1,cc_governor,cc_governor,265460,195643,501857,771589,236404,63,74659,70642,168178,251429,93526,6479,adios,0,adios,0,adios,0,42.4,42.4,,34.0,47.6,37.9,16,3681000,-357000,35.0,,,18.65,115312,,1,2000
1790365177,2026-09-25T19:39:37Z,156665,1790208587,6.1.187-android14-11-SAGA,49646d1b0cd1,cc_governor,cc_governor,275755,201896,526884,805846,251146,64,75439,72714,173093,258639,97658,6771,adios,0,adios,0,adios,0,42.7,43.1,,34.0,45.7,37.9,16,3686000,-751900,34.0,,,18.81,108656,,1,2000
1790365212,2026-09-25T19:40:12Z,156700,1790208587,6.1.187-android14-11-SAGA,49646d1b0cd1,cc_governor,cc_governor,286190,207418,552721,840140,266529,66,75816,74395,177475,264964,101659,7068,adios,0,adios,0,adios,0,42.6,42.5,,34.0,46.1,37.7,16,3689000,-519400,34.0,,,18.21,83840,,1,2000
1790365247,2026-09-25T19:40:47Z,156735,1790208587,6.1.187-android14-11-SAGA,49646d1b0cd1,cc_governor,cc_governor,295989,216378,574503,873603,278533,67,76293,77052,181109,271535,104822,7374,adios,0,adios,0,adios,0,42.3,42.2,,34.0,45.7,37.7,16,3685000,-308200,34.0,,,18.63,116460,,1,2000
1790365282,2026-09-25T19:41:22Z,156771,1790208587,6.1.187-android14-11-SAGA,49646d1b0cd1,cc_governor,cc_governor,307560,223515,599943,909984,292407,68,79000,79269,188948,282027,109969,7662,adios,0,adios,0,adios,0,45.2,45.6,43.5,34.0,48.7,38.6,16,3671000,-546200,34.0,,,17.95,101208,,1,2000
1790365318,2026-09-25T19:41:58Z,156807,1790208587,6.1.187-android14-11-SAGA,49646d1b0cd1,cc_governor,cc_governor,322646,230508,629191,952385,306536,69,84038,82785,200171,297499,116142,8002,adios,0,adios,0,adios,0,42.6,42.9,,35.0,45.9,38.0,16,3687000,-389400,34.0,,,18.36,207828,,1,2000
1790365353,2026-09-25T19:42:33Z,156842,1790208587,6.1.187-android14-11-SAGA,49646d1b0cd1,cc_governor,cc_governor,331438,240747,648364,984507,316926,71,84332,85789,202922,303500,118590,8301,adios,0,adios,0,adios,0,41.9,42.8,,34.0,45.9,37.8,16,3685000,-472400,34.0,,,17.65,197788,,1,2000
1790365389,2026-09-25T19:43:09Z,156877,1790208587,6.1.187-android14-11-SAGA,49646d1b0cd1,cc_governor,cc_governor,341050,249514,670182,1017906,329133,74,84711,88369,206223,309588,121520,8606,adios,0,adios,0,adios,0,42.4,42.4,,34.0,45.8,37.7,16,3691000,-514500,34.0,,,17.60,221712,,1,2000
1790365424,2026-09-25T19:43:44Z,156912,1790208587,6.1.187-android14-11-SAGA,49646d1b0cd1,cc_governor,cc_governor,349454,259642,689199,1049924,339749,75,85166,91448,209339,316061,124181,8903,adios,0,adios,0,adios,0,42.7,42.8,,34.0,46.5,37.6,16,3681000,-349700,34.0,,,17.20,194260,,1,2000
1790365459,2026-09-25T19:44:19Z,156947,1790208587,6.1.187-android14-11-SAGA,49646d1b0cd1,cc_governor,cc_governor,358920,268356,710749,1082983,351829,80,85554,93703,212953,322190,127399,9205,adios,0,adios,0,adios,0,42.1,42.2,,34.0,45.3,37.5,16,3675000,-494900,34.0,,,17.48,165936,,1,2000
1790365494,2026-09-25T19:44:54Z,156982,1790208587,6.1.187-android14-11-SAGA,49646d1b0cd1,cc_governor,cc_governor,370874,275057,736763,1118459,365914,80,87232,96003,219221,331111,131997,9505,adios,0,adios,0,adios,0,42.1,42.3,,34.0,46.5,37.6,15,3686000,-340500,34.0,,,17.32,123164,,1,2000
1790365529,2026-09-25T19:45:29Z,157018,1790208587,6.1.187-android14-11-SAGA,49646d1b0cd1,cc_governor,cc_governor,384815,282081,764118,1156613,379294,82,95328,98378,233560,348528,138241,9801,adios,0,adios,0,adios,0,48.2,51.3,,34.0,54.5,39.3,15,3665000,-922200,34.0,,,18.94,116816,,1,2000
1790365565,2026-09-25T19:46:05Z,157054,1790208587,6.1.187-android14-11-SAGA,49646d1b0cd1,cc_governor,cc_governor,398493,289631,785893,1190605,387282,91,100615,102261,243783,363518,143122,10178,adios,0,adios,0,adios,0,47.7,45.4,,34.0,48.1,38.4,15,3673000,-543800,34.0,,,18.53,116684,,1,2000
1790365601,2026-09-25T19:46:41Z,157089,1790208587,6.1.187-android14-11-SAGA,49646d1b0cd1,cc_governor,cc_governor,412181,302516,807416,1229688,395234,100,104482,106360,250908,375550,146436,10498,adios,0,adios,0,adios,0,43.0,44.5,,34.0,49.1,38.3,15,3671000,-862400,34.0,,,17.77,118768,,1,2000
1790365637,2026-09-25T19:47:17Z,157125,1790208587,6.1.187-android14-11-SAGA,49646d1b0cd1,cc_governor,cc_governor,422932,314057,828182,1266749,405240,101,107770,110329,258256,387631,150486,10805,adios,0,adios,0,adios,0,43.1,43.2,,34.0,45.9,38.2,15,3680000,-601100,34.0,,,17.09,93000,,1,2000
1790365672,2026-09-25T19:47:52Z,157160,1790208587,6.1.187-android14-11-SAGA,49646d1b0cd1,cc_governor,cc_governor,434946,327451,847845,1303819,412887,104,110129,115142,263213,398105,153084,11098,adios,0,adios,0,adios,0,44.1,45.0,,35.0,46.2,38.4,15,3677000,-515700,34.0,,,17.31,93396,,1,2000
1790365707,2026-09-25T19:48:27Z,157195,1790208587,6.1.187-android14-11-SAGA,49646d1b0cd1,cc_governor,cc_governor,448604,336708,873378,1343504,424773,123,115963,118686,274405,414027,158442,11417,adios,0,adios,0,adios,0,43.6,44.8,,35.0,47.3,38.8,15,3776000,958200,35.0,,,18.41,73928,,1,2000
1790365742,2026-09-25T19:49:02Z,157231,1790208587,6.1.187-android14-11-SAGA,49646d1b0cd1,cc_governor,cc_governor,458810,351157,890336,1378704,431523,125,116944,123668,277314,422438,160370,11724,adios,0,adios,0,adios,0,44.1,43.9,,35.0,47.7,38.9,15,3785000,932600,35.0,,,18.06,120428,,1,2000
1790365777,2026-09-25T19:49:37Z,157266,1790208587,6.1.187-android14-11-SAGA,49646d1b0cd1,cc_governor,cc_governor,469656,361934,911700,1414721,442059,126,119510,127585,283355,432949,163849,12030,adios,0,adios,0,adios,0,44.1,44.7,42.5,35.0,47.4,39.2,15,3786000,960600,35.0,,,18.25,88284,,1,2000
1790365813,2026-09-25T19:50:13Z,157301,1790208587,6.1.187-android14-11-SAGA,49646d1b0cd1,cc_governor,cc_governor,480103,373959,931567,1450596,451449,128,121116,131860,287759,442181,166643,12319,adios,0,adios,0,adios,0,44.4,45.3,,35.0,48.4,39.4,15,3791000,971000,35.0,,,17.62,108824,,1,2000
1790365848,2026-09-25T19:50:48Z,157336,1790208587,6.1.187-android14-11-SAGA,49646d1b0cd1,cc_governor,cc_governor,490500,385314,951766,1486415,461256,130,124935,136059,294769,454075,169839,12609,adios,0,adios,0,adios,0,45.0,45.2,,36.0,48.0,39.6,15,3796000,959400,36.0,,,17.66,89896,,1,2000
1790365883,2026-09-25T19:51:23Z,157371,1790208587,6.1.187-android14-11-SAGA,49646d1b0cd1,cc_governor,cc_governor,500833,398203,970628,1521926,469812,131,126166,140160,298541,462331,172381,12923,adios,0,adios,0,adios,0,45.8,45.2,,36.0,48.3,39.7,16,3798000,954500,36.0,,,17.86,87132,,1,2000
1790365918,2026-09-25T19:51:58Z,157406,1790208587,6.1.187-android14-11-SAGA,49646d1b0cd1,cc_governor,cc_governor,515274,404314,999088,1562163,483842,132,136978,142738,317924,486628,180954,13220,adios,0,adios,0,adios,0,51.3,49.8,,36.0,52.1,41.9,16,3792000,864800,36.0,,,18.21,182396,,1,2000
1790365954,2026-09-25T19:52:34Z,157442,1790208587,6.1.187-android14-11-SAGA,49646d1b0cd1,cc_governor,cc_governor,526268,411713,1024547,1599995,498287,134,142432,145092,329960,501635,187534,13528,adios,0,adios,0,adios,0,46.2,46.6,,36.0,50.7,41.0,16,3801000,758600,36.0,,,18.56,97780,,1,2000
1790365989,2026-09-25T19:53:09Z,157477,1790208587,6.1.187-android14-11-SAGA,49646d1b0cd1,cc_governor,cc_governor,536745,424255,1043990,1635767,507262,136,143913,149453,334124,510581,190220,13844,adios,0,adios,0,adios,0,45.8,46.2,,36.0,49.7,40.7,16,3804000,972200,36.0,,,18.75,80972,,1,2000
1790366024,2026-09-25T19:53:44Z,157513,1790208587,6.1.187-android14-11-SAGA,49646d1b0cd1,cc_governor,cc_governor,545956,440233,1058420,1669656,512460,139,144806,154619,336639,518528,191833,14160,adios,0,adios,0,adios,0,46.2,46.0,43.9,37.0,48.7,40.6,16,3806000,966700,37.0,,,18.67,93596,,1,2000
1790366059,2026-09-25T19:54:19Z,157548,1790208587,6.1.187-android14-11-SAGA,49646d1b0cd1,cc_governor,cc_governor,556098,454035,1076080,1704510,519981,142,146064,159463,340388,527552,194324,14474,adios,0,adios,0,adios,0,45.4,46.2,,37.0,49.2,40.7,17,3808000,967400,37.0,,,18.00,78036,,1,2000
1790366095,2026-09-25T19:54:55Z,157583,1790208587,6.1.187-android14-11-SAGA,49646d1b0cd1,cc_governor,cc_governor,565440,469101,1091732,1738777,526292,144,146582,164026,342896,535088,196314,14781,adios,0,adios,0,adios,37,48.1,46.6,,37.0,49.7,41.0,17,3810000,959400,37.0,,,17.78,110232,,1,2000
1790366130,2026-09-25T19:55:30Z,157618,1790208587,6.1.187-android14-11-SAGA,49646d1b0cd1,cc_governor,cc_governor,593547,474671,1133076,1792042,539441,251,154971,167485,360335,558298,205364,15105,adios,0,adios,0,adios,0,51.5,51.3,47.8,37.0,56.2,42.8,17,3808000,947800,37.0,,,21.11,174288,,1,2000
1790366166,2026-09-25T19:56:06Z,157654,1790208587,6.1.187-android14-11-SAGA,49646d1b0cd1,cc_governor,cc_governor,622365,480791,1174540,1846347,552164,253,164562,172397,379071,583300,214516,15420,adios,0,adios,0,adios,0,51.3,51.0,47.4,37.0,55.5,42.8,17,3808000,885000,37.0,,,19.70,163792,,1,2000
1790366201,2026-09-25T19:56:41Z,157690,1790208587,6.1.187-android14-11-SAGA,49646d1b0cd1,cc_governor,cc_governor,644861,484919,1212258,1892934,567392,255,173420,174026,398311,605288,224891,15756,adios,0,adios,0,adios,0,48.5,49.1,,38.0,51.1,42.5,17,3814000,959400,38.0,,,19.02,120396,,1,2000
1790366236,2026-09-25T19:57:16Z,157725,1790208587,6.1.187-android14-11-SAGA,49646d1b0cd1,cc_governor,cc_governor,656290,493663,1235598,1927747,579332,257,174283,176921,403079,613257,228800,16070,adios,0,adios,0,adios,0,46.4,46.9,,38.0,51.3,41.8,18,3816000,965500,38.0,,,18.45,106044,,1,2000
1790366272,2026-09-25T19:57:52Z,157760,1790208587,6.1.187-android14-11-SAGA,49646d1b0cd1,cc_governor,cc_governor,666051,502221,1257801,1961332,591759,258,174685,179584,406651,619730,231977,16345,adios,0,adios,0,adios,0,46.3,46.9,,38.0,49.0,41.5,18,3816000,952700,38.0,,,17.74,105604,,1,2000
1790366307,2026-09-25T19:58:27Z,157795,1790208587,6.1.187-android14-11-SAGA,49646d1b0cd1,cc_governor,cc_governor,683714,510659,1286865,2002352,603139,358,181129,183146,419334,637032,238210,16671,adios,0,adios,0,adios,0,47.8,48.8,45.5,38.0,49.8,41.7,18,3810000,954500,38.0,,,17.96,121224,,1,2000
1790366342,2026-09-25T19:59:02Z,157830,1790208587,6.1.187-android14-11-SAGA,49646d1b0cd1,cc_governor,cc_governor,693374,519601,1308490,2035948,615115,360,182082,185958,423964,644829,241882,16972,adios,0,adios,0,adios,0,46.0,46.4,,38.0,49.7,41.4,18,3818000,973500,38.0,,,17.67,116920,,1,2000
1790366377,2026-09-25T19:59:37Z,157865,1790208587,6.1.187-android14-11-SAGA,49646d1b0cd1,cc_governor,cc_governor,701870,531018,1326481,2068092,624638,363,183091,189149,427615,652366,244532,17288,adios,0,adios,0,adios,0,53.1,58.6,,38.0,59.0,43.0,18,3817000,779400,38.0,,,17.17,82200,,1,2000
1790366412,2026-09-25T20:00:12Z,157900,1790208587,6.1.187-android14-11-SAGA,49646d1b0cd1,cc_governor,cc_governor,716215,536623,1354264,2104852,638066,369,190178,192434,440407,670551,250233,17527,adios,0,adios,0,adios,0,47.1,51.6,,38.0,53.5,42.6,18,3821000,963100,38.0,,,17.39,113900,,1,2000
1790366447,2026-09-25T20:00:47Z,157936,1790208587,6.1.187-android14-11-SAGA,49646d1b0cd1,cc_governor,cc_governor,727262,542801,1380013,2139787,652771,371,191182,194231,445660,678744,254487,17786,adios,0,adios,0,adios,0,46.9,48.4,,38.0,49.6,41.7,18,3823000,967400,38.0,,,17.23,109852,,1,2000
1790366482,2026-09-25T20:01:22Z,157971,1790208587,6.1.187-android14-11-SAGA,49646d1b0cd1,cc_governor,cc_governor,736546,552400,1400494,2172850,663952,372,191563,196950,448998,685116,257435,18075,adios,0,adios,0,adios,0,46.6,47.8,45.3,38.0,53.6,41.7,19,3823000,957000,38.0,,,16.61,99616,,1,2000
1790366517,2026-09-25T20:01:57Z,158006,1790208587,6.1.187-android14-11-SAGA,49646d1b0cd1,cc_governor,cc_governor,747436,557489,1427564,2208211,680144,374,192101,198443,453654,691666,261558,18370,adios,0,adios,0,adios,0,46.9,47.3,,38.0,49.8,41.4,19,3825000,967400,38.0,,,16.97,98184,,1,2000
1790366553,2026-09-25T20:02:33Z,158041,1790208587,6.1.187-android14-11-SAGA,49646d1b0cd1,cc_governor,cc_governor,757384,564945,1450904,2241928,693523,376,192418,200490,457622,697997,265211,18669,adios,0,adios,0,adios,0,46.2,45.9,,38.0,50.0,41.3,19,3827000,974700,38.0,,,17.21,86556,,1,2000
1790366588,2026-09-25T20:03:08Z,158076,1790208587,6.1.187-android14-11-SAGA,49646d1b0cd1,cc_governor,cc_governor,768027,571975,1475567,2276591,707540,378,192806,202696,461820,704773,269014,18979,adios,0,adios,0,adios,0,46.0,47.4,,38.0,49.1,41.4,19,3828000,963100,38.0,,,17.38,77144,,1,2000
1790366623,2026-09-25T20:03:43Z,158111,1790208587,6.1.187-android14-11-SAGA,49646d1b0cd1,cc_governor,cc_governor,777602,582009,1496013,2310103,718396,380,193174,205792,464506,710900,271332,19267,adios,0,adios,0,adios,0,46.0,47.6,44.6,38.0,49.7,41.4,19,3830000,965500,38.0,,,17.38,144052,,1,2000
1790366658,2026-09-25T20:04:18Z,158147,1790208587,6.1.187-android14-11-SAGA,49646d1b0cd1,cc_governor,cc_governor,787983,587954,1521416,2344422,733436,381,193455,207319,468871,716989,275421,19568,adios,0,adios,0,adios,0,45.8,46.1,,38.0,49.3,41.3,20,3832000,964300,38.0,,,16.85,136324,,1,2000
1790366693,2026-09-25T20:04:53Z,158182,1790208587,6.1.187-android14-11-SAGA,49646d1b0cd1,cc_governor,cc_governor,800198,595133,1546489,2380149,746293,382,195718,209813,475127,726513,279412,19863,adios,0,adios,0,adios,0,46.6,47.3,45.2,38.0,50.0,41.7,20,3833000,968600,38.0,,,16.89,95516,,1,2000
1790366728,2026-09-25T20:05:28Z,158217,1790208587,6.1.187-android14-11-SAGA,49646d1b0cd1,cc_governor,cc_governor,801009,603502,1549420,2392998,748411,384,195727,210985,475473,728124,279746,20167,adios,0,adios,0,adios,0,44.7,44.7,,38.0,48.8,40.9,20,3835000,886800,38.0,,,16.46,77264,,1,2000
1790366764,2026-09-25T20:06:04Z,158252,1790208587,6.1.187-android14-11-SAGA,49646d1b0cd1,cc_governor,cc_governor,801660,611483,1552823,2405755,751162,386,195792,211902,476104,729786,280312,20488,adios,0,adios,0,adios,0,44.2,44.8,,38.0,47.2,40.7,20,3836000,971000,38.0,,,16.21,112408,,1,2000
1790366799,2026-09-25T20:06:39Z,158287,1790208587,6.1.187-android14-11-SAGA,49646d1b0cd1,cc_governor,cc_governor,803347,620140,1556366,2419470,753019,387,195805,213315,476351,731475,280546,20800,adios,0,adios,0,adios,0,44.9,44.8,,38.0,47.7,40.6,20,3837000,957000,38.0,,,16.04,99196,,1,2000
1790366846,2026-09-25T20:07:26Z,158334,1790208587,6.1.187-android14-11-SAGA,49646d1b0cd1,cc_governor,cc_governor,4,0,190,202,191,0,13,0,58,61,49,17,adios,0,adios,0,adios,0,43.5,41.5,,38.0,45.6,39.5,21,3872000,1527100,38.0,,,15.95,125596,,1,2000
1790366965,2026-09-25T20:09:25Z,158453,1790208587,6.1.187-android14-11-SAGA,49646d1b0cd1,cc_governor,cc_governor,0,0,205,220,215,0,3,0,55,58,56,14,adios,0,adios,0,adios,0,42.5,42.6,,38.0,43.5,38.7,22,3883000,1350700,37.0,,,15.23,124676,,1,2000
1790367120,2026-09-25T20:12:00Z,158608,1790208587,6.1.187-android14-11-SAGA,49646d1b0cd1,cc_governor,cc_governor,504,177,1286,1681,789,3,224,28,530,667,309,18,adios,0,adios,0,adios,0,42.6,43.5,,37.0,47.0,39.5,24,3895000,1468500,37.0,,,15.13,82300,,1,2000
1790367187,2026-09-25T20:13:07Z,158675,1790208587,6.1.187-android14-11-SAGA,49646d1b0cd1,cc_governor,cc_governor,8126,1301,14634,17554,6512,1,3303,697,6831,8011,3533,21,adios,0,adios,0,adios,0,45.7,46.3,43.8,37.0,47.6,40.4,24,3869000,965500,37.0,,,15.93,137612,,1,2000
1790367222,2026-09-25T20:13:42Z,158711,1790208587,6.1.187-android14-11-SAGA,49646d1b0cd1,cc_governor,cc_governor,9404,11124,19588,33814,10184,4,3383,1473,7998,10009,4615,346,adios,0,adios,0,adios,0,43.4,43.7,,37.0,48.5,39.9,24,3868000,965500,37.0,,,15.72,119512,,1,2000
1790367258,2026-09-25T20:14:18Z,158746,1790208587,6.1.187-android14-11-SAGA,49646d1b0cd1,cc_governor,cc_governor,9926,18180,23630,46284,13704,6,3397,2787,8252,11627,4855,663,adios,0,adios,0,adios,0,43.3,44.1,,37.0,47.1,39.9,24,3868000,972200,37.0,,,15.64,95248,,1,2000
1790367293,2026-09-25T20:14:53Z,158781,1790208587,6.1.187-android14-11-SAGA,49646d1b0cd1,cc_governor,cc_governor,15096,23055,35968,66020,20866,8,5586,3935,11705,16599,6102,964,adios,0,adios,0,adios,0,57.4,64.6,,37.0,70.3,43.9,25,3854000,776300,37.0,,,16.56,242248,,1,2000
1790367329,2026-09-25T20:15:29Z,158818,1790208587,6.1.187-android14-11-SAGA,49646d1b0cd1,cc_governor,cc_governor,21661,29176,50969,91252,29306,51,18863,6710,30042,38875,11179,1372,adios,0,adios,0,adios,0,45.5,46.8,,37.0,49.0,41.4,25,3867000,961900,37.0,,,17.07,98496,,1,2000
1790367365,2026-09-25T20:16:05Z,158853,1790208587,6.1.187-android14-11-SAGA,49646d1b0cd1,cc_governor,cc_governor,23445,36931,56991,106843,33561,51,19573,8424,31332,42152,11764,1665,adios,0,adios,0,adios,0,44.9,45.7,,37.0,47.9,40.8,25,3868000,973500,37.0,,,16.62,74992,,1,2000
1790367400,2026-09-25T20:16:40Z,158888,1790208587,6.1.187-android14-11-SAGA,49646d1b0cd1,cc_governor,cc_governor,23758,42549,60564,117506,36823,53,19584,8810,32352,43672,12778,1975,adios,0,adios,0,adios,0,44.2,45.4,,37.0,62.0,41.0,25,3841000,550500,37.0,,,16.11,114768,,1,2000
1790367436,2026-09-25T20:17:16Z,158924,1790208587,6.1.187-android14-11-SAGA,49646d1b0cd1,cc_governor,cc_governor,31300,47849,76183,141705,44883,111,36381,15082,56489,75147,20066,2336,adios,0,adios,0,adios,0,60.8,66.6,,38.0,68.3,46.5,25,3851000,814800,38.0,,,18.06,115964,,1,2000
1790367472,2026-09-25T20:17:52Z,158960,1790208587,6.1.187-android14-11-SAGA,49646d1b0cd1,cc_governor,cc_governor,32544,53152,82821,155396,50293,117,43064,18605,66447,89058,23388,2676,adios,0,adios,0,adios,0,46.2,46.3,,38.0,49.2,42.3,26,3869000,971000,38.0,,,17.12,133136,,1,2000
1790367507,2026-09-25T20:18:27Z,158995,1790208587,6.1.187-android14-11-SAGA,49646d1b0cd1,cc_governor,cc_governor,32739,60076,84316,164761,51577,119,43075,19718,66740,90703,23665,2970,adios,0,adios,0,adios,0,44.6,45.5,,38.0,57.4,41.5,26,3865000,946600,38.0,,,16.55,118552,,1,2000
1790367543,2026-09-25T20:19:03Z,159031,1790208587,6.1.187-android14-11-SAGA,49646d1b0cd1,cc_governor,cc_governor,37618,65722,95423,183816,57822,122,45653,21332,71624,97977,25977,3305,adios,0,adios,0,adios,0,47.2,48.3,45.5,38.0,49.3,42.0,26,3871000,968600,38.0,,,16.68,115964,,1,2000
1790367578,2026-09-25T20:19:38Z,159067,1790208587,6.1.187-android14-11-SAGA,49646d1b0cd1,cc_governor,cc_governor,46810,74901,116241,216504,69433,125,46076,24285,75047,104926,28975,3606,adios,0,adios,0,adios,0,46.8,46.4,,38.0,49.5,41.7,26,3872000,959400,38.0,,,16.73,107832,,1,2000
1790367613,2026-09-25T20:20:13Z,159102,1790208587,6.1.187-android14-11-SAGA,49646d1b0cd1,cc_governor,cc_governor,56431,81748,139911,249815,83493,126,46434,26185,78947,111181,32518,3910,adios,0,adios,0,adios,0,47.0,46.7,,38.0,50.3,41.7,26,3873000,957000,38.0,,,17.11,95756,,1,2000
1790367648,2026-09-25T20:20:48Z,159137,1790208587,6.1.187-android14-11-SAGA,49646d1b0cd1,cc_governor,cc_governor,65936,90052,161848,282898,95918,129,47682,29049,83232,119137,35553,4200,adios,0,adios,0,adios,0,46.7,47.9,,38.0,49.5,41.7,27,3873000,952700,38.0,,,16.96,125424,,1,2000
1790367683,2026-09-25T20:21:23Z,159172,1790208587,6.1.187-android14-11-SAGA,49646d1b0cd1,cc_governor,cc_governor,75230,97458,184614,315653,109405,131,48048,31316,87014,125594,38970,4504,adios,0,adios,0,adios,0,46.4,47.7,,38.0,49.9,41.6,27,3874000,954500,38.0,,,17.29,115988,,1,2000
1790367718,2026-09-25T20:21:58Z,159207,1790208587,6.1.187-android14-11-SAGA,49646d1b0cd1,cc_governor,cc_governor,83568,108679,202335,347302,118762,133,48322,34372,89698,131718,41376,4798,adios,0,adios,0,adios,0,46.3,47.1,,38.0,50.2,41.6,27,3874000,967400,38.0,,,17.14,104820,,1,2000
1790367754,2026-09-25T20:22:34Z,159242,1790208587,6.1.187-android14-11-SAGA,49646d1b0cd1,cc_governor,cc_governor,92100,118457,221734,379264,129654,134,48538,36985,92824,137893,44296,5095,adios,0,adios,0,adios,0,46.3,47.5,,38.0,49.4,41.6,27,3876000,963100,38.0,,,17.35,88560,,1,2000
1790367789,2026-09-25T20:23:09Z,159277,1790208587,6.1.187-android14-11-SAGA,49646d1b0cd1,cc_governor,cc_governor,101735,126635,244073,412463,142337,136,48907,39523,95970,144029,47063,5394,adios,0,adios,0,adios,0,46.2,48.2,,38.0,59.9,42.3,27,3873000,952700,38.0,,,17.09,111736,,1,2000
1790367824,2026-09-25T20:23:44Z,159313,1790208587,6.1.187-android14-11-SAGA,49646d1b0cd1,cc_governor,cc_governor,108092,135638,255113,435001,147021,140,50758,40459,99841,149339,49083,5730,adios,0,adios,0,adios,0,44.7,45.0,,38.0,49.0,41.3,28,3878000,969800,38.0,,,16.41,102268,,1,2000
1790367860,2026-09-25T20:24:20Z,159348,1790208587,6.1.187-android14-11-SAGA,49646d1b0cd1,cc_governor,cc_governor,108361,143524,257662,446568,149301,141,50764,41708,99932,150917,49168,6043,adios,0,adios,0,adios,0,44.7,45.7,,38.0,48.1,41.0,28,3877000,957000,38.0,,,15.99,95956,,1,2000
1790367895,2026-09-25T20:24:55Z,159384,1790208587,6.1.187-android14-11-SAGA,49646d1b0cd1,cc_governor,cc_governor,108783,152267,259560,458407,150777,143,50773,43081,100009,152624,49236,6358,adios,0,adios,0,adios,0,44.6,47.8,,38.0,49.3,41.0,28,3876000,967400,38.0,,,15.76,89340,,1,2000
1790367943,2026-09-25T20:25:43Z,159431,1790208587,6.1.187-android14-11-SAGA,49646d1b0cd1,cc_governor,cc_governor,7,0,111,139,101,0,52,13,96,124,53,14,adios,0,adios,0,adios,0,45.1,44.9,,38.0,48.7,40.9,28,3908000,1420800,38.0,,,15.55,107192,,1,2000
1790367978,2026-09-25T20:26:18Z,159466,1790208587,6.1.187-android14-11-SAGA,49646d1b0cd1,cc_governor,cc_governor,355,639,7526,11867,7180,1,107,187,1422,1995,1322,302,adios,0,adios,0,adios,0,44.6,45.0,,38.0,48.4,40.9,29,3898000,1300600,38.0,,,15.25,125896,,1,2000
1790368052,2026-09-25T20:27:32Z,159540,1790208587,6.1.187-android14-11-SAGA,49646d1b0cd1,cc_governor,cc_governor,79,2,359,483,290,0,428,1,580,659,156,17,adios,0,adios,0,adios,0,45.9,42.9,,38.0,47.4,40.8,29,3918000,1328700,38.0,,,15.24,124708,,1,2000
1790368107,2026-09-25T20:28:27Z,159596,1790208587,6.1.187-android14-11-SAGA,49646d1b0cd1,cc_governor,cc_governor,7107,466,10648,12378,3560,0,3338,296,5117,5982,1787,19,adios,0,adios,0,adios,0,46.7,48.4,,38.0,53.2,41.8,30,3888000,936200,38.0,,,15.27,148300,,1,2000
1790368143,2026-09-25T20:29:03Z,159631,1790208587,6.1.187-android14-11-SAGA,49646d1b0cd1,cc_governor,cc_governor,19854,8599,35669,49768,15798,7,6457,2935,13301,17780,6844,342,adios,0,adios,0,adios,0,45.9,46.0,,38.0,49.2,41.4,30,3889000,963100,38.0,,,17.01,108432,,1,2000
1790368178,2026-09-25T20:29:38Z,159667,1790208587,6.1.187-android14-11-SAGA,49646d1b0cd1,cc_governor,cc_governor,30052,23316,51548,82991,21503,8,7595,7101,16407,25693,8814,665,adios,0,adios,0,adios,0,53.7,50.0,,38.0,51.5,42.0,30,3889000,937500,38.0,,,17.44,111396,,1,2000
1790368214,2026-09-25T20:30:14Z,159702,1790208587,6.1.187-android14-11-SAGA,49646d1b0cd1,cc_governor,cc_governor,43259,31534,76213,121468,32883,35,14722,11706,31263,47088,16565,1023,adios,0,adios,0,adios,0,61.3,63.1,,38.0,60.9,45.4,31,3867000,565700,37.0,,,19.01,174772,,1,2000
1790368251,2026-09-25T20:30:51Z,159739,1790208587,6.1.187-android14-11-SAGA,49646d1b0cd1,cc_governor,cc_governor,91552,32480,138552,191914,46987,51,53137,12404,82059,103624,28921,1340,adios,0,adios,0,adios,4,64.6,66.5,,38.0,76.3,47.7,31,3844000,492500,38.0,,,20.47,139008,,1,2000
1790368288,2026-09-25T20:31:28Z,159777,1790208587,6.1.187-android14-11-SAGA,49646d1b0cd1,cc_governor,cc_governor,146265,33174,207698,269752,61411,120,81122,13115,125470,153473,44333,1785,adios,0,adios,0,adios,0,59.1,56.5,55.2,39.0,62.9,46.4,31,3881000,776300,39.0,,,19.56,76544,,1,2000
1790368324,2026-09-25T20:32:04Z,159812,1790208587,6.1.187-android14-11-SAGA,49646d1b0cd1,cc_governor,cc_governor,196557,37686,268789,344978,72183,122,90750,17979,147427,181575,56656,2134,adios,0,adios,0,adios,0,58.4,58.2,53.8,39.0,60.6,46.2,31,3883000,921000,39.0,,,19.23,90420,,1,2000
1790368360,2026-09-25T20:32:40Z,159848,1790208587,6.1.187-android14-11-SAGA,49646d1b0cd1,cc_governor,cc_governor,249564,40996,333163,421402,83573,125,96922,21177,167141,205418,70212,2464,adios,0,adios,0,adios,0,55.9,56.6,,39.0,57.4,45.8,31,3886000,870900,39.0,,,19.14,128752,,1,2000
1790368395,2026-09-25T20:33:15Z,159884,1790208587,6.1.187-android14-11-SAGA,49646d1b0cd1,cc_governor,cc_governor,305346,49106,394700,498622,89322,127,100966,29340,178473,225700,77525,2736,adios,0,adios,0,adios,0,55.6,57.9,,39.0,56.3,45.5,32,3866000,864800,39.0,,,18.64,120892,,1,2000
1790368431,2026-09-25T20:33:51Z,159919,1790208587,6.1.187-android14-11-SAGA,49646d1b0cd1,cc_governor,cc_governor,358497,54747,456677,574070,98181,128,104761,35113,192883,246431,88140,3015,adios,0,adios,0,adios,0,57.2,55.9,52.7,39.0,58.7,45.8,32,3890000,971000,39.0,,,18.65,106912,,1,2000
1790368467,2026-09-25T20:34:27Z,159955,1790208587,6.1.187-android14-11-SAGA,49646d1b0cd1,cc_governor,cc_governor,408811,59210,517334,647320,108500,132,120620,39574,220274,281992,99661,3314,adios,0,adios,0,adios,0,58.3,63.4,55.0,40.0,61.1,46.9,32,3886000,899000,40.0,,,18.41,122844,,1,2000
1790368503,2026-09-25T20:35:03Z,159991,1790208587,6.1.187-android14-11-SAGA,49646d1b0cd1,cc_governor,cc_governor,454266,61867,576684,716482,122425,140,130142,42765,245590,312240,115478,3618,adios,0,adios,0,adios,0,57.6,59.7,,40.0,62.8,47.9,32,3888000,33500,40.0,,,18.78,112196,,1,2000
1790368539,2026-09-25T20:35:39Z,160027,1790208587,6.1.187-android14-11-SAGA,49646d1b0cd1,cc_governor,cc_governor,498221,62649,636705,783382,138373,147,148492,43707,281321,351458,132818,3934,adios,0,adios,0,adios,0,51.9,51.4,,40.0,52.2,46.2,32,3890000,951500,40.0,,,20.27,88468,,1,2000
1790368583,2026-09-25T20:36:23Z,160071,1790208587,6.1.187-android14-11-SAGA,49646d1b0cd1,cc_governor,cc_governor,552765,67390,705670,864602,152900,191,196128,49054,342127,422317,146000,4907,adios,0,adios,0,adios,0,58.1,57.0,,40.0,63.2,47.8,32,3776000,-816000,40.0,,,21.61,114596,,1,2000
1790368621,2026-09-25T20:37:02Z,160110,1790208587,6.1.187-android14-11-SAGA,49646d1b0cd1,cc_governor,cc_governor,625819,67939,792098,959206,166157,218,274494,49790,433676,517143,159115,5644,adios,0,adios,0,adios,0,62.5,64.2,58.2,40.0,72.6,49.5,32,3756000,-717700,40.0,,,23.43,133220,,1,2000
1790368659,2026-09-25T20:37:39Z,160148,1790208587,6.1.187-android14-11-SAGA,49646d1b0cd1,cc_governor,cc_governor,700061,68440,878262,1053728,178154,247,347927,50183,521664,607514,173720,6253,adios,0,adios,0,adios,0,62.4,62.4,,40.0,62.0,48.5,32,3763000,-1044900,40.0,,,23.82,89788,,1,2000
1790368698,2026-09-25T20:38:18Z,160186,1790208587,6.1.187-android14-11-SAGA,49646d1b0cd1,cc_governor,cc_governor,757135,69464,951011,1137658,193748,272,381883,51369,574240,665223,192204,6907,adios,0,adios,0,adios,0,63.1,67.1,,40.0,68.0,49.5,32,3746000,-1585000,41.0,,,23.15,122040,,1,2000
1790368735,2026-09-25T20:38:55Z,160223,1790208587,6.1.187-android14-11-SAGA,49646d1b0cd1,cc_governor,cc_governor,806348,71840,1014770,1211802,208284,292,413494,53448,622315,717216,208705,7404,adios,0,adios,0,adios,0,64.5,62.4,57.6,40.0,66.1,48.9,31,3754000,-1023500,41.0,,,26.17,89272,,1,2000
1790368771,2026-09-25T20:39:31Z,160260,1790208587,6.1.187-android14-11-SAGA,49646d1b0cd1,cc_governor,cc_governor,833193,74633,1060194,1266602,226978,322,429603,55999,656496,754875,226875,7850,adios,0,adios,0,adios,0,57.4,57.5,54.4,40.0,66.5,48.2,31,3750000,-1224300,40.0,,,23.30,104392,,1,2000
1790368809,2026-09-25T20:40:09Z,160298,1790208587,6.1.187-android14-11-SAGA,49646d1b0cd1,cc_governor,cc_governor,864428,78103,1109558,1327064,244965,347,450485,59153,695176,798193,244605,8357,adios,0,adios,0,adios,0,59.8,57.4,,40.0,67.5,47.5,31,3750000,-1335400,40.0,,,22.23,99904,,1,2000
1790368846,2026-09-25T20:40:46Z,160334,1790208587,6.1.187-android14-11-SAGA,49646d1b0cd1,cc_governor,cc_governor,940599,78215,1197254,1425366,256525,367,491986,59288,753937,859253,261934,8869,adios,0,adios,0,adios,0,66.9,69.1,59.7,40.0,70.8,49.6,31,3734000,-1065600,40.0,,,23.53,102280,,1,2000
1790368884,2026-09-25T20:41:24Z,160372,1790208587,6.1.187-android14-11-SAGA,49646d1b0cd1,cc_governor,cc_governor,1018222,81541,1283447,1524271,265072,415,532601,63829,808185,919954,275597,9479,adios,0,adios,0,adios,0,64.0,67.6,,40.0,72.1,49.8,31,3744000,-1130900,40.0,,,24.26,127776,,1,2000
1790368921,2026-09-25T20:42:01Z,160410,1790208587,6.1.187-android14-11-SAGA,49646d1b0cd1,cc_governor,cc_governor,1086949,86405,1360756,1615596,273808,445,572584,70774,859307,979790,286739,10037,adios,0,adios,0,adios,0,58.6,60.5,55.6,40.0,65.8,48.2,31,3752000,-816000,40.0,,,21.64,98640,,1,2000
1790368958,2026-09-25T20:42:38Z,160446,1790208587,6.1.187-android14-11-SAGA,49646d1b0cd1,cc_governor,cc_governor,1136705,89087,1424278,1688843,287371,454,597544,73819,900309,1024972,302751,10438,adios,0,adios,0,adios,0,62.7,65.8,57.3,40.0,67.0,48.8,30,3730000,-983800,40.0,,,21.71,104268,,1,2000
1790368995,2026-09-25T20:43:15Z,160483,1790208587,6.1.187-android14-11-SAGA,49646d1b0cd1,cc_governor,cc_governor,1220982,92205,1515906,1792000,294873,468,686536,77132,997934,1129070,311314,11054,adios,0,adios,0,adios,0,57.4,61.6,56.2,40.0,63.4,48.2,30,3755000,-861200,40.0,,,24.24,117236,,1,2000
1790369033,2026-09-25T20:43:53Z,160522,1790208587,6.1.187-android14-11-SAGA,49646d1b0cd1,cc_governor,cc_governor,1296334,95657,1600648,1888311,304075,497,773132,80848,1093605,1231796,320314,11676,adios,0,adios,0,adios,0,59.8,58.1,54.8,40.0,60.9,47.9,30,3752000,-973500,40.0,,,23.25,127968,,1,2000
1790369073,2026-09-25T20:44:33Z,160561,1790208587,6.1.187-android14-11-SAGA,49646d1b0cd1,cc_governor,cc_governor,1370990,99024,1686355,1985924,315069,554,838028,84581,1171726,1316258,333496,12459,adios,0,adios,0,adios,0,58.8,57.8,,40.0,60.5,47.7,30,3737000,-869700,40.0,,,23.39,83480,,1,2000
1790369116,2026-09-25T20:45:16Z,160604,1790208587,6.1.187-android14-11-SAGA,49646d1b0cd1,cc_governor,cc_governor,1458765,103804,1783141,2099697,324281,690,905307,90423,1250849,1404440,345551,13785,adios,0,adios,0,adios,0,61.6,65.0,57.4,40.0,63.7,48.8,30,3739000,-902100,40.0,,,23.24,105808,,1,2000
1790369153,2026-09-25T20:45:53Z,160641,1790208587,6.1.187-android14-11-SAGA,49646d1b0cd1,cc_governor,cc_governor,1529733,106913,1863594,2191667,333685,705,970862,94224,1327688,1486881,356791,14300,adios,0,adios,0,adios,0,65.0,65.4,58.4,40.0,69.8,49.6,29,3757000,-1030800,41.0,,,26.04,109896,,1,2000
1790369190,2026-09-25T20:46:30Z,160679,1790208587,6.1.187-android14-11-SAGA,49646d1b0cd1,cc_governor,cc_governor,1574135,114118,1919409,2261477,345103,744,1012249,101463,1381569,1549750,369318,14904,adios,0,adios,0,adios,0,60.2,62.1,55.5,41.0,59.7,48.1,29,3730000,-917300,40.0,,,22.79,78192,,1,2000
1790369229,2026-09-25T20:47:09Z,160718,1790208587,6.1.187-android14-11-SAGA,49646d1b0cd1,cc_governor,cc_governor,1657984,116762,2012197,2365790,354196,786,1084964,104900,1466030,1639876,381087,15649,adios,0,adios,0,adios,0,60.3,63.4,57.2,40.0,67.3,48.9,29,3709000,-1206000,40.0,,,22.44,116604,,1,2000
1790369266,2026-09-25T20:47:46Z,160754,1790208587,6.1.187-android14-11-SAGA,49646d1b0cd1,cc_governor,cc_governor,1702025,119734,2071121,2435685,369051,802,1126424,107916,1522341,1700833,395884,16117,adios,0,adios,0,adios,0,59.1,57.0,55.4,40.0,66.8,48.3,29,3736000,-986300,41.0,,,21.33,124956,,1,2000
1790369304,2026-09-25T20:48:24Z,160793,1790208587,6.1.187-android14-11-SAGA,49646d1b0cd1,cc_governor,cc_governor,1787633,122627,2165455,2541324,377647,853,1208328,111665,1614471,1799279,406111,16874,adios,0,adios,0,adios,0,58.8,58.8,55.1,40.0,72.1,49.0,29,3719000,-1109000,40.0,,,24.16,115972,,1,2000
1790369343,2026-09-25T20:49:03Z,160832,1790208587,6.1.187-android14-11-SAGA,49646d1b0cd1,cc_governor,cc_governor,1845365,128900,2233615,2624017,388194,895,1251814,118224,1670004,1862970,418191,17625,adios,0,adios,0,adios,0,62.9,67.2,58.4,40.0,69.6,49.6,29,3718000,-1165100,40.0,,,22.91,72192,,1,2000
1790369382,2026-09-25T20:49:42Z,160870,1790208587,6.1.187-android14-11-SAGA,49646d1b0cd1,cc_governor,cc_governor,1905438,134894,2303671,2710881,398218,979,1289741,125387,1719905,1921917,430150,18206,adios,0,adios,0,adios,0,60.1,62.4,55.8,40.0,64.7,48.7,28,3747000,-779400,41.0,,,23.14,111492,,1,2000
1790369418,2026-09-25T20:50:18Z,160907,1790208587,6.1.187-android14-11-SAGA,49646d1b0cd1,cc_governor,cc_governor,1931917,139878,2346489,2765103,414566,992,1305559,130337,1751900,1959545,446364,18611,adios,0,adios,0,adios,0,56.8,59.8,53.5,40.0,58.6,47.3,28,3736000,-766600,40.0,,,23.86,95048,,1,2000
1790369456,2026-09-25T20:50:56Z,160945,1790208587,6.1.187-android14-11-SAGA,49646d1b0cd1,cc_governor,cc_governor,2002458,143784,2426536,2856578,424057,1019,1379369,134516,1836138,2049967,456670,19161,adios,0,adios,0,adios,0,59.7,62.8,55.8,40.0,66.8,48.4,28,3722000,-1304900,40.0,,,23.84,83952,,1,2000
1790369495,2026-09-25T20:51:35Z,160983,1790208587,6.1.187-android14-11-SAGA,49646d1b0cd1,cc_governor,cc_governor,2081861,150398,2511601,2957131,429675,1042,1449928,141959,1915070,2138581,465089,19833,adios,0,adios,0,adios,0,58.6,61.8,,40.0,74.4,50.3,28,3686000,-1620400,40.0,,,27.50,28916,,1,2000
1790369539,2026-09-25T20:52:19Z,161028,1790208587,6.1.187-android14-11-SAGA,49646d1b0cd1,cc_governor,cc_governor,2167405,152099,2606006,3063984,438582,1484,1509035,144544,1986912,2218135,477792,20921,adios,0,adios,0,adios,6,67.8,70.4,60.9,40.0,75.1,50.9,28,3703000,-1262200,40.0,,,29.44,115940,,1,2000
1790369578,2026-09-25T20:52:58Z,161066,1790208587,6.1.187-android14-11-SAGA,49646d1b0cd1,cc_governor,cc_governor,2263789,155508,2708264,3180018,444406,1556,1569793,150675,2057902,2298009,487957,21655,adios,0,adios,0,adios,0,66.2,68.2,59.8,41.0,73.5,50.7,27,3720000,-1391600,41.0,,,28.58,132724,,1,2000
1790369615,2026-09-25T20:53:35Z,161104,1790208587,6.1.187-android14-11-SAGA,49646d1b0cd1,cc_governor,cc_governor,2342857,157593,2797497,3280603,454625,1617,1638323,152798,2139250,2384783,500914,22365,adios,0,adios,0,adios,0,65.5,65.7,59.4,41.0,69.4,50.2,27,3710000,-1304900,41.0,,,27.38,139616,,1,2000
1790369652,2026-09-25T20:54:12Z,161141,1790208587,6.1.187-android14-11-SAGA,49646d1b0cd1,cc_governor,cc_governor,2377892,162038,2847628,3341598,469714,1631,1675540,156960,2191168,2442395,515550,22815,adios,0,adios,0,adios,0,64.7,66.4,57.3,41.0,70.3,49.4,27,3717000,-816000,41.0,,,26.65,88452,,1,2000
1790369689,2026-09-25T20:54:49Z,161178,1790208587,6.1.187-android14-11-SAGA,49646d1b0cd1,cc_governor,cc_governor,2462898,165704,2939146,3446343,476221,1662,1728337,163699,2253477,2513703,524997,23312,adios,0,adios,0,adios,0,66.1,65.7,59.2,41.0,70.4,50.1,27,3700000,-1181600,41.0,,,25.65,103240,,1,2000
1790369726,2026-09-25T20:55:26Z,161215,1790208587,6.1.187-android14-11-SAGA,49646d1b0cd1,cc_governor,cc_governor,2501947,170428,2992123,3513729,490171,1683,1753272,168898,2292429,2559468,539157,23734,adios,0,adios,0,adios,0,63.7,62.2,57.1,41.0,64.3,49.2,27,3726000,-1058900,41.0,,,23.79,108936,,1,2000
1790369762,2026-09-25T20:56:02Z,161251,1790208587,6.1.187-android14-11-SAGA,49646d1b0cd1,cc_governor,cc_governor,2562297,176256,3060970,3596911,498481,1697,1784484,176089,2334666,2610050,550090,24135,adios,0,adios,0,adios,0,63.1,67.3,59.6,41.0,73.3,50.4,27,3714000,-1148600,41.0,,,22.81,123348,,1,2000
1790369800,2026-09-25T20:56:40Z,161288,1790208587,6.1.187-android14-11-SAGA,49646d1b0cd1,cc_governor,cc_governor,2654315,178871,3159917,3709978,505376,1744,1870086,179225,2430117,2711658,559945,24767,adios,0,adios,0,adios,0,69.4,71.5,61.5,41.0,75.7,51.6,26,3684000,-1370200,41.0,,,24.66,82672,,1,2000
1790369838,2026-09-25T20:57:18Z,161326,1790208587,6.1.187-android14-11-SAGA,49646d1b0cd1,cc_governor,cc_governor,2715520,181598,3233361,3794039,517805,1798,1910036,182902,2484242,2772187,574197,25375,adios,0,adios,0,adios,0,59.9,65.4,,41.0,60.4,48.4,26,3724000,-659100,41.0,,,21.64,83932,,1,2000
1790369874,2026-09-25T20:57:54Z,161362,1790208587,6.1.187-android14-11-SAGA,49646d1b0cd1,cc_governor,cc_governor,2770460,183706,3300409,3870943,529911,1798,1927179,185561,2516541,2809015,589368,25660,adios,0,adios,0,adios,0,56.2,60.6,54.0,41.0,63.5,47.8,26,3728000,-779400,41.0,,,21.28,70232,,1,2000
1790369909,2026-09-25T20:58:29Z,161398,1790208587,6.1.187-android14-11-SAGA,49646d1b0cd1,cc_governor,cc_governor,2812999,186226,3354782,3937122,541704,1824,1947028,188191,2549850,2849842,602798,25975,adios,0,adios,0,adios,14,67.1,70.1,,41.0,74.5,50.5,26,3667000,-1437900,41.0,,,25.08,477628,,1,2000
1790369947,2026-09-25T20:59:07Z,161436,1790208587,6.1.187-android14-11-SAGA,49646d1b0cd1,cc_governor,cc_governor,2840701,189064,3399414,3996070,558662,1881,1958258,189461,2572451,2875275,614159,26515,adios,0,adios,0,adios,0,56.0,55.6,,41.0,64.4,46.9,26,3715000,-711000,41.0,,,22.36,144496,,1,2000
1790369983,2026-09-25T20:59:43Z,161472,1790208587,6.1.187-android14-11-SAGA,49646d1b0cd1,cc_governor,cc_governor,2853365,193069,3422665,4027585,569288,1891,1964780,190256,2583336,2887383,618556,26873,adios,0,adios,0,adios,0,50.2,49.9,47.9,40.0,53.3,44.3,26,3722000,-671900,40.0,,,19.99,175992,,1,2000
1790370019,2026-09-25T21:00:19Z,161507,1790208587,6.1.187-android14-11-SAGA,49646d1b0cd1,cc_governor,cc_governor,2855677,199253,3432893,4045704,577238,1893,1966028,191717,2586219,2892237,620195,27201,adios,0,adios,0,adios,0,48.1,49.9,,40.0,51.0,43.2,26,3738000,-597500,39.0,,,18.33,120948,,1,2000
1790370054,2026-09-25T21:00:54Z,161543,1790208587,6.1.187-android14-11-SAGA,49646d1b0cd1,cc_governor,cc_governor,2856529,207337,3438676,4060830,582147,1896,1966309,192923,2587107,2894406,620798,27520,adios,0,adios,0,adios,0,44.9,45.5,,39.0,48.5,41.5,26,3736000,-651200,39.0,,,17.08,91524,,1,2000
1790370101,2026-09-25T21:01:41Z,161589,1790208587,6.1.187-android14-11-SAGA,49646d1b0cd1,cc_governor,cc_governor,6679,280,8271,10019,1482,7,3673,171,5121,5860,1453,46,adios,0,adios,0,adios,0,52.4,49.0,,38.0,50.7,42.1,25,3718000,-892900,38.0,,,16.62,153564,,1,2000
1790370136,2026-09-25T21:02:16Z,161625,1790208587,6.1.187-android14-11-SAGA,49646d1b0cd1,cc_governor,cc_governor,20955,8944,32415,47367,11471,12,6165,1931,12118,14977,5967,380,adios,0,adios,0,adios,0,45.5,45.4,,38.0,47.3,40.7,25,3741000,-431500,37.0,,,16.88,111800,,1,2000
1790370172,2026-09-25T21:02:52Z,161660,1790208587,6.1.187-android14-11-SAGA,49646d1b0cd1,cc_governor,cc_governor,22763,19563,41556,68906,18791,14,6317,3484,13738,18290,7421,686,adios,0,adios,0,adios,0,42.9,43.3,,37.0,46.9,39.4,25,3742000,-409500,37.0,,,16.32,85960,,1,2000
1790370207,2026-09-25T21:03:27Z,161695,1790208587,6.1.187-android14-11-SAGA,49646d1b0cd1,cc_governor,cc_governor,23819,33842,45102,88069,21283,16,6433,5284,13999,20392,7566,987,adios,0,adios,0,adios,0,42.9,45.3,,36.0,45.4,38.8,25,3738000,-407100,36.0,,,16.49,112316,,1,2000
1790370242,2026-09-25T21:04:02Z,161730,1790208587,6.1.187-android14-11-SAGA,49646d1b0cd1,cc_governor,cc_governor,33176,46203,59477,118324,26301,17,8851,9603,18215,29464,9364,1295,adios,0,adios,0,adios,0,43.0,43.0,,36.0,46.1,39.0,25,3735000,-403400,36.0,,,16.66,143240,,1,2000
1790370277,2026-09-25T21:04:37Z,161766,1790208587,6.1.187-android14-11-SAGA,49646d1b0cd1,cc_governor,cc_governor,46275,53205,80758,152625,34427,19,16368,10929,31242,45487,14890,1617,adios,0,adios,0,adios,0,49.7,50.8,50.3,36.0,63.4,41.9,25,3668000,-1491000,36.0,,,18.85,120796,,1,2000
1790370314,2026-09-25T21:05:14Z,161802,1790208587,6.1.187-android14-11-SAGA,49646d1b0cd1,cc_governor,cc_governor,54971,58660,99008,179967,44037,38,22163,12000,41231,57327,19068,2048,adios,0,adios,0,adios,0,42.7,45.8,,36.0,45.9,39.2,25,3732000,-317300,36.0,,,17.57,139988,,1,2000
1790370349,2026-09-25T21:05:49Z,161837,1790208587,6.1.187-android14-11-SAGA,49646d1b0cd1,cc_governor,cc_governor,77910,62349,133155,227109,55264,133,41568,13746,67130,88449,25577,2445,adios,0,adios,0,adios,0,63.7,65.5,55.5,36.0,60.0,44.7,25,3695000,-968600,36.0,,,22.52,117676,,1,2000
1790370389,2026-09-25T21:06:29Z,161877,1790208587,6.1.187-android14-11-SAGA,49646d1b0cd1,cc_governor,cc_governor,96530,65414,169215,270706,72700,566,48851,15337,83702,108431,34863,3010,adios,0,adios,0,adios,0,46.1,47.6,,37.0,49.3,40.9,25,3724000,-427200,37.0,,,21.23,116456,,1,2000
1790370424,2026-09-25T21:07:04Z,161912,1790208587,6.1.187-android14-11-SAGA,49646d1b0cd1,cc_governor,cc_governor,106336,71719,193754,304369,87389,568,49275,17113,88188,115020,38913,3315,adios,0,adios,0,adios,0,45.1,45.4,,37.0,49.6,40.1,25,3726000,-419900,37.0,,,19.37,82160,,1,2000
1790370459,2026-09-25T21:07:39Z,161947,1790208587,6.1.187-android14-11-SAGA,49646d1b0cd1,cc_governor,cc_governor,115526,82548,212755,336757,97247,570,49609,20146,91062,121211,41469,3603,adios,0,adios,0,adios,0,46.4,45.9,,36.0,48.7,39.9,25,3738000,-288000,36.0,,,18.35,128336,,1,2000
1790370494,2026-09-25T21:08:14Z,161982,1790208587,6.1.187-android14-11-SAGA,49646d1b0cd1,cc_governor,cc_governor,126640,87975,239666,371946,113011,571,49905,21645,95295,127213,45389,3884,adios,0,adios,0,adios,0,44.2,46.9,,36.0,49.1,39.8,25,3731000,-371000,36.0,,,18.81,117856,,1,2000
1790370529,2026-09-25T21:08:49Z,162017,1790208587,6.1.187-android14-11-SAGA,49646d1b0cd1,cc_governor,cc_governor,137279,97675,261179,405908,123900,573,50659,24962,98796,134410,48137,4175,adios,0,adios,0,adios,0,45.1,45.2,,36.0,48.1,39.7,25,3713000,-490100,36.0,,,17.95,105960,,1,2000
1790370578,2026-09-25T21:09:38Z,162066,1790208587,6.1.187-android14-11-SAGA,49646d1b0cd1,cc_governor,cc_governor,605,44,1074,1317,407,0,1193,95,1357,1678,162,16,adios,0,adios,0,adios,0,49.4,45.0,,36.0,42.8,37.7,24,3739000,-231900,36.0,,,18.53,129832,,1,2000
1790370682,2026-09-25T21:11:22Z,162171,1790208587,6.1.187-android14-11-SAGA,49646d1b0cd1,cc_governor,cc_governor,0,0,252,273,265,0,0,0,47,51,52,13,adios,0,adios,0,adios,0,40.9,39.4,,36.0,44.6,37.4,24,3727000,-377800,35.0,,,69.91,99092,,1,2000
1790370727,2026-09-25T21:12:07Z,162215,1790208587,6.1.187-android14-11-SAGA,49646d1b0cd1,cc_governor,cc_governor,24845,555,37805,44809,12974,1,11986,425,22899,26069,10925,37,adios,0,adios,0,adios,0,49.0,48.3,45.7,36.0,53.5,40.9,24,3697000,-1047900,36.0,,,47.09,101932,,1,2000
1790370763,2026-09-25T21:12:43Z,162251,1790208587,6.1.187-android14-11-SAGA,49646d1b0cd1,cc_governor,cc_governor,48682,5586,75809,93802,27126,4,18283,3460,39472,46703,21203,363,adios,0,adios,0,adios,0,50.4,48.8,,36.0,48.5,40.7,24,3700000,-531000,36.0,,,34.20,121324,,1,2000
1790370798,2026-09-25T21:13:18Z,162287,1790208587,6.1.187-android14-11-SAGA,49646d1b0cd1,cc_governor,cc_governor,69153,7410,112296,137790,43152,8,28083,4039,59304,68909,31229,710,adios,0,adios,0,adios,0,49.8,50.2,,36.0,51.0,41.3,24,3710000,-630400,36.0,,,26.81,138652,,1,2000
1790370834,2026-09-25T21:13:54Z,162322,1790208587,6.1.187-android14-11-SAGA,49646d1b0cd1,cc_governor,cc_governor,76417,21046,126129,168037,49711,13,29557,8301,63592,77879,34039,1002,adios,0,adios,0,adios,0,46.0,47.7,,36.0,49.1,40.3,24,3718000,-442500,36.0,,,25.01,95288,,1,2000
1790370874,2026-09-25T21:14:34Z,162362,1790208587,6.1.187-android14-11-SAGA,49646d1b0cd1,cc_governor,cc_governor,0,0,92,107,105,0,30,0,78,80,51,13,adios,0,adios,0,adios,0,43.7,46.9,,36.0,46.7,39.7,24,3732000,-172700,36.0,,,77.57,562568,,1,2000
1790370918,2026-09-25T21:15:18Z,162406,1790208587,6.1.187-android14-11-SAGA,49646d1b0cd1,cc_governor,cc_governor,58,27,860,934,802,0,95,21,221,249,126,15,adios,0,adios,0,adios,0,43.4,45.0,,36.0,46.5,39.4,24,3723000,-506500,36.0,,,50.07,563628,,1,2000
1790370953,2026-09-25T21:15:53Z,162442,1790208587,6.1.187-android14-11-SAGA,49646d1b0cd1,cc_governor,cc_governor,14374,10123,20127,33761,5753,5,5728,3344,9094,12916,3366,120,adios,0,adios,0,adios,0,44.0,45.1,,36.0,47.9,39.8,24,3721000,-424800,36.0,,,35.64,130996,,1,2000
1790370988,2026-09-25T21:16:28Z,162477,1790208587,6.1.187-android14-11-SAGA,49646d1b0cd1,cc_governor,cc_governor,31083,15564,47813,72326,16727,6,15577,5530,24877,32821,9300,430,adios,0,adios,0,adios,0,50.0,55.2,,36.0,67.4,43.9,24,3636000,-1549000,35.0,,,28.87,110804,,1,2000
1790371028,2026-09-25T21:17:08Z,162516,1790208587,6.1.187-android14-11-SAGA,49646d1b0cd1,cc_governor,cc_governor,63571,19916,96381,132791,32792,72,35057,8273,54260,66982,19203,1015,adios,0,adios,0,adios,0,46.3,46.9,,36.0,49.0,41.0,23,3707000,-411900,36.0,,,24.67,149040,,1,2000
1790371066,2026-09-25T21:17:46Z,162554,1790208587,6.1.187-android14-11-SAGA,49646d1b0cd1,cc_governor,cc_governor,9,0,372,398,372,0,266,0,372,379,110,17,adios,0,adios,0,adios,0,43.5,43.0,,36.0,46.6,39.4,23,3728000,-373500,36.0,,,20.75,147152,,1,2000
1790371112,2026-09-25T21:18:32Z,162600,1790208587,6.1.187-android14-11-SAGA,49646d1b0cd1,cc_governor,cc_governor,10,0,130,172,136,0,8,0,30,32,23,5,adios,0,adios,0,adios,0,42.4,43.7,,36.0,44.9,38.8,23,3705000,-565700,36.0,,,18.75,130120,,1,2000
1790371160,2026-09-25T21:19:20Z,162649,1790208587,6.1.187-android14-11-SAGA,49646d1b0cd1,cc_governor,cc_governor,117,308,1492,1880,1375,0,436,36,650,699,214,16,adios,0,adios,0,adios,0,42.7,43.1,,36.0,49.4,38.7,23,3735000,-288000,35.0,,,20.13,179724,,1,2000
1790371206,2026-09-25T21:20:06Z,162695,1790208587,6.1.187-android14-11-SAGA,49646d1b0cd1,cc_governor,cc_governor,0,0,21,27,30,0,21,0,57,60,40,9,adios,0,adios,0,adios,0,41.4,44.1,,36.0,45.1,38.5,23,3728000,-393000,35.0,,,18.32,128120,,1,2000
1790371258,2026-09-25T21:20:58Z,162747,1790208587,6.1.187-android14-11-SAGA,49646d1b0cd1,cc_governor,cc_governor,6,0,66,79,76,0,82,0,126,127,47,15,adios,0,adios,0,adios,0,41.3,41.6,,35.0,45.7,38.1,23,3734000,-216600,35.0,,,17.81,118548,,1,2000
1790371322,2026-09-25T21:22:02Z,162810,1790208587,6.1.187-android14-11-SAGA,49646d1b0cd1,cc_governor,cc_governor,11,16,520,571,521,0,2,12,64,93,67,17,adios,0,adios,0,adios,0,40.8,41.9,,35.0,45.3,37.7,23,3729000,-358200,35.0,,,16.80,111640,,1,2000
1790371419,2026-09-25T21:23:39Z,162907,1790208587,6.1.187-android14-11-SAGA,49646d1b0cd1,cc_governor,cc_governor,7,0,161,190,162,0,25,0,82,87,61,17,adios,0,adios,0,adios,0,41.0,42.1,,35.0,42.2,36.9,23,3723000,-485200,35.0,,,16.73,162068,,1,2000
1790371472,2026-09-25T21:24:32Z,162961,1790208587,6.1.187-android14-11-SAGA,49646d1b0cd1,cc_governor,cc_governor,19375,474,25920,30630,6485,4,11572,333,16985,18732,5409,80,adios,0,adios,0,adios,0,49.4,47.7,,35.0,48.9,40.3,23,3715000,-604200,35.0,,,17.61,200284,,1,2000
1790371508,2026-09-25T21:25:08Z,162996,1790208587,6.1.187-android14-11-SAGA,49646d1b0cd1,cc_governor,cc_governor,39752,6898,58472,75743,18742,5,15253,3460,27590,33078,12347,386,adios,0,adios,0,adios,0,46.6,46.4,,35.0,49.5,39.8,23,3705000,-1083300,35.0,,,18.54,132352,,1,2000
1790371543,2026-09-25T21:25:43Z,163032,1790208587,6.1.187-android14-11-SAGA,49646d1b0cd1,cc_governor,cc_governor,56348,8023,94833,120363,38506,10,17151,3982,41127,47684,23986,716,adios,0,adios,0,adios,0,50.0,49.0,,35.0,52.9,40.8,23,3703000,-894100,35.0,,,18.83,102764,,1,2000
1790371579,2026-09-25T21:26:19Z,163068,1790208587,6.1.187-android14-11-SAGA,49646d1b0cd1,cc_governor,cc_governor,95355,9771,148738,185512,53401,15,31699,5066,67106,76570,35413,1077,adios,0,adios,0,adios,0,51.5,49.9,,35.0,54.5,42.1,22,3697000,-870900,35.0,,,19.60,113980,,1,2000
1790371615,2026-09-25T21:26:55Z,163103,1790208587,6.1.187-android14-11-SAGA,49646d1b0cd1,cc_governor,cc_governor,130937,12459,198417,243007,67489,19,47583,6551,92582,105284,44971,1454,adios,0,adios,0,adios,0,49.0,48.4,,36.0,50.5,41.2,22,3705000,-432700,36.0,,,19.06,121156,,1,2000
1790371762,2026-09-25T21:29:22Z,163251,1790208587,6.1.187-android14-11-SAGA,49646d1b0cd1,cc_governor,cc_governor,5,0,319,339,322,0,229,0,300,310,75,12,adios,0,adios,0,adios,0,38.7,39.6,37.3,34.0,59.9,38.1,22,3679000,-1294500,34.0,,,17.75,122820,,1,2000
1790371818,2026-09-25T21:30:18Z,163306,1790208587,6.1.187-android14-11-SAGA,49646d1b0cd1,cc_governor,cc_governor,21852,588,39924,47546,18089,26,13550,390,23916,27141,10372,364,adios,0,adios,0,adios,0,49.3,49.5,,34.0,49.2,40.0,22,3713000,-442500,35.0,,,19.03,122856,,1,2000
1790371853,2026-09-25T21:30:53Z,163342,1790208587,6.1.187-android14-11-SAGA,49646d1b0cd1,cc_governor,cc_governor,32155,6375,63330,79729,31133,29,18126,3566,34486,41611,16358,683,adios,0,adios,0,adios,0,46.6,45.3,,35.0,46.8,39.2,22,3697000,-1311000,35.0,,,19.19,99640,,1,2000
1790371889,2026-09-25T21:31:29Z,163377,1790208587,6.1.187-android14-11-SAGA,49646d1b0cd1,cc_governor,cc_governor,37130,18699,73485,103951,36342,32,22476,7101,41292,52143,18816,990,adios,0,adios,0,adios,0,45.2,45.5,42.7,35.0,50.1,39.1,22,3709000,-410700,35.0,,,18.51,142948,,1,2000
1790371924,2026-09-25T21:32:04Z,163412,1790208587,6.1.187-android14-11-SAGA,49646d1b0cd1,cc_governor,cc_governor,45906,30176,89836,134769,43958,33,27733,12583,50078,66965,22348,1308,adios,0,adios,0,adios,0,47.5,52.2,45.9,35.0,55.0,40.3,22,3708000,-387500,35.0,,,18.37,84804,,1,2000
1790371960,2026-09-25T21:32:40Z,163448,1790208587,6.1.187-android14-11-SAGA,49646d1b0cd1,cc_governor,cc_governor,59692,38798,113999,172084,54307,36,35344,15860,64601,86479,29257,1676,adios,0,adios,0,adios,0,47.8,49.8,44.9,35.0,51.8,40.4,21,3708000,-510200,35.0,,,18.61,165992,,1,2000
1790371996,2026-09-25T21:33:16Z,163484,1790208587,6.1.187-android14-11-SAGA,49646d1b0cd1,cc_governor,cc_governor,83962,44951,150361,221859,66366,39,51105,19521,89512,116402,38386,1990,adios,0,adios,0,adios,0,49.5,50.8,,35.0,58.2,41.3,21,3693000,-656100,35.0,,,18.12,71732,,1,2000
1790372032,2026-09-25T21:33:52Z,163520,1790208587,6.1.187-android14-11-SAGA,49646d1b0cd1,cc_governor,cc_governor,107033,47925,191002,271836,83965,43,59966,21376,110141,139678,50175,2341,adios,0,adios,0,adios,0,47.3,48.2,44.9,36.0,51.4,40.7,21,3691000,-468100,36.0,,,18.59,121580,,1,2000
1790372067,2026-09-25T21:34:27Z,163555,1790208587,6.1.187-android14-11-SAGA,49646d1b0cd1,cc_governor,cc_governor,122483,57393,217359,312388,94867,43,63986,25513,120069,154448,56081,2643,adios,0,adios,0,adios,0,46.3,49.0,45.7,36.0,52.2,40.7,21,3694000,-571800,36.0,,,18.70,109764,,1,2000
1790372102,2026-09-25T21:35:02Z,163591,1790208587,6.1.187-android14-11-SAGA,49646d1b0cd1,cc_governor,cc_governor,135637,65178,243836,350603,108193,45,66234,27902,127233,164355,60999,2957,adios,0,adios,0,adios,0,46.7,48.0,,36.0,50.9,40.3,21,3683000,-849600,36.0,,,19.02,107084,,1,2000
1790372138,2026-09-25T21:35:38Z,163626,1790208587,6.1.187-android14-11-SAGA,49646d1b0cd1,cc_governor,cc_governor,148736,77987,265252,388387,116516,49,67412,32374,131817,173657,64405,3269,adios,0,adios,0,adios,0,44.5,44.6,43.0,36.0,47.6,39.9,21,3715000,-410700,36.0,,,19.08,100452,,1,2000
1790372173,2026-09-25T21:36:13Z,163662,1790208587,6.1.187-android14-11-SAGA,49646d1b0cd1,cc_governor,cc_governor,159319,89970,282353,420740,123034,52,68816,36287,135629,181599,66813,3581,adios,0,adios,0,adios,0,44.1,45.4,,36.0,61.4,40.4,21,3688000,-963100,36.0,,,19.44,127208,,1,2000
1790372209,2026-09-25T21:36:49Z,163697,1790208587,6.1.187-android14-11-SAGA,49646d1b0cd1,cc_governor,cc_governor,181671,100815,313057,465296,131411,69,77054,39713,148222,198757,71173,3970,adios,0,adios,0,adios,0,46.9,53.2,47.2,36.0,51.7,41.2,21,3700000,-383900,36.0,,,18.71,115388,,1,2000
1790372245,2026-09-25T21:37:25Z,163733,1790208587,6.1.187-android14-11-SAGA,49646d1b0cd1,cc_governor,cc_governor,188862,110483,325211,489344,136214,81,81135,41025,154727,206943,73598,4383,adios,0,adios,0,adios,0,46.3,48.4,,36.0,53.0,40.5,20,3677000,-490100,36.0,,,18.03,87044,,1,2000
1790372281,2026-09-25T21:38:01Z,163769,1790208587,6.1.187-android14-11-SAGA,49646d1b0cd1,cc_governor,cc_governor,206761,119858,353655,532278,146860,88,87671,45139,167863,225110,80192,4676,adios,0,adios,0,adios,0,47.6,46.6,,36.0,48.7,40.6,20,3702000,-443100,36.0,,,18.65,127344,,1,2000
1790372377,2026-09-25T21:39:37Z,163865,1790208587,6.1.187-android14-11-SAGA,49646d1b0cd1,cc_governor,cc_governor,5800,39,8514,9813,2662,13,3213,33,5645,6294,2443,194,adios,0,adios,0,adios,0,48.8,48.6,45.2,35.0,50.9,39.6,20,3687000,-516900,35.0,,,54.95,156360,,1,2000
1790372433,2026-09-25T21:40:33Z,163922,1790208587,6.1.187-android14-11-SAGA,49646d1b0cd1,cc_governor,cc_governor,110,150,1514,1783,1404,0,147,43,268,322,121,16,adios,0,adios,0,adios,0,43.3,43.6,,35.0,44.7,38.3,20,3701000,-326500,35.0,,,37.38,102776,,1,2000
1790372469,2026-09-25T21:41:09Z,163957,1790208587,6.1.187-android14-11-SAGA,49646d1b0cd1,cc_governor,cc_governor,8356,6565,16459,25682,8115,10,2927,2393,5623,8362,2701,530,adios,0,adios,0,adios,0,42.5,42.8,,35.0,48.0,38.7,20,3701000,-534600,35.0,,,28.00,152828,,1,2000
1790372534,2026-09-25T21:42:14Z,164022,1790208587,6.1.187-android14-11-SAGA,49646d1b0cd1,cc_governor,cc_governor,52,0,419,456,383,0,79,0,192,199,117,14,adios,0,adios,0,adios,0,41.7,42.1,,35.0,45.3,38.0,20,3722000,-401600,36.0,,,23.19,189572,,1,2000
1790372726,2026-09-25T21:45:26Z,164214,1790208587,6.1.187-android14-11-SAGA,49646d1b0cd1,cc_governor,cc_governor,0,0,95,8,12,0,40,0,64,71,29,7,adios,0,adios,0,adios,0,41.1,41.3,,35.0,44.9,37.5,20,3712000,-395500,35.0,,,19.94,160604,,1,2000
1790372788,2026-09-25T21:46:28Z,164276,1790208587,6.1.187-android14-11-SAGA,49646d1b0cd1,cc_governor,cc_governor,25,0,251,278,240,0,77,0,179,182,105,13,adios,0,adios,0,adios,0,41.0,41.0,,35.0,44.0,37.6,20,3721000,-318600,35.0,,,18.58,154256,,1,2000
1790373072,2026-09-25T21:51:12Z,164560,1790208587,6.1.187-android14-11-SAGA,49646d1b0cd1,cc_governor,cc_governor,0,0,50,67,62,0,2,0,38,40,41,11,adios,0,adios,0,adios,0,39.6,38.9,,34.0,39.6,34.7,20,3725000,-260000,34.0,,,17.22,137488,,1,2000
1790373509,2026-09-25T21:58:29Z,164998,1790208587,6.1.187-android14-11-SAGA,49646d1b0cd1,cc_governor,cc_governor,21359,793,31944,38392,10607,18,12165,568,19889,22646,7731,124,adios,0,adios,0,adios,0,44.6,43.9,,34.0,47.6,38.0,20,3698000,-518100,34.0,,,18.52,152188,,1,2000
1790373544,2026-09-25T21:59:04Z,165033,1790208587,6.1.187-android14-11-SAGA,49646d1b0cd1,cc_governor,cc_governor,32032,14745,49734,73535,17701,21,12928,4987,23637,31241,10715,426,adios,0,adios,0,adios,0,43.2,43.5,,34.0,46.7,37.8,19,3704000,-493700,34.0,,,18.07,139624,,1,2000
1790373579,2026-09-25T21:59:39Z,165068,1790208587,6.1.187-android14-11-SAGA,49646d1b0cd1,cc_governor,cc_governor,43092,24448,72189,109116,29095,22,13362,8269,27838,39113,14476,705,adios,0,adios,0,adios,0,43.4,43.6,,34.0,47.3,38.0,19,3693000,-725000,34.0,,,18.84,125224,,1,2000
1790373615,2026-09-25T22:00:15Z,165103,1790208587,6.1.187-android14-11-SAGA,49646d1b0cd1,cc_governor,cc_governor,55887,32848,97698,146458,41833,24,14781,11695,33219,48391,18448,1006,adios,0,adios,0,adios,0,43.7,44.1,,34.0,54.0,38.5,19,3667000,-955800,34.0,,,18.46,124624,,1,2000
1790373650,2026-09-25T22:00:50Z,165138,1790208587,6.1.187-android14-11-SAGA,49646d1b0cd1,cc_governor,cc_governor,66375,45351,116650,181453,50275,28,15431,16038,36719,56668,21288,1291,adios,0,adios,0,adios,0,44.1,45.0,41.9,35.0,47.8,38.6,19,3693000,-694500,35.0,,,17.96,131404,,1,2000
1790373685,2026-09-25T22:01:25Z,165173,1790208587,6.1.187-android14-11-SAGA,49646d1b0cd1,cc_governor,cc_governor,76434,59058,133962,215630,57543,29,16527,20695,40066,65237,23543,1584,adios,0,adios,0,adios,0,49.4,48.1,,35.0,47.9,39.2,19,3698000,-331400,35.0,,,17.79,127664,,1,2000
1790373720,2026-09-25T22:02:00Z,165208,1790208587,6.1.187-android14-11-SAGA,49646d1b0cd1,cc_governor,cc_governor,86310,71016,153095,249957,66781,30,17341,24288,43937,72932,26599,1878,adios,0,adios,0,adios,0,44.9,47.2,,35.0,47.6,39.0,19,3701000,-516900,35.0,,,17.93,97388,,1,2000
1790373755,2026-09-25T22:02:35Z,165243,1790208587,6.1.187-android14-11-SAGA,49646d1b0cd1,cc_governor,cc_governor,97458,82079,174299,285603,76841,30,18195,28093,47869,80981,29674,2183,adios,0,adios,0,adios,0,44.2,44.7,,35.0,47.7,39.3,19,3692000,-571800,35.0,,,18.04,99140,,1,2000
1790373790,2026-09-25T22:03:10Z,165279,1790208587,6.1.187-android14-11-SAGA,49646d1b0cd1,cc_governor,cc_governor,111040,91953,198940,324207,87845,31,19144,32037,52228,89747,33023,2470,adios,0,adios,0,adios,0,53.5,46.8,,36.0,50.3,40.2,19,3693000,-379000,35.0,,,17.95,108104,,1,2000
1790373826,2026-09-25T22:03:46Z,165314,1790208587,6.1.187-android14-11-SAGA,49646d1b0cd1,cc_governor,cc_governor,133919,100796,231277,371386,97356,41,28561,36492,68350,111609,39787,2804,adios,0,adios,0,adios,0,46.6,46.0,,36.0,48.9,40.4,18,3684000,-577300,36.0,,,19.80,177972,,1,2000
1790373861,2026-09-25T22:04:21Z,165349,1790208587,6.1.187-android14-11-SAGA,49646d1b0cd1,cc_governor,cc_governor,144316,113687,249873,406431,105576,43,28856,40741,71324,119090,42476,3069,adios,0,adios,0,adios,0,45.1,45.4,,36.0,49.4,39.9,18,3688000,-524900,36.0,,,18.72,155336,,1,2000
1790373896,2026-09-25T22:04:56Z,165384,1790208587,6.1.187-android14-11-SAGA,49646d1b0cd1,cc_governor,cc_governor,155455,123425,272534,442298,117090,44,29065,43575,75354,126206,46295,3365,adios,0,adios,0,adios,0,45.1,47.1,,36.0,48.8,39.9,18,3692000,-621900,36.0,,,19.30,140620,,1,2000
1790373931,2026-09-25T22:05:31Z,165420,1790208587,6.1.187-android14-11-SAGA,49646d1b0cd1,cc_governor,cc_governor,165748,135753,291844,477330,126062,46,29414,47644,78359,133540,48936,3660,adios,0,adios,0,adios,0,47.4,45.6,,36.0,49.3,40.1,18,3686000,-457100,36.0,,,18.47,107248,,1,2000
1790373966,2026-09-25T22:06:06Z,165455,1790208587,6.1.187-android14-11-SAGA,49646d1b0cd1,cc_governor,cc_governor,176781,148576,311183,512991,134397,48,29898,51775,81679,141218,51781,3950,adios,0,adios,0,adios,0,45.7,47.1,,36.0,49.2,40.2,18,3695000,-751900,36.0,,,18.37,113388,,1,2000
1790374002,2026-09-25T22:06:42Z,165490,1790208587,6.1.187-android14-11-SAGA,49646d1b0cd1,cc_governor,cc_governor,189853,161060,332534,551698,142672,49,31499,56259,87051,151323,55552,4254,adios,0,adios,0,adios,0,46.8,46.7,,36.0,48.9,40.3,18,3690000,-472400,36.0,,,18.54,126164,,1,2000
1790374037,2026-09-25T22:07:17Z,165525,1790208587,6.1.187-android14-11-SAGA,49646d1b0cd1,cc_governor,cc_governor,208100,171318,360144,594532,152068,52,38974,59819,99536,168109,60566,4550,adios,0,adios,0,adios,0,48.6,47.1,,36.0,42.1,38.2,18,3683000,-756200,36.0,,,18.24,612476,,1,2000
1790374281,2026-09-25T22:11:21Z,165770,1790208587,6.1.187-android14-11-SAGA,49646d1b0cd1,cc_governor,cc_governor,1,0,89,135,80,0,142,5,266,306,76,11,adios,0,adios,0,adios,0,40.6,40.3,,35.0,39.2,35.4,18,3717000,-137300,34.0,,,16.94,576896,,1,2000
1790374605,2026-09-25T22:16:45Z,166094,1790208587,6.1.187-android14-11-SAGA,49646d1b0cd1,cc_governor,cc_governor,27210,1170,35676,42541,8472,1,11205,813,18649,20563,7445,51,adios,0,adios,0,adios,0,44.2,45.7,,34.0,48.9,38.5,18,3655000,-923400,34.0,,,18.00,135876,,1,2000
1790374641,2026-09-25T22:17:21Z,166130,1790208587,6.1.187-android14-11-SAGA,49646d1b0cd1,cc_governor,cc_governor,52343,4629,76366,92489,24041,10,17457,3150,34745,40226,17298,381,adios,0,adios,0,adios,0,47.0,47.7,44.3,34.0,49.4,39.2,17,3687000,-538900,34.0,,,17.95,129236,,1,2000
1790374677,2026-09-25T22:17:57Z,166165,1790208587,6.1.187-android14-11-SAGA,49646d1b0cd1,cc_governor,cc_governor,73067,10681,111535,139962,38481,13,23810,5427,49528,58127,25727,679,adios,0,adios,0,adios,0,43.7,43.8,,35.0,47.7,38.8,17,3688000,-638400,34.0,,,18.06,103832,,1,2000
1790374712,2026-09-25T22:18:32Z,166200,1790208587,6.1.187-android14-11-SAGA,49646d1b0cd1,cc_governor,cc_governor,85823,21821,133985,178053,48156,15,25410,10338,55165,69034,29752,958,adios,0,adios,0,adios,0,44.8,45.7,,35.0,48.1,38.9,17,3684000,-698200,35.0,,,17.62,111640,,1,2000
1790374747,2026-09-25T22:19:07Z,166236,1790208587,6.1.187-android14-11-SAGA,49646d1b0cd1,cc_governor,cc_governor,100080,27123,164135,217730,64033,16,26493,12330,62141,78308,35648,1240,adios,0,adios,0,adios,0,44.4,46.1,,35.0,47.8,38.9,17,3689000,-552900,35.0,,,17.21,98252,,1,2000
1790374782,2026-09-25T22:19:42Z,166271,1790208587,6.1.187-android14-11-SAGA,49646d1b0cd1,cc_governor,cc_governor,111106,41279,181980,253211,70872,17,26823,17081,64596,85769,37772,1550,adios,0,adios,0,adios,0,44.3,45.0,,35.0,47.7,39.0,17,3690000,-446700,35.0,,,16.65,96736,,1,2000
1790374817,2026-09-25T22:20:17Z,166306,1790208587,6.1.187-android14-11-SAGA,49646d1b0cd1,cc_governor,cc_governor,123023,51185,205308,290087,82276,18,26977,20556,68050,92991,41073,1840,adios,0,adios,0,adios,0,44.1,45.2,,35.0,48.3,39.0,17,3669000,-465600,35.0,,,17.18,147284,,1,2000
1790374852,2026-09-25T22:20:52Z,166341,1790208587,6.1.187-android14-11-SAGA,49646d1b0cd1,cc_governor,cc_governor,135199,61775,228176,327149,92977,19,27817,24217,72032,101141,44215,2123,adios,0,adios,0,adios,0,44.1,45.2,42.3,35.0,46.9,39.1,17,3676000,-464400,35.0,,,17.30,157484,,1,2000
1790374887,2026-09-25T22:21:27Z,166376,1790208587,6.1.187-android14-11-SAGA,49646d1b0cd1,cc_governor,cc_governor,146243,77154,244903,362809,98660,21,28689,29426,74451,109003,45762,2420,adios,0,adios,0,adios,0,44.9,45.1,,35.0,48.8,39.4,17,3682000,-401600,35.0,,,17.03,158680,,1,2000
1790374922,2026-09-25T22:22:02Z,166411,1790208587,6.1.187-android14-11-SAGA,49646d1b0cd1,cc_governor,cc_governor,156355,88650,264234,396855,107872,23,28947,33289,76785,115396,47838,2717,adios,0,adios,0,adios,0,46.3,45.0,,36.0,52.1,39.5,16,3650000,-707300,35.0,,,16.75,133968,,1,2000
1790374957,2026-09-25T22:22:37Z,166446,1790208587,6.1.187-android14-11-SAGA,49646d1b0cd1,cc_governor,cc_governor,165458,98193,284887,430293,119429,25,29219,35957,80218,121670,50999,2998,adios,0,adios,0,adios,0,44.7,46.1,,36.0,49.3,39.6,16,3670000,-454100,36.0,,,17.01,158136,,1,2000
1790374993,2026-09-25T22:23:13Z,166481,1790208587,6.1.187-android14-11-SAGA,49646d1b0cd1,cc_governor,cc_governor,174600,111129,302281,463944,127681,26,29924,39463,83110,128473,53186,3290,adios,0,adios,0,adios,0,44.8,44.8,,36.0,47.8,39.7,16,3684000,-721400,36.0,,,17.28,134628,,1,2000
1790375028,2026-09-25T22:23:48Z,166516,1790208587,6.1.187-android14-11-SAGA,49646d1b0cd1,cc_governor,cc_governor,184081,121439,322714,497913,138647,28,30088,42626,85531,134171,55449,3573,adios,0,adios,0,adios,0,44.3,45.1,,36.0,50.5,39.8,16,3681000,-656100,36.0,,,17.02,128036,,1,2000
1790375063,2026-09-25T22:24:23Z,166551,1790208587,6.1.187-android14-11-SAGA,49646d1b0cd1,cc_governor,cc_governor,194785,131311,344456,533104,149664,28,30948,45671,89169,141029,58221,3870,adios,0,adios,0,adios,0,45.0,46.8,,36.0,49.1,39.8,16,3683000,-478500,36.0,,,17.15,107340,,1,2000
1790375098,2026-09-25T22:24:58Z,166586,1790208587,6.1.187-android14-11-SAGA,49646d1b0cd1,cc_governor,cc_governor,204382,144156,362051,566839,157673,31,31335,49592,91749,147774,60419,4168,adios,0,adios,0,adios,0,45.5,45.6,43.5,36.0,48.3,40.1,16,3683000,-667700,36.0,,,17.22,91272,,1,2000
1790375133,2026-09-25T22:25:33Z,166621,1790208587,6.1.187-android14-11-SAGA,49646d1b0cd1,cc_governor,cc_governor,213282,156824,379247,600010,165965,32,31452,52823,93992,153429,62540,4461,adios,0,adios,0,adios,0,45.2,45.4,,36.0,48.4,40.0,16,3678000,-639600,36.0,,,17.49,137468,,1,2000
1790375170,2026-09-25T22:26:10Z,166658,1790208587,6.1.187-android14-11-SAGA,49646d1b0cd1,cc_governor,cc_governor,388,0,1060,1134,682,1,303,0,461,470,163,21,adios,0,adios,0,adios,0,45.0,44.8,,36.0,47.8,39.5,16,3696000,-335600,36.0,,,16.80,224688,,1,2000
1790375251,2026-09-25T22:27:31Z,166739,1790208587,6.1.187-android14-11-SAGA,49646d1b0cd1,cc_governor,cc_governor,1,0,41,53,54,0,1,0,31,40,36,11,adios,0,adios,0,adios,0,40.8,41.9,,36.0,42.6,37.9,16,3698000,-207500,36.0,,,15.93,203324,,1,2000
1790375324,2026-09-25T22:28:44Z,166813,1790208587,6.1.187-android14-11-SAGA,49646d1b0cd1,cc_governor,cc_governor,0,0,30,44,48,0,35,0,68,70,36,9,adios,0,adios,0,adios,0,41.1,41.7,,36.0,42.5,37.4,16,3695000,-162900,36.0,,,79.41,197140,,1,2000
1790375444,2026-09-25T22:30:44Z,166932,1790208587,6.1.187-android14-11-SAGA,49646d1b0cd1,cc_governor,cc_governor,0,0,17,26,34,0,14,0,41,46,33,8,adios,0,adios,0,adios,0,40.2,40.7,,35.0,40.9,36.2,16,3678000,-414400,35.0,,,50.84,220756,,1,2000
1790375587,2026-09-25T22:33:07Z,167075,1790208587,6.1.187-android14-11-SAGA,49646d1b0cd1,cc_governor,cc_governor,2,0,248,268,256,0,11,0,65,68,57,15,adios,0,adios,0,adios,0,40.7,42.0,,34.0,40.1,36.4,16,3696000,-476000,34.0,,,35.12,144576,,1,2000
1790375720,2026-09-25T22:35:20Z,167208,1790208587,6.1.187-android14-11-SAGA,49646d1b0cd1,cc_governor,cc_governor,7,0,120,157,125,0,69,0,135,139,71,1,adios,0,adios,0,adios,0,40.7,42.5,,34.0,42.6,36.8,15,3691000,-330200,34.0,,,26.43,120888,,1,2000
1790375807,2026-09-25T22:36:47Z,167295,1790208587,6.1.187-android14-11-SAGA,49646d1b0cd1,cc_governor,cc_governor,0,0,65,75,80,0,7,0,57,60,55,17,adios,0,adios,0,adios,0,40.5,40.7,,34.0,44.8,37.2,15,3689000,-321000,34.0,,,21.46,133128,,1,2000
1790375853,2026-09-25T22:37:33Z,167342,1790208587,6.1.187-android14-11-SAGA,49646d1b0cd1,cc_governor,cc_governor,0,0,162,189,175,0,39,0,100,120,64,14,adios,0,adios,0,adios,0,39.6,40.1,,34.0,42.4,36.5,15,3697000,-399100,34.0,,,45.00,128140,,1,2000
1790376028,2026-09-25T22:40:28Z,167516,1790208587,6.1.187-android14-11-SAGA,49646d1b0cd1,cc_governor,cc_governor,8425,784,11555,14395,3137,4,4477,364,7411,8226,2939,248,adios,0,adios,0,adios,0,43.6,43.3,,34.0,46.1,37.6,15,3695000,-312500,34.0,,,39.76,137428,,1,2000
1790376160,2026-09-25T22:42:40Z,167649,1790208587,6.1.187-android14-11-SAGA,49646d1b0cd1,cc_governor,cc_governor,686,0,1737,1870,1059,0,605,0,919,935,317,22,adios,0,adios,0,adios,0,39.8,40.7,,34.0,43.3,36.5,15,3691000,-496200,34.0,,,29.06,114560,,1,2000
1790376275,2026-09-25T22:44:35Z,167763,1790208587,6.1.187-android14-11-SAGA,49646d1b0cd1,cc_governor,cc_governor,61,282,1223,1600,1162,0,200,42,541,602,137,15,adios,0,adios,0,adios,0,39.4,42.0,,34.0,45.1,36.8,15,3694000,-257500,34.0,,,23.18,166936,,1,2000
1790376432,2026-09-25T22:47:12Z,167920,1790208587,6.1.187-android14-11-SAGA,49646d1b0cd1,cc_governor,cc_governor,448,215,1309,1627,861,0,232,38,484,538,252,22,adios,0,adios,0,adios,0,39.9,40.8,,34.0,40.7,35.4,15,3680000,-474800,34.0,,,19.71,141548,,1,2000
1790376583,2026-09-25T22:49:43Z,168071,1790208587,6.1.187-android14-11-SAGA,49646d1b0cd1,cc_governor,cc_governor,17,0,60,67,64,0,77,0,116,118,43,10,adios,0,adios,0,adios,0,38.0,37.7,,34.0,41.0,36.0,15,3695000,-169000,34.0,,,17.82,126856,,1,2000
1790376680,2026-09-25T22:51:20Z,168169,1790208587,6.1.187-android14-11-SAGA,49646d1b0cd1,cc_governor,cc_governor,12139,923,18377,21708,6248,9,7300,167,10319,11379,3025,162,adios,0,adios,0,adios,0,52.7,55.3,,34.0,62.9,41.2,15,3614000,-1732700,34.0,,,21.54,94056,,1,2000
1790376718,2026-09-25T22:51:58Z,168206,1790208587,6.1.187-android14-11-SAGA,49646d1b0cd1,cc_governor,cc_governor,27949,5376,46906,59851,18957,73,17070,1058,30165,34029,13104,631,adios,0,adios,0,adios,0,43.1,43.0,,35.0,46.1,38.4,14,3683000,-446700,35.0,,,18.83,159424,,1,2000
1790376753,2026-09-25T22:52:33Z,168241,1790208587,6.1.187-android14-11-SAGA,49646d1b0cd1,cc_governor,cc_governor,33548,12326,59965,82515,26434,74,20076,2478,35513,41556,15443,913,adios,0,adios,0,adios,0,43.7,47.6,,35.0,47.5,39.3,14,3675000,-451600,35.0,,,17.68,101868,,1,2000
1790376788,2026-09-25T22:53:08Z,168277,1790208587,6.1.187-android14-11-SAGA,49646d1b0cd1,cc_governor,cc_governor,56567,18525,94276,128886,37652,88,29445,5679,53591,63831,24119,1260,adios,0,adios,0,adios,0,49.9,46.7,,35.0,52.5,40.5,14,3640000,-1021100,35.0,,,17.03,221268,,1,2000
1790376856,2026-09-25T22:54:16Z,168344,1790208587,6.1.187-android14-11-SAGA,49646d1b0cd1,cc_governor,cc_governor,980,971,24,35,26,0,4,1,28,32,29,6,adios,0,adios,0,adios,0,41.8,41.7,,35.0,43.3,38.0,14,3617000,-1564300,35.0,,,16.73,188496,,1,2000
1790376950,2026-09-25T22:55:50Z,168438,1790208587,6.1.187-android14-11-SAGA,49646d1b0cd1,cc_governor,cc_governor,7247,177,8591,9905,1328,0,5153,174,6675,7511,1532,50,adios,0,adios,0,adios,0,48.2,47.0,,35.0,47.1,38.7,14,3681000,-465600,35.0,,,16.46,149844,,1,2000
1790376985,2026-09-25T22:56:25Z,168474,1790208587,6.1.187-android14-11-SAGA,49646d1b0cd1,cc_governor,cc_governor,22495,4091,36385,47492,13899,7,10879,1282,19288,22255,8422,370,adios,0,adios,0,adios,0,48.5,50.4,46.5,35.0,50.7,40.5,14,3648000,-668900,35.0,,,17.95,202148,,1,2000
1790377047,2026-09-25T22:57:27Z,168535,1790208587,6.1.187-android14-11-SAGA,49646d1b0cd1,cc_governor,cc_governor,69,1810,815,2682,746,0,51,99,151,298,100,11,adios,0,adios,0,adios,0,40.4,41.2,,35.0,43.7,37.7,14,3680000,-312500,35.0,,,17.32,399504,,1,2000
1790377099,2026-09-25T22:58:19Z,168587,1790208587,6.1.187-android14-11-SAGA,49646d1b0cd1,cc_governor,cc_governor,2,0,49,59,59,0,40,0,81,84,45,12,adios,0,adios,0,adios,0,40.1,41.8,,35.0,43.9,37.2,14,3681000,-393000,35.0,,,16.25,374728,,1,2000
1790377203,2026-09-25T23:00:03Z,168691,1790208587,6.1.187-android14-11-SAGA,49646d1b0cd1,cc_governor,cc_governor,1181,3470,6163,10061,4997,0,1374,168,2126,2366,757,18,adios,0,adios,0,adios,0,40.7,40.9,,35.0,43.5,37.1,14,3683000,-336900,35.0,,,16.08,221088,,1,2000
1790377302,2026-09-25T23:01:42Z,168791,1790208587,6.1.187-android14-11-SAGA,49646d1b0cd1,cc_governor,cc_governor,173,82,1405,1579,1232,0,71,23,194,237,123,16,adios,0,adios,0,adios,0,39.6,40.7,,34.0,41.6,36.1,13,3673000,-520600,34.0,,,16.29,107172,,1,2000
1790377936,2026-09-25T23:12:16Z,169424,1790208587,6.1.187-android14-11-SAGA,49646d1b0cd1,cc_governor,cc_governor,71,0,16,31,41,0,2,0,49,54,51,8,adios,0,adios,0,adios,8,39.3,37.5,,34.0,39.3,35.0,13,3674000,-468100,34.0,,,15.70,119808,,1,2000
1790378413,2026-09-25T23:20:13Z,169902,1790208587,6.1.187-android14-11-SAGA,49646d1b0cd1,cc_governor,cc_governor,768,1,8,25,30,0,29,16,41,62,16,9,adios,0,adios,0,adios,0,37.6,37.0,,34.0,41.6,35.6,13,3649000,-415600,34.0,,,16.11,125056,,1,2000
1790378531,2026-09-25T23:22:11Z,170019,1790208587,6.1.187-android14-11-SAGA,49646d1b0cd1,cc_governor,cc_governor,192,921,1695,2693,1503,0,76,49,203,261,127,16,adios,0,adios,0,adios,0,39.3,38.2,,34.0,42.3,35.8,13,3675000,-421100,34.0,,,17.39,110220,,1,2000
1790378812,2026-09-25T23:26:52Z,170300,1790208587,6.1.187-android14-11-SAGA,49646d1b0cd1,cc_governor,cc_governor,150,0,649,740,513,12,340,4,690,793,306,75,adios,0,adios,0,adios,0,47.4,47.4,,33.0,48.7,37.6,13,3666000,-433900,34.0,,,18.00,231004,,1,2000
1790378923,2026-09-25T23:28:43Z,170411,1790208587,6.1.187-android14-11-SAGA,49646d1b0cd1,cc_governor,cc_governor,491,0,762,835,282,0,551,0,756,767,209,7,adios,0,adios,0,adios,0,41.0,40.6,,34.0,44.4,36.5,13,3670000,-437600,34.0,,,17.64,223596,,1,2000
1790378961,2026-09-25T23:29:21Z,170450,1790208587,6.1.187-android14-11-SAGA,49646d1b0cd1,cc_governor,cc_governor,11222,5158,18986,27433,7766,5,5213,1971,8554,11043,3346,283,adios,0,adios,0,adios,0,41.4,41.7,,34.0,39.8,35.5,13,3659000,-784300,34.0,,,17.68,166756,,1,2000
1790379149,2026-09-25T23:32:29Z,170638,1790208587,6.1.187-android14-11-SAGA,49646d1b0cd1,cc_governor,cc_governor,65,404,797,1273,732,0,67,34,186,232,119,16,adios,0,adios,0,adios,0,39.3,42.9,,34.0,38.2,35.5,12,3683000,-167800,34.0,,,16.45,180308,,1,2000
1790379259,2026-09-25T23:34:19Z,170747,1790208587,6.1.187-android14-11-SAGA,49646d1b0cd1,cc_governor,cc_governor,11772,839,17321,21818,5570,50,9626,669,13431,15719,3810,220,adios,0,adios,0,adios,0,47.2,46.3,,34.0,49.3,39.4,12,3621000,-1033900,34.0,,,18.65,86676,,1,2000
1790379294,2026-09-25T23:34:54Z,170783,1790208587,6.1.187-android14-11-SAGA,49646d1b0cd1,cc_governor,cc_governor,22842,7531,40154,55397,17304,52,14303,4409,23144,29779,8841,517,adios,0,adios,0,adios,0,43.9,44.7,,35.0,47.0,38.8,12,3665000,-407100,35.0,,,18.85,76352,,1,2000
1790379330,2026-09-25T23:35:30Z,170818,1790208587,6.1.187-android14-11-SAGA,49646d1b0cd1,cc_governor,cc_governor,41119,12098,70989,96570,29879,54,20632,5932,37160,46330,16534,800,adios,0,adios,0,adios,0,48.2,48.5,45.6,35.0,56.5,40.8,12,3626000,-1101000,35.0,,,18.51,200072,,1,2000
1790379366,2026-09-25T23:36:06Z,170854,1790208587,6.1.187-android14-11-SAGA,49646d1b0cd1,cc_governor,cc_governor,64138,16577,109557,148928,45345,61,26038,8832,51710,64858,25694,1144,adios,0,adios,0,adios,0,49.5,53.2,,35.0,53.0,41.4,12,3660000,-438800,35.0,,,18.68,116672,,1,2000
1790379401,2026-09-25T23:36:41Z,170890,1790208587,6.1.187-android14-11-SAGA,49646d1b0cd1,cc_governor,cc_governor,82283,21361,142295,192998,59978,64,28335,11839,60478,77245,32161,1515,adios,0,adios,0,adios,0,48.8,47.7,,36.0,48.2,40.3,11,3662000,-422300,36.0,,,18.34,106868,,1,2000
1790379437,2026-09-25T23:37:17Z,170925,1790208587,6.1.187-android14-11-SAGA,49646d1b0cd1,cc_governor,cc_governor,90647,31434,159848,224432,69217,67,29591,13958,65538,84831,35954,1815,adios,0,adios,0,adios,0,45.4,45.9,,36.0,47.2,39.7,11,3645000,-331400,36.0,,,17.78,147140,,1,2000
1790379472,2026-09-25T23:37:52Z,170960,1790208587,6.1.187-android14-11-SAGA,49646d1b0cd1,cc_governor,cc_governor,100636,36718,180677,253815,80039,70,44648,15543,85672,112995,41033,2128,adios,0,adios,0,adios,0,53.6,54.5,50.8,36.0,56.7,43.1,11,3613000,-660400,36.0,,,18.52,163196,,1,2000
1790379508,2026-09-25T23:38:28Z,170997,1790208587,6.1.187-android14-11-SAGA,49646d1b0cd1,cc_governor,cc_governor,122299,41966,217424,304091,95121,71,46654,17641,95463,125646,48816,2456,adios,0,adios,0,adios,0,47.6,47.7,45.3,36.0,53.6,41.2,11,3631000,-527300,36.0,,,18.78,181952,,1,2000
1790379544,2026-09-25T23:39:04Z,171032,1790208587,6.1.187-android14-11-SAGA,49646d1b0cd1,cc_governor,cc_governor,130024,48167,237440,333473,107440,76,48646,19411,101133,133705,52496,2769,adios,0,adios,0,adios,0,49.1,49.5,47.6,36.0,51.5,41.3,11,3638000,-1088800,36.0,,,17.90,186488,,1,2000
1790379580,2026-09-25T23:39:40Z,171068,1790208587,6.1.187-android14-11-SAGA,49646d1b0cd1,cc_governor,cc_governor,148271,48234,276873,383672,128599,80,52689,19460,116954,150000,64261,3136,adios,0,adios,0,adios,0,50.6,50.8,47.5,37.0,51.1,42.1,11,3622000,-623100,37.0,,,18.29,166252,,1,2000
1790379616,2026-09-25T23:40:16Z,171104,1790208587,6.1.187-android14-11-SAGA,49646d1b0cd1,cc_governor,cc_governor,167008,51203,313093,433001,146023,85,56069,21264,130085,165438,74028,3479,adios,0,adios,0,adios,0,51.3,50.1,,37.0,51.2,42.4,11,3643000,-537100,37.0,,,18.08,108016,,1,2000
1790379651,2026-09-25T23:40:51Z,171139,1790208587,6.1.187-android14-11-SAGA,49646d1b0cd1,cc_governor,cc_governor,179490,52606,344637,474383,165162,87,58090,21485,142075,178013,83991,3777,adios,0,adios,0,adios,0,47.2,47.6,,37.0,51.5,41.5,10,3623000,-519400,37.0,,,17.41,91856,,1,2000
1790379686,2026-09-25T23:41:27Z,171175,1790208587,6.1.187-android14-11-SAGA,49646d1b0cd1,cc_governor,cc_governor,198398,58158,377973,521425,179582,92,61032,23630,153618,192044,92599,4121,adios,0,adios,0,adios,0,49.1,52.1,47.5,37.0,53.0,41.9,10,3635000,-678100,37.0,,,17.93,75548,,1,2000
1790379722,2026-09-25T23:42:02Z,171211,1790208587,6.1.187-android14-11-SAGA,49646d1b0cd1,cc_governor,cc_governor,212724,68277,402846,562582,190089,94,63469,27631,162140,204922,98671,4490,adios,0,adios,0,adios,0,47.0,47.1,45.0,37.0,49.0,41.2,10,3652000,-642000,37.0,,,17.80,144636,,1,2000
1790379774,2026-09-25T23:42:54Z,171262,1790208587,6.1.187-android14-11-SAGA,49646d1b0cd1,cc_governor,cc_governor,22,0,585,653,579,0,260,0,390,394,135,22,adios,0,adios,0,adios,0,43.0,41.6,,37.0,46.7,38.9,10,3666000,-339300,37.0,,,17.48,163908,,1,2000
1790379852,2026-09-25T23:44:12Z,171340,1790208587,6.1.187-android14-11-SAGA,49646d1b0cd1,cc_governor,cc_governor,166,247,870,1188,704,0,127,258,231,526,100,18,adios,0,adios,0,adios,0,43.8,42.8,,36.0,45.6,37.9,10,3659000,-375900,36.0,,,16.41,119728,,1,2000
1790379943,2026-09-25T23:45:43Z,171431,1790208587,6.1.187-android14-11-SAGA,49646d1b0cd1,cc_governor,cc_governor,6,0,176,193,184,0,8,0,68,72,66,15,adios,0,adios,0,adios,0,41.1,42.6,,35.0,45.8,37.5,10,3661000,-386300,35.0,,,26.15,125740,,1,2000
1790380224,2026-09-25T23:50:24Z,171712,1790208587,6.1.187-android14-11-SAGA,49646d1b0cd1,cc_governor,cc_governor,1,0,71,247,85,0,15,0,61,67,49,14,adios,0,adios,0,adios,0,40.2,41.0,,34.0,41.3,36.3,10,3658000,-358200,34.0,,,20.90,118132,,1,2000
1790380335,2026-09-25T23:52:15Z,171823,1790208587,6.1.187-android14-11-SAGA,49646d1b0cd1,cc_governor,cc_governor,37,0,281,311,257,0,137,0,216,219,84,16,adios,0,adios,0,adios,0,40.2,40.6,,34.0,42.6,35.9,10,3658000,-666500,34.0,,,18.63,132848,,1,2000
1790380397,2026-09-25T23:53:17Z,171885,1790208587,6.1.187-android14-11-SAGA,49646d1b0cd1,cc_governor,cc_governor,7993,820,13014,16046,5043,29,5371,424,8359,10171,3017,141,adios,0,adios,0,adios,0,47.3,46.0,,34.0,46.4,38.5,10,3661000,-338100,34.0,,,18.06,124436,,1,2000
1790380433,2026-09-25T23:53:53Z,171922,1790208587,6.1.187-android14-11-SAGA,49646d1b0cd1,cc_governor,cc_governor,13604,2022,21766,27927,8178,9,7673,506,12510,14712,4840,108,adios,0,adios,0,adios,0,42.6,42.6,,34.0,45.5,38.2,9,3644000,-469300,34.0,,,17.61,87848,,1,2000
1790380468,2026-09-25T23:54:28Z,171957,1790208587,6.1.187-android14-11-SAGA,49646d1b0cd1,cc_governor,cc_governor,32174,4185,56630,71389,24407,26,19628,1391,33903,40872,14229,432,adios,0,adios,0,adios,0,50.4,49.8,46.1,34.0,51.9,40.7,9,3638000,-733000,34.0,,,19.13,101452,,1,2000
1790380504,2026-09-25T23:55:04Z,171993,1790208587,6.1.187-android14-11-SAGA,49646d1b0cd1,cc_governor,cc_governor,41703,10486,78840,102746,37157,46,24611,2908,44734,54824,20128,859,adios,0,adios,0,adios,0,44.1,44.7,,35.0,47.9,38.9,9,3638000,-651200,35.0,,,18.65,83004,,1,2000
1790380540,2026-09-25T23:55:40Z,172028,1790208587,6.1.187-android14-11-SAGA,49646d1b0cd1,cc_governor,cc_governor,48840,20479,95188,132160,46346,77,29896,7061,54133,68981,24256,1243,adios,0,adios,0,adios,0,47.7,46.2,43.6,35.0,47.8,39.0,9,3641000,-521800,35.0,,,18.66,159328,,1,2000
1790380576,2026-09-25T23:56:16Z,172064,1790208587,6.1.187-android14-11-SAGA,49646d1b0cd1,cc_governor,cc_governor,59725,30188,115537,165519,55812,109,33868,11515,62718,83159,28850,1644,adios,0,adios,0,adios,0,45.6,46.0,,35.0,47.4,39.2,8,3640000,-538900,35.0,,,19.19,117824,,1,2000
1790380611,2026-09-25T23:56:51Z,172099,1790208587,6.1.187-android14-11-SAGA,49646d1b0cd1,cc_governor,cc_governor,69406,41867,132009,196177,62579,132,39657,16632,72391,98808,32747,2039,adios,0,adios,0,adios,0,47.4,46.1,,35.0,47.3,39.0,8,3633000,-538900,35.0,,,18.23,115484,,1,2000
1790380646,2026-09-25T23:57:26Z,172135,1790208587,6.1.187-android14-11-SAGA,49646d1b0cd1,cc_governor,cc_governor,78175,52384,149101,226365,70926,151,44019,20468,80386,111181,36367,2412,adios,0,adios,0,adios,0,42.4,45.0,,35.0,47.7,38.6,8,3634000,-564500,35.0,,,17.64,99696,,1,2000
1790380682,2026-09-25T23:58:02Z,172170,1790208587,6.1.187-android14-11-SAGA,49646d1b0cd1,cc_governor,cc_governor,88232,62442,167567,257165,79335,164,57300,25133,97121,133400,39821,2789,adios,0,adios,0,adios,0,42.9,44.7,42.8,35.0,48.3,38.9,8,3641000,-554100,35.0,,,17.51,81400,,1,2000
1790380717,2026-09-25T23:58:37Z,172205,1790208587,6.1.187-android14-11-SAGA,49646d1b0cd1,cc_governor,cc_governor,97295,72000,185409,286691,88114,176,66288,28975,109924,150608,43636,3169,adios,0,adios,0,adios,0,43.1,43.5,,35.0,47.5,38.6,8,3629000,-362500,35.0,,,17.65,162852,,1,2000
1790380752,2026-09-25T23:59:12Z,172241,1790208587,6.1.187-android14-11-SAGA,49646d1b0cd1,cc_governor,cc_governor,99285,78464,197796,306755,98533,189,66808,30012,112007,153878,45204,3550,adios,0,adios,0,adios,0,41.7,41.9,,35.0,47.9,37.8,8,3646000,-625600,35.0,,,17.21,98164,,1,2000
1790380787,2026-09-25T23:59:47Z,172276,1790208587,6.1.187-android14-11-SAGA,49646d1b0cd1,cc_governor,cc_governor,102127,87840,208390,328084,106256,203,67735,31563,114748,158330,47014,3940,adios,0,adios,0,adios,0,44.1,43.5,,35.0,45.4,37.9,8,3651000,-450400,35.0,,,17.25,120288,,1,2000
1790380822,2026-09-26T00:00:22Z,172311,1790208587,6.1.187-android14-11-SAGA,49646d1b0cd1,cc_governor,cc_governor,105359,99379,217553,350308,112186,218,68943,33263,117663,163125,48735,4324,adios,0,adios,0,adios,1,47.0,45.4,,35.0,45.7,37.9,8,3646000,-402800,35.0,,,17.12,158128,,1,2000
1790380869,2026-09-26T00:01:09Z,172357,1790208587,6.1.187-android14-11-SAGA,49646d1b0cd1,cc_governor,cc_governor,6564,1909,13161,16912,6607,10,4508,495,6855,7883,2354,87,adios,0,adios,0,adios,0,42.6,42.9,,35.0,47.0,37.6,7,3621000,-415600,34.0,,,18.69,87512,,1,2000
1790380905,2026-09-26T00:01:45Z,172393,1790208587,6.1.187-android14-11-SAGA,49646d1b0cd1,cc_governor,cc_governor,8535,10446,20872,34815,12337,32,5143,1653,9364,11812,4221,457,adios,0,adios,0,adios,0,41.2,43.2,,34.0,44.5,37.4,7,3645000,-468100,34.0,,,17.74,101388,,1,2000
1790380940,2026-09-26T00:02:20Z,172428,1790208587,6.1.187-android14-11-SAGA,49646d1b0cd1,cc_governor,cc_governor,15729,19297,34783,59474,19049,58,10947,6830,17611,25786,6664,825,adios,0,adios,0,adios,0,45.8,45.8,,34.0,49.2,38.3,7,3640000,-725000,34.0,,,18.08,105664,,1,2000
1790380976,2026-09-26T00:02:56Z,172464,1790208587,6.1.187-android14-11-SAGA,49646d1b0cd1,cc_governor,cc_governor,31287,32594,55674,97951,24387,93,20110,15746,30100,48274,9990,1211,adios,0,adios,0,adios,0,42.8,43.3,,34.0,46.7,38.2,7,3646000,-410700,34.0,,,18.28,86812,,1,2000
1790381011,2026-09-26T00:03:31Z,172499,1790208587,6.1.187-android14-11-SAGA,49646d1b0cd1,cc_governor,cc_governor,37310,39744,70775,123184,33465,112,23061,18017,36647,58045,13586,1597,adios,0,adios,0,adios,0,42.2,50.2,42.5,34.0,54.9,39.3,7,3619000,-800700,34.0,,,19.02,122328,,1,2000
1790381047,2026-09-26T00:04:07Z,172535,1790208587,6.1.187-android14-11-SAGA,49646d1b0cd1,cc_governor,cc_governor,45628,48635,87653,152113,42045,145,26462,20577,44003,69201,17553,2061,adios,0,adios,0,adios,0,43.9,44.3,42.1,35.0,47.9,38.7,7,3614000,-639600,35.0,,,19.97,181216,,1,2000
1790381082,2026-09-26T00:04:42Z,172571,1790208587,6.1.187-android14-11-SAGA,49646d1b0cd1,cc_governor,cc_governor,60266,55550,114219,189053,53961,180,31349,24034,55694,85550,24350,2426,adios,0,adios,0,adios,0,44.9,45.4,,35.0,51.7,39.5,7,3606000,-637200,35.0,,,18.98,95476,,1,2000
1790381118,2026-09-26T00:05:18Z,172606,1790208587,6.1.187-android14-11-SAGA,49646d1b0cd1,cc_governor,cc_governor,72849,67435,133842,224096,60989,218,34993,30218,63427,100486,28434,2849,adios,0,adios,0,adios,0,45.0,49.4,,35.0,50.9,39.5,6,3629000,-674400,35.0,,,18.81,115776,,1,2000
1790381154,2026-09-26T00:05:54Z,172642,1790208587,6.1.187-android14-11-SAGA,49646d1b0cd1,cc_governor,cc_governor,89578,73185,163450,264237,73886,239,44725,33006,81213,122712,36494,3251,adios,0,adios,0,adios,0,47.7,46.9,44.0,35.0,49.0,39.6,6,3639000,-403400,35.0,,,19.89,89360,,1,2000
1790381189,2026-09-26T00:06:29Z,172677,1790208587,6.1.187-android14-11-SAGA,49646d1b0cd1,cc_governor,cc_governor,92364,82573,171285,282764,78942,253,46023,34755,84443,127843,38422,3662,adios,0,adios,0,adios,0,43.2,42.9,,35.0,46.3,38.4,6,3640000,-385100,35.0,,,18.47,107184,,1,2000
1790381225,2026-09-26T00:07:05Z,172713,1790208587,6.1.187-android14-11-SAGA,49646d1b0cd1,cc_governor,cc_governor,94782,94203,177271,302231,82489,264,46803,37862,85965,132724,39162,4072,adios,0,adios,0,adios,0,41.9,42.6,,35.0,46.6,38.2,6,3635000,-477200,35.0,,,18.89,97772,,1,2000
1790381260,2026-09-26T00:07:40Z,172749,1790208587,6.1.187-android14-11-SAGA,49646d1b0cd1,cc_governor,cc_governor,101906,101257,195011,329472,93105,284,53401,40177,96679,146259,43278,4456,adios,0,adios,0,adios,0,41.7,42.1,40.7,35.0,48.0,38.4,6,3621000,-605400,35.0,,,18.38,100004,,1,2000
1790381296,2026-09-26T00:08:16Z,172784,1790208587,6.1.187-android14-11-SAGA,49646d1b0cd1,cc_governor,cc_governor,125004,106043,232012,379840,106997,325,63171,43590,115894,170274,52737,4841,adios,0,adios,0,adios,0,49.0,48.9,45.0,35.0,59.6,40.7,5,3580000,-1358600,35.0,,,19.48,115400,,1,2000
1790381332,2026-09-26T00:08:52Z,172821,1790208587,6.1.187-android14-11-SAGA,49646d1b0cd1,cc_governor,cc_governor,3546,25,4328,5638,809,7,3075,27,4095,4710,976,32,adios,0,adios,0,adios,0,58.4,57.3,50.8,35.0,51.3,42.0,5,3629000,-518100,35.0,,,19.16,102924,,1,2000
1790381369,2026-09-26T00:09:29Z,172858,1790208587,6.1.187-android14-11-SAGA,49646d1b0cd1,cc_governor,cc_governor,11930,876,19802,23974,7888,23,3722,485,8790,10303,5073,77,adios,0,adios,0,adios,0,45.8,53.3,45.9,36.0,50.5,40.5,5,3640000,-338100,36.0,,,19.03,100076,,1,2000
1790381406,2026-09-26T00:10:06Z,172894,1790208587,6.1.187-android14-11-SAGA,49646d1b0cd1,cc_governor,cc_governor,15559,8163,28928,42172,13369,54,4557,1641,11009,14016,6452,526,adios,0,adios,0,adios,0,42.2,42.4,,36.0,44.1,38.5,5,3642000,-305700,36.0,,,17.46,111296,,1,2000
1790381441,2026-09-26T00:10:41Z,172930,1790208587,6.1.187-android14-11-SAGA,49646d1b0cd1,cc_governor,cc_governor,2845,50,4137,4856,1293,6,793,76,1705,1945,919,31,adios,0,adios,0,adios,0,46.7,54.1,47.8,35.0,51.1,40.7,5,3618000,-635900,35.0,,,18.95,101244,,1,2000
1790381477,2026-09-26T00:11:17Z,172966,1790208587,6.1.187-android14-11-SAGA,49646d1b0cd1,cc_governor,cc_governor,43256,2631,48471,59376,5211,46,10320,2511,17290,20584,6970,206,adios,0,adios,0,adios,0,47.7,49.5,,36.0,51.1,41.0,5,3563000,-1496500,36.0,,,20.07,97520,,1,2000
1790381514,2026-09-26T00:11:54Z,173002,1790208587,6.1.187-android14-11-SAGA,49646d1b0cd1,cc_governor,cc_governor,5609,1948,12349,17960,6710,5,2010,917,4719,6274,2723,71,adios,0,adios,0,adios,0,46.2,46.0,,36.0,50.4,40.5,4,3620000,-576700,36.0,,,18.95,77124,,1,2000
1790381550,2026-09-26T00:12:30Z,173038,1790208587,6.1.187-android14-11-SAGA,49646d1b0cd1,cc_governor,cc_governor,11809,11092,24667,44834,12852,34,3240,3082,8060,12257,4820,486,adios,0,adios,0,adios,0,45.8,44.9,,36.0,48.4,40.3,4,3621000,-659100,36.0,,,17.88,124968,,1,2000
1790381586,2026-09-26T00:13:06Z,173074,1790208587,6.1.187-android14-11-SAGA,49646d1b0cd1,cc_governor,cc_governor,1439,221,2387,3233,943,0,257,197,717,1050,460,21,adios,0,adios,0,adios,0,48.1,50.2,,36.0,49.9,41.3,4,3622000,-551700,36.0,,,18.37,73636,,1,2000
1790381621,2026-09-26T00:13:41Z,173110,1790208587,6.1.187-android14-11-SAGA,49646d1b0cd1,cc_governor,cc_governor,6270,6467,15429,25442,9176,18,846,1428,3273,5289,2434,452,adios,0,adios,0,adios,0,42.6,43.8,,36.0,45.4,39.1,4,3635000,-288000,36.0,,,17.82,90648,,1,2000
1790381657,2026-09-26T00:14:17Z,173145,1790208587,6.1.187-android14-11-SAGA,49646d1b0cd1,cc_governor,cc_governor,7785,15896,21390,41920,13605,27,978,2763,4115,7564,3137,893,adios,0,adios,0,adios,0,41.7,45.8,,36.0,46.1,38.8,4,3634000,-529700,36.0,,,17.21,93072,,1,2000
1790381693,2026-09-26T00:14:53Z,173181,1790208587,6.1.187-android14-11-SAGA,49646d1b0cd1,cc_governor,cc_governor,9722,250,13050,16237,3285,6,6351,208,9223,10066,2826,37,adios,0,adios,0,adios,0,54.2,53.3,,36.0,53.8,41.2,4,3623000,-620700,36.0,,,20.28,139916,,1,2000
1790381729,2026-09-26T00:15:29Z,173217,1790208587,6.1.187-android14-11-SAGA,49646d1b0cd1,cc_governor,cc_governor,10174,1191,18701,23768,8490,9,4678,461,8997,10699,4317,83,adios,0,adios,0,adios,0,45.1,45.6,,36.0,47.9,40.0,3,3624000,-845300,36.0,,,19.60,79412,,1,2000
1790381765,2026-09-26T00:16:05Z,173253,1790208587,6.1.187-android14-11-SAGA,49646d1b0cd1,cc_governor,cc_governor,32675,5231,50574,65536,17853,40,14788,3161,25699,31467,10906,494,adios,0,adios,0,adios,0,46.4,46.3,44.7,36.0,49.0,40.5,3,3617000,-733000,36.0,,,20.90,173272,,1,2000
1790381801,2026-09-26T00:16:41Z,173290,1790208587,6.1.187-android14-11-SAGA,49646d1b0cd1,cc_governor,cc_governor,6161,235,10954,13524,4797,10,1939,163,4949,5651,3017,40,adios,0,adios,0,adios,0,47.8,50.2,,36.0,55.1,41.9,3,3617000,-640800,36.0,,,19.39,116680,,1,2000
1790381838,2026-09-26T00:17:18Z,173326,1790208587,6.1.187-android14-11-SAGA,49646d1b0cd1,cc_governor,cc_governor,23656,5008,39381,52265,15730,32,5531,2287,14223,17704,8698,477,adios,0,adios,0,adios,0,44.9,51.2,,36.0,52.6,40.8,3,3605000,-914900,36.0,,,19.05,187136,,1,2000
1790381874,2026-09-26T00:17:54Z,173363,1790208587,6.1.187-android14-11-SAGA,49646d1b0cd1,cc_governor,cc_governor,7264,816,10752,14981,3486,10,3354,529,6170,7577,2824,40,adios,0,adios,0,adios,0,50.1,50.9,47.8,36.0,49.9,42.1,3,3614000,-501700,37.0,,,20.62,128432,,1,2000
1790381910,2026-09-26T00:18:30Z,173399,1790208587,6.1.187-android14-11-SAGA,49646d1b0cd1,cc_governor,cc_governor,27279,8264,37555,54643,10290,56,6422,4710,13449,19800,7030,441,adios,0,adios,0,adios,0,45.3,46.9,,37.0,51.5,41.0,2,3610000,-537100,37.0,,,19.98,94280,,1,2000
1790381947,2026-09-26T00:19:07Z,173435,1790208587,6.1.187-android14-11-SAGA,49646d1b0cd1,cc_governor,cc_governor,55043,15642,69758,99291,14685,91,9670,10515,19435,32096,9764,885,adios,0,adios,0,adios,0,46.7,48.1,44.7,37.0,50.9,40.8,2,3582000,-1001500,37.0,,,19.04,80760,,1,2000
1790381983,2026-09-26T00:19:43Z,173471,1790208587,6.1.187-android14-11-SAGA,49646d1b0cd1,cc_governor,cc_governor,72442,20869,95197,134137,22773,130,13459,12503,27285,42255,13848,1314,adios,0,adios,0,adios,19,51.1,48.2,,37.0,49.0,40.7,2,3612000,-376500,37.0,,,18.18,106588,,1,2000
1790382019,2026-09-26T00:20:19Z,173507,1790208587,6.1.187-android14-11-SAGA,49646d1b0cd1,cc_governor,cc_governor,11877,116,18387,22547,6521,32,4807,99,9606,10795,4802,56,adios,0,adios,0,adios,0,47.6,50.1,,37.0,51.3,41.7,2,3608000,-569400,37.0,,,19.95,103116,,1,2000
1790382055,2026-09-26T00:20:55Z,173543,1790208587,6.1.187-android14-11-SAGA,49646d1b0cd1,cc_governor,cc_governor,37254,1626,55919,70556,18663,73,11936,1066,26725,29699,14798,497,adios,0,adios,0,adios,0,47.5,54.1,,37.0,51.3,41.7,2,3603000,-569400,37.0,,,19.35,113604,,1,2000
1790382091,2026-09-26T00:21:31Z,173579,1790208587,6.1.187-android14-11-SAGA,49646d1b0cd1,cc_governor,cc_governor,58711,4068,89573,113971,30876,122,16177,2989,39297,44739,23124,912,adios,0,adios,0,adios,0,45.5,47.2,,37.0,48.7,40.9,2,3607000,-518100,37.0,,,19.50,101196,,1,2000
1790382127,2026-09-26T00:22:07Z,173615,1790208587,6.1.187-android14-11-SAGA,49646d1b0cd1,cc_governor,cc_governor,80416,9372,119239,154540,38828,157,19780,5475,48572,57164,28808,1309,adios,0,adios,0,adios,0,48.4,47.2,,37.0,50.6,41.0,2,3609000,-561500,37.0,,,20.55,124476,,1,2000
1790382163,2026-09-26T00:22:43Z,173651,1790208587,6.1.187-android14-11-SAGA,49646d1b0cd1,cc_governor,cc_governor,108185,11911,157695,204064,49482,188,24132,8032,61468,73328,37313,1725,adios,0,adios,0,adios,0,47.1,47.9,,36.0,51.4,41.3,2,3596000,-496800,37.0,,,22.70,107348,,1,2000
1790382199,2026-09-26T00:23:19Z,173688,1790208587,6.1.187-android14-11-SAGA,49646d1b0cd1,cc_governor,cc_governor,133317,13893,195293,251641,61958,221,29053,9750,75547,90153,46501,2143,adios,0,adios,0,adios,0,47.1,46.3,44.9,37.0,50.8,41.0,1,3582000,-500400,37.0,,,20.15,115132,,1,2000
1790382236,2026-09-26T00:23:56Z,173724,1790208587,6.1.187-android14-11-SAGA,49646d1b0cd1,cc_governor,cc_governor,156022,19833,225168,293475,69041,246,31931,13252,82582,101234,50644,2612,adios,0,adios,0,adios,0,47.1,47.6,45.1,37.0,51.3,41.1,1,3594000,-721400,37.0,,,19.05,104184,,1,2000
1790382272,2026-09-26T00:24:32Z,173761,1790208587,6.1.187-android14-11-SAGA,49646d1b0cd1,cc_governor,cc_governor,179826,23803,258326,337813,78518,280,36678,16561,92972,115809,56299,3065,adios,0,adios,0,adios,0,47.0,48.8,46.2,37.0,52.9,41.5,1,3608000,-504100,37.0,,,20.72,115308,,1,2000
1790382308,2026-09-26T00:25:08Z,173797,1790208587,6.1.187-android14-11-SAGA,49646d1b0cd1,cc_governor,cc_governor,4912,98,6713,8675,1806,5,1469,99,3150,3469,1694,25,adios,0,adios,0,adios,0,51.8,50.6,47.2,37.0,57.6,42.4,1,3547000,-540100,37.0,,,20.10,177956,,1,2000
1790382345,2026-09-26T00:25:45Z,173833,1790208587,6.1.187-android14-11-SAGA,49646d1b0cd1,cc_governor,cc_governor,37708,4256,47965,65094,10229,64,6519,3260,16162,20117,9627,474,adios,0,adios,0,adios,0,50.2,49.5,46.9,37.0,59.1,42.4,1,3558000,-1166300,37.0,,,18.86,98948,,1,2000
1790382381,2026-09-26T00:26:21Z,173870,1790208587,6.1.187-android14-11-SAGA,49646d1b0cd1,cc_governor,cc_governor,76696,7641,94953,124949,18207,105,13278,6519,31444,40560,18165,891,adios,0,adios,0,adios,0,46.9,49.6,,37.0,53.1,41.8,1,3584000,-383900,37.0,,,18.24,167988,,1,2000
1790382418,2026-09-26T00:26:58Z,173906,1790208587,6.1.187-android14-11-SAGA,49646d1b0cd1,cc_governor,cc_governor,109693,14556,133508,178966,23796,144,19342,12387,42682,58586,23340,1317,adios,0,adios,0,adios,0,47.9,47.0,45.2,37.0,49.9,41.4,1,3597000,-744600,37.0,,,18.94,102004,,1,2000
1790382454,2026-09-26T00:27:34Z,173943,1790208587,6.1.187-android14-11-SAGA,49646d1b0cd1,cc_governor,cc_governor,34736,1628,38974,51585,4197,24,7809,3034,15835,20084,8023,77,adios,0,adios,0,adios,0,48.6,49.2,46.6,37.0,51.7,41.9,1,3576000,-510200,37.0,,,19.18,91760,,1,2000
1790382634,2026-09-26T00:30:34Z,174123,1790208587,6.1.187-android14-11-SAGA,49646d1b0cd1,cc_governor,cc_governor,1063,75,1362,1917,298,0,690,43,1013,1304,329,18,adios,0,adios,0,adios,0,39.3,40.4,,36.0,40.5,36.5,1,3620000,-186700,36.0,,,18.77,514292,,1,2000
1790382915,2026-09-26T00:35:15Z,174403,1790208587,6.1.187-android14-11-SAGA,49646d1b0cd1,cc_governor,cc_governor,1051,75,1335,1907,282,0,673,43,976,1273,309,4,adios,0,adios,0,adios,0,38.7,38.2,,34.0,39.9,35.3,1,3627000,-162900,34.0,,,23.87,468356,,1,2000
1790383263,2026-09-26T00:41:03Z,174751,1790208587,6.1.187-android14-11-SAGA,49646d1b0cd1,cc_governor,cc_governor,1051,75,1394,1949,359,0,680,43,981,1274,307,20,adios,0,adios,0,adios,0,38.6,40.6,,34.0,41.7,35.9,1,3618000,-247100,34.0,,,20.09,637180,,1,2000
1790383340,2026-09-26T00:42:20Z,174829,1790208587,6.1.187-android14-11-SAGA,49646d1b0cd1,cc_governor,cc_governor,62,0,310,361,258,0,17,0,75,111,64,16,adios,0,adios,0,adios,0,38.9,38.9,,34.0,40.5,35.9,1,3619000,-138500,34.0,,,18.29,581360,,1,2000
1790383520,2026-09-26T00:45:20Z,175008,1790208587,6.1.187-android14-11-SAGA,49646d1b0cd1,cc_governor,cc_governor,56,0,214,252,169,0,11,0,25,37,26,4,adios,0,adios,0,adios,0,38.7,40.3,,34.0,41.1,35.7,1,3614000,-383900,34.0,,,16.77,497276,,1,2000
1790383642,2026-09-26T00:47:22Z,175130,1790208587,6.1.187-android14-11-SAGA,49646d1b0cd1,cc_governor,cc_governor,54,0,197,242,153,0,6,0,54,65,52,19,adios,0,adios,0,adios,0,39.3,39.9,,34.0,40.7,35.6,1,3614000,-200800,34.0,,,16.63,471160,,1,2000
1790383749,2026-09-26T00:49:09Z,175237,1790208587,6.1.187-android14-11-SAGA,49646d1b0cd1,cc_governor,cc_governor,83,0,446,496,366,0,6,0,78,97,80,18,adios,0,adios,0,adios,0,38.7,39.4,,33.0,40.7,35.6,1,3609000,-321000,34.0,,,16.79,285044,,1,2000
1790383908,2026-09-26T00:51:48Z,175397,1790208587,6.1.187-android14-11-SAGA,49646d1b0cd1,cc_governor,cc_governor,64,0,456,517,400,1,62,0,152,171,94,18,adios,0,adios,0,adios,0,36.2,36.8,,33.0,38.4,34.7,1,3608000,-694500,33.0,,,16.26,224124,,1,2000
1790384028,2026-09-26T00:53:48Z,175517,1790208587,6.1.187-android14-11-SAGA,49646d1b0cd1,cc_governor,cc_governor,54,0,187,228,139,0,29,0,73,86,49,11,adios,0,adios,0,adios,0,38.1,57.9,49.4,33.0,57.3,39.3,1,3545000,-1190700,33.0,,,19.70,120120,,1,2000
1790384069,2026-09-26T00:54:29Z,175557,1790208587,6.1.187-android14-11-SAGA,49646d1b0cd1,cc_governor,cc_governor,252,5,1263,1420,1020,3,175,5,367,398,196,43,adios,0,adios,0,adios,0,38.5,39.1,,33.0,41.9,35.7,1,3602000,-318600,33.0,,,17.72,122740,,1,2000
1790384105,2026-09-26T00:55:05Z,175593,1790208587,6.1.187-android14-11-SAGA,49646d1b0cd1,cc_governor,cc_governor,234,5,507,640,290,1,156,5,286,316,134,35,adios,0,adios,0,adios,0,38.1,39.5,,33.0,41.2,35.4,1,3608000,-187900,33.0,,,16.23,137560,,1,2000
1790384141,2026-09-26T00:55:41Z,175629,1790208587,6.1.187-android14-11-SAGA,49646d1b0cd1,cc_governor,cc_governor,255,5,1567,1773,1324,2,296,5,529,565,236,50,adios,0,adios,0,adios,0,37.1,38.6,,33.0,41.0,35.2,1,3606000,-181800,33.0,,,15.60,114976,,1,2000
1790384177,2026-09-26T00:56:17Z,175665,1790208587,6.1.187-android14-11-SAGA,49646d1b0cd1,cc_governor,cc_governor,355,2188,3062,5519,2721,5,222,168,498,719,276,81,adios,0,adios,0,adios,0,37.8,39.6,,33.0,41.2,35.2,1,3595000,-444300,33.0,,,15.19,109520,,1,2000
1790384213,2026-09-26T00:56:53Z,175701,1790208587,6.1.187-android14-11-SAGA,49646d1b0cd1,cc_governor,cc_governor,317,2854,1663,4904,1357,3,150,198,364,603,219,72,adios,0,adios,0,adios,0,37.9,38.4,,33.0,44.0,35.3,1,3602000,-171500,33.0,,,15.20,135684,,1,2000
1790384248,2026-09-26T00:57:28Z,175736,1790208587,6.1.187-android14-11-SAGA,49646d1b0cd1,cc_governor,cc_governor,938,7200,8257,16268,7319,20,178,644,1500,2332,1322,432,adios,0,adios,0,adios,0,37.3,38.0,,33.0,40.8,35.0,1,3603000,-806200,33.0,,,14.79,144848,,1,2000
1790384285,2026-09-26T00:58:05Z,175773,1790208587,6.1.187-android14-11-SAGA,49646d1b0cd1,cc_governor,cc_governor,3619,309,5308,6417,1709,3,1573,609,2254,2974,688,35,adios,0,adios,0,adios,0,39.4,41.5,44.4,33.0,55.5,38.5,1,3515000,-1270100,33.0,,,18.20,104100,,1,2000
1790384322,2026-09-26T00:58:42Z,175811,1790208587,6.1.187-android14-11-SAGA,49646d1b0cd1,cc_governor,cc_governor,238,1343,1637,3224,1399,4,81,79,195,302,114,41,adios,0,adios,0,adios,0,38.4,38.7,,33.0,41.4,35.6,1,3581000,-201400,33.0,,,16.73,193556,,1,2000
1790384358,2026-09-26T00:59:18Z,175846,1790208587,6.1.187-android14-11-SAGA,49646d1b0cd1,cc_governor,cc_governor,243,4,2064,2284,1834,2,90,10,247,278,161,31,adios,0,adios,0,adios,0,37.9,38.2,,33.0,40.9,35.2,1,3593000,-157400,33.0,,,15.81,187252,,1,2000
1790384394,2026-09-26T00:59:54Z,175882,1790208587,6.1.187-android14-11-SAGA,49646d1b0cd1,cc_governor,cc_governor,409,7406,5131,13201,4722,12,90,664,916,1653,826,448,adios,0,adios,0,adios,0,37.1,38.0,,33.0,40.0,34.9,1,3591000,-215400,33.0,,,15.17,178444,,1,2000
1790384429,2026-09-26T01:00:29Z,175918,1790208587,6.1.187-android14-11-SAGA,49646d1b0cd1,cc_governor,cc_governor,827,14920,8100,23967,7273,26,429,1828,1573,3554,1144,856,adios,0,adios,0,adios,0,37.1,37.6,,33.0,40.3,34.8,1,3593000,-202600,33.0,,,15.02,167064,,1,2000
1790384465,2026-09-26T01:01:05Z,175953,1790208587,6.1.187-android14-11-SAGA,49646d1b0cd1,cc_governor,cc_governor,1156,20177,9538,31152,8393,43,436,2868,1848,4955,1417,1243,adios,0,adios,0,adios,0,37.3,39.2,,33.0,41.1,34.8,1,3591000,-222700,33.0,,,15.02,96028,,1,2000
1790384500,2026-09-26T01:01:40Z,175989,1790208587,6.1.187-android14-11-SAGA,49646d1b0cd1,cc_governor,cc_governor,1229,24445,11611,37810,10382,54,436,3496,2397,6179,1961,1652,adios,0,adios,0,adios,0,36.8,37.9,,33.0,40.1,34.6,1,3587000,-209900,33.0,,,14.80,92568,,1,2000
1790384536,2026-09-26T01:02:16Z,176024,1790208587,6.1.187-android14-11-SAGA,49646d1b0cd1,cc_governor,cc_governor,1282,29478,12111,43642,10829,66,436,4693,2448,7473,2012,2071,adios,0,adios,0,adios,0,36.3,37.7,,33.0,39.5,34.5,1,3590000,-243500,33.0,,,14.81,98624,,1,2000
1790384572,2026-09-26T01:02:52Z,176060,1790208587,6.1.187-android14-11-SAGA,49646d1b0cd1,cc_governor,cc_governor,1303,34583,12579,49495,11274,73,436,5862,2505,8735,2069,2497,adios,0,adios,0,adios,0,36.6,37.9,,33.0,39.2,34.5,1,3589000,-179400,33.0,,,14.72,88328,,1,2000
1790385179,2026-09-26T01:12:59Z,176667,1790208587,6.1.187-android14-11-SAGA,49646d1b0cd1,cc_governor,cc_governor,1979,54,2885,3489,916,3,778,48,1266,1431,492,37,adios,0,adios,0,adios,0,40.5,41.1,,32.0,43.2,35.1,1,3486000,-1575900,32.0,,,23.83,21436,,1,2000
1790385215,2026-09-26T01:13:35Z,176704,1790208587,6.1.187-android14-11-SAGA,49646d1b0cd1,cc_governor,cc_governor,238,304,253,717,0,2,1,139,1,41,0,1,adios,0,adios,0,adios,0,42.0,42.1,40.1,32.0,46.9,36.5,1,3534000,-573100,32.0,,,21.27,184748,,1,2000
1790385252,2026-09-26T01:14:12Z,176740,1790208587,6.1.187-android14-11-SAGA,49646d1b0cd1,cc_governor,cc_governor,11414,71,13389,16285,1935,6,8828,72,11336,12169,2455,20,adios,0,adios,0,adios,26,52.8,50.1,,33.0,49.0,38.9,1,3525000,-537100,33.0,,,20.31,116856,,1,2000
1790385288,2026-09-26T01:14:48Z,176777,1790208587,6.1.187-android14-11-SAGA,49646d1b0cd1,cc_governor,cc_governor,24755,2182,32429,40929,7625,42,6788,1774,14902,18047,8114,112,adios,0,adios,0,adios,0,42.9,43.0,,33.0,44.7,37.6,1,3505000,-465600,33.0,,,19.64,133964,,1,2000
1790385324,2026-09-26T01:15:24Z,176813,1790208587,6.1.187-android14-11-SAGA,49646d1b0cd1,cc_governor,cc_governor,49657,9674,64283,84259,14620,89,9015,7505,22694,32162,13689,527,adios,0,adios,0,adios,0,43.1,43.2,,34.0,44.4,37.5,1,3495000,-755000,34.0,,,18.35,173380,,1,2000
1790385360,2026-09-26T01:16:00Z,176849,1790208587,6.1.187-android14-11-SAGA,49646d1b0cd1,cc_governor,cc_governor,73894,16995,95401,126257,21480,135,11036,13272,29946,45774,18910,945,adios,0,adios,0,adios,0,42.5,45.5,,34.0,45.5,38.0,1,3491000,-814800,34.0,,,18.34,157836,,1,2000
1790385396,2026-09-26T01:16:36Z,176884,1790208587,6.1.187-android14-11-SAGA,49646d1b0cd1,cc_governor,cc_governor,97824,25965,124618,168189,26775,177,13181,19905,36279,59331,23098,1306,adios,0,adios,0,adios,0,42.5,43.9,,34.0,45.2,37.8,1,3462000,-823900,34.0,,,18.05,142936,,1,2000
1790385432,2026-09-26T01:17:12Z,176920,1790208587,6.1.187-android14-11-SAGA,49646d1b0cd1,cc_governor,cc_governor,122895,34102,155694,211023,32793,227,15101,26586,42227,72494,27126,1710,adios,0,adios,0,adios,0,42.4,43.3,,34.0,46.3,38.0,1,3463000,-478500,34.0,,,18.46,124708,,1,2000
1790385468,2026-09-26T01:17:48Z,176956,1790208587,6.1.187-android14-11-SAGA,49646d1b0cd1,cc_governor,cc_governor,147332,44495,184317,254465,36975,287,17334,34356,47606,86047,30286,2109,adios,0,adios,0,adios,0,42.9,43.9,,34.0,45.2,38.1,1,3415000,-1761400,34.0,,,18.02,89312,,1,2000
1790385504,2026-09-26T01:18:24Z,176992,1790208587,6.1.187-android14-11-SAGA,49646d1b0cd1,cc_governor,cc_governor,165658,52616,209274,290905,43613,326,19681,38862,53852,97557,34171,2543,adios,0,adios,0,adios,0,41.3,41.6,,34.0,45.5,38.1,1,3416000,-1755900,34.0,,,18.18,172984,,1,2000
1790385540,2026-09-26T01:19:00Z,177029,1790208587,6.1.187-android14-11-SAGA,49646d1b0cd1,cc_governor,cc_governor,188945,61136,238951,332975,49988,370,21988,45058,60647,111139,38645,2953,adios,0,adios,0,adios,0,42.7,43.2,,34.0,46.1,38.4,1,3395000,-435100,35.0,,,17.38,171428,,1,2000
1790385576,2026-09-26T01:19:36Z,177065,1790208587,6.1.187-android14-11-SAGA,49646d1b0cd1,cc_governor,cc_governor,213506,71392,267415,375371,53886,423,25243,52787,67553,126681,42310,3369,adios,0,adios,0,adios,0,42.9,43.7,,35.0,45.0,38.5,1,3390000,-607900,35.0,,,17.08,156696,,1,2000
1790385613,2026-09-26T01:20:13Z,177101,1790208587,6.1.187-android14-11-SAGA,49646d1b0cd1,cc_governor,cc_governor,259650,75271,319237,440070,59606,471,35499,56903,86579,150924,51087,3793,adios,0,adios,0,adios,0,43.2,48.1,,35.0,47.1,39.4,1,3367000,-363700,35.0,,,20.54,449132,,1,2000
1790385649,2026-09-26T01:20:49Z,177138,1790208587,6.1.187-android14-11-SAGA,49646d1b0cd1,cc_governor,cc_governor,17195,3001,22860,31750,5684,24,5389,2130,10046,13196,4663,62,adios,0,adios,0,adios,0,43.4,44.1,,35.0,45.7,39.1,1,3367000,-596300,35.0,,,20.91,130676,,1,2000
1790385685,2026-09-26T01:21:25Z,177173,1790208587,6.1.187-android14-11-SAGA,49646d1b0cd1,cc_governor,cc_governor,24377,17248,32137,57452,7756,32,6069,6178,11195,18547,5126,479,adios,0,adios,0,adios,0,40.9,43.0,,35.0,43.4,37.8,1,3383000,-407100,35.0,,,18.42,147644,,1,2000
1790385720,2026-09-26T01:22:00Z,177208,1790208587,6.1.187-android14-11-SAGA,49646d1b0cd1,cc_governor,cc_governor,26344,29076,37488,75679,11151,42,6202,8222,11672,21126,5475,906,adios,0,adios,0,adios,0,40.2,42.9,,34.0,42.9,37.2,1,3377000,-362500,34.0,,,17.46,133556,,1,2000
1790385756,2026-09-26T01:22:36Z,177244,1790208587,6.1.187-android14-11-SAGA,49646d1b0cd1,cc_governor,cc_governor,28431,39410,43508,93218,15075,57,6395,9913,12845,24046,6450,1321,adios,0,adios,0,adios,0,40.5,40.7,39.3,34.0,43.5,37.0,1,3371000,-702500,34.0,,,17.10,135508,,1,2000
1790385791,2026-09-26T01:23:11Z,177280,1790208587,6.1.187-android14-11-SAGA,49646d1b0cd1,cc_governor,cc_governor,1532,6248,4997,12108,3461,1,173,920,515,1497,342,85,adios,0,adios,0,adios,0,39.9,41.7,,34.0,45.1,37.0,1,3357000,-423500,34.0,,,16.54,109392,,1,2000
1790385827,2026-09-26T01:23:47Z,177315,1790208587,6.1.187-android14-11-SAGA,49646d1b0cd1,cc_governor,cc_governor,9203,4144,10854,17039,1616,6,1694,2599,3010,5841,1315,56,adios,0,adios,0,adios,0,42.7,43.9,,34.0,44.8,37.7,1,3346000,-473600,34.0,,,16.81,163632,,1,2000
1790385864,2026-09-26T01:24:24Z,177353,1790208587,6.1.187-android14-11-SAGA,49646d1b0cd1,cc_governor,cc_governor,30564,11894,39059,60456,8493,54,5800,7301,12392,20254,6592,548,adios,0,adios,0,adios,0,41.4,42.9,,34.0,43.5,37.5,1,3338000,-291700,34.0,,,16.84,150464,,1,2000
1790385900,2026-09-26T01:25:00Z,177388,1790208587,6.1.187-android14-11-SAGA,49646d1b0cd1,cc_governor,cc_governor,32939,21134,47121,78997,14193,63,6107,8945,14197,23975,8094,1007,adios,0,adios,0,adios,0,40.0,40.4,,34.0,43.1,36.9,1,3340000,-290500,34.0,,,16.23,225104,,1,2000
1790385936,2026-09-26T01:25:36Z,177424,1790208587,6.1.187-android14-11-SAGA,49646d1b0cd1,cc_governor,cc_governor,2324,342,3206,4117,859,0,388,167,1116,1322,742,25,adios,0,adios,0,adios,0,42.5,43.1,,34.0,45.7,37.8,1,3263000,-946600,34.0,,,17.95,218732,,1,2000
1790385973,2026-09-26T01:26:13Z,177461,1790208587,6.1.187-android14-11-SAGA,49646d1b0cd1,cc_governor,cc_governor,436,0,815,1019,300,2,146,0,413,451,244,22,adios,0,adios,0,adios,0,42.9,43.4,,34.0,44.2,37.6,1,3270000,-605400,34.0,,,17.50,156696,,1,2000
1790386010,2026-09-26T01:26:50Z,177498,1790208587,6.1.187-android14-11-SAGA,49646d1b0cd1,cc_governor,cc_governor,293,871,293,1374,0,2,29,237,29,276,0,22,adios,0,adios,0,adios,0,40.9,41.1,,34.0,42.9,37.3,1,3288000,-399100,34.0,,,17.89,132564,,1,2000
1790386046,2026-09-26T01:27:26Z,177534,1790208587,6.1.187-android14-11-SAGA,49646d1b0cd1,cc_governor,cc_governor,5325,1629,7763,11025,2365,27,2849,1138,4461,6064,1557,42,adios,0,adios,0,adios,0,41.1,40.5,39.8,34.0,40.7,37.2,1,3277000,-387500,34.0,,,17.78,182616,,1,2000
1790386118,2026-09-26T01:28:38Z,177606,1790208587,6.1.187-android14-11-SAGA,49646d1b0cd1,cc_governor,cc_governor,30,0,180,206,160,0,21,0,73,90,57,17,adios,0,adios,0,adios,0,39.8,40.0,,34.0,40.1,36.4,1,3295000,-161100,34.0,,,17.02,193036,,1,2000
1790386266,2026-09-26T01:31:06Z,177754,1790208587,6.1.187-android14-11-SAGA,49646d1b0cd1,cc_governor,cc_governor,82,0,687,739,623,1,15,0,119,133,110,21,adios,0,adios,0,adios,0,37.8,36.9,,33.0,37.8,34.3,1,3326000,-554100,33.0,,,16.87,142460,,1,2000
1790386540,2026-09-26T01:35:40Z,178028,1790208587,6.1.187-android14-11-SAGA,49646d1b0cd1,cc_governor,cc_governor,2910,0,3596,4256,699,1,563,0,1346,1407,787,23,adios,0,adios,0,adios,0,46.8,45.1,,34.0,45.1,37.8,1,3501000,1411100,34.0,,,18.53,101652,,1,2000
1790386575,2026-09-26T01:36:15Z,178064,1790208587,6.1.187-android14-11-SAGA,49646d1b0cd1,cc_governor,cc_governor,664,1062,677,1982,0,0,43,378,44,456,0,25,adios,0,adios,0,adios,0,43.8,43.7,,34.0,47.4,38.2,1,3525000,1009500,34.0,,,17.79,75024,,1,2000
1790386611,2026-09-26T01:36:51Z,178100,1790208587,6.1.187-android14-11-SAGA,49646d1b0cd1,cc_governor,cc_governor,2093,659,3028,4199,944,2,333,543,539,1098,210,23,adios,0,adios,0,adios,0,41.6,45.3,,34.0,46.0,38.3,2,3544000,1004000,34.0,,,19.19,292176,,1,2000
1790386647,2026-09-26T01:37:27Z,178136,1790208587,6.1.187-android14-11-SAGA,49646d1b0cd1,cc_governor,cc_governor,26,0,129,182,127,0,1,0,82,88,88,18,adios,0,adios,0,adios,0,45.4,46.3,44.1,34.0,48.2,39.2,2,3565000,1009500,34.0,,,19.48,83024,,1,2000
1790386683,2026-09-26T01:38:03Z,178171,1790208587,6.1.187-android14-11-SAGA,49646d1b0cd1,cc_governor,cc_governor,1078,1841,3052,5302,1963,0,183,350,604,1005,421,39,adios,0,adios,0,adios,0,42.5,45.5,,34.0,46.5,38.8,2,3576000,992400,34.0,,,18.68,154424,,1,2000
1790386718,2026-09-26T01:38:38Z,178207,1790208587,6.1.187-android14-11-SAGA,49646d1b0cd1,cc_governor,cc_governor,39420,6249,46939,58527,7464,76,10571,4535,16915,22602,6344,434,adios,0,adios,0,adios,0,45.1,49.5,44.1,34.0,48.9,39.3,2,3589000,965500,34.0,,,18.41,156740,,1,2000
1790386754,2026-09-26T01:39:14Z,178243,1790208587,6.1.187-android14-11-SAGA,49646d1b0cd1,cc_governor,cc_governor,67539,9331,83389,101733,15804,104,18719,6966,30221,39188,11517,820,adios,0,adios,0,adios,0,45.1,47.6,43.9,34.0,46.3,38.3,2,3496000,-422300,34.0,,,17.94,203780,,1,2000
1790386790,2026-09-26T01:39:50Z,178278,1790208587,6.1.187-android14-11-SAGA,49646d1b0cd1,cc_governor,cc_governor,2155,54,3079,3958,939,4,770,40,1530,1648,769,19,adios,0,adios,0,adios,0,45.0,45.0,,34.0,45.8,38.6,2,3464000,-516900,34.0,,,17.86,167248,,1,2000
1790386825,2026-09-26T01:40:25Z,178314,1790208587,6.1.187-android14-11-SAGA,49646d1b0cd1,cc_governor,cc_governor,10366,8191,16852,27474,6486,12,1667,2652,3952,6939,2285,373,adios,0,adios,0,adios,0,41.4,42.7,,34.0,44.0,37.6,2,3459000,-355800,34.0,,,17.11,102588,,1,2000
1790386861,2026-09-26T01:41:01Z,178349,1790208587,6.1.187-android14-11-SAGA,49646d1b0cd1,cc_governor,cc_governor,21424,16340,34204,55429,12780,55,5507,5146,11134,17221,5627,789,adios,0,adios,0,adios,0,40.6,41.6,,34.0,44.7,37.8,2,3551000,631100,34.0,,,17.08,217064,,1,2000
1790386897,2026-09-26T01:41:37Z,178385,1790208587,6.1.187-android14-11-SAGA,49646d1b0cd1,cc_governor,cc_governor,23694,20234,45455,71443,21764,68,5861,6333,13258,20722,7400,1207,adios,0,adios,0,adios,0,40.6,42.0,,34.0,43.4,37.3,2,3600000,961900,34.0,,,16.20,141268,,1,2000
1790386932,2026-09-26T01:42:12Z,178420,1790208587,6.1.187-android14-11-SAGA,49646d1b0cd1,cc_governor,cc_governor,24722,30515,49189,86226,24467,79,5916,7780,13586,22613,7670,1647,adios,0,adios,0,adios,0,39.5,40.9,,34.0,42.6,36.8,2,3619000,955800,34.0,,,15.82,128596,,1,2000
1790386968,2026-09-26T01:42:48Z,178456,1790208587,6.1.187-android14-11-SAGA,49646d1b0cd1,cc_governor,cc_governor,25189,40540,52765,100328,27576,89,5920,9007,13667,23997,7747,2062,adios,0,adios,0,adios,0,39.0,39.8,,34.0,42.2,36.5,3,3632000,894100,34.0,,,15.35,144268,,1,2000
1790387003,2026-09-26T01:43:23Z,178492,1790208587,6.1.187-android14-11-SAGA,49646d1b0cd1,cc_governor,cc_governor,25652,51129,55932,114567,30303,104,5921,9879,14135,25412,8218,2477,adios,0,adios,0,adios,0,39.3,39.9,,34.0,41.9,36.3,3,3647000,979600,34.0,,,15.37,143800,,1,2000
1790387039,2026-09-26T01:43:59Z,178527,1790208587,6.1.187-android14-11-SAGA,49646d1b0cd1,cc_governor,cc_governor,26293,59770,61066,128941,34773,114,5934,10917,14536,26934,8602,2892,adios,0,adios,0,adios,0,38.8,39.8,,34.0,41.6,36.2,3,3657000,805600,34.0,,,14.90,115384,,1,2000
1790387075,2026-09-26T01:44:35Z,178563,1790208587,6.1.187-android14-11-SAGA,49646d1b0cd1,cc_governor,cc_governor,26772,70463,64000,143095,37250,125,5943,12187,14650,28382,8712,3307,adios,0,adios,0,adios,0,38.4,39.1,,34.0,42.2,36.0,3,3664000,885000,34.0,,,14.78,119536,,1,2000
1790387111,2026-09-26T01:45:11Z,178599,1790208587,6.1.187-android14-11-SAGA,49646d1b0cd1,cc_governor,cc_governor,27341,80294,68013,157493,40666,135,5960,12857,15319,29778,9359,3731,adios,0,adios,0,adios,0,38.4,39.8,,34.0,41.8,35.8,3,3683000,918500,34.0,,,14.84,115048,,1,2000
1790387146,2026-09-26T01:45:46Z,178635,1790208587,6.1.187-android14-11-SAGA,49646d1b0cd1,cc_governor,cc_governor,27778,91804,69993,171435,42215,147,5960,14118,15396,31178,9436,4152,adios,0,adios,0,adios,0,38.0,39.1,,34.0,41.3,35.7,4,3686000,771400,34.0,,,14.98,112776,,1,2000
1790387182,2026-09-26T01:46:22Z,178670,1790208587,6.1.187-android14-11-SAGA,49646d1b0cd1,cc_governor,cc_governor,28289,95755,78548,184499,50270,155,5964,14992,15755,32475,9795,4583,adios,0,adios,0,adios,0,38.2,38.7,,33.0,42.1,35.6,4,3709000,963100,33.0,,,14.82,143312,,1,2000
1790387217,2026-09-26T01:46:57Z,178706,1790208587,6.1.187-android14-11-SAGA,49646d1b0cd1,cc_governor,cc_governor,28635,99347,84579,194700,55944,168,5964,15206,16860,33864,10896,4996,adios,0,adios,0,adios,0,38.1,41.2,,33.0,41.5,35.5,4,3711000,726900,33.0,,,14.70,119648,,1,2000
1790387253,2026-09-26T01:47:33Z,178741,1790208587,6.1.187-android14-11-SAGA,49646d1b0cd1,cc_governor,cc_governor,28899,105548,87754,204594,58854,179,6094,16440,17164,35495,11070,5425,adios,0,adios,0,adios,0,38.1,38.9,,33.0,40.5,35.5,4,3723000,973500,33.0,,,14.47,142928,,1,2000
1790387289,2026-09-26T01:48:09Z,178777,1790208587,6.1.187-android14-11-SAGA,49646d1b0cd1,cc_governor,cc_governor,29097,111574,90715,214116,61618,194,6097,17565,17296,36808,11199,5825,adios,0,adios,0,adios,0,37.9,38.5,,33.0,41.2,35.4,4,3724000,891700,33.0,,,14.44,129504,,1,2000
1790387324,2026-09-26T01:48:44Z,178812,1790208587,6.1.187-android14-11-SAGA,49646d1b0cd1,cc_governor,cc_governor,29616,117308,94625,224276,65019,201,6174,18617,18039,38746,11871,6244,adios,0,adios,0,adios,0,37.9,38.4,,33.0,41.0,35.4,5,3733000,921000,33.0,,,14.49,161928,,1,2000
1790387360,2026-09-26T01:49:20Z,178848,1790208587,6.1.187-android14-11-SAGA,49646d1b0cd1,cc_governor,cc_governor,29791,125852,95272,233995,65481,209,6174,19664,18192,40005,12018,6673,adios,0,adios,0,adios,0,37.5,38.3,,33.0,41.0,35.3,5,3747000,616400,33.0,,,14.72,150164,,1,2000
1790387396,2026-09-26T01:49:56Z,178884,1790208587,6.1.187-android14-11-SAGA,49646d1b0cd1,cc_governor,cc_governor,30086,132911,97615,243900,67543,223,6178,20844,18312,41384,12138,7115,adios,0,adios,0,adios,0,37.8,39.3,,33.0,40.0,35.2,5,3753000,905700,33.0,,,14.56,138388,,1,2000
1790387431,2026-09-26T01:50:31Z,178920,1790208587,6.1.187-android14-11-SAGA,49646d1b0cd1,cc_governor,cc_governor,30344,134380,105272,253617,74928,236,6181,20936,19430,42662,13249,7535,adios,0,adios,0,adios,0,37.5,39.5,,33.0,40.6,35.2,5,3756000,954500,33.0,,,14.55,159296,,1,2000
1790387467,2026-09-26T01:51:07Z,178955,1790208587,6.1.187-android14-11-SAGA,49646d1b0cd1,cc_governor,cc_governor,30686,138825,110062,263492,79389,253,6253,21220,20516,44109,14267,7948,adios,0,adios,0,adios,0,37.8,38.6,,33.0,39.9,35.1,5,3766000,965500,33.0,,,14.67,418032,,1,2000
1790387503,2026-09-26T01:51:43Z,178991,1790208587,6.1.187-android14-11-SAGA,49646d1b0cd1,cc_governor,cc_governor,30864,143653,111451,270317,80587,273,6310,22246,20788,45460,14478,8364,adios,0,adios,0,adios,0,37.2,37.9,,33.0,40.3,35.1,5,3763000,693300,33.0,,,15.02,411060,,1,2000
1790387538,2026-09-26T01:52:18Z,179027,1790208587,6.1.187-android14-11-SAGA,49646d1b0cd1,cc_governor,cc_governor,22,3376,634,4412,612,9,0,345,34,409,34,79,adios,0,adios,0,adios,0,37.6,38.5,,33.0,41.7,35.2,6,3750000,614000,33.0,,,14.65,389456,,1,2000
1790387574,2026-09-26T01:52:54Z,179062,1790208587,6.1.187-android14-11-SAGA,49646d1b0cd1,cc_governor,cc_governor,45,7661,1798,10231,1753,30,0,1544,155,1755,155,470,adios,0,adios,0,adios,0,37.9,38.5,,33.0,41.2,35.1,6,3764000,853200,33.0,,,14.62,384316,,1,2000
1790387609,2026-09-26T01:53:29Z,179097,1790208587,6.1.187-android14-11-SAGA,49646d1b0cd1,cc_governor,cc_governor,93,10104,4989,16341,4909,55,5,1968,1077,3135,1077,857,adios,0,adios,0,adios,0,38.4,38.2,,33.0,41.3,35.1,6,3766000,747000,33.0,,,14.58,383912,,1,2000
1790387644,2026-09-26T01:54:04Z,179133,1790208587,6.1.187-android14-11-SAGA,49646d1b0cd1,cc_governor,cc_governor,118,14535,6345,22662,6227,71,5,2888,1489,4502,1484,1261,adios,0,adios,0,adios,0,38.0,38.2,,33.0,42.3,35.1,6,3772000,759800,33.0,,,14.51,387396,,1,2000
1790387680,2026-09-26T01:54:40Z,179168,1790208587,6.1.187-android14-11-SAGA,49646d1b0cd1,cc_governor,cc_governor,217,19018,8213,29497,7996,101,33,4126,1730,6023,1697,1650,adios,0,adios,0,adios,0,38.2,38.5,,33.0,41.6,35.2,6,3774000,802000,33.0,,,14.66,321784,,1,2000
1790387716,2026-09-26T01:55:16Z,179204,1790208587,6.1.187-android14-11-SAGA,49646d1b0cd1,cc_governor,cc_governor,283,23918,9530,36188,9247,126,35,5409,1852,7467,1817,2053,adios,0,adios,0,adios,0,37.8,42.4,,33.0,42.0,35.2,7,3771000,931300,33.0,,,14.81,332484,,1,2000
1790387751,2026-09-26T01:55:51Z,179239,1790208587,6.1.187-android14-11-SAGA,49646d1b0cd1,cc_governor,cc_governor,293,28140,10711,42059,10418,158,35,6642,1975,8856,1940,2439,adios,0,adios,0,adios,0,37.9,38.2,,33.0,41.4,35.2,7,3772000,883700,33.0,,,14.91,315924,,1,2000
1790387786,2026-09-26T01:56:26Z,179275,1790208587,6.1.187-android14-11-SAGA,49646d1b0cd1,cc_governor,cc_governor,309,33276,11264,48233,10955,185,35,7923,2042,10233,2007,2835,adios,0,adios,0,adios,0,37.6,38.3,,33.0,42.2,35.1,7,3776000,899000,33.0,,,14.73,332712,,1,2000
1790387822,2026-09-26T01:57:02Z,179310,1790208587,6.1.187-android14-11-SAGA,49646d1b0cd1,cc_governor,cc_governor,363,37639,12594,54353,12231,212,58,9127,2241,11690,2183,3225,adios,0,adios,0,adios,0,37.7,38.4,,33.0,41.7,35.1,7,3777000,960600,33.0,,,14.95,317972,,1,2000
1790387857,2026-09-26T01:57:37Z,179345,1790208587,6.1.187-android14-11-SAGA,49646d1b0cd1,cc_governor,cc_governor,467,42400,14002,60926,13535,237,132,10362,2471,13208,2339,3617,adios,0,adios,0,adios,0,37.8,38.4,,33.0,41.5,35.1,7,3779000,938700,33.0,,,14.98,328600,,1,2000
1790387892,2026-09-26T01:58:12Z,179381,1790208587,6.1.187-android14-11-SAGA,49646d1b0cd1,cc_governor,cc_governor,507,46819,15138,66905,14631,265,132,11532,2654,14598,2522,4012,adios,0,adios,0,adios,0,37.9,38.5,,33.0,42.5,35.3,8,3767000,682900,33.0,,,14.70,318904,,1,2000
1790387928,2026-09-26T01:58:48Z,179416,1790208587,6.1.187-android14-11-SAGA,49646d1b0cd1,cc_governor,cc_governor,546,50748,17354,73521,16808,294,132,12052,3528,16042,3396,4401,adios,0,adios,0,adios,0,37.7,38.3,,33.0,40.9,35.1,8,3779000,936200,33.0,,,14.55,326052,,1,2000
1790387963,2026-09-26T01:59:23Z,179451,1790208587,6.1.187-android14-11-SAGA,49646d1b0cd1,cc_governor,cc_governor,600,54654,19479,79959,18895,316,134,12506,4410,17405,4279,4784,adios,0,adios,0,adios,0,38.0,38.2,,33.0,41.7,35.1,8,3774000,836700,33.0,,,14.55,315176,,1,2000
1790387998,2026-09-26T01:59:58Z,179487,1790208587,6.1.187-android14-11-SAGA,49646d1b0cd1,cc_governor,cc_governor,619,59190,20537,86032,19918,337,134,13499,4697,18741,4563,5193,adios,0,adios,0,adios,0,38.1,45.7,,33.0,42.2,35.4,8,3780000,905700,33.0,,,14.46,349852,,1,2000
1790388034,2026-09-26T02:00:34Z,179522,1790208587,6.1.187-android14-11-SAGA,49646d1b0cd1,cc_governor,cc_governor,877,64792,21366,92915,20489,361,532,14979,5168,20746,4636,5592,adios,0,adios,0,adios,0,37.7,38.5,,33.0,41.2,35.1,8,3773000,927700,33.0,,,14.52,323120,,1,2000
1790388070,2026-09-26T02:01:10Z,179558,1790208587,6.1.187-android14-11-SAGA,49646d1b0cd1,cc_governor,cc_governor,1000,69037,23119,99354,22119,388,547,16217,5383,22241,4836,5986,adios,0,adios,0,adios,0,37.8,38.3,,33.0,41.6,35.2,8,3785000,917300,33.0,,,14.50,312096,,1,2000
1790388105,2026-09-26T02:01:45Z,179593,1790208587,6.1.187-android14-11-SAGA,49646d1b0cd1,cc_governor,cc_governor,1022,73610,24749,105968,23727,419,548,17463,5546,23691,4998,6374,adios,0,adios,0,adios,0,37.9,38.3,,33.0,41.3,35.2,9,3780000,787900,33.0,,,14.72,302820,,1,2000
1790388140,2026-09-26T02:02:20Z,179629,1790208587,6.1.187-android14-11-SAGA,49646d1b0cd1,cc_governor,cc_governor,1173,78545,25987,112702,24814,445,548,18701,5676,25105,5128,6761,adios,0,adios,0,adios,0,38.3,38.5,,33.0,41.5,35.3,9,3782000,853200,33.0,,,14.72,159248,,1,2000
1790388176,2026-09-26T02:02:56Z,179664,1790208587,6.1.187-android14-11-SAGA,49646d1b0cd1,cc_governor,cc_governor,1178,83463,26604,118660,25426,476,548,19931,5733,26415,5185,7131,adios,0,adios,0,adios,0,38.0,38.5,,33.0,42.2,35.1,9,3783000,877600,33.0,,,14.48,164376,,1,2000
1790388211,2026-09-26T02:03:31Z,179699,1790208587,6.1.187-android14-11-SAGA,49646d1b0cd1,cc_governor,cc_governor,1216,88011,27875,124930,26671,503,549,20873,6080,27747,5535,7516,adios,0,adios,0,adios,0,37.5,39.1,,33.0,40.7,35.1,9,3784000,888000,33.0,,,14.55,161552,,1,2000
1790388246,2026-09-26T02:04:06Z,179735,1790208587,6.1.187-android14-11-SAGA,49646d1b0cd1,cc_governor,cc_governor,1275,91217,30355,131099,29080,527,549,21618,6677,29139,6128,7915,adios,0,adios,0,adios,0,38.0,38.5,,33.0,41.1,35.1,9,3788000,925900,33.0,,,14.52,160720,,1,2000
1790388282,2026-09-26T02:04:42Z,179770,1790208587,6.1.187-android14-11-SAGA,49646d1b0cd1,cc_governor,cc_governor,1294,95813,31668,137441,30374,555,552,22779,6783,30467,6231,8271,adios,0,adios,0,adios,0,37.8,38.5,,33.0,42.3,35.2,10,3790000,967400,33.0,,,14.56,163840,,1,2000
1790388317,2026-09-26T02:05:17Z,179805,1790208587,6.1.187-android14-11-SAGA,49646d1b0cd1,cc_governor,cc_governor,1317,100878,32237,143482,30920,582,552,23955,6841,31750,6289,8661,adios,0,adios,0,adios,0,37.7,38.0,,33.0,41.1,35.1,10,3783000,761100,33.0,,,14.54,170484,,1,2000
1790388353,2026-09-26T02:05:53Z,179841,1790208587,6.1.187-android14-11-SAGA,49646d1b0cd1,cc_governor,cc_governor,1360,104109,34696,149579,33345,615,552,24779,7355,33122,6808,9063,adios,0,adios,0,adios,0,38.5,38.2,,33.0,41.0,35.1,10,3782000,821500,33.0,,,14.59,168844,,1,2000
1790388388,2026-09-26T02:06:28Z,179876,1790208587,6.1.187-android14-11-SAGA,49646d1b0cd1,cc_governor,cc_governor,1404,108960,35579,155756,34175,639,552,25927,7531,34485,6979,9454,adios,0,adios,0,adios,0,37.6,38.3,,33.0,42.5,35.1,10,3790000,926500,33.0,,,14.68,163792,,1,2000
1790388423,2026-09-26T02:07:03Z,179912,1790208587,6.1.187-android14-11-SAGA,49646d1b0cd1,cc_governor,cc_governor,1431,113899,36311,161861,34880,659,565,27203,7670,35935,7105,9837,adios,0,adios,0,adios,0,37.9,38.1,,33.0,41.1,35.1,10,3789000,958200,33.0,,,14.59,152584,,1,2000
1790388459,2026-09-26T02:07:39Z,179947,1790208587,6.1.187-android14-11-SAGA,49646d1b0cd1,cc_governor,cc_governor,1714,119320,37625,169019,35910,688,639,28567,7905,37573,7266,10216,adios,0,adios,0,adios,0,38.0,39.4,,33.0,44.2,35.3,11,3795000,937500,33.0,,,14.61,125120,,1,2000
1790388494,2026-09-26T02:08:14Z,179982,1790208587,6.1.187-android14-11-SAGA,49646d1b0cd1,cc_governor,cc_governor,1745,123931,39261,175716,37515,720,640,29358,8479,38975,7839,10597,adios,0,adios,0,adios,0,37.8,38.2,,33.0,41.6,35.2,11,3797000,827600,33.0,,,14.79,122224,,1,2000
1790388529,2026-09-26T02:08:49Z,180017,1790208587,6.1.187-android14-11-SAGA,49646d1b0cd1,cc_governor,cc_governor,1802,127714,41214,181936,39424,745,640,30167,9037,40367,8402,10975,adios,0,adios,0,adios,0,37.8,40.1,,33.0,41.2,35.1,11,3798000,954500,33.0,,,14.60,124236,,1,2000
1790388564,2026-09-26T02:09:24Z,180053,1790208587,6.1.187-android14-11-SAGA,49646d1b0cd1,cc_governor,cc_governor,1835,128955,45500,187955,43665,776,640,30314,10244,41770,9604,11372,adios,0,adios,0,adios,0,38.1,38.4,,33.0,41.0,35.2,11,3793000,862400,33.0,,,14.49,122232,,1,2000
1790388600,2026-09-26T02:10:00Z,180088,1790208587,6.1.187-android14-11-SAGA,49646d1b0cd1,cc_governor,cc_governor,1854,134035,46082,194096,44228,790,640,31603,10309,43147,9669,11786,adios,0,adios,0,adios,0,37.8,38.9,,33.0,41.2,35.2,11,3789000,816000,33.0,,,14.43,145892,,1,2000
1790388635,2026-09-26T02:10:35Z,180123,1790208587,6.1.187-android14-11-SAGA,49646d1b0cd1,cc_governor,cc_governor,1922,139202,47160,200751,45238,814,642,32896,10364,44541,9722,12166,adios,0,adios,0,adios,0,37.5,38.3,,33.0,40.8,35.2,11,3793000,833100,33.0,,,14.40,139592,,1,2000
1790388671,2026-09-26T02:11:11Z,180159,1790208587,6.1.187-android14-11-SAGA,49646d1b0cd1,cc_governor,cc_governor,1951,145276,47757,207872,45806,835,642,34264,10391,45990,9749,12583,adios,0,adios,0,adios,0,38.1,38.3,,33.0,42.0,35.2,12,3793000,772700,33.0,,,14.38,141512,,1,2000
1790388706,2026-09-26T02:11:46Z,180195,1790208587,6.1.187-android14-11-SAGA,49646d1b0cd1,cc_governor,cc_governor,2011,149967,48699,213979,46688,868,652,35510,10516,47392,9864,12961,adios,0,adios,0,adios,0,37.6,37.9,,33.0,41.9,35.2,12,3801000,899000,33.0,,,14.37,127568,,1,2000
1790388742,2026-09-26T02:12:22Z,180230,1790208587,6.1.187-android14-11-SAGA,49646d1b0cd1,cc_governor,cc_governor,2017,155077,49238,220068,47221,900,652,36752,10593,48747,9941,13357,adios,0,adios,0,adios,0,37.7,40.2,,33.0,41.7,35.2,12,3800000,930100,33.0,,,14.43,124860,,1,2000
1790388777,2026-09-26T02:12:57Z,180265,1790208587,6.1.187-android14-11-SAGA,49646d1b0cd1,cc_governor,cc_governor,2065,158994,51330,226584,49274,925,655,37216,11447,50097,10799,13746,adios,0,adios,0,adios,0,38.0,38.3,,33.0,41.3,35.2,12,3802000,930100,33.0,,,14.40,130484,,1,2000
1790388812,2026-09-26T02:13:32Z,180301,1790208587,6.1.187-android14-11-SAGA,49646d1b0cd1,cc_governor,cc_governor,2080,163594,52353,232668,50273,948,655,38260,11745,51472,11090,14142,adios,0,adios,0,adios,0,37.9,38.5,,33.0,41.5,35.2,12,3799000,772700,33.0,,,14.45,125076,,1,2000
1790388848,2026-09-26T02:14:08Z,180336,1790208587,6.1.187-android14-11-SAGA,49646d1b0cd1,cc_governor,cc_governor,2152,168972,53187,239337,51035,969,657,39498,11809,52815,11152,14545,adios,0,adios,0,adios,0,37.9,39.8,,33.0,62.7,38.0,13,3735000,-215400,33.0,,,16.13,95956,,1,2000
1790388885,2026-09-26T02:14:45Z,180373,1790208587,6.1.187-android14-11-SAGA,49646d1b0cd1,cc_governor,cc_governor,5990,172733,64555,255355,58565,1036,7232,40779,20948,64992,13716,15117,adios,0,adios,0,adios,0,39.2,39.5,,33.0,42.2,36.2,13,3803000,935000,33.0,,,15.57,119788,,1,2000
1790388920,2026-09-26T02:15:20Z,180408,1790208587,6.1.187-android14-11-SAGA,49646d1b0cd1,cc_governor,cc_governor,6141,176296,70942,265836,64801,1058,7289,41123,22046,66498,14757,15520,adios,0,adios,0,adios,0,38.7,39.2,,33.0,41.8,35.7,13,3805000,761100,33.0,,,15.02,94980,,1,2000
1790388955,2026-09-26T02:15:55Z,180444,1790208587,6.1.187-android14-11-SAGA,49646d1b0cd1,cc_governor,cc_governor,6210,183677,73985,276740,67788,1080,7294,41566,23006,67946,15718,15921,adios,0,adios,0,adios,0,38.4,39.0,,33.0,41.5,35.6,13,3807000,862400,33.0,,,14.96,97784,,1,2000
1790388991,2026-09-26T02:16:31Z,180479,1790208587,6.1.187-android14-11-SAGA,49646d1b0cd1,cc_governor,cc_governor,8319,189017,82026,290726,73721,1107,7752,42623,24962,71368,17216,16306,adios,0,adios,0,adios,0,38.8,39.3,,33.0,42.2,35.8,13,3803000,919800,33.0,,,14.86,105700,,1,2000
1790389026,2026-09-26T02:17:06Z,180515,1790208587,6.1.187-android14-11-SAGA,49646d1b0cd1,cc_governor,cc_governor,9804,191063,89244,300512,79452,1133,7813,42869,26372,73080,18563,16687,adios,0,adios,0,adios,0,39.1,39.9,,33.0,43.2,35.8,14,3804000,761100,33.0,,,14.48,117348,,1,2000
1790389061,2026-09-26T02:17:41Z,180550,1790208587,6.1.187-android14-11-SAGA,49646d1b0cd1,cc_governor,cc_governor,13857,194628,100344,315819,86499,1161,8054,43374,27927,75239,19877,17080,adios,0,adios,0,adios,0,38.7,38.9,,33.0,41.8,35.7,14,3807000,773900,33.0,,,14.60,124588,,1,2000
1790389097,2026-09-26T02:18:17Z,180585,1790208587,6.1.187-android14-11-SAGA,49646d1b0cd1,cc_governor,cc_governor,13877,198936,102101,322381,88243,1188,8054,44068,28576,76633,20526,17472,adios,0,adios,0,adios,0,38.4,38.5,,33.0,42.0,35.5,14,3818000,878900,33.0,,,14.55,115808,,1,2000
1790389132,2026-09-26T02:18:52Z,180620,1790208587,6.1.187-android14-11-SAGA,49646d1b0cd1,cc_governor,cc_governor,13969,201770,105221,328835,91263,1217,8060,44281,29622,77944,21567,17859,adios,0,adios,0,adios,0,38.3,38.7,,33.0,41.8,35.5,14,3813000,777500,33.0,,,14.47,113508,,1,2000
1790389167,2026-09-26T02:19:27Z,180656,1790208587,6.1.187-android14-11-SAGA,49646d1b0cd1,cc_governor,cc_governor,14111,204058,109219,335712,95108,1237,8060,44644,30625,79368,22565,18253,adios,0,adios,0,adios,0,38.0,38.9,,33.0,42.1,35.5,14,3799000,565700,33.0,,,14.34,79756,,1,2000
1790389203,2026-09-26T02:20:03Z,180691,1790208587,6.1.187-android14-11-SAGA,49646d1b0cd1,cc_governor,cc_governor,14156,208959,110202,342117,96055,1258,8060,45839,30731,80717,22674,18648,adios,0,adios,0,adios,0,38.5,40.2,,33.0,41.3,35.5,14,3817000,883700,33.0,,,14.65,120748,,1,2000
1790389238,2026-09-26T02:20:38Z,180726,1790208587,6.1.187-android14-11-SAGA,49646d1b0cd1,cc_governor,cc_governor,14299,211878,114332,349763,100045,1286,8532,46153,32510,82970,23983,19030,adios,0,adios,0,adios,0,38.8,38.9,,33.0,41.9,35.6,15,3823000,867300,33.0,,,14.72,140436,,1,2000
1790389273,2026-09-26T02:21:13Z,180761,1790208587,6.1.187-android14-11-SAGA,49646d1b0cd1,cc_governor,cc_governor,14350,215724,116345,356102,101995,1308,8535,47237,32725,84323,24190,19414,adios,0,adios,0,adios,0,38.3,38.6,,33.0,41.3,35.4,15,3814000,735400,33.0,,,14.61,123036,,1,2000
1790389309,2026-09-26T02:21:49Z,180797,1790208587,6.1.187-android14-11-SAGA,49646d1b0cd1,cc_governor,cc_governor,14405,219451,118697,362665,104292,1334,8556,48023,33359,85791,24803,19805,adios,0,adios,0,adios,0,38.1,39.5,,33.0,41.1,35.4,15,3818000,800700,33.0,,,14.48,115276,,1,2000
1790389344,2026-09-26T02:22:24Z,180833,1790208587,6.1.187-android14-11-SAGA,49646d1b0cd1,cc_governor,cc_governor,14452,224995,119012,368956,104560,1358,8558,49311,33377,87131,24819,20203,adios,0,adios,0,adios,0,38.1,38.7,,33.0,41.9,35.4,15,3823000,739700,33.0,,,14.57,108584,,1,2000
1790389380,2026-09-26T02:23:00Z,180868,1790208587,6.1.187-android14-11-SAGA,49646d1b0cd1,cc_governor,cc_governor,14485,229880,119921,375191,105449,1387,8558,50535,33488,88485,24933,20577,adios,0,adios,0,adios,0,38.1,38.7,,33.0,41.9,35.3,15,3829000,850800,33.0,,,14.48,118680,,1,2000
1790389415,2026-09-26T02:23:35Z,180903,1790208587,6.1.187-android14-11-SAGA,49646d1b0cd1,cc_governor,cc_governor,14573,233789,122147,381779,107574,1406,8559,51256,33961,89719,25402,20964,adios,0,adios,0,adios,0,38.0,38.6,,33.0,41.9,35.4,16,3818000,728100,33.0,,,14.48,130156,,1,2000
1790389450,2026-09-26T02:24:10Z,180939,1790208587,6.1.187-android14-11-SAGA,49646d1b0cd1,cc_governor,cc_governor,14614,238951,122790,388042,108176,1433,8559,52319,33987,90844,25428,21376,adios,0,adios,0,adios,0,37.8,38.3,,33.0,41.2,35.3,16,3823000,742100,33.0,,,14.43,116840,,1,2000
1790389486,2026-09-26T02:24:46Z,180974,1790208587,6.1.187-android14-11-SAGA,49646d1b0cd1,cc_governor,cc_governor,14644,242391,124718,393859,110074,1458,8559,53355,34067,91997,25508,21761,adios,0,adios,0,adios,0,37.6,38.6,,33.0,42.4,35.3,16,3830000,833100,33.0,,,14.56,109332,,1,2000
1790389521,2026-09-26T02:25:21Z,181009,1790208587,6.1.187-android14-11-SAGA,49646d1b0cd1,cc_governor,cc_governor,14697,247206,125855,400232,111172,1476,8560,54193,34348,93144,25792,22148,adios,0,adios,0,adios,0,37.8,38.6,,33.0,41.3,35.3,16,3834000,845900,33.0,,,14.52,104244,,1,2000
1790389556,2026-09-26T02:25:56Z,181045,1790208587,6.1.187-android14-11-SAGA,49646d1b0cd1,cc_governor,cc_governor,14860,249913,129418,406997,114558,1502,8572,54536,35319,94517,26747,22541,adios,0,adios,0,adios,0,37.9,38.4,,33.0,41.4,35.3,16,3836000,783000,33.0,,,14.50,146660,,1,2000
1790389592,2026-09-26T02:26:32Z,181080,1790208587,6.1.187-android14-11-SAGA,49646d1b0cd1,cc_governor,cc_governor,15100,255624,130701,414422,115601,1529,8609,55787,35522,96006,26913,22958,adios,0,adios,0,adios,0,38.0,40.2,,33.0,42.1,35.3,17,3834000,864800,33.0,,,14.70,112476,,1,2000
1790389628,2026-09-26T02:27:08Z,181116,1790208587,6.1.187-android14-11-SAGA,49646d1b0cd1,cc_governor,cc_governor,15306,258808,133870,421281,118578,1561,8923,56880,36364,98202,27450,23346,adios,0,adios,0,adios,0,40.4,43.8,,33.0,43.5,36.1,17,3827000,786700,33.0,,,14.89,74064,,1,2000
1790389663,2026-09-26T02:27:43Z,181151,1790208587,6.1.187-android14-11-SAGA,49646d1b0cd1,cc_governor,cc_governor,17094,261897,142486,433615,125405,1587,9373,57288,38118,100507,28750,23729,adios,0,adios,0,adios,0,38.5,39.5,,33.0,41.7,35.5,17,3833000,832500,33.0,,,14.76,85128,,1,2000
1790389698,2026-09-26T02:28:18Z,181187,1790208587,6.1.187-android14-11-SAGA,49646d1b0cd1,cc_governor,cc_governor,17110,267312,142985,439938,125875,1611,9376,58312,38243,101679,28867,24124,adios,0,adios,0,adios,0,37.8,38.8,,33.0,41.2,35.4,17,3841000,916100,33.0,,,14.50,79996,,1,2000
1790389734,2026-09-26T02:28:54Z,181222,1790208587,6.1.187-android14-11-SAGA,49646d1b0cd1,cc_governor,cc_governor,17125,272309,143540,445870,126415,1641,9376,59381,38264,102802,28888,24518,adios,0,adios,0,adios,0,38.0,38.5,,33.0,41.4,35.4,17,3844000,773900,33.0,,,14.55,80780,,1,2000
1790389769,2026-09-26T02:29:29Z,181257,1790208587,6.1.187-android14-11-SAGA,49646d1b0cd1,cc_governor,cc_governor,17176,276468,145814,452779,128638,1664,9376,59876,38901,103959,29525,24925,adios,0,adios,0,adios,0,37.9,39.8,,33.0,41.3,35.3,18,3842000,867300,33.0,,,14.47,90968,,1,2000
1790389804,2026-09-26T02:30:04Z,181293,1790208587,6.1.187-android14-11-SAGA,49646d1b0cd1,cc_governor,cc_governor,17198,281353,146372,458668,129174,1690,9376,60997,38912,105112,29536,25305,adios,0,adios,0,adios,0,37.8,38.7,,33.0,41.5,35.3,18,3839000,751900,33.0,,,14.39,86316,,1,2000
1790389840,2026-09-26T02:30:40Z,181328,1790208587,6.1.187-android14-11-SAGA,49646d1b0cd1,cc_governor,cc_governor,17243,286285,147058,464693,129815,1713,9378,62063,38959,106252,29581,25694,adios,0,adios,0,adios,0,37.7,38.5,,33.0,41.2,35.3,18,3840000,890500,33.0,,,14.38,80692,,1,2000
1790389875,2026-09-26T02:31:15Z,181363,1790208587,6.1.187-android14-11-SAGA,49646d1b0cd1,cc_governor,cc_governor,17271,291009,148296,471115,131039,1740,9378,62798,39334,107381,29958,26083,adios,0,adios,0,adios,0,37.8,38.5,,33.0,41.6,35.3,18,3847000,816000,33.0,,,14.49,87344,,1,2000
1790389910,2026-09-26T02:31:50Z,181399,1790208587,6.1.187-android14-11-SAGA,49646d1b0cd1,cc_governor,cc_governor,17303,296339,148922,477486,131619,1766,9378,63837,39474,108581,30096,26470,adios,0,adios,0,adios,0,38.0,38.5,,33.0,41.6,35.3,18,3853000,864800,33.0,,,14.50,88964,,1,2000
1790389946,2026-09-26T02:32:26Z,181435,1790208587,6.1.187-android14-11-SAGA,49646d1b0cd1,cc_governor,cc_governor,17355,301853,149876,484425,132521,1793,9380,64990,39491,109783,30111,26876,adios,0,adios,0,adios,0,37.8,38.4,,33.0,41.4,35.3,19,3853000,872800,33.0,,,14.36,107244,,1,2000
1790389981,2026-09-26T02:33:01Z,181470,1790208587,6.1.187-android14-11-SAGA,49646d1b0cd1,cc_governor,cc_governor,17370,306881,150454,490494,133084,1819,9380,66082,39505,110929,30125,27268,adios,0,adios,0,adios,0,37.7,39.8,,33.0,41.9,35.3,19,3845000,899000,33.0,,,14.36,102452,,1,2000
1790390017,2026-09-26T02:33:37Z,181505,1790208587,6.1.187-android14-11-SAGA,49646d1b0cd1,cc_governor,cc_governor,17410,311903,151121,496593,133711,1847,9382,67125,39587,112083,30205,27656,adios,0,adios,0,adios,0,38.1,38.4,,33.0,41.2,35.3,19,3849000,809900,33.0,,,14.80,96568,,1,2000
1790390052,2026-09-26T02:34:12Z,181540,1790208587,6.1.187-android14-11-SAGA,49646d1b0cd1,cc_governor,cc_governor,17442,315614,153365,503008,135931,1874,9382,67295,40499,113184,31121,28054,adios,0,adios,0,adios,0,38.0,38.1,,33.0,41.3,35.3,19,3844000,897800,33.0,,,14.66,103212,,1,2000
1790390087,2026-09-26T02:34:47Z,181576,1790208587,6.1.187-android14-11-SAGA,49646d1b0cd1,cc_governor,cc_governor,17475,320243,154476,509190,137001,1897,9382,68205,40659,114286,31277,28448,adios,0,adios,0,adios,0,38.1,38.6,,33.0,41.0,35.3,19,3855000,886200,33.0,,,14.78,97136,,1,2000
1790390123,2026-09-26T02:35:23Z,181611,1790208587,6.1.187-android14-11-SAGA,49646d1b0cd1,cc_governor,cc_governor,22342,325335,165441,528185,143098,1930,20466,70369,55131,134405,34665,28835,adios,0,adios,0,adios,0,40.5,40.7,,34.0,43.5,37.0,20,3845000,789100,33.0,,,16.52,112152,,1,2000
1790390158,2026-09-26T02:35:58Z,181646,1790208587,6.1.187-android14-11-SAGA,49646d1b0cd1,cc_governor,cc_governor,22607,333827,167800,539651,145193,1946,20491,71167,55620,135756,35129,29222,adios,0,adios,0,adios,0,40.1,39.7,,34.0,42.2,36.1,20,3847000,769000,33.0,,,15.62,92960,,1,2000
1790390193,2026-09-26T02:36:33Z,181682,1790208587,6.1.187-android14-11-SAGA,49646d1b0cd1,cc_governor,cc_governor,22670,342622,169125,550270,146455,1968,20491,72269,55637,136915,35146,29623,adios,0,adios,0,adios,0,38.8,39.5,,33.0,42.4,35.9,20,3848000,888000,33.0,,,15.26,79432,,1,2000
1790390228,2026-09-26T02:37:08Z,181717,1790208587,6.1.187-android14-11-SAGA,49646d1b0cd1,cc_governor,cc_governor,22754,346363,173380,558794,150639,1997,20508,73046,56029,138123,35526,29993,adios,0,adios,0,adios,0,38.6,40.8,,33.0,41.8,35.7,20,3855000,819000,33.0,,,14.85,81260,,1,2000
1790390264,2026-09-26T02:37:44Z,181753,1790208587,6.1.187-android14-11-SAGA,49646d1b0cd1,cc_governor,cc_governor,22968,349621,176585,565811,153617,2025,20658,73293,57096,139539,36438,30369,adios,0,adios,0,adios,0,38.3,38.7,,33.0,41.8,35.7,20,3864000,806200,33.0,,,14.55,117740,,1,2000
1790390300,2026-09-26T02:38:20Z,181788,1790208587,6.1.187-android14-11-SAGA,49646d1b0cd1,cc_governor,cc_governor,23029,354330,178114,572592,155085,2055,20660,74374,57167,140789,36507,30745,adios,0,adios,0,adios,0,38.3,38.5,,33.0,43.9,35.6,21,3864000,890500,33.0,,,14.59,145688,,1,2000
1790390335,2026-09-26T02:38:55Z,181824,1790208587,6.1.187-android14-11-SAGA,49646d1b0cd1,cc_governor,cc_governor,23074,359349,178763,578717,155689,2085,20662,75472,57190,141933,36528,31130,adios,0,adios,0,adios,0,38.8,40.1,,33.0,42.8,35.6,21,3866000,895300,33.0,,,14.49,141808,,1,2000
1790390370,2026-09-26T02:39:30Z,181859,1790208587,6.1.187-android14-11-SAGA,49646d1b0cd1,cc_governor,cc_governor,23089,364526,179327,584908,156238,2106,20662,76571,57214,143080,36552,31516,adios,0,adios,0,adios,0,38.2,39.0,,33.0,41.9,35.5,21,3866000,795800,33.0,,,14.35,127548,,1,2000
1790390406,2026-09-26T02:40:06Z,181894,1790208587,6.1.187-android14-11-SAGA,49646d1b0cd1,cc_governor,cc_governor,23117,369617,179904,591024,156787,2119,20662,77667,57245,144233,36583,31902,adios,0,adios,0,adios,0,38.1,38.8,,33.0,42.0,35.5,21,3870000,804400,33.0,,,14.35,125644,,1,2000
1790390441,2026-09-26T02:40:41Z,181930,1790208587,6.1.187-android14-11-SAGA,49646d1b0cd1,cc_governor,cc_governor,23151,372997,182379,597443,159228,2141,20662,78015,58020,145393,37358,32270,adios,0,adios,0,adios,0,38.2,38.9,,33.0,42.0,35.5,21,3862000,870900,33.0,,,14.53,116888,,1,2000
1790390477,2026-09-26T02:41:17Z,181965,1790208587,6.1.187-android14-11-SAGA,49646d1b0cd1,cc_governor,cc_governor,23256,378751,183714,604987,160458,2157,20662,79105,58093,146616,37431,32658,adios,0,adios,0,adios,0,38.3,38.5,,33.0,43.5,35.5,22,3869000,849600,33.0,,,14.46,118884,,1,2000
1790390512,2026-09-26T02:41:52Z,182001,1790208587,6.1.187-android14-11-SAGA,49646d1b0cd1,cc_governor,cc_governor,23399,382832,185859,611751,162460,2181,20672,80279,58345,148143,37673,33043,adios,0,adios,0,adios,0,38.4,39.0,,33.0,42.6,35.6,22,3867000,413200,33.0,,,14.48,89508,,1,2000
1790390548,2026-09-26T02:42:28Z,182036,1790208587,6.1.187-android14-11-SAGA,49646d1b0cd1,cc_governor,cc_governor,23767,387091,187935,618666,164168,2203,20696,81078,58837,149500,38141,33413,adios,0,adios,0,adios,0,38.3,40.0,,33.0,41.6,35.5,22,3867000,751900,33.0,,,14.48,139240,,1,2000
1790390584,2026-09-26T02:43:04Z,182072,1790208587,6.1.187-android14-11-SAGA,49646d1b0cd1,cc_governor,cc_governor,23795,391914,189179,625198,165399,2218,20696,81758,59320,150696,38627,33812,adios,0,adios,0,adios,0,38.2,39.0,,33.0,41.1,35.5,22,3876000,890500,33.0,,,14.50,131104,,1,2000
1790390619,2026-09-26T02:43:39Z,182107,1790208587,6.1.187-android14-11-SAGA,49646d1b0cd1,cc_governor,cc_governor,23862,396294,190665,631577,166803,2243,20696,82372,59810,151832,39114,34198,adios,0,adios,0,adios,0,37.8,44.5,,33.0,41.9,35.6,23,3875000,931300,33.0,,,14.91,120076,,1,2000
1790390654,2026-09-26T02:44:14Z,182143,1790208587,6.1.187-android14-11-SAGA,49646d1b0cd1,cc_governor,cc_governor,23902,399721,193123,637978,169221,2265,20699,82925,60413,153021,39714,34588,adios,0,adios,0,adios,0,38.0,38.8,,33.0,41.7,35.5,23,3872000,852000,33.0,,,14.88,121288,,1,2000
1790390690,2026-09-26T02:44:50Z,182178,1790208587,6.1.187-android14-11-SAGA,49646d1b0cd1,cc_governor,cc_governor,23956,404116,194474,644252,170525,2292,20699,83683,60753,154149,40058,34965,adios,0,adios,0,adios,0,38.4,39.1,,33.0,41.6,35.5,23,3872000,854400,33.0,,,14.67,104272,,1,2000
1790390725,2026-09-26T02:45:25Z,182213,1790208587,6.1.187-android14-11-SAGA,49646d1b0cd1,cc_governor,cc_governor,23980,407009,197061,650280,173081,2320,20699,84010,61531,155283,40832,35335,adios,0,adios,0,adios,0,38.3,38.7,,33.0,42.0,35.4,23,3876000,862400,33.0,,,14.67,91980,,1,2000
1790390761,2026-09-26T02:46:01Z,182249,1790208587,6.1.187-android14-11-SAGA,49646d1b0cd1,cc_governor,cc_governor,24017,411834,197642,656144,173625,2339,20702,85045,61569,156377,40867,35720,adios,0,adios,0,adios,0,38.1,40.8,,33.0,42.2,35.4,23,3870000,950300,33.0,,,14.59,108068,,1,2000
1790390796,2026-09-26T02:46:36Z,182284,1790208587,6.1.187-android14-11-SAGA,49646d1b0cd1,cc_governor,cc_governor,24041,416534,198805,662537,174764,2361,20702,86177,61623,157598,40921,36105,adios,0,adios,0,adios,0,38.0,38.8,,33.0,41.1,35.4,24,3880000,721400,33.0,,,14.74,95724,,1,2000
1790390832,2026-09-26T02:47:12Z,182320,1790208587,6.1.187-android14-11-SAGA,49646d1b0cd1,cc_governor,cc_governor,24107,420945,200123,668764,176016,2376,20702,87323,61682,158831,40980,36483,adios,0,adios,0,adios,0,38.0,38.8,,33.0,40.9,35.5,24,3874000,737900,33.0,,,14.82,87196,,1,2000
1790390867,2026-09-26T02:47:47Z,182356,1790208587,6.1.187-android14-11-SAGA,49646d1b0cd1,cc_governor,cc_governor,24236,425537,201415,675129,177179,2389,20812,88449,61852,160171,41040,36875,adios,0,adios,0,adios,0,38.1,38.5,,33.0,41.6,35.4,24,3880000,926500,33.0,,,14.61,123868,,1,2000
1790390903,2026-09-26T02:48:23Z,182392,1790208587,6.1.187-android14-11-SAGA,49646d1b0cd1,cc_governor,cc_governor,24283,430330,202126,681094,177843,2402,20812,89588,61895,161415,41083,37258,adios,0,adios,0,adios,0,38.0,39.0,,33.0,42.2,35.4,24,3879000,872800,33.0,,,14.50,120468,,1,2000
1790390939,2026-09-26T02:48:59Z,182427,1790208587,6.1.187-android14-11-SAGA,49646d1b0cd1,cc_governor,cc_governor,24295,434951,202693,686773,178398,2416,20812,90693,61916,162558,41104,37644,adios,0,adios,0,adios,0,38.6,38.3,,33.0,42.1,35.4,24,3884000,778800,33.0,,,14.36,105856,,1,2000
1790390974,2026-09-26T02:49:34Z,182462,1790208587,6.1.187-android14-11-SAGA,49646d1b0cd1,cc_governor,cc_governor,24496,439513,204563,693691,180065,2429,20819,91995,62044,164074,41225,38027,adios,0,adios,0,adios,0,38.0,40.0,,33.0,41.4,35.4,25,3879000,747000,33.0,,,14.54,130068,,1,2000
1790391010,2026-09-26T02:50:10Z,182498,1790208587,6.1.187-android14-11-SAGA,49646d1b0cd1,cc_governor,cc_governor,24507,444413,205040,699551,180533,2439,20819,93095,62069,165238,41250,38415,adios,0,adios,0,adios,0,38.0,39.5,,33.0,42.0,35.4,25,3883000,835500,33.0,,,14.46,123132,,1,2000
1790391045,2026-09-26T02:50:45Z,182533,1790208587,6.1.187-android14-11-SAGA,49646d1b0cd1,cc_governor,cc_governor,24562,448615,206174,705318,181612,2453,20821,94168,62135,166418,41314,38803,adios,0,adios,0,adios,0,37.8,38.6,,33.0,41.7,35.4,25,3886000,892900,33.0,,,14.60,130272,,1,2000
1790391080,2026-09-26T02:51:20Z,182569,1790208587,6.1.187-android14-11-SAGA,49646d1b0cd1,cc_governor,cc_governor,24578,453247,207269,711565,182691,2463,20821,95247,62202,167597,41381,39187,adios,0,adios,0,adios,0,37.8,39.9,,33.0,41.6,35.4,25,3880000,917300,33.0,,,14.60,114664,,1,2000
1790391116,2026-09-26T02:51:56Z,182604,1790208587,6.1.187-android14-11-SAGA,49646d1b0cd1,cc_governor,cc_governor,24722,456888,209937,718345,185229,2474,20864,95913,62950,169062,42089,39579,adios,0,adios,0,adios,0,38.2,40.3,,33.0,41.6,35.4,25,3890000,736600,33.0,,,14.61,136204,,1,2000
1790391151,2026-09-26T02:52:31Z,182640,1790208587,6.1.187-android14-11-SAGA,49646d1b0cd1,cc_governor,cc_governor,24759,461114,211861,725016,187102,2490,20865,96548,63481,170268,42616,39966,adios,0,adios,0,adios,0,38.2,40.2,,33.0,41.4,35.4,26,3887000,882500,33.0,,,14.78,131420,,1,2000
1790391187,2026-09-26T02:53:07Z,182675,1790208587,6.1.187-android14-11-SAGA,49646d1b0cd1,cc_governor,cc_governor,24827,464807,213465,730796,188651,2498,20865,97596,63579,171435,42718,40364,adios,0,adios,0,adios,0,38.0,38.6,,33.0,42.6,35.5,26,3885000,789100,33.0,,,14.72,152176,,1,2000
1790391223,2026-09-26T02:53:43Z,182711,1790208587,6.1.187-android14-11-SAGA,49646d1b0cd1,cc_governor,cc_governor,24860,467587,216386,737002,191526,2515,20865,97765,64565,172632,43700,40755,adios,0,adios,0,adios,0,38.1,39.9,,33.0,42.0,35.4,26,3887000,674400,33.0,,,14.62,134920,,1,2000
1790391258,2026-09-26T02:54:18Z,182746,1790208587,6.1.187-android14-11-SAGA,49646d1b0cd1,cc_governor,cc_governor,24905,471112,218659,743204,193768,2530,20865,97990,65459,173779,44597,41151,adios,0,adios,0,adios,0,38.1,40.0,,33.0,42.5,35.4,26,3884000,744600,33.0,,,14.58,120932,,1,2000
1790391293,2026-09-26T02:54:53Z,182781,1790208587,6.1.187-android14-11-SAGA,49646d1b0cd1,cc_governor,cc_governor,24947,474186,221437,749464,196490,2550,20865,98294,66279,174944,45414,41512,adios,0,adios,0,adios,0,38.0,39.0,,33.0,42.3,35.4,27,3893000,765300,33.0,,,14.77,137476,,1,2000
1790391329,2026-09-26T02:55:29Z,182817,1790208587,6.1.187-android14-11-SAGA,49646d1b0cd1,cc_governor,cc_governor,25007,479085,222046,755393,197050,2561,20866,99370,66335,176100,45472,41912,adios,0,adios,0,adios,0,38.1,40.5,,33.0,40.8,35.4,27,3894000,800700,33.0,,,14.69,142788,,1,2000
1790391364,2026-09-26T02:56:04Z,182852,1790208587,6.1.187-android14-11-SAGA,49646d1b0cd1,cc_governor,cc_governor,25031,483336,222953,760954,197922,2574,20866,100456,66385,177270,45519,42296,adios,0,adios,0,adios,0,38.2,38.7,,33.0,41.5,35.4,27,3888000,729300,33.0,,,14.69,146168,,1,2000
1790391399,2026-09-26T02:56:39Z,182888,1790208587,6.1.187-android14-11-SAGA,49646d1b0cd1,cc_governor,cc_governor,25077,488150,223478,766743,198401,2583,20868,101569,66421,178450,45553,42673,adios,0,adios,0,adios,0,38.0,38.4,,33.0,42.0,35.4,27,3892000,853200,33.0,,,14.46,124256,,1,2000
1790391435,2026-09-26T02:57:15Z,182923,1790208587,6.1.187-android14-11-SAGA,49646d1b0cd1,cc_governor,cc_governor,25116,493142,224029,772750,198913,2601,20873,102681,66459,179624,45586,43052,adios,0,adios,0,adios,0,38.1,39.2,,33.0,41.7,35.4,27,3896000,886200,33.0,,,14.52,131288,,1,2000
1790391470,2026-09-26T02:57:50Z,182959,1790208587,6.1.187-android14-11-SAGA,49646d1b0cd1,cc_governor,cc_governor,25322,496774,226254,779043,200932,2609,21036,103785,66716,181020,45680,43440,adios,0,adios,0,adios,0,38.1,39.7,,33.0,41.6,35.4,28,3890000,862400,33.0,,,14.65,111912,,1,2000
1790391506,2026-09-26T02:58:26Z,182994,1790208587,6.1.187-android14-11-SAGA,49646d1b0cd1,cc_governor,cc_governor,25337,501643,226778,784898,201441,2625,21036,104905,66743,182196,45707,43824,adios,0,adios,0,adios,0,37.9,38.4,,33.0,41.4,35.4,28,3896000,733000,33.0,,,14.79,133812,,1,2000
1790391542,2026-09-26T02:59:02Z,183030,1790208587,6.1.187-android14-11-SAGA,49646d1b0cd1,cc_governor,cc_governor,25384,506557,227322,790776,201938,2643,21039,106057,66766,183399,45727,44209,adios,0,adios,0,adios,0,38.1,38.5,,33.0,42.1,35.4,28,3890000,761100,33.0,,,14.60,112248,,1,2000
1790391577,2026-09-26T02:59:37Z,183066,1790208587,6.1.187-android14-11-SAGA,49646d1b0cd1,cc_governor,cc_governor,25397,511311,227815,796435,202418,2655,21039,107124,66796,184526,45757,44594,adios,0,adios,0,adios,0,38.1,39.2,,33.0,40.8,35.4,28,3901000,937500,33.0,,,14.49,129920,,1,2000
