ts_unix,ts_iso,uptime_s,boot_id,kernel_ver,build_hash,gov_policy0,gov_policy4,cc0_streak,cc0_instant,cc0_confirmed,cc0_total,cc0_topapp_conf,cc0_warp_conf,cc4_streak,cc4_instant,cc4_confirmed,cc4_total,cc4_topapp_conf,cc4_warp_conf,adios_sda_sched,adios_sda_io_pressure,adios_sdb_sched,adios_sdb_io_pressure,adios_sdc_sched,adios_sdc_io_pressure,thermal_cpu0_c,thermal_cpu1_c,thermal_gpu_c,thermal_batt_c,thermal_soc_max_c,thermal_skin_c,battery_pct,battery_uv,battery_ua,battery_temp_c,foreground_pkg,foreground_uid,loadavg_1m,mem_free_kb,sched_nr_running,bore_warp_enabled,bore_warp_us
1790219279,2026-09-24T03:07:59Z,10767,1790208587,6.1.187-android14-11-SAGA,49646d1b0cd1,cc_governor,cc_governor,53,0,218,246,172,0,30,0,100,107,75,11,adios,0,adios,0,adios,0,40.8,40.4,,33.0,39.0,34.1,54,3894000,-548700,33.0,,,18.18,136768,,1,2000
1790219866,2026-09-24T03:17:46Z,11354,1790208587,6.1.187-android14-11-SAGA,49646d1b0cd1,cc_governor,cc_governor,144,3835,1821,5789,1677,0,32,121,237,410,205,15,adios,0,adios,0,adios,0,37.1,37.4,,33.0,41.3,34.6,54,3887000,-233100,33.0,,,16.77,105796,,1,2000
1790219902,2026-09-24T03:18:22Z,11390,1790208587,6.1.187-android14-11-SAGA,49646d1b0cd1,cc_governor,cc_governor,370,10178,3581,14309,3211,3,198,699,968,1885,770,336,adios,0,adios,0,adios,0,38.0,37.9,,33.0,40.5,34.8,54,3894000,-318600,33.0,,,15.52,208692,,1,2000
1790220449,2026-09-24T03:27:29Z,11937,1790208587,6.1.187-android14-11-SAGA,49646d1b0cd1,cc_governor,cc_governor,198,2390,511,3228,313,0,151,159,263,522,112,16,adios,0,adios,0,adios,0,37.0,37.9,,32.0,41.0,34.4,54,3894000,-136100,32.0,,,15.13,119388,,1,2000
1790220485,2026-09-24T03:28:05Z,11973,1790208587,6.1.187-android14-11-SAGA,49646d1b0cd1,cc_governor,cc_governor,249,7454,2245,10420,1996,2,172,846,727,1696,555,337,adios,0,adios,0,adios,0,37.1,37.9,,33.0,40.3,34.5,54,3895000,-215400,33.0,,,14.86,101064,,1,2000
1790220742,2026-09-24T03:32:22Z,12230,1790208587,6.1.187-android14-11-SAGA,49646d1b0cd1,cc_governor,cc_governor,9969,365,15200,18433,5249,17,5680,271,9597,10791,3926,145,adios,0,adios,0,adios,0,43.4,45.2,,33.0,45.1,36.6,54,3869000,-280100,33.0,,,15.84,129040,,1,2000
1790220777,2026-09-24T03:32:57Z,12265,1790208587,6.1.187-android14-11-SAGA,49646d1b0cd1,cc_governor,cc_governor,15916,4166,31458,41577,15560,19,10113,994,17470,20913,7380,458,adios,0,adios,0,adios,0,44.6,43.1,,33.0,45.4,37.3,53,3859000,-568200,33.0,,,16.24,119684,,1,2000
1790220813,2026-09-24T03:33:33Z,12301,1790208587,6.1.187-android14-11-SAGA,49646d1b0cd1,cc_governor,cc_governor,33988,7431,64199,84539,30223,26,19377,2443,34661,42830,15290,769,adios,0,adios,0,adios,0,41.5,41.9,,33.0,44.7,37.5,53,3872000,-414400,34.0,,,17.17,102072,,1,2000
1790220848,2026-09-24T03:34:08Z,12337,1790208587,6.1.187-android14-11-SAGA,49646d1b0cd1,cc_governor,cc_governor,35040,15284,74309,103499,39284,27,19423,3084,35942,44858,16524,1078,adios,0,adios,0,adios,0,40.2,41.1,,34.0,43.8,36.6,53,3883000,-449200,34.0,,,16.79,147964,,1,2000
1790220883,2026-09-24T03:34:43Z,12372,1790208587,6.1.187-android14-11-SAGA,49646d1b0cd1,cc_governor,cc_governor,49773,20282,102238,142812,52387,32,27427,5183,52539,65009,25112,1391,adios,0,adios,0,adios,0,52.1,48.2,44.8,34.0,48.3,39.5,53,3834000,-830000,34.0,,,18.58,138032,,1,2000
1790220919,2026-09-24T03:35:19Z,12407,1790208587,6.1.187-android14-11-SAGA,49646d1b0cd1,cc_governor,cc_governor,16197,2946,22129,28936,5952,3,11456,696,15756,18575,4312,87,adios,0,adios,0,adios,2,48.5,47.6,,34.0,50.2,40.2,53,3867000,-584700,34.0,,,18.90,122468,,1,2000
1790220955,2026-09-24T03:35:55Z,12443,1790208587,6.1.187-android14-11-SAGA,49646d1b0cd1,cc_governor,cc_governor,26541,8578,45414,60943,18880,5,13613,2895,23180,28678,9577,421,adios,0,adios,0,adios,0,44.4,45.3,,35.0,47.0,38.9,53,3867000,-456500,34.0,,,17.79,89184,,1,2000
1790220991,2026-09-24T03:36:31Z,12479,1790208587,6.1.187-android14-11-SAGA,49646d1b0cd1,cc_governor,cc_governor,46814,16704,76726,106900,29943,7,23107,6672,39017,51081,15923,754,adios,0,adios,0,adios,0,45.1,45.1,,35.0,49.6,39.9,53,3868000,-490100,35.0,,,18.65,117704,,1,2000
1790221026,2026-09-24T03:37:06Z,12515,1790208587,6.1.187-android14-11-SAGA,49646d1b0cd1,cc_governor,cc_governor,57704,25668,100342,142741,42648,9,24106,9089,44108,58837,20013,1106,adios,0,adios,0,adios,0,43.6,45.4,,35.0,47.3,39.2,53,3864000,-549900,35.0,,,18.29,74976,,1,2000
1790221061,2026-09-24T03:37:41Z,12550,1790208587,6.1.187-android14-11-SAGA,49646d1b0cd1,cc_governor,cc_governor,67328,32419,124222,176292,56904,10,24497,11344,47807,65140,23317,1409,adios,0,adios,0,adios,0,44.3,44.1,,35.0,48.0,39.2,53,3858000,-569400,35.0,,,18.06,132180,,1,2000
1790221096,2026-09-24T03:38:16Z,12585,1790208587,6.1.187-android14-11-SAGA,49646d1b0cd1,cc_governor,cc_governor,76854,39716,147599,210004,70753,11,24952,13844,51628,71940,26685,1699,adios,0,adios,0,adios,0,44.2,45.4,,35.0,48.0,39.5,52,3860000,-473600,35.0,,,17.85,145288,,1,2000
1790221132,2026-09-24T03:38:52Z,12620,1790208587,6.1.187-android14-11-SAGA,49646d1b0cd1,cc_governor,cc_governor,87460,48468,170392,244770,82932,14,25384,16299,55367,78366,29983,2005,adios,0,adios,0,adios,0,44.0,44.4,42.4,36.0,46.7,39.4,52,3869000,-389400,36.0,,,18.35,72652,,1,2000
1790221167,2026-09-24T03:39:27Z,12656,1790208587,6.1.187-android14-11-SAGA,49646d1b0cd1,cc_governor,cc_governor,87897,57051,172310,256117,84413,16,25384,17561,55400,79776,30016,2301,adios,0,adios,0,adios,0,42.1,42.3,,36.0,46.9,38.9,52,3860000,-435100,36.0,,,16.89,143436,,1,2000
1790221203,2026-09-24T03:40:03Z,12691,1790208587,6.1.187-android14-11-SAGA,49646d1b0cd1,cc_governor,cc_governor,96050,72480,184303,286099,88253,17,25683,21606,56679,85253,30996,2625,adios,0,adios,0,adios,0,43.9,47.0,,36.0,47.5,39.4,52,3868000,-492500,36.0,,,17.09,107304,,1,2000
1790221238,2026-09-24T03:40:38Z,12726,1790208587,6.1.187-android14-11-SAGA,49646d1b0cd1,cc_governor,cc_governor,104504,83787,202284,318580,97780,17,26040,25004,59278,91534,33242,2910,adios,0,adios,0,adios,0,44.5,44.2,,36.0,47.3,39.6,52,3870000,-708600,36.0,,,17.43,82356,,1,2000
1790221273,2026-09-24T03:41:13Z,12761,1790208587,6.1.187-android14-11-SAGA,49646d1b0cd1,cc_governor,cc_governor,112095,101771,211900,348969,99805,19,26181,30090,59935,97597,33754,3238,adios,0,adios,0,adios,0,44.8,44.5,,36.0,48.8,39.7,52,3868000,-512000,36.0,,,17.27,113120,,1,2000
1790221308,2026-09-24T03:41:48Z,12796,1790208587,6.1.187-android14-11-SAGA,49646d1b0cd1,cc_governor,cc_governor,121319,116240,227127,381924,105819,23,27870,34404,63056,105793,35192,3544,adios,0,adios,0,adios,0,45.8,45.4,,36.0,50.6,40.3,52,3864000,-714100,36.0,,,16.96,70876,,1,2000
1790221343,2026-09-24T03:42:23Z,12832,1790208587,6.1.187-android14-11-SAGA,49646d1b0cd1,cc_governor,cc_governor,134217,121157,253499,416283,119279,24,29514,35783,68967,113545,39453,3850,adios,0,adios,0,adios,0,44.9,46.1,43.2,36.0,48.8,40.2,52,3868000,-349700,36.0,,,17.30,150264,,1,2000
1790221378,2026-09-24T03:42:58Z,12867,1790208587,6.1.187-android14-11-SAGA,49646d1b0cd1,cc_governor,cc_governor,142886,135049,269234,448790,126361,25,29669,39969,70448,119354,40784,4150,adios,0,adios,0,adios,0,44.5,44.7,,37.0,48.3,40.1,52,3860000,-619500,36.0,,,16.90,126604,,1,2000
1790221414,2026-09-24T03:43:34Z,12902,1790208587,6.1.187-android14-11-SAGA,49646d1b0cd1,cc_governor,cc_governor,152520,146452,288153,482325,135644,25,29987,43424,73424,125924,43444,4445,adios,0,adios,0,adios,0,45.5,47.4,,36.0,48.4,40.4,52,3863000,-427200,37.0,,,16.71,109920,,1,2000
1790221449,2026-09-24T03:44:09Z,12937,1790208587,6.1.187-android14-11-SAGA,49646d1b0cd1,cc_governor,cc_governor,162910,157692,308174,516636,145259,26,31012,46556,77053,132905,46041,4744,adios,0,adios,0,adios,0,44.7,44.8,,37.0,50.3,40.4,52,3861000,-644500,37.0,,,16.90,100824,,1,2000
1790221484,2026-09-24T03:44:44Z,12973,1790208587,6.1.187-android14-11-SAGA,49646d1b0cd1,cc_governor,cc_governor,171512,168221,327156,549106,155659,28,31256,49464,79783,138754,48532,5047,adios,0,adios,0,adios,0,45.2,45.4,,37.0,49.6,40.6,52,3865000,-341700,37.0,,,16.71,82740,,1,2000
1790221519,2026-09-24T03:45:19Z,13008,1790208587,6.1.187-android14-11-SAGA,49646d1b0cd1,cc_governor,cc_governor,173467,179414,330135,564584,156668,31,31376,51292,80011,140857,48635,5355,adios,0,adios,0,adios,0,44.0,44.2,,37.0,47.2,40.0,52,3855000,-366200,37.0,,,16.11,93408,,1,2000
1790221555,2026-09-24T03:45:55Z,13043,1790208587,6.1.187-android14-11-SAGA,49646d1b0cd1,cc_governor,cc_governor,173836,185344,334412,575590,160599,33,31387,51627,80917,142148,49533,5660,adios,0,adios,0,adios,0,43.8,43.6,,37.0,47.4,39.8,52,3869000,-262400,37.0,,,16.02,78872,,1,2000
1790221590,2026-09-24T03:46:30Z,13078,1790208587,6.1.187-android14-11-SAGA,49646d1b0cd1,cc_governor,cc_governor,180847,191734,349805,600586,168940,35,31979,53561,83368,146807,51389,5961,adios,0,adios,0,adios,0,46.0,45.5,,37.0,48.4,40.4,51,3868000,-477200,37.0,,,15.94,135416,,1,2000
1790221625,2026-09-24T03:47:05Z,13114,1790208587,6.1.187-android14-11-SAGA,49646d1b0cd1,cc_governor,cc_governor,188727,207360,362462,631762,173763,38,32225,57527,84981,152519,52763,6266,adios,0,adios,0,adios,0,45.9,45.6,,37.0,48.9,40.5,51,3864000,-431500,37.0,,,16.81,142780,,1,2000
1790221660,2026-09-24T03:47:40Z,13149,1790208587,6.1.187-android14-11-SAGA,49646d1b0cd1,cc_governor,cc_governor,205624,213696,391471,673363,185875,41,37550,59802,96759,167841,59222,6571,adios,0,adios,0,adios,0,50.5,51.3,48.4,37.0,54.5,42.6,51,3846000,-855700,37.0,,,18.91,122704,,1,2000
1790221696,2026-09-24T03:48:16Z,13185,1790208587,6.1.187-android14-11-SAGA,49646d1b0cd1,cc_governor,cc_governor,134,538,1441,2079,1320,0,46,85,210,309,168,11,adios,0,adios,0,adios,0,45.8,45.5,,38.0,48.3,41.4,51,3866000,-612700,37.0,,,18.19,111824,,1,2000
1790221788,2026-09-24T03:49:48Z,13276,1790208587,6.1.187-android14-11-SAGA,49646d1b0cd1,cc_governor,cc_governor,0,0,27,35,36,0,18,0,79,81,65,10,adios,0,adios,0,adios,0,41.5,42.7,,37.0,44.8,38.7,51,3879000,-354600,37.0,,,16.95,217164,,1,2000
1790222035,2026-09-24T03:53:55Z,13524,1790208587,6.1.187-android14-11-SAGA,49646d1b0cd1,cc_governor,cc_governor,5813,3243,9521,13730,3708,1,2547,221,3900,4441,1353,20,adios,0,adios,0,adios,0,41.3,42.0,,35.0,44.9,37.8,51,3868000,-492500,35.0,,,16.47,115428,,1,2000
1790222071,2026-09-24T03:54:31Z,13559,1790208587,6.1.187-android14-11-SAGA,49646d1b0cd1,cc_governor,cc_governor,6607,16278,13514,31525,6907,2,2574,1283,4347,5971,1773,308,adios,0,adios,0,adios,0,41.2,41.6,,35.0,44.6,37.7,51,3867000,-258700,35.0,,,16.09,104252,,1,2000
1790222106,2026-09-24T03:55:06Z,13594,1790208587,6.1.187-android14-11-SAGA,49646d1b0cd1,cc_governor,cc_governor,7980,25702,21567,49861,13608,4,2649,2719,4888,8061,2244,608,adios,0,adios,0,adios,0,41.6,41.7,,35.0,44.0,37.9,51,3872000,-322200,35.0,,,16.00,166668,,1,2000
1790222141,2026-09-24T03:55:41Z,13630,1790208587,6.1.187-android14-11-SAGA,49646d1b0cd1,cc_governor,cc_governor,10772,36547,29859,70480,18958,6,3333,4227,6727,11479,3408,919,adios,0,adios,0,adios,0,46.1,46.9,42.9,35.0,61.3,40.9,51,3818000,-902100,35.0,,,17.71,70380,,1,2000
1790222179,2026-09-24T03:56:19Z,13667,1790208587,6.1.187-android14-11-SAGA,49646d1b0cd1,cc_governor,cc_governor,70278,37624,101626,151917,31193,62,42881,5165,58395,69667,15519,1416,adios,0,adios,0,adios,1,53.2,59.7,,35.0,70.3,43.8,51,3808000,-1575900,36.0,,,19.91,120076,,1,2000
1790222218,2026-09-24T03:56:58Z,13706,1790208587,6.1.187-android14-11-SAGA,49646d1b0cd1,cc_governor,cc_governor,127768,38273,173797,233305,46022,130,77910,5745,109260,126176,31352,1929,adios,0,adios,0,adios,0,52.8,56.9,52.4,37.0,53.8,43.5,50,3842000,-738500,36.0,,,19.13,77208,,1,2000
1790222255,2026-09-24T03:57:35Z,13743,1790208587,6.1.187-android14-11-SAGA,49646d1b0cd1,cc_governor,cc_governor,181863,40944,240407,314016,58542,133,88225,8363,135503,155664,47285,2329,adios,0,adios,0,adios,0,51.6,51.6,47.8,37.0,63.2,43.1,50,3837000,-557800,37.0,,,19.02,73944,,1,2000
1790222291,2026-09-24T03:58:11Z,13779,1790208587,6.1.187-android14-11-SAGA,49646d1b0cd1,cc_governor,cc_governor,245028,45496,311481,399377,66412,137,93869,14937,152621,179674,58759,2622,adios,0,adios,0,adios,0,53.6,50.4,47.2,37.0,51.9,42.4,50,3838000,-588300,37.0,,,18.17,126892,,1,2000
1790222327,2026-09-24T03:58:47Z,13815,1790208587,6.1.187-android14-11-SAGA,49646d1b0cd1,cc_governor,cc_governor,310316,50556,383726,486254,73381,140,100255,22395,169903,204755,69659,2975,adios,0,adios,0,adios,0,49.2,53.4,,37.0,52.5,42.5,50,3848000,-1166300,37.0,,,17.99,91360,,1,2000
1790222363,2026-09-24T03:59:23Z,13851,1790208587,6.1.187-android14-11-SAGA,49646d1b0cd1,cc_governor,cc_governor,374449,56075,454490,571438,80029,144,104702,29892,184827,227564,80124,3281,adios,0,adios,0,adios,0,49.8,50.2,47.1,37.0,58.8,42.6,50,3837000,-1047900,37.0,,,17.99,92472,,1,2000
1790222398,2026-09-24T03:59:58Z,13887,1790208587,6.1.187-android14-11-SAGA,49646d1b0cd1,cc_governor,cc_governor,430167,66127,514221,650653,84051,147,110524,43120,196244,252511,85728,3570,adios,0,adios,0,adios,0,54.4,59.1,52.3,37.0,59.9,44.1,50,3824000,-639600,37.0,,,19.20,95000,,1,2000
1790222434,2026-09-24T04:00:34Z,13923,1790208587,6.1.187-android14-11-SAGA,49646d1b0cd1,cc_governor,cc_governor,486182,66455,583703,728771,97475,151,130185,43579,234132,293306,103954,3856,adios,0,adios,0,adios,0,57.8,59.8,51.2,38.0,50.8,44.0,50,3839000,-371000,38.0,,,19.79,90748,,1,2000
1790222475,2026-09-24T04:01:15Z,13964,1790208587,6.1.187-android14-11-SAGA,49646d1b0cd1,cc_governor,cc_governor,539161,67505,655346,808272,115892,167,179189,44470,300437,363571,121165,4529,adios,0,adios,0,adios,0,55.0,53.1,,38.0,56.1,45.2,49,3812000,-1050400,38.0,,,21.99,82812,,1,2000
1790222514,2026-09-24T04:01:54Z,14003,1790208587,6.1.187-android14-11-SAGA,49646d1b0cd1,cc_governor,cc_governor,612696,67675,742930,905158,129935,183,230467,44701,370127,435142,139527,5134,adios,0,adios,0,adios,0,54.8,55.4,51.6,38.0,58.2,45.6,49,3816000,-1127900,38.0,,,23.32,91396,,1,2000
1790222554,2026-09-24T04:02:34Z,14043,1790208587,6.1.187-android14-11-SAGA,49646d1b0cd1,cc_governor,cc_governor,687526,67943,831932,1002357,144297,221,302526,44960,457050,525011,154509,5983,adios,0,adios,0,adios,0,57.0,59.0,53.9,39.0,57.5,46.4,49,3800000,-952700,39.0,,,25.37,250276,,1,2000
1790222594,2026-09-24T04:03:14Z,14082,1790208587,6.1.187-android14-11-SAGA,49646d1b0cd1,cc_governor,cc_governor,765251,68510,922928,1102074,157481,286,368715,45565,538859,609290,170166,6809,adios,0,adios,0,adios,0,60.8,59.1,55.6,39.0,56.8,47.0,49,3827000,-762300,39.0,,,23.74,132072,,1,2000
1790222632,2026-09-24T04:03:52Z,14121,1790208587,6.1.187-android14-11-SAGA,49646d1b0cd1,cc_governor,cc_governor,815917,73596,986485,1176999,170444,302,431725,49416,614621,690432,182772,7419,adios,0,adios,0,adios,0,59.9,58.5,54.0,39.0,61.3,47.3,49,3796000,-999100,39.0,,,22.46,167660,,1,2000
1790222672,2026-09-24T04:04:32Z,14160,1790208587,6.1.187-android14-11-SAGA,49646d1b0cd1,cc_governor,cc_governor,892621,77494,1073223,1275560,180344,337,498352,53697,693583,775401,195211,8184,adios,0,adios,0,adios,0,55.8,57.5,53.7,40.0,59.0,47.2,48,3814000,-1040000,40.0,,,23.58,120748,,1,2000
1790222712,2026-09-24T04:05:12Z,14200,1790208587,6.1.187-android14-11-SAGA,49646d1b0cd1,cc_governor,cc_governor,952073,85721,1142061,1359464,189835,372,554347,62338,760077,852127,205737,8996,adios,0,adios,0,adios,0,61.0,65.0,56.4,40.0,66.6,48.3,48,3808000,-895300,40.0,,,23.41,134688,,1,2000
1790222749,2026-09-24T04:05:49Z,14238,1790208587,6.1.187-android14-11-SAGA,49646d1b0cd1,cc_governor,cc_governor,1025789,87725,1226990,1454482,201001,415,617348,64761,836433,932571,218968,9565,adios,0,adios,0,adios,0,60.2,58.9,54.8,40.0,62.8,48.1,48,3797000,-844100,40.0,,,22.97,79544,,1,2000
1790222789,2026-09-24T04:06:29Z,14277,1790208587,6.1.187-android14-11-SAGA,49646d1b0cd1,cc_governor,cc_governor,1092914,93462,1304192,1545286,211083,441,671737,71128,903644,1007849,231829,10212,adios,0,adios,0,adios,0,62.4,67.1,57.8,40.0,71.8,49.1,48,3792000,-1204800,40.0,,,22.50,122152,,1,2000
1790222827,2026-09-24T04:07:07Z,14315,1790208587,6.1.187-android14-11-SAGA,49646d1b0cd1,cc_governor,cc_governor,1163408,94904,1386588,1638159,223108,552,722756,73143,969350,1077923,246562,10737,adios,0,adios,0,adios,0,69.5,68.2,61.1,41.0,73.6,50.9,48,3779000,-1380000,41.0,,,23.41,107636,,1,2000
1790222865,2026-09-24T04:07:45Z,14353,1790208587,6.1.187-android14-11-SAGA,49646d1b0cd1,cc_governor,cc_governor,1218970,95770,1458109,1723737,239083,609,760524,74275,1025014,1136543,264503,11348,adios,0,adios,0,adios,0,62.1,61.3,57.7,41.0,73.6,50.1,47,3806000,-1166300,41.0,,,25.80,113668,,1,2000
1790222902,2026-09-24T04:08:22Z,14390,1790208587,6.1.187-android14-11-SAGA,49646d1b0cd1,cc_governor,cc_governor,1295272,96407,1545364,1820382,249918,622,803982,75535,1084124,1198187,280100,11802,adios,0,adios,0,adios,0,61.5,61.4,57.4,42.0,67.8,49.8,47,3813000,-816000,41.0,,,24.04,102180,,1,2000
1790222938,2026-09-24T04:08:58Z,14427,1790208587,6.1.187-android14-11-SAGA,49646d1b0cd1,cc_governor,cc_governor,1357355,97201,1620868,1904443,263401,630,842864,76727,1139510,1255983,296536,12207,adios,0,adios,0,adios,0,62.9,66.0,58.5,41.0,70.9,50.4,47,3800000,-1296900,41.0,,,23.85,103652,,1,2000
1790222975,2026-09-24T04:09:35Z,14464,1790208587,6.1.187-android14-11-SAGA,49646d1b0cd1,cc_governor,cc_governor,1428365,101675,1700740,1997334,272210,647,882377,82656,1191503,1315189,309099,12745,adios,0,adios,0,adios,0,64.8,69.0,60.5,42.0,75.7,51.4,47,3786000,-1106500,42.0,,,22.93,113856,,1,2000
1790223013,2026-09-24T04:10:13Z,14501,1790208587,6.1.187-android14-11-SAGA,49646d1b0cd1,cc_governor,cc_governor,1497472,104286,1781085,2089477,283606,688,919722,86662,1243264,1372329,323541,13329,adios,0,adios,0,adios,0,63.0,62.5,58.4,42.0,69.0,50.3,46,3795000,-1232900,42.0,,,22.80,116792,,1,2000
1790223049,2026-09-24T04:10:49Z,14538,1790208587,6.1.187-android14-11-SAGA,49646d1b0cd1,cc_governor,cc_governor,1560628,107871,1854532,2174281,293896,702,952591,92108,1288837,1424076,336229,13731,adios,0,adios,0,adios,0,64.7,67.4,60.0,42.0,74.2,51.2,46,3791000,-1180400,42.0,,,22.98,113016,,1,2000
1790223086,2026-09-24T04:11:26Z,14575,1790208587,6.1.187-android14-11-SAGA,49646d1b0cd1,cc_governor,cc_governor,1626145,114266,1927750,2261778,301502,735,991803,99866,1338343,1482504,346551,14215,adios,0,adios,0,adios,0,61.7,66.2,59.5,42.0,69.4,50.9,46,3784000,-1230400,42.0,,,24.12,88452,,1,2000
1790223124,2026-09-24T04:12:04Z,14612,1790208587,6.1.187-android14-11-SAGA,49646d1b0cd1,cc_governor,cc_governor,1698932,118262,2009511,2356013,310470,768,1027141,105682,1386991,1538239,359704,14690,adios,0,adios,0,adios,0,66.8,68.6,60.9,42.0,66.0,50.7,46,3814000,-966700,42.0,,,23.00,93148,,1,2000
1790223161,2026-09-24T04:12:41Z,14649,1790208587,6.1.187-android14-11-SAGA,49646d1b0cd1,cc_governor,cc_governor,1764556,121321,2084441,2441767,319699,796,1092080,109989,1463457,1621960,371240,15209,adios,0,adios,0,adios,0,69.3,71.5,63.3,42.0,77.6,52.9,46,3784000,-1235900,42.0,,,21.91,85476,,1,2000
1790223198,2026-09-24T04:13:18Z,14687,1790208587,6.1.187-android14-11-SAGA,49646d1b0cd1,cc_governor,cc_governor,1827370,122859,2160954,2532248,333588,840,1131344,111891,1519265,1681806,387937,15779,adios,0,adios,0,adios,0,60.3,60.7,57.1,43.0,65.5,50.5,45,3801000,-1139500,43.0,,,23.45,91292,,1,2000
1790223235,2026-09-24T04:13:55Z,14723,1790208587,6.1.187-android14-11-SAGA,49646d1b0cd1,cc_governor,cc_governor,1875281,129848,2218856,2603968,343429,845,1163723,118883,1563442,1733847,399652,16177,adios,0,adios,0,adios,0,66.7,68.2,60.3,43.0,71.5,51.4,45,3800000,-991200,43.0,,,24.82,83108,,1,2000
1790223272,2026-09-24T04:14:32Z,14760,1790208587,6.1.187-android14-11-SAGA,49646d1b0cd1,cc_governor,cc_governor,1958825,133692,2309275,2706731,350463,880,1220748,125109,1630122,1808301,409395,16680,adios,0,adios,0,adios,0,68.8,71.6,,43.0,77.4,52.5,45,3776000,-1253600,43.0,,,25.86,122892,,1,2000
1790223309,2026-09-24T04:15:09Z,14798,1790208587,6.1.187-android14-11-SAGA,49646d1b0cd1,cc_governor,cc_governor,2047177,139719,2401633,2814335,354257,919,1266345,135967,1682689,1873315,416293,17225,adios,0,adios,0,adios,0,67.7,67.6,,43.0,68.4,51.7,45,3786000,-674400,43.0,,,24.30,144784,,1,2000
1790223346,2026-09-24T04:15:46Z,14835,1790208587,6.1.187-android14-11-SAGA,49646d1b0cd1,cc_governor,cc_governor,2106093,147111,2468414,2896095,362165,936,1296516,144651,1723093,1923308,426547,17700,adios,0,adios,0,adios,0,66.7,66.6,60.1,43.0,73.7,51.7,44,3775000,-1197500,43.0,,,23.38,127844,,1,2000
1790223383,2026-09-24T04:16:23Z,14871,1790208587,6.1.187-android14-11-SAGA,49646d1b0cd1,cc_governor,cc_governor,2169834,153239,2540342,2983991,370509,964,1337379,152795,1773565,1983169,436111,18151,adios,0,adios,0,adios,0,68.6,68.3,62.9,43.0,74.2,52.8,44,3772000,-1181600,43.0,,,24.81,88880,,1,2000
1790223422,2026-09-24T04:17:02Z,14910,1790208587,6.1.187-android14-11-SAGA,49646d1b0cd1,cc_governor,cc_governor,2213757,158472,2599043,3057151,385124,1070,1370276,158147,1821090,2037621,450716,18820,adios,0,adios,0,adios,0,66.6,67.6,,43.0,75.7,52.1,44,3793000,-1304900,43.0,,,22.71,114032,,1,2000
1790223459,2026-09-24T04:17:39Z,14948,1790208587,6.1.187-android14-11-SAGA,49646d1b0cd1,cc_governor,cc_governor,2293273,163952,2684873,3157597,391412,1095,1408586,166146,1869638,2095364,460943,19361,adios,0,adios,0,adios,0,65.9,67.3,60.0,43.0,70.5,51.4,44,3785000,-1127900,43.0,,,22.34,130204,,1,2000
1790223497,2026-09-24T04:18:17Z,14985,1790208587,6.1.187-android14-11-SAGA,49646d1b0cd1,cc_governor,cc_governor,2363279,167063,2765291,3247999,401948,1121,1490091,169178,1961289,2191836,471173,19874,adios,0,adios,0,adios,0,66.4,69.5,60.6,43.0,68.4,51.5,44,3768000,-931300,43.0,,,24.72,77196,,1,2000
1790223534,2026-09-24T04:18:54Z,15022,1790208587,6.1.187-android14-11-SAGA,49646d1b0cd1,cc_governor,cc_governor,2398235,174819,2812747,3310174,414465,1135,1508686,176713,1992854,2231609,484134,20356,adios,0,adios,0,adios,0,62.9,62.1,57.8,43.0,69.0,50.8,43,3768000,-1365900,43.0,,,23.01,81596,,1,2000
1790223571,2026-09-24T04:19:31Z,15059,1790208587,6.1.187-android14-11-SAGA,49646d1b0cd1,cc_governor,cc_governor,2441768,180441,2868842,3379274,427013,1154,1532775,182536,2030582,2275971,497785,20793,adios,0,adios,0,adios,0,65.3,68.3,61.6,43.0,74.7,52.0,43,3769000,-1384200,43.0,,,23.44,117496,,1,2000
1790223608,2026-09-24T04:20:08Z,15096,1790208587,6.1.187-android14-11-SAGA,49646d1b0cd1,cc_governor,cc_governor,2518466,183149,2954990,3477180,436495,1191,1590682,186139,2100532,2351287,509834,21327,adios,0,adios,0,adios,0,64.7,70.1,61.5,43.0,70.8,52.2,43,3768000,-1107700,43.0,,,24.98,126324,,1,2000
1790223645,2026-09-24T04:20:45Z,15133,1790208587,6.1.187-android14-11-SAGA,49646d1b0cd1,cc_governor,cc_governor,2588854,185219,3037075,3573908,448073,1217,1629543,189175,2154643,2409990,525008,21803,adios,0,adios,0,adios,0,69.5,67.5,62.2,43.0,79.1,53.0,43,3786000,-823900,43.0,,,23.64,160620,,1,2000
1790223682,2026-09-24T04:21:22Z,15170,1790208587,6.1.187-android14-11-SAGA,49646d1b0cd1,cc_governor,cc_governor,2655047,188199,3113408,3661869,458346,1241,1651606,193028,2191562,2452350,539968,22268,adios,0,adios,0,adios,0,60.6,58.3,,43.0,58.2,49.4,43,3798000,-547400,43.0,,,21.44,84672,,1,2000
1790223718,2026-09-24T04:21:58Z,15206,1790208587,6.1.187-android14-11-SAGA,49646d1b0cd1,cc_governor,cc_governor,2714564,190137,3184284,3744911,469692,1245,1662960,196528,2219319,2484351,556359,22624,adios,0,adios,0,adios,0,60.6,68.5,59.9,43.0,67.8,50.3,42,3790000,-800700,43.0,,,20.41,136072,,1,2000
1790223754,2026-09-24T04:22:34Z,15242,1790208587,6.1.187-android14-11-SAGA,49646d1b0cd1,cc_governor,cc_governor,2780124,195021,3256894,3832154,476783,1248,1670402,202407,2239593,2511244,569191,22951,adios,0,adios,0,adios,0,56.2,61.9,54.8,43.0,60.4,48.6,42,3804000,-616400,43.0,,,20.90,95208,,1,2000
1790223790,2026-09-24T04:23:10Z,15279,1790208587,6.1.187-android14-11-SAGA,49646d1b0cd1,cc_governor,cc_governor,2848276,199935,3331763,3921029,483427,1255,1675292,209545,2256050,2535260,580757,23270,adios,0,adios,0,adios,0,55.1,55.0,52.4,42.0,66.0,48.2,42,3803000,-659100,42.0,,,20.18,75508,,1,2000
1790223826,2026-09-24T04:23:46Z,15314,1790208587,6.1.187-android14-11-SAGA,49646d1b0cd1,cc_governor,cc_governor,2911622,204449,3402795,4005787,491126,1258,1682340,216012,2275671,2561791,593326,23540,adios,0,adios,0,adios,0,60.6,63.3,57.1,42.0,66.0,49.0,42,3789000,-885000,42.0,,,19.86,97152,,1,2000
1790223862,2026-09-24T04:24:22Z,15350,1790208587,6.1.187-android14-11-SAGA,49646d1b0cd1,cc_governor,cc_governor,2965241,212827,3462203,4082569,496929,1260,1694665,227849,2296833,2595461,602154,23816,adios,0,adios,0,adios,0,62.4,63.9,58.9,42.0,67.0,50.0,42,3780000,-1071700,42.0,,,19.14,125876,,1,2000
1790223898,2026-09-24T04:24:58Z,15386,1790208587,6.1.187-android14-11-SAGA,49646d1b0cd1,cc_governor,cc_governor,3022663,216953,3529392,4161328,506701,1263,1714684,231118,2332007,2636240,617284,24153,adios,0,adios,0,adios,0,62.9,58.1,56.0,43.0,57.7,49.3,42,3798000,-569400,43.0,,,19.34,92184,,1,2000
1790223937,2026-09-24T04:25:37Z,15426,1790208587,6.1.187-android14-11-SAGA,49646d1b0cd1,cc_governor,cc_governor,3065056,220403,3588126,4230616,523080,1293,1735837,235228,2371952,2682198,636048,24695,adios,0,adios,0,adios,0,56.6,56.2,54.6,42.0,57.2,48.6,41,3780000,-1146200,42.0,,,22.56,87208,,1,2000
1790223979,2026-09-24T04:26:19Z,15467,1790208587,6.1.187-android14-11-SAGA,49646d1b0cd1,cc_governor,cc_governor,3109616,220767,3653424,4302170,543666,1320,1792021,235551,2446553,2758917,654474,25424,adios,0,adios,0,adios,0,59.5,59.5,55.7,42.0,60.1,49.3,41,3796000,-695800,42.0,,,22.56,98224,,1,2000
1790224017,2026-09-24T04:26:57Z,15505,1790208587,6.1.187-android14-11-SAGA,49646d1b0cd1,cc_governor,cc_governor,3173102,221671,3731655,4388169,558370,1343,1863455,236177,2532931,2847693,669348,26005,adios,0,adios,0,adios,0,63.5,66.4,59.5,42.0,74.4,51.2,41,3756000,-1350700,42.0,,,22.14,102424,,1,2000
1790224055,2026-09-24T04:27:35Z,15543,1790208587,6.1.187-android14-11-SAGA,49646d1b0cd1,cc_governor,cc_governor,3250491,223862,3819055,4485568,568421,1375,1911653,238653,2596198,2915111,684409,26586,adios,0,adios,0,adios,0,63.9,66.0,,42.0,73.8,51.1,41,3771000,-817200,43.0,,,21.40,85960,,1,2000
1790224093,2026-09-24T04:28:13Z,15581,1790208587,6.1.187-android14-11-SAGA,49646d1b0cd1,cc_governor,cc_governor,3326759,227669,3904739,4583031,577734,1407,1975499,242096,2672940,2997387,697368,27166,adios,0,adios,0,adios,0,62.5,67.9,59.3,43.0,73.2,51.2,41,3779000,-1155300,43.0,,,21.92,109452,,1,2000
1790224130,2026-09-24T04:28:50Z,15619,1790208587,6.1.187-android14-11-SAGA,49646d1b0cd1,cc_governor,cc_governor,3390697,228737,3982185,4669529,591415,1435,2007491,244062,2722029,3049544,714477,27703,adios,0,adios,0,adios,0,65.9,66.8,60.4,42.0,70.8,51.5,40,3761000,-1209100,43.0,,,22.25,127464,,1,2000
1790224167,2026-09-24T04:29:27Z,15656,1790208587,6.1.187-android14-11-SAGA,49646d1b0cd1,cc_governor,cc_governor,3458468,234545,4057734,4758774,599115,1452,2044069,252065,2768846,3105588,724679,28207,adios,0,adios,0,adios,0,66.1,67.8,60.6,42.0,71.2,51.4,40,3772000,-1099800,43.0,,,24.44,116520,,1,2000
1790224205,2026-09-24T04:30:05Z,15694,1790208587,6.1.187-android14-11-SAGA,49646d1b0cd1,cc_governor,cc_governor,3540680,239864,4146574,4861094,605749,1489,2113698,259298,2846861,3192786,733004,28875,adios,0,adios,0,adios,0,63.8,64.8,57.6,43.0,63.0,50.3,40,3780000,-689600,43.0,,,25.62,86584,,1,2000
1790224245,2026-09-24T04:30:45Z,15733,1790208587,6.1.187-android14-11-SAGA,49646d1b0cd1,cc_governor,cc_governor,3605838,244264,4223301,4949627,617460,1538,2161577,264698,2908425,3261189,746801,29634,adios,0,adios,0,adios,0,61.6,65.1,,43.0,72.9,50.9,40,3746000,-1229200,42.0,,,23.52,82968,,1,2000
1790224281,2026-09-24T04:31:21Z,15770,1790208587,6.1.187-android14-11-SAGA,49646d1b0cd1,cc_governor,cc_governor,3679256,247587,4305831,5043241,626581,1554,2203974,269367,2963156,3321990,759148,30118,adios,0,adios,0,adios,0,62.5,67.7,60.0,43.0,67.0,50.9,40,3781000,-834300,43.0,,,21.88,80544,,1,2000
1790224319,2026-09-24T04:31:59Z,15807,1790208587,6.1.187-android14-11-SAGA,49646d1b0cd1,cc_governor,cc_governor,3745229,251814,4381810,5131391,636610,1569,2260727,273862,3032467,3397473,771715,30645,adios,0,adios,0,adios,0,62.0,60.5,58.1,43.0,67.4,50.6,39,3761000,-1202300,43.0,,,21.32,98968,,1,2000
1790224357,2026-09-24T04:32:37Z,15845,1790208587,6.1.187-android14-11-SAGA,49646d1b0cd1,cc_governor,cc_governor,3824189,254655,4470478,5231374,646102,1610,2306413,278866,3091352,3462589,784942,31263,adios,0,adios,0,adios,0,65.0,64.3,58.5,43.0,65.9,51.1,39,3767000,-755000,43.0,,,23.11,139264,,1,2000
1790224395,2026-09-24T04:33:15Z,15884,1790208587,6.1.187-android14-11-SAGA,49646d1b0cd1,cc_governor,cc_governor,3894233,260410,4549067,5323585,654821,1629,2366256,286375,3160639,3541097,794380,31867,adios,0,adios,0,adios,0,61.0,61.2,57.3,43.0,69.5,50.7,39,3767000,-957000,43.0,,,22.82,79236,,1,2000
1790224432,2026-09-24T04:33:52Z,15921,1790208587,6.1.187-android14-11-SAGA,49646d1b0cd1,cc_governor,cc_governor,3949675,266276,4614668,5402544,664968,1644,2412759,293214,3217958,3606374,805192,32316,adios,0,adios,0,adios,0,65.7,67.7,61.1,42.0,75.8,51.9,39,3757000,-1030800,43.0,,,24.63,99712,,1,2000
1790224470,2026-09-24T04:34:30Z,15959,1790208587,6.1.187-android14-11-SAGA,49646d1b0cd1,cc_governor,cc_governor,4010149,267390,4689287,5490962,679113,1719,2453283,294680,3274715,3668126,821416,32939,adios,0,adios,0,adios,0,68.3,70.3,62.7,43.0,77.3,52.7,38,3769000,-1344600,43.0,,,25.13,112236,,1,2000
1790224507,2026-09-24T04:35:07Z,15996,1790208587,6.1.187-android14-11-SAGA,49646d1b0cd1,cc_governor,cc_governor,4082126,270838,4770679,5584764,688507,1757,2500560,298618,3334980,3733866,834328,33486,adios,0,adios,0,adios,0,65.3,67.4,60.8,43.0,74.6,52.1,38,3747000,-1336600,43.0,,,24.80,112880,,1,2000
1790224545,2026-09-24T04:35:45Z,16033,1790208587,6.1.187-android14-11-SAGA,49646d1b0cd1,cc_governor,cc_governor,4148279,272649,4849440,5675875,701004,1782,2544838,301290,3394053,3797569,849110,33996,adios,0,adios,0,adios,0,66.7,71.5,61.7,43.0,75.5,52.7,38,3742000,-985100,43.0,,,23.71,111752,,1,2000
1790224582,2026-09-24T04:36:22Z,16070,1790208587,6.1.187-android14-11-SAGA,49646d1b0cd1,cc_governor,cc_governor,4219054,274929,4931246,5769167,712135,1808,2593381,304301,3456330,3864244,862941,34537,adios,0,adios,0,adios,0,64.9,66.7,60.3,43.0,73.5,52.1,38,3763000,-1130900,43.0,,,22.92,97756,,1,2000
1790224619,2026-09-24T04:36:59Z,16107,1790208587,6.1.187-android14-11-SAGA,49646d1b0cd1,cc_governor,cc_governor,4298083,277820,5018676,5868518,720522,1836,2659974,308671,3533390,3947249,873273,35010,adios,0,adios,0,adios,0,68.8,71.2,,43.0,75.6,53.3,38,3741000,-1133400,43.0,,,22.82,123564,,1,2000
1790224656,2026-09-24T04:37:36Z,16144,1790208587,6.1.187-android14-11-SAGA,49646d1b0cd1,cc_governor,cc_governor,4383976,279590,5113341,5974615,729181,1874,2705481,312206,3592686,4011479,887139,35575,adios,0,adios,0,adios,0,67.9,65.7,60.7,43.0,73.4,52.5,37,3751000,-918500,44.0,,,22.13,85600,,1,2000
1790224693,2026-09-24T04:38:13Z,16181,1790208587,6.1.187-android14-11-SAGA,49646d1b0cd1,cc_governor,cc_governor,4450130,285493,5187747,6062692,737634,1910,2768345,318919,3664747,4091716,896390,36113,adios,0,adios,0,adios,0,62.3,60.5,57.1,43.0,66.3,51.1,37,3756000,-1207200,43.0,,,21.76,82156,,1,2000
1790224731,2026-09-24T04:38:51Z,16219,1790208587,6.1.187-android14-11-SAGA,49646d1b0cd1,cc_governor,cc_governor,4505835,291709,5253638,6141909,747795,1925,2811227,325484,3719267,4154018,908004,36586,adios,0,adios,0,adios,0,66.8,69.9,62.7,43.0,75.8,52.9,37,3739000,-965500,43.0,,,23.21,118176,,1,2000
1790224768,2026-09-24T04:39:28Z,16256,1790208587,6.1.187-android14-11-SAGA,49646d1b0cd1,cc_governor,cc_governor,4564946,294243,5325968,6227909,760874,1973,2854940,328800,3777540,4217220,922570,37160,adios,0,adios,0,adios,0,67.5,67.4,,43.0,73.5,52.9,37,3750000,-1390300,43.0,,,23.33,132264,,1,2000
1790224806,2026-09-24T04:40:06Z,16294,1790208587,6.1.187-android14-11-SAGA,49646d1b0cd1,cc_governor,cc_governor,4634685,296835,5406565,6321635,771772,2016,2909426,332159,3844960,4289582,935505,37671,adios,0,adios,0,adios,0,69.4,70.5,,43.0,74.1,53.2,36,3748000,-946600,44.0,,,23.53,121676,,1,2000
1790224842,2026-09-24T04:40:42Z,16331,1790208587,6.1.187-android14-11-SAGA,49646d1b0cd1,cc_governor,cc_governor,4701320,303231,5480597,6410236,779262,2028,2949090,339725,3894772,4348272,945659,38148,adios,0,adios,0,adios,0,68.3,71.5,63.9,44.0,76.7,53.3,36,3714000,-1296900,43.0,,,23.99,107900,,1,2000
1790224881,2026-09-24T04:41:21Z,16369,1790208587,6.1.187-android14-11-SAGA,49646d1b0cd1,cc_governor,cc_governor,4765531,305961,5557440,6504344,791902,2087,2998110,343310,3957987,4417013,959868,38798,adios,0,adios,0,adios,0,68.6,71.1,63.0,44.0,71.8,53.3,36,3744000,-1194400,44.0,,,23.30,123252,,1,2000
1790224918,2026-09-24T04:41:58Z,16406,1790208587,6.1.187-android14-11-SAGA,49646d1b0cd1,cc_governor,cc_governor,4819713,310575,5623329,6582685,803397,2097,3028481,349314,4001672,4467523,973095,39263,adios,0,adios,0,adios,0,66.9,69.3,62.8,44.0,75.2,53.2,36,3737000,-1373900,44.0,,,22.61,81384,,1,2000
1790224955,2026-09-24T04:42:35Z,16444,1790208587,6.1.187-android14-11-SAGA,49646d1b0cd1,cc_governor,cc_governor,4888220,316661,5699274,6673103,810875,2146,3076960,357144,4058709,4534807,981649,39920,adios,0,adios,0,adios,0,69.0,71.2,63.0,44.0,74.7,53.5,35,3738000,-1078400,44.0,,,23.24,114896,,1,2000
1790224992,2026-09-24T04:43:12Z,16481,1790208587,6.1.187-android14-11-SAGA,49646d1b0cd1,cc_governor,cc_governor,4951775,317661,5776343,6759321,824568,2171,3117687,358145,4116099,4595276,998397,40418,adios,0,adios,0,adios,0,64.1,65.3,,44.0,61.5,51.5,35,3774000,-415600,44.0,,,21.62,87656,,1,2000
1790225029,2026-09-24T04:43:49Z,16517,1790208587,6.1.187-android14-11-SAGA,49646d1b0cd1,cc_governor,cc_governor,4998654,319638,5834924,6828204,836273,2191,3137496,360514,4150874,4636148,1013394,40768,adios,0,adios,0,adios,0,62.9,61.5,60.2,44.0,66.2,52.3,35,3760000,-621900,44.0,,,25.27,96036,,1,2000
1790225065,2026-09-24T04:44:25Z,16554,1790208587,6.1.187-android14-11-SAGA,49646d1b0cd1,cc_governor,cc_governor,5055843,324040,5901969,6911242,846119,2193,3146719,367096,4173615,4665980,1026920,41127,adios,0,adios,0,adios,0,59.0,60.2,57.3,43.0,66.8,51.2,35,3733000,-1198700,44.0,,,22.41,133260,,1,2000
1790225104,2026-09-24T04:45:04Z,16592,1790208587,6.1.187-android14-11-SAGA,49646d1b0cd1,cc_governor,cc_governor,5071195,326900,5930530,6947811,859335,2226,3164590,369440,4201331,4699254,1036728,41690,adios,0,adios,0,adios,0,69.1,72.8,,43.0,77.8,52.9,35,3744000,-1116900,43.0,,,20.72,70980,,1,2000
1790225140,2026-09-24T04:45:40Z,16628,1790208587,6.1.187-android14-11-SAGA,49646d1b0cd1,cc_governor,cc_governor,5078176,334729,5945598,6971797,867422,2228,3181828,378253,4224435,4731485,1042592,41983,adios,0,adios,0,adios,0,70.0,75.0,,43.0,79.3,53.1,34,3734000,-1257300,43.0,,,20.36,125372,,1,2000
1790225176,2026-09-24T04:46:16Z,16664,1790208587,6.1.187-android14-11-SAGA,49646d1b0cd1,cc_governor,cc_governor,5081389,341920,5956452,6992530,875074,2253,3202003,385955,4251979,4767778,1049932,42309,adios,0,adios,0,adios,0,68.8,75.4,,43.0,79.9,52.5,34,3735000,-1361000,43.0,,,19.87,97292,,1,2000
1790225212,2026-09-24T04:46:52Z,16700,1790208587,6.1.187-android14-11-SAGA,49646d1b0cd1,cc_governor,cc_governor,5082035,350137,5962756,7008137,880734,2258,3220406,395143,4276795,4801932,1056388,42612,adios,0,adios,0,adios,0,67.9,71.8,,43.0,77.4,52.0,34,3729000,-1173000,43.0,,,19.78,78572,,1,2000
1790225248,2026-09-24T04:47:28Z,16736,1790208587,6.1.187-android14-11-SAGA,49646d1b0cd1,cc_governor,cc_governor,5083045,358666,5969548,7024639,886503,2264,3237780,404982,4299826,4835031,1062043,42953,adios,0,adios,0,adios,0,66.7,68.3,,43.0,79.9,51.5,34,3728000,-1104100,43.0,,,19.47,102356,,1,2000
1790225289,2026-09-24T04:48:09Z,16777,1790208587,6.1.187-android14-11-SAGA,49646d1b0cd1,cc_governor,cc_governor,3414,4214,6439,12911,3006,0,9443,3924,12323,16749,2809,7,adios,0,adios,0,adios,0,70.5,70.0,,42.0,80.6,51.3,33,3728000,-1030800,42.0,,,20.08,152256,,1,2000
1790225325,2026-09-24T04:48:45Z,16813,1790208587,6.1.187-android14-11-SAGA,49646d1b0cd1,cc_governor,cc_governor,18524,11913,29249,48676,10725,12,35688,10952,45893,58085,10189,269,adios,0,adios,0,adios,0,68.9,74.9,,42.0,76.3,51.4,33,3732000,-684800,42.0,,,19.87,116900,,1,2000
1790225403,2026-09-24T04:50:03Z,16892,1790208587,6.1.187-android14-11-SAGA,49646d1b0cd1,cc_governor,cc_governor,14,86,320,498,317,0,85,38,180,398,95,14,adios,0,adios,0,adios,0,47.4,44.5,,40.0,48.1,40.8,33,3787000,-215400,40.0,,,19.39,116920,,1,2000
1790226153,2026-09-24T05:02:33Z,17641,1790208587,6.1.187-android14-11-SAGA,49646d1b0cd1,cc_governor,cc_governor,1395,191,3410,4111,2029,0,1898,103,3365,5578,1472,11,adios,0,adios,0,adios,0,46.3,44.4,,35.0,47.5,38.4,33,3772000,-571800,35.0,,,17.95,320360,,1,2000
1790226189,2026-09-24T05:03:09Z,17677,1790208587,6.1.187-android14-11-SAGA,49646d1b0cd1,cc_governor,cc_governor,4902,8832,14228,26098,9336,1,2047,935,4752,8996,2711,318,adios,0,adios,0,adios,0,45.6,44.4,,35.0,49.0,39.2,33,3769000,-554100,35.0,,,16.95,82496,,1,2000
1790226223,2026-09-24T05:03:43Z,17712,1790208587,6.1.187-android14-11-SAGA,49646d1b0cd1,cc_governor,cc_governor,6175,18062,16560,39035,10385,3,2047,1681,5156,10770,3109,621,adios,0,adios,0,adios,0,44.4,43.7,,35.0,48.0,38.9,33,3776000,-561500,35.0,,,16.36,800184,,1,2000
1790226259,2026-09-24T05:04:19Z,17747,1790208587,6.1.187-android14-11-SAGA,49646d1b0cd1,cc_governor,cc_governor,6509,24542,19165,48538,12670,5,2050,2812,5339,12313,3293,920,adios,0,adios,0,adios,0,44.6,44.1,,35.0,47.9,38.5,33,3783000,-271600,35.0,,,15.91,704532,,1,2000
1790226294,2026-09-24T05:04:54Z,17783,1790208587,6.1.187-android14-11-SAGA,49646d1b0cd1,cc_governor,cc_governor,6689,27352,22077,54667,15385,7,2054,3424,6019,13751,3965,1219,adios,0,adios,0,adios,0,44.1,42.3,,35.0,39.7,35.7,33,3792000,-205000,35.0,,,16.27,921644,,1,2000
1790228369,2026-09-24T05:39:29Z,19857,1790208587,6.1.187-android14-11-SAGA,49646d1b0cd1,cc_governor,cc_governor,4,0,13,56,23,0,27,0,60,77,57,8,adios,0,adios,0,adios,0,35.3,37.5,,32.0,52.1,34.9,33,3717000,-1434900,32.0,,,22.32,128172,,1,2000
1790229527,2026-09-24T05:58:47Z,21015,1790208587,6.1.187-android14-11-SAGA,49646d1b0cd1,cc_governor,cc_governor,1,0,68,89,74,0,21,8,53,62,17,0,adios,0,adios,0,adios,0,40.2,37.0,,32.0,39.0,33.5,33,3781000,-187900,32.0,,,20.11,106916,,1,2000
1790236331,2026-09-24T07:52:11Z,27819,1790208587,6.1.187-android14-11-SAGA,49646d1b0cd1,cc_governor,cc_governor,183,2654,1941,6162,1758,0,129,110,390,527,261,14,adios,0,adios,0,adios,0,37.0,37.6,,32.0,41.6,34.2,32,3780000,-711600,32.0,,,17.90,119364,,1,2000
1790236366,2026-09-24T07:52:46Z,27855,1790208587,6.1.187-android14-11-SAGA,49646d1b0cd1,cc_governor,cc_governor,473,8066,5430,18930,4957,4,409,453,1630,2234,1221,324,adios,0,adios,0,adios,0,37.6,38.1,,32.0,41.0,34.5,32,3783000,-189800,32.0,,,16.62,111996,,1,2000
1790236402,2026-09-24T07:53:22Z,27890,1790208587,6.1.187-android14-11-SAGA,49646d1b0cd1,cc_governor,cc_governor,507,13981,7168,30096,6661,7,409,1130,2077,3503,1668,632,adios,0,adios,0,adios,0,38.7,38.0,,32.0,41.8,34.8,32,3789000,-214800,32.0,,,15.78,126776,,1,2000
1790236437,2026-09-24T07:53:57Z,27925,1790208587,6.1.187-android14-11-SAGA,49646d1b0cd1,cc_governor,cc_governor,542,19723,8752,41590,8210,8,409,1856,2490,4877,2081,937,adios,0,adios,0,adios,0,37.8,38.3,,32.0,41.8,35.0,32,3786000,-457100,32.0,,,15.26,142900,,1,2000
1790236472,2026-09-24T07:54:32Z,27961,1790208587,6.1.187-android14-11-SAGA,49646d1b0cd1,cc_governor,cc_governor,556,23632,10167,51714,9611,10,409,2556,2889,6656,2480,1240,adios,0,adios,0,adios,0,38.9,38.9,,32.0,41.5,35.4,32,3788000,-195900,32.0,,,14.99,80568,,1,2000
1790236508,2026-09-24T07:55:08Z,27996,1790208587,6.1.187-android14-11-SAGA,49646d1b0cd1,cc_governor,cc_governor,559,26566,11709,60350,11150,14,418,3307,3298,9857,2880,1561,adios,0,adios,0,adios,0,39.1,39.4,,33.0,42.4,35.8,32,3774000,-433900,33.0,,,14.90,110804,,1,2000
1790236544,2026-09-24T07:55:44Z,28032,1790208587,6.1.187-android14-11-SAGA,49646d1b0cd1,cc_governor,cc_governor,581,29898,13770,69200,13189,14,441,4070,3769,14154,3328,1884,adios,0,adios,0,adios,0,39.6,39.8,,33.0,42.7,36.2,32,3767000,-314900,33.0,,,14.71,217560,,1,2000
1790237327,2026-09-24T08:08:47Z,28815,1790208587,6.1.187-android14-11-SAGA,49646d1b0cd1,cc_governor,cc_governor,3,0,74,92,81,0,33,0,53,56,22,4,adios,0,adios,0,adios,0,35.3,38.0,,32.0,36.1,32.8,32,3790000,-233100,32.0,,,15.48,122812,,1,2000
1790238991,2026-09-24T08:36:31Z,30480,1790208587,6.1.187-android14-11-SAGA,49646d1b0cd1,cc_governor,cc_governor,21,0,38,56,40,0,11,0,55,98,54,7,adios,0,adios,0,adios,0,35.9,34.2,,32.0,41.7,33.3,32,3784000,-397900,32.0,,,118.42,137048,,1,2000
1790241616,2026-09-24T09:20:16Z,33104,1790208587,6.1.187-android14-11-SAGA,49646d1b0cd1,cc_governor,cc_governor,5380,864,10477,13162,5113,0,7110,525,9569,11295,2464,14,adios,0,adios,0,adios,0,42.6,41.1,,32.0,43.7,35.7,32,3762000,-585900,32.0,,,75.41,130464,,1,2000
1790241652,2026-09-24T09:20:52Z,33141,1790208587,6.1.187-android14-11-SAGA,49646d1b0cd1,cc_governor,cc_governor,14691,3970,31158,40117,16374,3,32315,3032,43147,51231,10790,368,adios,0,adios,0,adios,0,53.5,54.5,,32.0,61.1,39.9,31,3720000,-1060700,32.0,,,49.75,179736,,1,2000
1790241689,2026-09-24T09:21:29Z,33177,1790208587,6.1.187-android14-11-SAGA,49646d1b0cd1,cc_governor,cc_governor,26044,7310,49964,64082,23921,16,47599,6159,64868,77129,17269,622,adios,0,adios,0,adios,0,44.1,44.6,,33.0,45.6,37.6,31,3763000,-389400,33.0,,,32.93,122556,,1,2000
1790241724,2026-09-24T09:22:04Z,33213,1790208587,6.1.187-android14-11-SAGA,49646d1b0cd1,cc_governor,cc_governor,26496,8375,59437,82554,32956,18,47671,6307,67083,80411,19416,940,adios,0,adios,0,adios,0,42.5,41.9,,33.0,44.9,36.8,31,3780000,-206200,33.0,,,25.07,82368,,1,2000
1790242083,2026-09-24T09:28:03Z,33571,1790208587,6.1.187-android14-11-SAGA,49646d1b0cd1,cc_governor,cc_governor,15,412,326,764,323,0,41,27,154,194,117,18,adios,0,adios,0,adios,12,45.4,51.1,,32.0,49.1,36.8,31,3771000,-419900,33.0,,,80.86,102776,,1,2000
1790242513,2026-09-24T09:35:13Z,34001,1790208587,6.1.187-android14-11-SAGA,49646d1b0cd1,cc_governor,cc_governor,7981,845,12512,15279,4536,12,5410,490,7831,9423,2421,62,adios,0,adios,0,adios,0,43.2,42.7,40.4,32.0,45.6,36.7,31,3732000,-822700,32.0,,,53.70,100588,,1,2000
1790242573,2026-09-24T09:36:13Z,34061,1790208587,6.1.187-android14-11-SAGA,49646d1b0cd1,cc_governor,cc_governor,413,2082,2380,4815,1965,0,870,454,1600,2507,730,16,adios,0,adios,0,adios,0,42.3,41.5,,33.0,46.4,36.4,31,3767000,-510200,33.0,,,37.53,161896,,1,2000
1790242608,2026-09-24T09:36:48Z,34096,1790208587,6.1.187-android14-11-SAGA,49646d1b0cd1,cc_governor,cc_governor,10693,8138,18123,27737,7428,2,7385,2712,11068,15882,3683,277,adios,0,adios,0,adios,0,43.0,42.6,,33.0,47.0,37.1,31,3767000,-671300,33.0,,,28.17,125284,,1,2000
1790243013,2026-09-24T09:43:33Z,34501,1790208587,6.1.187-android14-11-SAGA,49646d1b0cd1,cc_governor,cc_governor,55,0,457,532,6,0,37,0,66,112,33,4,adios,0,adios,0,adios,0,35.8,35.9,,32.0,37.8,33.4,31,3779000,-284400,33.0,,,22.43,114720,,1,2000
1790243930,2026-09-24T09:58:50Z,35418,1790208587,6.1.187-android14-11-SAGA,49646d1b0cd1,cc_governor,cc_governor,0,0,52,78,65,0,17,0,61,83,48,13,adios,0,adios,0,adios,0,35.9,36.1,,32.0,38.9,33.6,31,3720000,-1029600,32.0,,,19.18,45164,,1,2000
1790244033,2026-09-24T10:00:33Z,35521,1790208587,6.1.187-android14-11-SAGA,49646d1b0cd1,cc_governor,cc_governor,19073,8094,29475,42349,10398,35,4624,2408,8060,10919,3436,250,adios,0,adios,0,adios,0,40.3,42.0,,32.0,43.8,35.8,30,3760000,-347900,32.0,,,18.33,138004,,1,2000
1790244191,2026-09-24T10:03:12Z,35681,1790208587,6.1.187-android14-11-SAGA,49646d1b0cd1,cc_governor,cc_governor,2,0,54,63,63,0,71,0,113,116,45,12,adios,0,adios,0,adios,0,36.5,36.2,,33.0,37.0,33.5,30,3777000,-336900,32.0,,,17.33,132344,,1,2000
1790244902,2026-09-24T10:15:02Z,36391,1790208587,6.1.187-android14-11-SAGA,49646d1b0cd1,cc_governor,cc_governor,3,0,149,8,13,0,40,0,74,77,38,7,adios,0,adios,0,adios,0,35.7,34.8,,32.0,37.4,33.2,30,3778000,-164100,32.0,,,16.18,136564,,1,2000
1790246453,2026-09-24T10:40:53Z,37941,1790208587,6.1.187-android14-11-SAGA,49646d1b0cd1,cc_governor,cc_governor,6465,113,8986,10868,2512,26,4746,74,6766,7981,1841,98,adios,0,adios,0,adios,0,55.7,55.0,46.5,31.0,56.5,37.8,30,3689000,-1036300,31.0,,,18.25,144576,,1,2000
1790246490,2026-09-24T10:41:30Z,37978,1790208587,6.1.187-android14-11-SAGA,49646d1b0cd1,cc_governor,cc_governor,29211,553,51930,69878,22719,45,19611,425,36887,42299,17284,469,adios,0,adios,0,adios,0,48.8,48.1,,32.0,62.9,39.0,30,3697000,-671300,32.0,,,18.54,292856,,1,2000
1790246526,2026-09-24T10:42:06Z,38015,1790208587,6.1.187-android14-11-SAGA,49646d1b0cd1,cc_governor,cc_governor,47175,2647,81311,110831,34139,115,38334,2066,65202,79653,26812,961,adios,0,adios,0,adios,6,64.1,57.1,,33.0,54.0,43.1,29,3741000,-462000,33.0,,,28.23,126564,,1,2000
1790246562,2026-09-24T10:42:42Z,38050,1790208587,6.1.187-android14-11-SAGA,49646d1b0cd1,cc_governor,cc_governor,53183,5426,101204,136358,47986,119,42236,2693,72005,88712,29772,1250,adios,0,adios,0,adios,0,51.1,53.4,,33.0,54.1,40.5,29,3745000,-417400,33.0,,,23.48,778008,,1,2000
1790246601,2026-09-24T10:43:21Z,38090,1790208587,6.1.187-android14-11-SAGA,49646d1b0cd1,cc_governor,cc_governor,1,0,69,84,84,0,47,0,99,105,55,19,adios,0,adios,0,adios,0,39.1,38.4,,33.0,42.6,36.2,29,3767000,-526100,33.0,,,19.56,548860,,1,2000
1790247088,2026-09-24T10:51:28Z,38576,1790208587,6.1.187-android14-11-SAGA,49646d1b0cd1,cc_governor,cc_governor,2,0,263,292,275,0,72,0,141,143,76,15,adios,0,adios,0,adios,0,38.1,36.4,,32.0,38.2,33.3,29,3767000,-217800,31.0,,,62.24,416964,,1,2000
1790247247,2026-09-24T10:54:07Z,38735,1790208587,6.1.187-android14-11-SAGA,49646d1b0cd1,cc_governor,cc_governor,3,0,67,84,77,0,115,0,162,164,51,14,adios,0,adios,0,adios,0,36.5,37.4,,32.0,38.2,33.6,29,3768000,-300900,32.0,,,41.30,423568,,1,2000
1790247377,2026-09-24T10:56:17Z,38866,1790208587,6.1.187-android14-11-SAGA,49646d1b0cd1,cc_governor,cc_governor,18,0,209,236,199,0,51,0,108,43,20,1,adios,0,adios,0,adios,0,38.2,37.2,,32.0,39.7,34.1,29,3729000,-634700,32.0,,,42.06,240900,,1,2000
1790247479,2026-09-24T10:57:59Z,38968,1790208587,6.1.187-android14-11-SAGA,49646d1b0cd1,cc_governor,cc_governor,0,0,22,31,43,0,34,0,80,84,53,8,adios,0,adios,0,adios,0,37.2,39.5,,32.0,42.6,34.6,29,3769000,-220300,32.0,,,35.75,168584,,1,2000
1790247599,2026-09-24T10:59:59Z,39087,1790208587,6.1.187-android14-11-SAGA,49646d1b0cd1,cc_governor,cc_governor,6,0,66,77,75,0,4,0,46,61,48,14,adios,0,adios,0,adios,0,37.1,42.6,,32.0,37.4,34.3,29,3765000,-283200,32.0,,,27.08,116192,,1,2000
1790247693,2026-09-24T11:01:33Z,39181,1790208587,6.1.187-android14-11-SAGA,49646d1b0cd1,cc_governor,cc_governor,2,0,193,35,16,0,61,0,89,96,33,8,adios,0,adios,0,adios,0,38.4,36.3,,33.0,39.0,33.6,29,3757000,-267300,33.0,,,42.10,66036,,1,2000
1790247808,2026-09-24T11:03:28Z,39296,1790208587,6.1.187-android14-11-SAGA,49646d1b0cd1,cc_governor,cc_governor,18111,475,34321,43156,16229,79,13935,447,24943,27597,11026,137,adios,0,adios,0,adios,0,47.4,46.9,44.8,33.0,50.8,39.2,29,3733000,-639600,33.0,,,33.11,122480,,1,2000
1790247845,2026-09-24T11:04:05Z,39333,1790208587,6.1.187-android14-11-SAGA,49646d1b0cd1,cc_governor,cc_governor,32215,5550,64728,86279,32529,88,15948,3093,35545,41604,19602,510,adios,0,adios,0,adios,0,45.4,45.8,,33.0,47.4,39.0,28,3731000,-910600,33.0,,,26.63,109516,,1,2000
1790247880,2026-09-24T11:04:40Z,39369,1790208587,6.1.187-android14-11-SAGA,49646d1b0cd1,cc_governor,cc_governor,41211,16089,84699,123347,43480,90,16256,5377,38055,46542,21799,825,adios,0,adios,0,adios,0,43.5,44.1,,34.0,47.1,38.5,28,3732000,-490100,34.0,,,23.19,168168,,1,2000
1790247916,2026-09-24T11:05:16Z,39404,1790208587,6.1.187-android14-11-SAGA,49646d1b0cd1,cc_governor,cc_governor,49770,28846,101651,158041,51876,95,16535,7826,39801,50789,23266,1143,adios,0,adios,0,adios,4,44.8,45.7,43.4,34.0,49.8,38.9,28,3687000,-1118100,34.0,,,22.01,204808,,1,2000
1790247952,2026-09-24T11:05:52Z,39440,1790208587,6.1.187-android14-11-SAGA,49646d1b0cd1,cc_governor,cc_governor,78764,34219,143877,214205,65107,121,31141,11077,63252,80249,32111,1537,adios,0,adios,0,adios,0,47.3,47.2,,34.0,50.1,40.2,28,3688000,-1087600,34.0,,,21.43,99460,,1,2000
1790247987,2026-09-24T11:06:27Z,39476,1790208587,6.1.187-android14-11-SAGA,49646d1b0cd1,cc_governor,cc_governor,91034,43877,167289,250794,76275,123,32278,14120,67769,88239,35498,1834,adios,0,adios,0,adios,0,43.7,44.0,,34.0,47.4,38.9,28,3685000,-869700,34.0,,,19.82,57976,,1,2000
1790248023,2026-09-24T11:07:03Z,39512,1790208587,6.1.187-android14-11-SAGA,49646d1b0cd1,cc_governor,cc_governor,105318,49852,192727,287339,87436,134,40230,17278,81593,107227,41373,2190,adios,0,adios,0,adios,0,47.9,47.4,47.2,34.0,63.4,41.3,28,3668000,-646300,34.0,,,20.05,114136,,1,2000
1790248060,2026-09-24T11:07:40Z,39548,1790208587,6.1.187-android14-11-SAGA,49646d1b0cd1,cc_governor,cc_governor,129892,50853,229671,332416,99705,199,63411,18266,115708,147812,52305,2663,adios,0,adios,0,adios,0,63.5,66.8,60.3,35.0,65.8,46.6,27,3677000,-1026000,35.0,,,28.31,139512,,1,2000
1790248097,2026-09-24T11:08:17Z,39586,1790208587,6.1.187-android14-11-SAGA,49646d1b0cd1,cc_governor,cc_governor,156695,54228,269596,380554,112894,218,81997,21518,150316,189839,68356,3195,adios,0,adios,0,adios,0,58.8,64.6,,36.0,69.0,47.5,27,3646000,-1592400,36.0,,,25.94,101808,,1,2000
1790248139,2026-09-24T11:08:59Z,39627,1790208587,6.1.187-android14-11-SAGA,49646d1b0cd1,cc_governor,cc_governor,194381,60228,322242,446987,127756,260,112059,27210,194343,243114,82283,4004,adios,0,adios,0,adios,0,58.7,57.5,,37.0,60.8,46.1,27,3688000,-1070500,37.0,,,24.11,88548,,1,2000
1790248176,2026-09-24T11:09:36Z,39664,1790208587,6.1.187-android14-11-SAGA,49646d1b0cd1,cc_governor,cc_governor,217853,68136,356011,494438,138157,265,122132,34383,211637,269205,89513,4365,adios,0,adios,0,adios,0,59.1,63.4,,37.0,66.3,47.1,26,3675000,-1298200,37.0,,,24.62,116052,,1,2000
1790248212,2026-09-24T11:10:12Z,39701,1790208587,6.1.187-android14-11-SAGA,49646d1b0cd1,cc_governor,cc_governor,239626,71839,393826,543094,154159,273,130085,36525,228941,289448,98855,4747,adios,0,adios,0,adios,0,55.1,52.3,,38.0,55.2,44.3,26,3724000,-1057700,37.0,,,21.69,91232,,1,2000
1790248248,2026-09-24T11:10:48Z,39737,1790208587,6.1.187-android14-11-SAGA,49646d1b0cd1,cc_governor,cc_governor,254830,79808,420928,582175,166098,276,131252,40105,234552,298954,103298,5075,adios,0,adios,0,adios,0,49.4,51.1,,37.0,51.8,42.8,26,3736000,-427200,38.0,,,19.31,142316,,1,2000
1790248284,2026-09-24T11:11:24Z,39772,1790208587,6.1.187-android14-11-SAGA,49646d1b0cd1,cc_governor,cc_governor,261350,88604,436702,609656,175351,278,132906,41925,239152,305601,106246,5397,adios,0,adios,0,adios,0,44.4,45.2,,37.0,49.7,41.1,26,3714000,-966700,37.0,,,18.27,117092,,1,2000
1790248319,2026-09-24T11:11:59Z,39807,1790208587,6.1.187-android14-11-SAGA,49646d1b0cd1,cc_governor,cc_governor,270987,99117,454537,641794,183575,282,134260,46621,242809,314216,108558,5701,adios,0,adios,0,adios,0,46.7,46.4,,37.0,47.9,40.9,26,3738000,-501700,37.0,,,17.52,128412,,1,2000
1790248354,2026-09-24T11:12:34Z,39842,1790208587,6.1.187-android14-11-SAGA,49646d1b0cd1,cc_governor,cc_governor,272283,110695,461560,661619,189277,283,134408,47779,243664,316281,109256,6008,adios,0,adios,0,adios,0,44.4,44.0,,37.0,47.1,39.7,26,3735000,-449200,37.0,,,16.46,120912,,1,2000
1790248389,2026-09-24T11:13:09Z,39878,1790208587,6.1.187-android14-11-SAGA,49646d1b0cd1,cc_governor,cc_governor,275683,120771,472234,684124,196547,285,134709,50042,244733,319783,110024,6301,adios,0,adios,0,adios,0,44.6,44.2,,36.0,47.7,39.6,26,3728000,-675600,36.0,,,16.23,139208,,1,2000
1790248424,2026-09-24T11:13:44Z,39913,1790208587,6.1.187-android14-11-SAGA,49646d1b0cd1,cc_governor,cc_governor,279085,127492,486781,707009,207696,287,135423,51398,246963,323467,111540,6610,adios,0,adios,0,adios,0,42.8,44.5,,36.0,46.7,39.0,26,3725000,-368600,36.0,,,15.84,131116,,1,2000
1790248460,2026-09-24T11:14:20Z,39948,1790208587,6.1.187-android14-11-SAGA,49646d1b0cd1,cc_governor,cc_governor,280484,139292,493615,726859,213144,289,135584,53116,247676,325946,112100,6905,adios,0,adios,0,adios,0,42.7,43.0,,36.0,46.2,38.7,26,3721000,-599900,36.0,,,15.99,85476,,1,2000
1790248495,2026-09-24T11:14:55Z,39984,1790208587,6.1.187-android14-11-SAGA,49646d1b0cd1,cc_governor,cc_governor,281615,151117,500217,746492,218602,293,135653,54072,248585,327922,112932,7221,adios,0,adios,0,adios,0,42.1,42.8,,35.0,45.9,38.2,26,3720000,-336900,35.0,,,15.83,166568,,1,2000
1790248530,2026-09-24T11:15:30Z,40019,1790208587,6.1.187-android14-11-SAGA,49646d1b0cd1,cc_governor,cc_governor,283984,163705,507639,768045,223654,296,135904,55936,249700,330949,113796,7534,adios,0,adios,0,adios,0,41.4,42.8,,35.0,44.8,37.9,26,3729000,-465600,35.0,,,16.13,147400,,1,2000
1790248566,2026-09-24T11:16:06Z,40054,1790208587,6.1.187-android14-11-SAGA,49646d1b0cd1,cc_governor,cc_governor,285314,175811,513704,787337,228389,299,136108,57568,250102,333037,113994,7831,adios,0,adios,0,adios,0,42.7,42.8,,35.0,46.3,37.8,26,3725000,-431500,35.0,,,16.23,123600,,1,2000
1790248601,2026-09-24T11:16:41Z,40089,1790208587,6.1.187-android14-11-SAGA,49646d1b0cd1,cc_governor,cc_governor,286883,187176,521156,807426,234273,299,136268,59374,250832,335643,114564,8136,adios,0,adios,0,adios,0,42.9,43.6,,35.0,44.4,37.6,25,3729000,-465600,35.0,,,16.53,164680,,1,2000
1790248636,2026-09-24T11:17:16Z,40124,1790208587,6.1.187-android14-11-SAGA,49646d1b0cd1,cc_governor,cc_governor,290504,198368,531184,830540,240661,302,138121,60615,254682,341050,116580,8441,adios,0,adios,0,adios,0,47.3,45.3,,34.0,45.9,35.8,25,3740000,-362500,34.0,,,16.22,121252,,1,2000
1790248693,2026-09-24T11:18:13Z,40181,1790208587,6.1.187-android14-11-SAGA,49646d1b0cd1,cc_governor,cc_governor,19089,3517,30667,39738,11602,6,9515,1253,15903,19175,6403,57,adios,0,adios,0,adios,2,48.6,47.1,43.5,34.0,60.6,40.2,25,3724000,-781800,34.0,,,18.49,108512,,1,2000
1790248729,2026-09-24T11:18:49Z,40218,1790208587,6.1.187-android14-11-SAGA,49646d1b0cd1,cc_governor,cc_governor,39852,6907,69317,94708,29479,24,15887,3051,32670,39589,16794,431,adios,0,adios,0,adios,0,47.0,46.4,43.4,34.0,49.8,39.0,25,3715000,-631100,34.0,,,18.59,134884,,1,2000
1790248766,2026-09-24T11:19:26Z,40254,1790208587,6.1.187-android14-11-SAGA,49646d1b0cd1,cc_governor,cc_governor,51846,12477,97751,139052,45905,30,17003,5561,40973,50717,23970,774,adios,0,adios,0,adios,0,43.0,43.9,,34.0,45.0,38.0,25,3724000,-509000,34.0,,,19.64,149852,,1,2000
1790248801,2026-09-24T11:20:01Z,40290,1790208587,6.1.187-android14-11-SAGA,49646d1b0cd1,cc_governor,cc_governor,52307,22218,101696,153864,49389,32,17013,6328,41662,52215,24649,1061,adios,0,adios,0,adios,0,40.1,41.6,,34.0,45.1,37.0,25,3721000,-521800,34.0,,,18.05,121320,,1,2000
1790248836,2026-09-24T11:20:36Z,40325,1790208587,6.1.187-android14-11-SAGA,49646d1b0cd1,cc_governor,cc_governor,53771,27177,111947,170378,58191,34,17895,6715,44251,55317,26359,1357,adios,0,adios,0,adios,0,40.1,40.9,,34.0,43.7,36.8,25,3725000,-431500,33.0,,,17.52,128560,,1,2000
1790248872,2026-09-24T11:21:12Z,40360,1790208587,6.1.187-android14-11-SAGA,49646d1b0cd1,cc_governor,cc_governor,54886,36665,117244,186402,62358,35,17968,7737,45095,57284,27127,1653,adios,0,adios,0,adios,0,39.8,42.0,,33.0,43.8,36.2,25,3724000,-485200,33.0,,,17.10,113116,,1,2000
1790248997,2026-09-24T11:23:17Z,40485,1790208587,6.1.187-android14-11-SAGA,49646d1b0cd1,cc_governor,cc_governor,92,478,1602,2141,1509,0,172,63,327,402,155,15,adios,0,adios,0,adios,0,37.2,38.0,,32.0,37.5,33.6,25,3744000,-319800,32.0,,,33.53,228336,,1,2000
1790249116,2026-09-24T11:25:16Z,40604,1790208587,6.1.187-android14-11-SAGA,49646d1b0cd1,cc_governor,cc_governor,7273,1856,9192,12367,1891,4,9541,2810,11714,15897,2169,51,adios,0,adios,0,adios,0,48.3,47.5,45.1,32.0,51.2,37.7,25,3704000,-845900,32.0,,,29.63,131856,,1,2000
1790249153,2026-09-24T11:25:53Z,40641,1790208587,6.1.187-android14-11-SAGA,49646d1b0cd1,cc_governor,cc_governor,32115,9068,46611,62336,14418,22,27312,9208,41011,54799,13692,431,adios,0,adios,0,adios,3,60.8,57.0,50.4,32.0,58.1,40.8,24,3651000,-1130900,32.0,,,25.34,119528,,1,2000
1790249189,2026-09-24T11:26:29Z,40678,1790208587,6.1.187-android14-11-SAGA,49646d1b0cd1,cc_governor,cc_governor,70993,16294,90071,116462,19077,36,42739,19604,66901,93821,24158,731,adios,0,adios,0,adios,0,45.7,52.9,46.3,33.0,57.8,39.8,24,3672000,-1038800,32.0,,,23.81,296100,,1,2000
1790249226,2026-09-24T11:27:06Z,40714,1790208587,6.1.187-android14-11-SAGA,49646d1b0cd1,cc_governor,cc_governor,81998,18215,112264,145609,30276,66,50539,20666,79460,110744,28925,1116,adios,0,adios,0,adios,0,42.3,42.1,,33.0,44.4,37.1,24,3704000,-652400,33.0,,,20.24,328556,,1,2000
1790249261,2026-09-24T11:27:41Z,40749,1790208587,6.1.187-android14-11-SAGA,49646d1b0cd1,cc_governor,cc_governor,82438,19776,122670,161709,40249,68,50553,20740,80857,112440,30310,1400,adios,0,adios,0,adios,0,39.7,39.9,,33.0,45.3,36.1,24,3707000,-790400,33.0,,,18.03,302396,,1,2000
1790249296,2026-09-24T11:28:16Z,40785,1790208587,6.1.187-android14-11-SAGA,49646d1b0cd1,cc_governor,cc_governor,82961,22885,131310,177175,48361,69,50941,21009,82447,114487,31511,1712,adios,0,adios,0,adios,0,39.5,40.1,,33.0,42.1,35.7,24,3692000,-1005200,32.0,,,16.74,232152,,1,2000
1790249393,2026-09-24T11:29:53Z,40882,1790208587,6.1.187-android14-11-SAGA,49646d1b0cd1,cc_governor,cc_governor,6193,8,10073,11467,3902,0,3891,1,6014,6409,2127,32,adios,0,adios,0,adios,0,40.4,40.4,,32.0,46.5,35.5,24,3706000,-554100,32.0,,,17.10,114176,,1,2000
1790249428,2026-09-24T11:30:28Z,40917,1790208587,6.1.187-android14-11-SAGA,49646d1b0cd1,cc_governor,cc_governor,11749,228,34419,44424,22694,2,5207,117,13007,14481,7805,314,adios,0,adios,0,adios,0,40.7,40.5,,32.0,44.5,35.9,24,3692000,-786700,32.0,,,17.05,171728,,1,2000
1790249464,2026-09-24T11:31:04Z,40952,1790208587,6.1.187-android14-11-SAGA,49646d1b0cd1,cc_governor,cc_governor,15748,525,56397,74953,40667,2,6985,234,19904,22171,12923,612,adios,0,adios,0,adios,0,41.6,42.3,40.0,32.0,44.0,36.5,24,3704000,-400300,32.0,,,18.30,92812,,1,2000
1790249499,2026-09-24T11:31:39Z,40987,1790208587,6.1.187-android14-11-SAGA,49646d1b0cd1,cc_governor,cc_governor,19031,9203,68839,98496,49816,4,7356,1651,22584,26409,15231,904,adios,0,adios,0,adios,0,40.3,40.7,,32.0,43.5,36.0,23,3720000,-436400,32.0,,,19.37,150844,,1,2000
1790249602,2026-09-24T11:33:22Z,41090,1790208587,6.1.187-android14-11-SAGA,49646d1b0cd1,cc_governor,cc_governor,3,0,228,253,237,0,20,0,74,77,58,14,adios,0,adios,0,adios,0,38.1,37.7,,32.0,38.5,33.6,23,3733000,-300900,32.0,,,17.95,254280,,1,2000
1790249786,2026-09-24T11:36:26Z,41274,1790208587,6.1.187-android14-11-SAGA,49646d1b0cd1,cc_governor,cc_governor,40,618,1559,2233,1526,0,295,42,369,422,74,12,adios,0,adios,0,adios,0,35.8,37.1,,31.0,38.0,31.9,23,3726000,-604200,31.0,,,16.99,243452,,1,2000
1790250062,2026-09-24T11:41:02Z,41550,1790208587,6.1.187-android14-11-SAGA,49646d1b0cd1,cc_governor,cc_governor,6,0,59,70,64,0,24,0,65,50,17,1,adios,0,adios,0,adios,0,34.4,34.1,,29.0,38.1,31.1,23,3728000,-324000,29.0,,,22.60,225016,,1,2000
1790250390,2026-09-24T11:46:30Z,41879,1790208587,6.1.187-android14-11-SAGA,49646d1b0cd1,cc_governor,cc_governor,596,30,1259,1493,632,20,1033,16,1470,1705,332,77,adios,0,adios,0,adios,0,46.5,50.8,42.7,29.0,52.8,34.7,23,3647000,-1226800,29.0,,,74.58,118080,,1,2000
1790250428,2026-09-24T11:47:08Z,41916,1790208587,6.1.187-android14-11-SAGA,49646d1b0cd1,cc_governor,cc_governor,25238,854,37304,44504,12054,63,25291,1481,36862,44687,11558,500,adios,0,adios,0,adios,1,45.2,42.0,,29.0,44.2,34.8,23,3691000,-396700,29.0,,,49.59,81236,,1,2000
1790250464,2026-09-24T11:47:44Z,41952,1790208587,6.1.187-android14-11-SAGA,49646d1b0cd1,cc_governor,cc_governor,49327,7021,74024,92698,24725,66,27625,4867,46682,58617,19065,828,adios,0,adios,0,adios,0,40.9,44.2,,30.0,43.7,34.8,23,3677000,-1060700,30.0,,,36.42,81804,,1,2000
1790250500,2026-09-24T11:48:20Z,41988,1790208587,6.1.187-android14-11-SAGA,49646d1b0cd1,cc_governor,cc_governor,63290,11125,103223,131524,39952,69,31333,6618,56074,70346,24750,1174,adios,0,adios,0,adios,0,42.0,41.4,,30.0,49.7,35.3,22,3654000,-982600,30.0,,,29.25,173996,,1,2000
1790250536,2026-09-24T11:48:56Z,42024,1790208587,6.1.187-android14-11-SAGA,49646d1b0cd1,cc_governor,cc_governor,83345,20124,132183,175029,48838,77,35324,9896,65236,83226,29912,1545,adios,0,adios,0,adios,0,37.7,38.5,,30.0,40.9,33.9,22,3714000,-446700,30.0,,,23.83,131872,,1,2000
1790250571,2026-09-24T11:49:31Z,42059,1790208587,6.1.187-android14-11-SAGA,49646d1b0cd1,cc_governor,cc_governor,84659,29915,140364,194140,55724,79,35569,11363,65975,85484,30418,1842,adios,0,adios,0,adios,0,37.9,38.2,,30.0,41.2,33.7,22,3703000,-257500,31.0,,,20.81,116564,,1,2000
1790250606,2026-09-24T11:50:06Z,42095,1790208587,6.1.187-android14-11-SAGA,49646d1b0cd1,cc_governor,cc_governor,86788,40436,149042,214793,62254,81,36408,13042,67843,89099,31435,2144,adios,0,adios,0,adios,0,37.8,39.1,,30.0,41.1,33.9,22,3707000,-652400,30.0,,,19.06,124828,,1,2000
1790250641,2026-09-24T11:50:41Z,42130,1790208587,6.1.187-android14-11-SAGA,49646d1b0cd1,cc_governor,cc_governor,94560,50813,164005,243053,69458,86,40181,15522,74507,98546,34331,2452,adios,0,adios,0,adios,0,43.2,44.6,40.6,30.0,43.8,35.6,22,3702000,-496800,31.0,,,19.37,103444,,1,2000
1790250677,2026-09-24T11:51:17Z,42165,1790208587,6.1.187-android14-11-SAGA,49646d1b0cd1,cc_governor,cc_governor,97266,60741,172339,263186,75073,88,40505,17414,76300,102308,35795,2775,adios,0,adios,0,adios,0,38.0,39.0,,31.0,42.1,34.3,22,3694000,-570600,31.0,,,18.64,74816,,1,2000
1790250712,2026-09-24T11:51:52Z,42200,1790208587,6.1.187-android14-11-SAGA,49646d1b0cd1,cc_governor,cc_governor,98214,71663,176429,279348,78215,90,40618,19207,76685,104555,36067,3070,adios,0,adios,0,adios,0,37.5,38.9,,31.0,42.5,34.1,22,3708000,-463200,31.0,,,17.93,159752,,1,2000
1790250748,2026-09-24T11:52:28Z,42236,1790208587,6.1.187-android14-11-SAGA,49646d1b0cd1,cc_governor,cc_governor,99302,82529,180812,295870,81507,95,41136,20961,77623,107306,36487,3372,adios,0,adios,0,adios,0,37.8,39.0,,31.0,41.6,34.1,22,3705000,-395500,31.0,,,17.74,143484,,1,2000
1790250783,2026-09-24T11:53:03Z,42271,1790208587,6.1.187-android14-11-SAGA,49646d1b0cd1,cc_governor,cc_governor,103937,93007,189510,317052,85572,98,43819,23184,81943,114269,38124,3678,adios,0,adios,0,adios,0,40.0,39.4,,31.0,42.1,34.7,22,3715000,-427200,31.0,,,17.98,209480,,1,2000
1790250955,2026-09-24T11:56:04Z,42452,1790208587,6.1.187-android14-11-SAGA,49646d1b0cd1,cc_governor,cc_governor,26,0,73,84,57,0,16,0,67,70,55,10,adios,0,adios,0,adios,0,33.4,34.5,,30.0,36.5,30.8,22,3713000,-268500,30.0,,,16.59,199284,,1,2000
1790251054,2026-09-24T11:57:34Z,42542,1790208587,6.1.187-android14-11-SAGA,49646d1b0cd1,cc_governor,cc_governor,13646,6719,19922,29769,6225,1,6182,1581,10003,12193,3818,37,adios,0,adios,0,adios,0,36.9,36.7,,29.0,42.2,32.9,22,3703000,-551700,30.0,,,17.40,98196,,1,2000
1790251090,2026-09-24T11:58:10Z,42578,1790208587,6.1.187-android14-11-SAGA,49646d1b0cd1,cc_governor,cc_governor,18406,19856,29900,55007,11493,7,6796,4380,12142,17211,5346,364,adios,0,adios,0,adios,0,36.3,38.2,,30.0,40.0,32.8,21,3711000,-529700,30.0,,,16.62,102436,,1,2000
1790251125,2026-09-24T11:58:45Z,42614,1790208587,6.1.187-android14-11-SAGA,49646d1b0cd1,cc_governor,cc_governor,43180,24921,67378,102808,24221,9,12839,7588,26953,36085,14136,660,adios,0,adios,0,adios,0,40.8,39.6,,30.0,43.2,34.1,21,3705000,-352100,30.0,,,16.83,85792,,1,2000
1790251161,2026-09-24T11:59:21Z,42649,1790208587,6.1.187-android14-11-SAGA,49646d1b0cd1,cc_governor,cc_governor,46351,34239,79211,125757,32872,11,13173,9066,28965,39626,15798,969,adios,0,adios,0,adios,0,36.5,37.5,,30.0,39.4,32.9,21,3713000,-358200,30.0,,,16.58,96236,,1,2000
1790251196,2026-09-24T11:59:56Z,42685,1790208587,6.1.187-android14-11-SAGA,49646d1b0cd1,cc_governor,cc_governor,48842,44229,89236,147081,40394,13,13871,10827,30771,43280,16900,1275,adios,0,adios,0,adios,0,37.4,37.3,,30.0,46.0,33.4,21,3663000,-340500,30.0,,,17.06,120416,,1,2000
1790251232,2026-09-24T12:00:32Z,42720,1790208587,6.1.187-android14-11-SAGA,49646d1b0cd1,cc_governor,cc_governor,51844,55027,99173,169193,47327,14,15342,12959,33428,48194,18085,1587,adios,0,adios,0,adios,16,38.3,39.0,,30.0,41.1,33.6,21,3708000,-529700,30.0,,,16.82,106088,,1,2000
1790251267,2026-09-24T12:01:07Z,42755,1790208587,6.1.187-android14-11-SAGA,49646d1b0cd1,cc_governor,cc_governor,28,0,20,23,27,0,27,0,59,60,35,9,adios,0,adios,0,adios,0,37.6,37.9,,30.0,39.8,33.1,21,3702000,-391800,30.0,,,16.62,258552,,1,2000
1790251323,2026-09-24T12:02:03Z,42812,1790208587,6.1.187-android14-11-SAGA,49646d1b0cd1,cc_governor,cc_governor,12511,5325,20028,29759,7525,0,8061,1026,13867,16518,5813,38,adios,0,adios,0,adios,0,47.7,49.1,48.3,30.0,51.9,37.0,21,3667000,-968600,30.0,,,17.83,121408,,1,2000
1790251361,2026-09-24T12:02:41Z,42849,1790208587,6.1.187-android14-11-SAGA,49646d1b0cd1,cc_governor,cc_governor,29655,15716,47418,75780,17772,7,18940,9101,33775,46263,14847,475,adios,0,adios,0,adios,0,44.0,43.7,40.6,31.0,43.4,35.9,20,3692000,-483300,31.0,,,18.21,166420,,1,2000
1790251397,2026-09-24T12:03:17Z,42885,1790208587,6.1.187-android14-11-SAGA,49646d1b0cd1,cc_governor,cc_governor,50985,23897,79276,122572,28278,14,29124,14032,50984,70197,21866,848,adios,0,adios,0,adios,0,44.3,49.1,42.3,31.0,48.3,36.7,20,3671000,-1130900,31.0,,,18.22,106344,,1,2000
1790251433,2026-09-24T12:03:53Z,42922,1790208587,6.1.187-android14-11-SAGA,49646d1b0cd1,cc_governor,cc_governor,74473,27371,119048,172579,44570,26,40455,16345,73324,96920,32878,1263,adios,0,adios,0,adios,0,46.0,46.5,42.9,31.0,48.2,37.0,20,3670000,-633500,31.0,,,19.39,118436,,1,2000
1790251469,2026-09-24T12:04:29Z,42957,1790208587,6.1.187-android14-11-SAGA,49646d1b0cd1,cc_governor,cc_governor,93447,31622,152101,215695,58583,54,51056,19273,92661,121284,41527,1842,adios,0,adios,0,adios,0,47.3,46.5,44.7,31.0,64.4,40.0,20,3602000,-1599100,31.0,,,20.19,88528,,1,2000
1790251508,2026-09-24T12:05:08Z,42996,1790208587,6.1.187-android14-11-SAGA,49646d1b0cd1,cc_governor,cc_governor,151711,32851,223167,298703,71247,163,93828,20227,148478,181071,54484,2514,adios,0,adios,0,adios,0,40.5,40.0,,31.0,41.8,36.1,19,3685000,-709800,32.0,,,21.50,114532,,1,2000
1790251558,2026-09-24T12:05:58Z,43046,1790208587,6.1.187-android14-11-SAGA,49646d1b0cd1,cc_governor,cc_governor,234173,38517,313696,406295,79318,240,174223,26579,237774,278796,63427,4515,adios,0,adios,0,adios,0,38.9,38.3,37.6,31.0,38.8,34.9,19,3703000,-333800,31.0,,,22.52,75000,,1,2000
1790251607,2026-09-24T12:06:47Z,43095,1790208587,6.1.187-android14-11-SAGA,49646d1b0cd1,cc_governor,cc_governor,322407,48230,405669,519934,83058,298,260789,36939,328847,381698,67730,6132,adios,0,adios,0,adios,0,37.8,37.8,,31.0,39.8,34.6,19,3701000,-358200,31.0,,,22.80,106436,,1,2000
1790251657,2026-09-24T12:07:37Z,43145,1790208587,6.1.187-android14-11-SAGA,49646d1b0cd1,cc_governor,cc_governor,406951,57267,495250,630238,88290,370,336623,47060,410757,475108,74160,7860,adios,0,adios,0,adios,2,43.7,49.0,,31.0,56.4,36.7,19,3659000,-1270100,31.0,,,22.19,86336,,1,2000
1790251693,2026-09-24T12:08:13Z,43181,1790208587,6.1.187-android14-11-SAGA,49646d1b0cd1,cc_governor,cc_governor,460957,57879,563072,704927,102089,374,367932,47537,456298,526461,88328,8173,adios,0,adios,0,adios,0,52.6,46.0,44.0,31.0,53.7,38.4,19,3650000,-1005200,31.0,,,22.05,115740,,1,2000
1790251731,2026-09-24T12:08:51Z,43219,1790208587,6.1.187-android14-11-SAGA,49646d1b0cd1,cc_governor,cc_governor,517264,58764,634093,790049,116852,384,394928,48502,500327,575404,105366,8649,adios,0,adios,0,adios,0,60.9,57.1,50.8,31.0,61.9,41.7,18,3585000,-1208400,32.0,,,27.21,118984,,1,2000
1790251770,2026-09-24T12:09:30Z,43258,1790208587,6.1.187-android14-11-SAGA,49646d1b0cd1,cc_governor,cc_governor,567669,59316,700909,874722,133114,440,432509,49139,553631,636160,121104,9273,adios,0,adios,0,adios,0,57.0,59.0,51.1,32.0,67.1,42.5,18,3627000,-1394000,32.0,,,29.74,95652,,1,2000
1790251806,2026-09-24T12:10:06Z,43295,1790208587,6.1.187-android14-11-SAGA,49646d1b0cd1,cc_governor,cc_governor,609201,62347,756368,942274,147147,480,454547,52289,589515,677707,134957,9701,adios,0,adios,0,adios,0,49.3,51.0,47.1,32.0,55.1,39.9,18,3635000,-1316500,33.0,,,25.94,129116,,1,2000
1790251842,2026-09-24T12:10:42Z,43331,1790208587,6.1.187-android14-11-SAGA,49646d1b0cd1,cc_governor,cc_governor,646289,69156,805102,1006424,158824,484,472742,59409,619949,716465,147228,10053,adios,0,adios,0,adios,0,51.3,50.8,49.0,33.0,50.5,40.4,17,3641000,-1057700,33.0,,,23.96,118300,,1,2000
1790251879,2026-09-24T12:11:19Z,43367,1790208587,6.1.187-android14-11-SAGA,49646d1b0cd1,cc_governor,cc_governor,690373,70470,865024,1075641,174655,503,497023,60729,659658,760295,162629,10430,adios,0,adios,0,adios,0,55.0,52.2,47.7,33.0,53.4,40.9,17,3789000,950300,33.0,,,24.16,110552,,1,2000
1790251915,2026-09-24T12:11:55Z,43403,1790208587,6.1.187-android14-11-SAGA,49646d1b0cd1,cc_governor,cc_governor,731611,75969,918100,1140975,186455,504,508928,66489,684952,792237,175957,10748,adios,0,adios,0,adios,0,54.6,57.8,,33.0,59.8,41.6,17,3775000,728100,33.0,,,22.90,122556,,1,2000
1790251950,2026-09-24T12:12:30Z,43439,1790208587,6.1.187-android14-11-SAGA,49646d1b0cd1,cc_governor,cc_governor,769034,81110,968443,1203223,199389,506,525843,71858,716028,829581,190207,11061,adios,0,adios,0,adios,0,54.8,62.4,,34.0,62.7,42.6,18,3795000,776300,33.0,,,20.84,113900,,1,2000
1790251986,2026-09-24T12:13:06Z,43475,1790208587,6.1.187-android14-11-SAGA,49646d1b0cd1,cc_governor,cc_governor,802101,86231,1015189,1261494,213098,516,546059,77133,749623,869767,203520,11387,adios,0,adios,0,adios,0,60.4,61.5,,34.0,63.6,43.9,18,3798000,749500,34.0,,,21.23,110072,,1,2000
1790252023,2026-09-24T12:13:43Z,43511,1790208587,6.1.187-android14-11-SAGA,49646d1b0cd1,cc_governor,cc_governor,846601,87977,1074644,1328917,227961,549,571464,78806,790979,916745,219469,11730,adios,0,adios,0,adios,1,54.5,50.9,48.9,34.0,48.8,41.9,18,3713000,-559000,34.0,,,21.56,73344,,1,2000
1790252067,2026-09-24T12:14:27Z,43556,1790208587,6.1.187-android14-11-SAGA,49646d1b0cd1,cc_governor,cc_governor,903497,89325,1150651,1416435,247102,595,609938,80310,848579,980959,238617,12610,adios,0,adios,0,adios,37,58.9,59.7,,34.0,66.5,43.9,18,3655000,-1169400,34.0,,,21.79,91108,,1,2000
1790252104,2026-09-24T12:15:04Z,43593,1790208587,6.1.187-android14-11-SAGA,49646d1b0cd1,cc_governor,cc_governor,972325,89688,1230459,1503833,258142,653,672525,80663,924937,1060665,252428,13104,adios,0,adios,0,adios,0,59.6,63.8,,34.0,65.7,44.7,17,3640000,-1087600,34.0,,,22.71,103604,,1,2000
1790252142,2026-09-24T12:15:42Z,43630,1790208587,6.1.187-android14-11-SAGA,49646d1b0cd1,cc_governor,cc_governor,1040134,90064,1310623,1592092,270326,676,722576,81369,990926,1130888,268366,13663,adios,0,adios,0,adios,0,56.8,58.7,52.4,35.0,61.6,44.0,17,3627000,-1109000,35.0,,,20.85,91572,,1,2000
1790252179,2026-09-24T12:16:19Z,43667,1790208587,6.1.187-android14-11-SAGA,49646d1b0cd1,cc_governor,cc_governor,1116049,90149,1398287,1687740,282063,701,788598,81498,1071668,1214282,283012,14169,adios,0,adios,0,adios,0,56.6,58.2,50.7,35.0,64.7,43.1,17,3664000,-734200,35.0,,,22.29,87936,,1,2000
1790252216,2026-09-24T12:16:56Z,43705,1790208587,6.1.187-android14-11-SAGA,49646d1b0cd1,cc_governor,cc_governor,1186645,91642,1480874,1778640,294252,722,864620,83002,1160018,1306622,295379,14702,adios,0,adios,0,adios,0,48.7,48.0,46.0,34.0,51.0,41.2,17,3626000,-936200,34.0,,,23.79,101444,,1,2000
1790252256,2026-09-24T12:17:36Z,43744,1790208587,6.1.187-android14-11-SAGA,49646d1b0cd1,cc_governor,cc_governor,1254426,92996,1562404,1868010,307983,778,936820,84098,1246471,1396468,309620,15323,adios,0,adios,0,adios,0,51.7,50.0,,34.0,52.9,41.3,16,3656000,-1437900,34.0,,,24.88,129520,,1,2000
1790252297,2026-09-24T12:18:17Z,43786,1790208587,6.1.187-android14-11-SAGA,49646d1b0cd1,cc_governor,cc_governor,1345186,95079,1663001,1979606,317614,917,1013397,87139,1334850,1490489,321420,16368,adios,0,adios,0,adios,0,58.5,57.5,51.3,34.0,65.2,43.2,16,3640000,-1321400,34.0,,,24.34,117064,,1,2000
1790252334,2026-09-24T12:18:54Z,43823,1790208587,6.1.187-android14-11-SAGA,49646d1b0cd1,cc_governor,cc_governor,1413035,96658,1742140,2068574,329111,934,1058558,89070,1395093,1554227,336455,16877,adios,0,adios,0,adios,0,55.1,57.0,,34.0,55.0,41.9,16,3645000,-863600,34.0,,,22.38,74500,,1,2000
1790252372,2026-09-24T12:19:32Z,43860,1790208587,6.1.187-android14-11-SAGA,49646d1b0cd1,cc_governor,cc_governor,1450052,101394,1794173,2131403,343930,940,1096954,93581,1448426,1613667,351368,17290,adios,0,adios,0,adios,0,51.3,51.1,50.1,34.0,62.9,42.5,15,3610000,-1445300,34.0,,,22.39,96720,,1,2000
1790252410,2026-09-24T12:20:10Z,43898,1790208587,6.1.187-android14-11-SAGA,49646d1b0cd1,cc_governor,cc_governor,1535655,105011,1886966,2236464,351266,986,1154294,99100,1517107,1689775,362657,17922,adios,0,adios,0,adios,0,60.3,58.1,52.6,34.0,65.5,43.9,15,3620000,-1289000,34.0,,,22.91,115008,,1,2000
1790252448,2026-09-24T12:20:48Z,43936,1790208587,6.1.187-android14-11-SAGA,49646d1b0cd1,cc_governor,cc_governor,1582170,106168,1950113,2307940,367815,1023,1187260,100384,1567844,1743739,380544,18440,adios,0,adios,0,adios,0,56.7,58.4,,34.0,58.1,42.7,15,3641000,-1456900,34.0,,,24.12,77348,,1,2000
1790252485,2026-09-24T12:21:25Z,43973,1790208587,6.1.187-android14-11-SAGA,49646d1b0cd1,cc_governor,cc_governor,1632942,106522,2017094,2382265,383987,1060,1218458,101099,1617552,1795868,399029,18927,adios,0,adios,0,adios,0,54.0,53.4,,34.0,62.6,42.8,15,3627000,-639600,34.0,,,25.39,92964,,1,2000
1790252522,2026-09-24T12:22:02Z,44010,1790208587,6.1.187-android14-11-SAGA,49646d1b0cd1,cc_governor,cc_governor,1705318,107134,2101429,2474898,396117,1078,1273071,101836,1687912,1868929,414833,19418,adios,0,adios,0,adios,0,52.0,52.9,50.4,34.0,54.6,42.1,14,3632000,-1050400,34.0,,,28.55,111772,,1,2000
1790252561,2026-09-24T12:22:41Z,44049,1790208587,6.1.187-android14-11-SAGA,49646d1b0cd1,cc_governor,cc_governor,1787934,110167,2193184,2577655,405076,1120,1357583,105218,1783179,1969990,425526,20149,adios,0,adios,0,adios,0,52.7,52.5,47.7,34.0,52.1,41.5,14,3646000,-784300,34.0,,,26.51,87832,,1,2000
1790252600,2026-09-24T12:23:20Z,44088,1790208587,6.1.187-android14-11-SAGA,49646d1b0cd1,cc_governor,cc_governor,1842636,114057,2261350,2655995,418545,1159,1416523,109023,1855733,2048621,439080,20729,adios,0,adios,0,adios,0,51.7,50.6,47.2,34.0,53.2,41.5,14,3650000,-900800,34.0,,,26.91,85408,,1,2000
1790252639,2026-09-24T12:23:59Z,44128,1790208587,6.1.187-android14-11-SAGA,49646d1b0cd1,cc_governor,cc_governor,1887612,116681,2323483,2729063,435828,1221,1452273,112016,1909371,2107832,457083,21449,adios,0,adios,0,adios,0,53.5,54.9,48.8,34.0,58.5,42.0,14,3638000,-961900,34.0,,,25.38,106916,,1,2000
1790252676,2026-09-24T12:24:36Z,44164,1790208587,6.1.187-android14-11-SAGA,49646d1b0cd1,cc_governor,cc_governor,1947488,117543,2396672,2810666,449056,1269,1498286,112787,1970516,2171923,472126,21911,adios,0,adios,0,adios,0,59.1,62.4,,34.0,63.6,43.9,13,3608000,-1337800,34.0,,,24.45,90112,,1,2000
1790252714,2026-09-24T12:25:14Z,44202,1790208587,6.1.187-android14-11-SAGA,49646d1b0cd1,cc_governor,cc_governor,2011243,119727,2470236,2893808,458988,1356,1540794,115769,2025833,2233118,485035,22585,adios,0,adios,0,adios,0,55.5,58.1,51.3,34.0,63.6,43.2,13,3621000,-1280500,35.0,,,25.32,99088,,1,2000
1790252750,2026-09-24T12:25:50Z,44239,1790208587,6.1.187-android14-11-SAGA,49646d1b0cd1,cc_governor,cc_governor,2071580,122680,2542542,2975840,470946,1367,1582760,119044,2082699,2294636,499786,23054,adios,0,adios,0,adios,0,56.2,58.3,51.7,34.0,62.7,43.5,13,3625000,-876400,34.0,,,22.97,107172,,1,2000
1790252788,2026-09-24T12:26:28Z,44276,1790208587,6.1.187-android14-11-SAGA,49646d1b0cd1,cc_governor,cc_governor,2134632,124742,2618151,3060679,483357,1397,1622920,121431,2138975,2354943,515924,23548,adios,0,adios,0,adios,0,55.9,59.4,51.4,35.0,60.4,42.9,13,3616000,-1153500,34.0,,,22.94,87460,,1,2000
1790252824,2026-09-24T12:27:04Z,44313,1790208587,6.1.187-android14-11-SAGA,49646d1b0cd1,cc_governor,cc_governor,2207102,126207,2701470,3152359,494218,1419,1667469,123832,2198723,2418351,531155,24015,adios,0,adios,0,adios,0,57.5,59.4,51.9,34.0,65.3,43.4,12,3604000,-1037500,34.0,,,23.86,95160,,1,2000
1790252862,2026-09-24T12:27:42Z,44350,1790208587,6.1.187-android14-11-SAGA,49646d1b0cd1,cc_governor,cc_governor,2295600,130498,2795071,3258151,499419,1442,1736437,130058,2276302,2503779,539736,24525,adios,0,adios,0,adios,0,58.8,61.1,53.1,35.0,63.8,43.9,12,3607000,-1212700,35.0,,,23.61,107084,,1,2000
1790252899,2026-09-24T12:28:19Z,44387,1790208587,6.1.187-android14-11-SAGA,49646d1b0cd1,cc_governor,cc_governor,2383492,133549,2889868,3363734,506333,1474,1791373,134881,2343260,2577323,551876,25072,adios,0,adios,0,adios,0,52.6,55.0,48.9,35.0,61.9,43.0,12,3594000,-1322600,35.0,,,22.81,93712,,1,2000
1790252937,2026-09-24T12:28:57Z,44425,1790208587,6.1.187-android14-11-SAGA,49646d1b0cd1,cc_governor,cc_governor,2449837,135740,2968295,3451932,518341,1483,1852857,137433,2418694,2656642,565737,25602,adios,0,adios,0,adios,0,57.8,61.0,53.1,35.0,65.9,43.9,12,3631000,-832500,35.0,,,22.91,97084,,1,2000
1790252974,2026-09-24T12:29:34Z,44462,1790208587,6.1.187-android14-11-SAGA,49646d1b0cd1,cc_governor,cc_governor,2527750,138643,3054786,3548762,526875,1507,1903980,142083,2481951,2725890,577909,26089,adios,0,adios,0,adios,0,57.6,56.8,50.3,35.0,59.8,42.8,11,3605000,-1165100,35.0,,,22.86,124500,,1,2000
1790253011,2026-09-24T12:30:11Z,44500,1790208587,6.1.187-android14-11-SAGA,49646d1b0cd1,cc_governor,cc_governor,2596631,144545,3131445,3638866,534770,1515,1947857,150180,2536100,2789230,588057,26551,adios,0,adios,0,adios,0,56.9,55.8,50.0,35.0,60.7,42.7,11,3622000,-698200,35.0,,,21.43,93716,,1,2000
1790253048,2026-09-24T12:30:48Z,44536,1790208587,6.1.187-android14-11-SAGA,49646d1b0cd1,cc_governor,cc_governor,2670255,149574,3212150,3731830,541754,1521,1990778,156718,2589922,2850745,599074,26966,adios,0,adios,0,adios,0,58.0,61.4,52.9,35.0,63.2,43.8,11,3586000,-949000,35.0,,,22.01,78384,,1,2000
1790253085,2026-09-24T12:31:25Z,44574,1790208587,6.1.187-android14-11-SAGA,49646d1b0cd1,cc_governor,cc_governor,2723875,150794,3278830,3808425,554942,1599,2016019,158230,2630895,2897431,614864,27517,adios,0,adios,0,adios,0,55.5,58.0,52.5,35.0,63.1,43.8,11,3746000,802000,35.0,,,23.76,112344,,1,2000
1790253121,2026-09-24T12:32:01Z,44609,1790208587,6.1.187-android14-11-SAGA,49646d1b0cd1,cc_governor,cc_governor,2761937,159435,3326069,3873193,564090,1601,2028159,168229,2653001,2930554,624825,27814,adios,0,adios,0,adios,0,56.4,56.2,52.6,35.0,63.9,43.5,11,3762000,859900,35.0,,,22.51,100824,,1,2000
1790253157,2026-09-24T12:32:37Z,44645,1790208587,6.1.187-android14-11-SAGA,49646d1b0cd1,cc_governor,cc_governor,2802573,171901,3371577,3939832,568993,1604,2037672,183082,2667740,2960483,630057,28108,adios,0,adios,0,adios,0,55.0,56.0,52.1,35.0,62.2,43.2,11,3758000,648800,35.0,,,21.96,95880,,1,2000
1790253192,2026-09-24T12:33:12Z,44681,1790208587,6.1.187-android14-11-SAGA,49646d1b0cd1,cc_governor,cc_governor,2843172,186324,3415106,4006880,571911,1605,2046897,198913,2681308,2990256,634376,28405,adios,0,adios,0,adios,0,55.8,55.9,52.3,35.0,59.5,43.1,11,3777000,886800,35.0,,,20.78,138788,,1,2000
1790253228,2026-09-24T12:33:48Z,44717,1790208587,6.1.187-android14-11-SAGA,49646d1b0cd1,cc_governor,cc_governor,2883723,199925,3459639,4074503,575911,1607,2056405,214058,2695591,3020027,639181,28720,adios,0,adios,0,adios,0,55.3,57.6,52.4,35.0,59.0,43.1,12,3763000,750700,35.0,,,20.05,96728,,1,2000
1790253264,2026-09-24T12:34:24Z,44753,1790208587,6.1.187-android14-11-SAGA,49646d1b0cd1,cc_governor,cc_governor,2925738,214467,3504301,4142893,578552,1609,2065878,230697,2708772,3050393,642804,29064,adios,0,adios,0,adios,1,59.3,60.0,52.3,35.0,60.2,43.3,12,3781000,923400,35.0,,,19.68,99444,,1,2000
1790253300,2026-09-24T12:35:00Z,44788,1790208587,6.1.187-android14-11-SAGA,49646d1b0cd1,cc_governor,cc_governor,2965566,224231,3552076,4209382,586502,1614,2078194,241530,2729933,3083080,651730,29366,adios,0,adios,0,adios,0,53.9,58.8,50.9,35.0,59.4,43.1,12,3785000,904500,35.0,,,20.28,88444,,1,2000
1790253336,2026-09-24T12:35:36Z,44824,1790208587,6.1.187-android14-11-SAGA,49646d1b0cd1,cc_governor,cc_governor,3007290,235983,3599482,4278224,592191,1616,2088149,255286,2746508,3113986,658356,29666,adios,0,adios,0,adios,0,53.8,54.2,50.7,35.0,60.1,43.1,12,3788000,767800,35.0,,,19.92,129388,,1,2000
1790253372,2026-09-24T12:36:12Z,44860,1790208587,6.1.187-android14-11-SAGA,49646d1b0cd1,cc_governor,cc_governor,3046265,250158,3642032,4343813,595738,1618,2098200,271707,2760544,3144953,662333,29968,adios,0,adios,0,adios,0,53.7,54.9,51.6,35.0,61.8,43.0,12,3788000,936200,35.0,,,20.51,95212,,1,2000
1790253408,2026-09-24T12:36:48Z,44896,1790208587,6.1.187-android14-11-SAGA,49646d1b0cd1,cc_governor,cc_governor,3087964,261547,3689406,4411749,601432,1620,2107051,285161,2776288,3174415,669219,30253,adios,0,adios,0,adios,0,54.4,55.3,51.7,35.0,61.1,43.0,12,3785000,578600,35.0,,,20.87,113624,,1,2000
1790253443,2026-09-24T12:37:23Z,44932,1790208587,6.1.187-android14-11-SAGA,49646d1b0cd1,cc_governor,cc_governor,3126592,272873,3734645,4477127,608005,1623,2120007,297564,2796731,3207783,676707,30553,adios,0,adios,0,adios,0,54.6,56.8,51.7,35.0,58.8,42.8,13,3788000,814800,35.0,,,20.20,82020,,1,2000
1790253479,2026-09-24T12:37:59Z,44967,1790208587,6.1.187-android14-11-SAGA,49646d1b0cd1,cc_governor,cc_governor,3166717,282581,3782556,4543802,615828,1627,2131056,309108,2816460,3239499,685399,30873,adios,0,adios,0,adios,0,55.5,58.0,53.9,35.0,72.4,46.0,13,3755000,234300,35.0,,,24.53,145796,,1,2000
1790253524,2026-09-24T12:38:44Z,45012,1790208587,6.1.187-android14-11-SAGA,49646d1b0cd1,cc_governor,cc_governor,3194358,287234,3825690,4598951,631313,1939,2141754,311458,2836372,3266804,694617,31776,adios,0,adios,0,adios,0,47.8,49.0,,35.0,51.8,41.6,13,3800000,967400,35.0,,,22.04,90972,,1,2000
1790253560,2026-09-24T12:39:20Z,45048,1790208587,6.1.187-android14-11-SAGA,49646d1b0cd1,cc_governor,cc_governor,3211105,295545,3855606,4641283,644485,1940,2142137,314989,2842029,3276292,699902,32111,adios,0,adios,0,adios,0,46.4,46.7,,34.0,49.2,40.1,13,3806000,954500,34.0,,,20.48,71964,,1,2000
1790253595,2026-09-24T12:39:55Z,45084,1790208587,6.1.187-android14-11-SAGA,49646d1b0cd1,cc_governor,cc_governor,3228538,304881,3884591,4683585,656047,1943,2142430,319033,2846514,3285273,704084,32435,adios,0,adios,0,adios,0,46.7,45.7,,34.0,49.9,39.3,13,3808000,938700,34.0,,,19.93,99936,,1,2000
1790253631,2026-09-24T12:40:31Z,45119,1790208587,6.1.187-android14-11-SAGA,49646d1b0cd1,cc_governor,cc_governor,3246442,315599,3912442,4726805,666011,1943,2143475,323833,2852522,3296580,709058,32764,adios,0,adios,0,adios,0,46.4,50.8,46.1,34.0,52.1,40.1,14,3765000,-95200,34.0,,,19.28,124184,,1,2000
1790253667,2026-09-24T12:41:07Z,45156,1790208587,6.1.187-android14-11-SAGA,49646d1b0cd1,cc_governor,cc_governor,3286386,317316,3968415,4792079,682021,1970,2153125,325824,2875988,3323509,722887,33130,adios,0,adios,0,adios,0,49.9,51.7,46.3,34.0,50.2,40.3,14,3795000,543800,34.0,,,19.76,101428,,1,2000
1790253703,2026-09-24T12:41:43Z,45192,1790208587,6.1.187-android14-11-SAGA,49646d1b0cd1,cc_governor,cc_governor,3308753,330521,3998451,4840791,689712,1974,2155042,331561,2883189,3336775,728173,33470,adios,0,adios,0,adios,0,45.2,48.1,43.5,34.0,48.0,38.9,14,3817000,959400,34.0,,,19.44,124992,,1,2000
1790253739,2026-09-24T12:42:19Z,45227,1790208587,6.1.187-android14-11-SAGA,49646d1b0cd1,cc_governor,cc_governor,3344563,333372,4048959,4902066,704389,1985,2172006,333717,2915239,3373078,743227,33798,adios,0,adios,0,adios,0,54.4,55.4,50.5,34.0,62.1,42.2,14,3802000,895300,34.0,,,20.65,104472,,1,2000
1790253775,2026-09-24T12:42:55Z,45264,1790208587,6.1.187-android14-11-SAGA,49646d1b0cd1,cc_governor,cc_governor,3393783,340011,4106964,4974189,713143,1989,2186506,341650,2940127,3406657,753623,34092,adios,0,adios,0,adios,1,53.5,56.1,,34.0,60.3,42.5,14,3793000,700000,34.0,,,20.30,154652,,1,2000
1790253812,2026-09-24T12:43:32Z,45301,1790208587,6.1.187-android14-11-SAGA,49646d1b0cd1,cc_governor,cc_governor,3439447,344708,4165101,5046070,725667,2006,2208304,346283,2975212,3448880,766914,34521,adios,0,adios,0,adios,0,51.7,54.9,50.3,34.0,62.6,41.9,14,3807000,905700,34.0,,,19.82,157604,,1,2000
1790253848,2026-09-24T12:44:08Z,45336,1790208587,6.1.187-android14-11-SAGA,49646d1b0cd1,cc_governor,cc_governor,3474846,351561,4212104,5107314,737235,2010,2218166,353823,2996443,3478246,778284,34800,adios,0,adios,0,adios,0,54.9,57.3,52.7,34.0,62.8,42.6,15,3817000,911800,34.0,,,20.39,123520,,1,2000
1790253884,2026-09-24T12:44:44Z,45372,1790208587,6.1.187-android14-11-SAGA,49646d1b0cd1,cc_governor,cc_governor,3511274,361849,4256559,5170044,745275,2013,2230528,364336,3016813,3510088,786280,35116,adios,0,adios,0,adios,0,54.5,56.7,53.3,34.0,63.3,42.9,15,3810000,725000,34.0,,,20.06,99012,,1,2000
1790253919,2026-09-24T12:45:19Z,45408,1790208587,6.1.187-android14-11-SAGA,49646d1b0cd1,cc_governor,cc_governor,3551714,375508,4300852,5235941,749065,2017,2242087,378212,3032991,3540677,790930,35471,adios,0,adios,0,adios,0,58.0,65.9,60.1,34.0,67.3,44.7,15,3800000,570600,34.0,,,21.77,186076,,1,2000
1790253958,2026-09-24T12:45:58Z,45446,1790208587,6.1.187-android14-11-SAGA,49646d1b0cd1,cc_governor,cc_governor,3592892,380733,4355059,5303148,762148,2139,2256293,383607,3061382,3575871,805076,35963,adios,0,adios,0,adios,0,52.9,52.5,50.5,34.0,58.9,42.4,15,3811000,791600,34.0,,,20.76,87500,,1,2000
1790253994,2026-09-24T12:46:34Z,45482,1790208587,6.1.187-android14-11-SAGA,49646d1b0cd1,cc_governor,cc_governor,3629035,388140,4402393,5364388,773376,2145,2267916,391751,3085300,3608799,817390,36292,adios,0,adios,0,adios,0,56.9,58.8,59.0,35.0,63.7,44.4,15,3804000,751900,35.0,,,20.43,140988,,1,2000
1790254030,2026-09-24T12:47:10Z,45518,1790208587,6.1.187-android14-11-SAGA,49646d1b0cd1,cc_governor,cc_governor,3666045,389445,4456366,5427480,790321,2151,2289543,392999,3124592,3652433,835062,36663,adios,0,adios,0,adios,0,59.0,59.2,56.4,35.0,61.5,45.2,15,3819000,665200,35.0,,,21.53,91832,,1,2000
1790254066,2026-09-24T12:47:46Z,45554,1790208587,6.1.187-android14-11-SAGA,49646d1b0cd1,cc_governor,cc_governor,3710930,390609,4516167,5495704,805222,2176,2311599,394251,3163352,3696883,851723,37020,adios,0,adios,0,adios,0,59.0,61.1,55.7,35.0,59.9,45.2,16,3696000,-817200,35.0,,,22.24,120980,,1,2000
1790254103,2026-09-24T12:48:23Z,45592,1790208587,6.1.187-android14-11-SAGA,49646d1b0cd1,cc_governor,cc_governor,3740348,391989,4565057,5552877,824714,2232,2335563,395508,3206815,3743733,871161,37507,adios,0,adios,0,adios,0,59.3,56.7,,35.0,58.0,43.4,15,3641000,-1482500,35.0,,,22.23,86412,,1,2000
1790254140,2026-09-24T12:49:00Z,45628,1790208587,6.1.187-android14-11-SAGA,49646d1b0cd1,cc_governor,cc_governor,3799894,392586,4638618,5634732,838599,2242,2376949,396275,3264609,3803765,887650,37889,adios,0,adios,0,adios,0,55.7,58.5,51.1,35.0,58.1,43.2,15,3693000,-778800,35.0,,,21.22,107108,,1,2000
1790254176,2026-09-24T12:49:36Z,45664,1790208587,6.1.187-android14-11-SAGA,49646d1b0cd1,cc_governor,cc_governor,3858740,393808,4711053,5715252,852186,2246,2434147,397140,3336551,3878269,902322,38318,adios,0,adios,0,adios,0,58.0,59.6,52.4,34.0,58.3,43.2,15,3694000,-735400,35.0,,,22.79,75420,,1,2000
1790254214,2026-09-24T12:50:14Z,45703,1790208587,6.1.187-android14-11-SAGA,49646d1b0cd1,cc_governor,cc_governor,3911267,396342,4778381,5791493,867129,2271,2487389,400236,3404166,3951066,916763,38949,adios,0,adios,0,adios,0,49.8,48.9,46.3,34.0,55.7,41.6,15,3670000,-1022300,34.0,,,24.64,98136,,1,2000
1790254255,2026-09-24T12:50:55Z,45743,1790208587,6.1.187-android14-11-SAGA,49646d1b0cd1,cc_governor,cc_governor,4008647,397532,4885212,5908275,876333,2316,2569764,402383,3498980,4050949,929144,39827,adios,0,adios,0,adios,0,50.6,50.9,47.2,34.0,54.3,41.5,15,3660000,-1071700,34.0,,,25.05,131104,,1,2000
1790254298,2026-09-24T12:51:38Z,45786,1790208587,6.1.187-android14-11-SAGA,49646d1b0cd1,cc_governor,cc_governor,4076331,398525,4969321,6002193,893007,2422,2607059,403799,3555705,4111384,948672,41026,adios,0,adios,0,adios,0,47.4,53.4,,34.0,54.1,41.3,15,3675000,-1293300,34.0,,,23.30,147216,,1,2000
1790254334,2026-09-24T12:52:14Z,45822,1790208587,6.1.187-android14-11-SAGA,49646d1b0cd1,cc_governor,cc_governor,4115619,401001,5023967,6067363,908364,2423,2626289,406815,3589541,4149732,963262,41311,adios,0,adios,0,adios,0,52.9,53.4,51.1,34.0,63.7,42.3,14,3637000,-1276200,34.0,,,23.41,117864,,1,2000
1790254369,2026-09-24T12:52:49Z,45858,1790208587,6.1.187-android14-11-SAGA,49646d1b0cd1,cc_governor,cc_governor,4147714,402289,5073499,6126553,925775,2473,2651776,407983,3630748,4195430,978959,41635,adios,0,adios,0,adios,0,56.4,58.3,,34.0,62.3,43.7,14,3786000,883700,34.0,,,23.58,100592,,1,2000
1790254405,2026-09-24T12:53:25Z,45893,1790208587,6.1.187-android14-11-SAGA,49646d1b0cd1,cc_governor,cc_governor,4183069,403616,5126216,6187289,943117,2480,2670057,409104,3666395,4233589,996300,41961,adios,0,adios,0,adios,0,58.3,60.9,57.3,34.0,64.0,44.1,14,3776000,395500,34.0,,,21.51,95412,,1,2000
1790254441,2026-09-24T12:54:01Z,45929,1790208587,6.1.187-android14-11-SAGA,49646d1b0cd1,cc_governor,cc_governor,4225103,405132,5183474,6252852,958310,2488,2690542,410721,3703338,4274534,1012773,42258,adios,0,adios,0,adios,0,49.0,49.2,48.0,34.0,49.4,41.6,15,3813000,965500,34.0,,,21.24,91012,,1,2000
1790254480,2026-09-24T12:54:40Z,45968,1790208587,6.1.187-android14-11-SAGA,49646d1b0cd1,cc_governor,cc_governor,4257540,414004,5228533,6313960,971082,2545,2706395,420656,3732923,4315923,1026505,42840,adios,0,adios,0,adios,0,60.0,62.5,54.8,34.0,61.5,43.7,15,3660000,-1159000,34.0,,,23.11,127636,,1,2000
1790254519,2026-09-24T12:55:19Z,46008,1790208587,6.1.187-android14-11-SAGA,49646d1b0cd1,cc_governor,cc_governor,4307658,414712,5295779,6391784,987976,2666,2740572,421363,3786242,4374356,1045602,43449,adios,0,adios,0,adios,0,56.7,54.9,50.2,34.0,64.0,42.9,15,3634000,-1215200,34.0,,,24.93,129084,,1,2000
1790254556,2026-09-24T12:55:56Z,46044,1790208587,6.1.187-android14-11-SAGA,49646d1b0cd1,cc_governor,cc_governor,4392840,415241,5389869,6495663,996907,2700,2804598,422089,3864305,4456014,1059610,43914,adios,0,adios,0,adios,0,58.0,62.0,55.8,34.0,62.5,44.4,14,3659000,-973500,34.0,,,36.19,140448,,1,2000
1790254596,2026-09-24T12:56:37Z,46085,1790208587,6.1.187-android14-11-SAGA,49646d1b0cd1,cc_governor,cc_governor,4424913,416395,5436038,6552240,1010968,2930,2830269,423032,3902051,4502086,1071763,44781,adios,0,adios,0,adios,0,63.7,66.3,,34.0,74.7,46.8,14,3622000,-1589900,34.0,,,40.91,108628,,1,2000
1790254638,2026-09-24T12:57:18Z,46126,1790208587,6.1.187-android14-11-SAGA,49646d1b0cd1,cc_governor,cc_governor,4481354,417282,5506352,6632289,1024918,3061,2888430,424186,3974397,4581315,1085918,45682,adios,0,adios,0,adios,0,61.6,63.2,55.3,35.0,66.4,45.5,14,3621000,-1129700,35.0,,,32.73,123224,,1,2000
1790254675,2026-09-24T12:57:55Z,46164,1790208587,6.1.187-android14-11-SAGA,49646d1b0cd1,cc_governor,cc_governor,4568695,418142,5602882,6739616,1034176,3105,2964621,425194,4063455,4674689,1098813,46242,adios,0,adios,0,adios,0,56.9,57.0,52.4,35.0,62.8,44.4,14,3646000,-1074800,35.0,,,26.70,121036,,1,2000
1790254711,2026-09-24T12:58:31Z,46200,1790208587,6.1.187-android14-11-SAGA,49646d1b0cd1,cc_governor,cc_governor,4616074,419008,5665287,6812339,1049180,3151,3001484,426118,4115575,4733219,1114082,46615,adios,0,adios,0,adios,0,60.5,57.7,54.5,35.0,58.3,44.5,13,3774000,848300,35.0,,,25.31,107960,,1,2000
1790254748,2026-09-24T12:59:08Z,46236,1790208587,6.1.187-android14-11-SAGA,49646d1b0cd1,cc_governor,cc_governor,4648513,422065,5714257,6871772,1065734,3152,3018774,429233,4148910,4771350,1130132,46953,adios,0,adios,0,adios,0,56.8,56.8,53.6,35.0,61.4,44.0,14,3788000,583400,35.0,,,23.59,118544,,1,2000
1790254783,2026-09-24T12:59:43Z,46272,1790208587,6.1.187-android14-11-SAGA,49646d1b0cd1,cc_governor,cc_governor,4680762,425708,5762290,6930923,1081507,3158,3034577,433017,4180617,4808883,1146041,47342,adios,0,adios,0,adios,0,56.0,57.4,52.3,35.0,59.8,44.0,14,3787000,630400,35.0,,,22.31,103792,,1,2000
1790254819,2026-09-24T13:00:19Z,46308,1790208587,6.1.187-android14-11-SAGA,49646d1b0cd1,cc_governor,cc_governor,4717692,432143,5811031,6992499,1093355,3161,3048495,440316,4207380,4843792,1158892,47647,adios,0,adios,0,adios,0,58.4,62.1,58.3,35.0,66.4,45.3,14,3779000,535800,35.0,,,21.15,114668,,1,2000
1790254855,2026-09-24T13:00:55Z,46344,1790208587,6.1.187-android14-11-SAGA,49646d1b0cd1,cc_governor,cc_governor,4757679,432915,5867502,7058793,1109831,3187,3086431,441113,4260423,4903591,1173897,48023,adios,0,adios,0,adios,0,65.1,66.7,62.6,36.0,63.9,46.3,14,3668000,-913000,35.0,,,28.24,131296,,1,2000
1790254893,2026-09-24T13:01:33Z,46381,1790208587,6.1.187-android14-11-SAGA,49646d1b0cd1,cc_governor,cc_governor,4801789,439740,5922572,7129198,1120789,3213,3100514,449247,4287396,4940301,1186848,48453,adios,0,adios,0,adios,0,52.0,50.6,48.3,35.0,53.7,42.7,14,3668000,-808700,35.0,,,27.44,123272,,1,2000
1790254932,2026-09-24T13:02:12Z,46420,1790208587,6.1.187-android14-11-SAGA,49646d1b0cd1,cc_governor,cc_governor,4841541,440248,5982037,7196111,1140405,3249,3137538,449737,4344106,5000733,1206511,49124,adios,0,adios,0,adios,0,59.8,63.0,54.2,35.0,70.2,44.8,14,3635000,-1124200,35.0,,,26.40,75600,,1,2000
1790254971,2026-09-24T13:02:51Z,46460,1790208587,6.1.187-android14-11-SAGA,49646d1b0cd1,cc_governor,cc_governor,4921698,440885,6073533,7296677,1151853,3343,3202279,450536,4423530,5083360,1221239,49850,adios,0,adios,0,adios,0,57.6,62.1,53.6,35.0,67.9,44.7,13,3646000,-1235900,35.0,,,27.70,110540,,1,2000
1790255009,2026-09-24T13:03:29Z,46497,1790208587,6.1.187-android14-11-SAGA,49646d1b0cd1,cc_governor,cc_governor,4990178,443720,6152950,7386993,1162595,3379,3252591,453931,4487642,5152644,1234943,50396,adios,0,adios,0,adios,0,59.5,62.0,54.0,35.0,69.3,44.9,13,3637000,-1226800,35.0,,,25.47,119628,,1,2000
1790255047,2026-09-24T13:04:07Z,46535,1790208587,6.1.187-android14-11-SAGA,49646d1b0cd1,cc_governor,cc_governor,5037120,446645,6215017,7458546,1177865,3442,3289843,456737,4541415,5210940,1251572,51005,adios,0,adios,0,adios,0,52.6,58.2,50.7,35.0,60.6,42.9,13,3643000,-1084500,35.0,,,25.06,110832,,1,2000
1790255084,2026-09-24T13:04:44Z,46572,1790208587,6.1.187-android14-11-SAGA,49646d1b0cd1,cc_governor,cc_governor,5110889,447161,6297425,7553793,1186497,3652,3344091,457681,4607581,5282016,1263392,51675,adios,0,adios,0,adios,0,61.0,65.3,56.4,35.0,66.3,45.8,13,3632000,-876400,35.0,,,26.28,137200,,1,2000
1790255123,2026-09-24T13:05:23Z,46611,1790208587,6.1.187-android14-11-SAGA,49646d1b0cd1,cc_governor,cc_governor,5162962,448625,6365394,7632542,1202298,3805,3381003,459773,4661698,5340644,1280697,52300,adios,0,adios,0,adios,0,62.0,62.5,54.3,35.0,67.6,45.0,12,3640000,-1132200,35.0,,,25.58,122880,,1,2000
1790255161,2026-09-24T13:06:01Z,46649,1790208587,6.1.187-android14-11-SAGA,49646d1b0cd1,cc_governor,cc_governor,5261423,451500,6469643,7749779,1208003,3870,3444900,465175,4736021,5422673,1290975,52946,adios,0,adios,0,adios,0,57.1,61.6,53.7,35.0,67.3,44.9,12,3627000,-964300,35.0,,,26.47,107008,,1,2000
1790255198,2026-09-24T13:06:38Z,46687,1790208587,6.1.187-android14-11-SAGA,49646d1b0cd1,cc_governor,cc_governor,5345338,453642,6562583,7854079,1217239,3919,3490830,468660,4796080,5488152,1305258,53632,adios,0,adios,0,adios,0,57.0,58.1,51.6,35.0,59.7,43.4,12,3648000,-830000,35.0,,,25.57,116704,,1,2000
1790255235,2026-09-24T13:07:16Z,46724,1790208587,6.1.187-android14-11-SAGA,49646d1b0cd1,cc_governor,cc_governor,5385849,456090,6619409,7919683,1233441,3939,3540386,470887,4860556,5556907,1320061,54087,adios,0,adios,0,adios,0,53.1,56.4,49.6,35.0,62.6,43.2,12,3593000,-1477600,35.0,,,26.27,106948,,1,2000
1790255277,2026-09-24T13:07:57Z,46765,1790208587,6.1.187-android14-11-SAGA,49646d1b0cd1,cc_governor,cc_governor,5433501,458130,6684093,7994290,1250601,4033,3580497,472815,4917730,5618078,1337238,55063,adios,0,adios,0,adios,0,57.0,57.4,51.6,35.0,60.2,43.4,12,3609000,-852000,35.0,,,24.77,75384,,1,2000
1790255313,2026-09-24T13:08:33Z,46801,1790208587,6.1.187-android14-11-SAGA,49646d1b0cd1,cc_governor,cc_governor,5480032,462313,6743499,8064882,1263463,4041,3609498,477681,4961120,5667632,1351598,55427,adios,0,adios,0,adios,0,52.4,53.2,49.7,35.0,60.9,42.6,11,3617000,-1411100,35.0,,,24.89,75940,,1,2000
1790255349,2026-09-24T13:09:09Z,46838,1790208587,6.1.187-android14-11-SAGA,49646d1b0cd1,cc_governor,cc_governor,5529216,467031,6804832,8138832,1275462,4057,3651259,482904,5015040,5727959,1363688,55848,adios,0,adios,0,adios,0,60.0,61.5,53.4,35.0,63.0,44.1,11,3605000,-1228000,35.0,,,23.50,134836,,1,2000
1790255387,2026-09-24T13:09:47Z,46875,1790208587,6.1.187-android14-11-SAGA,49646d1b0cd1,cc_governor,cc_governor,5582858,472460,6869514,8216322,1286658,4081,3692629,488648,5069046,5788935,1376419,56378,adios,0,adios,0,adios,0,53.6,55.3,48.4,35.0,50.2,41.5,11,3638000,-480900,35.0,,,22.23,77040,,1,2000
1790255427,2026-09-24T13:10:27Z,46915,1790208587,6.1.187-android14-11-SAGA,49646d1b0cd1,cc_governor,cc_governor,5634103,472822,6938225,8292355,1304079,4101,3712655,489143,5109154,5831139,1396487,56976,adios,0,adios,0,adios,0,51.6,51.6,49.4,35.0,59.6,42.2,11,3631000,-856900,35.0,,,21.46,83984,,1,2000
1790255463,2026-09-24T13:11:03Z,46952,1790208587,6.1.187-android14-11-SAGA,49646d1b0cd1,cc_governor,cc_governor,5681210,477572,6996921,8370641,1315688,4117,3748016,493434,5155562,5889252,1407500,57360,adios,0,adios,0,adios,0,65.4,65.8,,35.0,70.2,45.9,11,3591000,-1389100,35.0,,,25.85,130648,,1,2000
1790255502,2026-09-24T13:11:42Z,46991,1790208587,6.1.187-android14-11-SAGA,49646d1b0cd1,cc_governor,cc_governor,5728439,479037,7060934,8446184,1332505,4219,3777778,495042,5203009,5941130,1425231,57924,adios,0,adios,0,adios,0,55.5,59.7,57.5,35.0,63.5,44.4,10,3588000,-1544800,35.0,,,25.29,117580,,1,2000
1790255539,2026-09-24T13:12:19Z,47027,1790208587,6.1.187-android14-11-SAGA,49646d1b0cd1,cc_governor,cc_governor,5773489,481815,7119846,8515344,1346333,4232,3799220,498183,5239772,5982890,1440502,58297,adios,0,adios,0,adios,0,61.5,59.6,54.2,35.0,65.4,45.4,10,3597000,-1088800,35.0,,,22.37,139028,,1,2000
1790255576,2026-09-24T13:12:56Z,47064,1790208587,6.1.187-android14-11-SAGA,49646d1b0cd1,cc_governor,cc_governor,5816696,483899,7178638,8585409,1361949,4254,3818666,500554,5277715,6026630,1459015,58679,adios,0,adios,0,adios,0,47.4,47.5,47.3,35.0,48.2,41.4,10,3629000,-666500,35.0,,,22.70,123364,,1,2000
1790255619,2026-09-24T13:13:39Z,47107,1790208587,6.1.187-android14-11-SAGA,49646d1b0cd1,cc_governor,cc_governor,5855094,488710,7233074,8654379,1377822,4319,3848462,504826,5321598,6081486,1472984,59526,adios,0,adios,0,adios,0,59.6,59.4,53.1,36.0,64.4,45.0,10,3732000,471100,36.0,,,25.73,112356,,1,2000
1790255656,2026-09-24T13:14:16Z,47144,1790208587,6.1.187-android14-11-SAGA,49646d1b0cd1,cc_governor,cc_governor,5907056,489654,7299836,8730682,1392714,4359,3897180,505853,5385701,6149530,1488504,59933,adios,0,adios,0,adios,0,60.2,61.8,53.7,36.0,65.8,45.7,10,3751000,635900,36.0,,,24.66,98888,,1,2000
1790255692,2026-09-24T13:14:52Z,47181,1790208587,6.1.187-android14-11-SAGA,49646d1b0cd1,cc_governor,cc_governor,5984853,490022,7388284,8829457,1403359,4391,3962770,506195,5465265,6232412,1502356,60403,adios,0,adios,0,adios,0,66.5,66.9,57.6,36.0,66.4,46.8,10,3752000,656100,36.0,,,25.44,71400,,1,2000
1790255729,2026-09-24T13:15:29Z,47218,1790208587,6.1.187-android14-11-SAGA,49646d1b0cd1,cc_governor,cc_governor,6041103,491815,7458516,8910246,1417234,4417,4004603,507912,5523378,6294073,1518727,60921,adios,0,adios,0,adios,0,63.5,65.7,,36.0,70.3,46.5,10,3730000,377800,36.0,,,25.00,98284,,1,2000
1790255767,2026-09-24T13:16:07Z,47255,1790208587,6.1.187-android14-11-SAGA,49646d1b0cd1,cc_governor,cc_governor,6092132,494995,7523574,8986486,1431282,4448,4045902,511402,5580375,6356463,1534425,61493,adios,0,adios,0,adios,0,61.0,63.3,55.3,36.0,67.9,45.7,10,3750000,647500,36.0,,,24.91,127188,,1,2000
1790255804,2026-09-24T13:16:44Z,47293,1790208587,6.1.187-android14-11-SAGA,49646d1b0cd1,cc_governor,cc_governor,6170938,495456,7612942,9085952,1441898,4492,4119648,511887,5667412,6446347,1547621,62058,adios,0,adios,0,adios,0,62.1,65.7,56.6,36.0,65.6,46.3,11,3745000,250800,36.0,,,26.35,103744,,1,2000
1790255841,2026-09-24T13:17:21Z,47329,1790208587,6.1.187-android14-11-SAGA,49646d1b0cd1,cc_governor,cc_governor,6206065,497364,7665705,9147676,1459459,4508,4157773,513625,5722254,6504934,1564337,62527,adios,0,adios,0,adios,0,60.8,63.5,,36.0,68.5,46.6,11,3734000,535800,36.0,,,28.46,84516,,1,2000
1790255881,2026-09-24T13:18:01Z,47369,1790208587,6.1.187-android14-11-SAGA,49646d1b0cd1,cc_governor,cc_governor,6253676,498242,7730926,9222013,1477068,4643,4203680,514481,5785652,6571144,1581909,63372,adios,0,adios,0,adios,0,63.5,64.7,57.3,36.0,69.7,46.6,11,3747000,314900,36.0,,,24.90,118880,,1,2000
1790255919,2026-09-24T13:18:39Z,47407,1790208587,6.1.187-android14-11-SAGA,49646d1b0cd1,cc_governor,cc_governor,6295100,503353,7786142,9289748,1491030,4683,4235918,519726,5832322,6624571,1596404,63949,adios,0,adios,0,adios,0,58.0,60.5,54.4,36.0,69.5,46.0,11,3749000,451600,36.0,,,24.59,87460,,1,2000
1790255956,2026-09-24T13:19:16Z,47445,1790208587,6.1.187-android14-11-SAGA,49646d1b0cd1,cc_governor,cc_governor,6343119,506937,7848164,9363236,1504899,4723,4274209,523498,5885819,6683626,1611474,64554,adios,0,adios,0,adios,0,61.1,64.2,56.1,36.0,70.2,46.5,11,3748000,462000,36.0,,,24.76,76764,,1,2000
1790255995,2026-09-24T13:19:55Z,47483,1790208587,6.1.187-android14-11-SAGA,49646d1b0cd1,cc_governor,cc_governor,6430813,510341,7942939,9471762,1512008,4780,4332129,528867,5954724,6759808,1622470,65250,adios,0,adios,0,adios,0,61.7,60.9,55.6,36.0,71.6,47.0,11,3761000,730500,36.0,,,28.44,108600,,1,2000
1790256033,2026-09-24T13:20:33Z,47522,1790208587,6.1.187-android14-11-SAGA,49646d1b0cd1,cc_governor,cc_governor,6474819,515176,8000499,9542527,1525573,4908,4365644,533794,6002703,6814951,1636889,65838,adios,0,adios,0,adios,0,61.5,63.1,55.1,36.0,65.1,45.8,12,3766000,548700,36.0,,,27.09,133588,,1,2000
1790256070,2026-09-24T13:21:10Z,47559,1790208587,6.1.187-android14-11-SAGA,49646d1b0cd1,cc_governor,cc_governor,6514811,517977,8056530,9609110,1541674,4943,4393792,536426,6047765,6863578,1653983,66382,adios,0,adios,0,adios,0,54.6,55.1,51.3,36.0,58.8,44.4,12,3781000,870900,36.0,,,24.37,118084,,1,2000
1790256107,2026-09-24T13:21:47Z,47595,1790208587,6.1.187-android14-11-SAGA,49646d1b0cd1,cc_governor,cc_governor,6547918,524850,8102744,9669001,1554671,4951,4429192,543208,6095970,6919987,1666630,66821,adios,0,adios,0,adios,0,55.0,59.2,53.8,36.0,69.6,45.7,12,3784000,410700,36.0,,,23.48,121768,,1,2000
1790256145,2026-09-24T13:22:25Z,47633,1790208587,6.1.187-android14-11-SAGA,49646d1b0cd1,cc_governor,cc_governor,6604094,527840,8172482,9750566,1568191,5010,4467636,546717,6149921,6978940,1682177,67489,adios,0,adios,0,adios,0,61.9,61.8,55.1,36.0,65.3,45.5,12,3767000,712800,36.0,,,21.83,144424,,1,2000
1790256183,2026-09-24T13:23:03Z,47671,1790208587,6.1.187-android14-11-SAGA,49646d1b0cd1,cc_governor,cc_governor,6665274,530297,8246355,9835636,1580947,5026,4516898,549937,6213415,7047428,1696437,67953,adios,0,adios,0,adios,0,52.0,52.7,48.9,36.0,52.3,43.2,12,3795000,950300,36.0,,,22.37,115536,,1,2000
1790256223,2026-09-24T13:23:43Z,47711,1790208587,6.1.187-android14-11-SAGA,49646d1b0cd1,cc_governor,cc_governor,6703889,531662,8298988,9898385,1595047,5114,4544001,551287,6253877,7098411,1709841,68676,adios,0,adios,0,adios,0,57.8,63.0,55.5,36.0,62.6,46.7,12,3791000,954500,36.0,,,23.50,121532,,1,2000
1790256260,2026-09-24T13:24:20Z,47748,1790208587,6.1.187-android14-11-SAGA,49646d1b0cd1,cc_governor,cc_governor,6733436,534389,8343538,9954368,1610053,5210,4561555,552616,6281857,7134611,1720302,69118,adios,0,adios,0,adios,0,54.6,55.0,,36.0,71.6,46.2,13,3792000,886800,36.0,,,22.60,143188,,1,2000
1790256297,2026-09-24T13:24:57Z,47785,1790208587,6.1.187-android14-11-SAGA,49646d1b0cd1,cc_governor,cc_governor,6762873,536882,8388857,10009636,1625961,5297,4569403,554147,6300832,7157802,1731431,69548,adios,0,adios,0,adios,0,51.7,50.3,47.6,36.0,53.9,43.1,13,3800000,953300,36.0,,,20.27,93716,,1,2000
1790256333,2026-09-24T13:25:33Z,47821,1790208587,6.1.187-android14-11-SAGA,49646d1b0cd1,cc_governor,cc_governor,6782124,546139,8418417,10053078,1636293,5301,4571472,559016,6308196,7170501,1736724,69889,adios,0,adios,0,adios,0,47.6,52.2,,36.0,52.5,41.6,13,3803000,936200,36.0,,,18.84,140008,,1,2000
1790256369,2026-09-24T13:26:09Z,47857,1790208587,6.1.187-android14-11-SAGA,49646d1b0cd1,cc_governor,cc_governor,6804083,552624,8452980,10100460,1648914,5327,4578301,562532,6323202,7190179,1744919,70243,adios,0,adios,0,adios,0,63.5,64.9,56.0,35.0,72.8,45.4,13,3759000,671900,35.0,,,19.57,130864,,1,2000
1790256409,2026-09-24T13:26:49Z,47897,1790208587,6.1.187-android14-11-SAGA,49646d1b0cd1,cc_governor,cc_governor,6852959,554053,8515649,10176302,1662720,5643,4612512,563689,6370997,7247708,1758493,70838,adios,0,adios,0,adios,0,70.7,73.4,66.5,35.0,71.4,48.4,13,3773000,532200,36.0,,,25.82,121920,,1,2000
1790256450,2026-09-24T13:27:30Z,47938,1790208587,6.1.187-android14-11-SAGA,49646d1b0cd1,cc_governor,cc_governor,6896221,556729,8575372,10250197,1679123,5820,4643359,566283,6417983,7301798,1774587,71446,adios,0,adios,0,adios,0,56.6,59.2,54.2,36.0,62.5,45.5,13,3803000,925900,36.0,,,23.51,105300,,1,2000
1790256486,2026-09-24T13:28:06Z,47975,1790208587,6.1.187-android14-11-SAGA,49646d1b0cd1,cc_governor,cc_governor,6937039,559586,8631020,10316885,1693980,5827,4664894,569122,6455427,7343936,1790482,71779,adios,0,adios,0,adios,2,63.9,65.2,64.2,36.0,69.1,47.3,14,3751000,93300,36.0,,,23.09,119896,,1,2000
1790256523,2026-09-24T13:28:43Z,48011,1790208587,6.1.187-android14-11-SAGA,49646d1b0cd1,cc_governor,cc_governor,6989240,560615,8697273,10393637,1708052,5841,4688667,570257,6496061,7391316,1807378,72154,adios,0,adios,0,adios,0,55.5,52.8,51.8,36.0,53.6,44.4,14,3810000,924600,37.0,,,22.82,80020,,1,2000
1790256564,2026-09-24T13:29:24Z,48053,1790208587,6.1.187-android14-11-SAGA,49646d1b0cd1,cc_governor,cc_governor,7034678,562902,8760648,10470118,1725946,5874,4711611,572765,6539127,7441477,1827454,72793,adios,0,adios,0,adios,0,55.6,53.8,50.8,37.0,55.2,44.5,14,3797000,949000,37.0,,,20.97,124112,,1,2000
1790256601,2026-09-24T13:30:01Z,48090,1790208587,6.1.187-android14-11-SAGA,49646d1b0cd1,cc_governor,cc_governor,7080840,564174,8822888,10540448,1741882,5896,4767514,573787,6609729,7516285,1842180,73320,adios,0,adios,0,adios,0,61.9,61.2,55.5,36.0,72.2,46.5,14,3788000,393000,36.0,,,22.15,79828,,1,2000
1790256639,2026-09-24T13:30:39Z,48127,1790208587,6.1.187-android14-11-SAGA,49646d1b0cd1,cc_governor,cc_governor,7154116,565839,8906338,10635283,1752149,5952,4823482,575880,6679694,7593026,1856184,73880,adios,0,adios,0,adios,0,61.8,59.8,54.9,36.0,66.7,46.5,14,3786000,739700,36.0,,,25.50,118980,,1,2000
1790256675,2026-09-24T13:31:15Z,48164,1790208587,6.1.187-android14-11-SAGA,49646d1b0cd1,cc_governor,cc_governor,7222919,566868,8986711,10726578,1763762,5974,4885263,576997,6755985,7672593,1870733,74299,adios,0,adios,0,adios,0,59.1,60.3,55.0,36.0,65.6,46.4,14,3791000,480900,37.0,,,24.04,100876,,1,2000
1790256712,2026-09-24T13:31:52Z,48201,1790208587,6.1.187-android14-11-SAGA,49646d1b0cd1,cc_governor,cc_governor,7279340,569203,9056064,10806698,1776729,6001,4924610,579333,6811181,7732041,1886580,74788,adios,0,adios,0,adios,0,59.0,62.0,,37.0,64.8,46.2,15,3801000,575500,36.0,,,24.55,133464,,1,2000
1790256749,2026-09-24T13:32:29Z,48237,1790208587,6.1.187-android14-11-SAGA,49646d1b0cd1,cc_governor,cc_governor,7321279,571772,9113376,10873610,1792063,6013,4958372,581829,6861076,7785730,1902720,75176,adios,0,adios,0,adios,0,60.5,60.6,,36.0,71.1,46.2,15,3801000,642000,36.0,,,22.21,116008,,1,2000
1790256787,2026-09-24T13:33:07Z,48275,1790208587,6.1.187-android14-11-SAGA,49646d1b0cd1,cc_governor,cc_governor,7394982,574798,9197071,10970371,1802073,6053,5021759,586037,6935682,7867187,1913836,75762,adios,0,adios,0,adios,0,61.6,61.7,56.3,36.0,69.9,46.8,15,3801000,599900,37.0,,,23.14,107164,,1,2000
1790256824,2026-09-24T13:33:44Z,48312,1790208587,6.1.187-android14-11-SAGA,49646d1b0cd1,cc_governor,cc_governor,7443217,578952,9257915,11042432,1814706,6074,5066179,590129,6993706,7931113,1927505,76274,adios,0,adios,0,adios,0,57.1,57.7,52.6,36.0,67.8,45.5,15,3813000,725700,36.0,,,22.92,119320,,1,2000
1790256861,2026-09-24T13:34:21Z,48349,1790208587,6.1.187-android14-11-SAGA,49646d1b0cd1,cc_governor,cc_governor,7517305,580638,9342068,11137244,1824690,6107,5112051,592658,7054148,7995822,1941950,76758,adios,0,adios,0,adios,0,62.8,61.3,55.3,36.0,65.5,46.2,15,3808000,795800,36.0,,,23.94,115652,,1,2000
1790256898,2026-09-24T13:34:58Z,48386,1790208587,6.1.187-android14-11-SAGA,49646d1b0cd1,cc_governor,cc_governor,7559283,583168,9399273,11206214,1840004,6156,5144827,595234,7103086,8050348,1958262,77259,adios,0,adios,0,adios,2,66.1,67.4,58.1,36.0,70.7,47.6,15,3770000,-319800,36.0,,,31.50,117444,,1,2000
1790256940,2026-09-24T13:35:40Z,48428,1790208587,6.1.187-android14-11-SAGA,49646d1b0cd1,cc_governor,cc_governor,7617186,584836,9470000,11291078,1852698,6397,5188533,596818,7159753,8116967,1971126,78016,adios,0,adios,0,adios,0,63.3,65.3,58.1,37.0,68.6,48.1,16,3801000,55500,37.0,,,30.82,70844,,1,2000
1790256977,2026-09-24T13:36:17Z,48466,1790208587,6.1.187-android14-11-SAGA,49646d1b0cd1,cc_governor,cc_governor,7690443,587155,9553299,11387513,1862653,6425,5243459,599838,7228094,8190208,1984632,78539,adios,0,adios,0,adios,0,63.3,65.1,57.5,37.0,73.0,48.3,16,3791000,277700,37.0,,,27.08,79324,,1,2000
1790257017,2026-09-24T13:36:57Z,48505,1790208587,6.1.187-android14-11-SAGA,49646d1b0cd1,cc_governor,cc_governor,7774929,588695,9647099,11494056,1872131,6598,5317320,602017,7314330,8282906,1996975,79247,adios,0,adios,0,adios,0,60.6,63.7,56.6,37.0,69.2,47.6,16,3815000,619500,37.0,,,25.41,103760,,1,2000
1790257054,2026-09-24T13:37:34Z,48542,1790208587,6.1.187-android14-11-SAGA,49646d1b0cd1,cc_governor,cc_governor,7814132,590305,9703409,11560164,1889258,6626,5349335,603707,7364377,8336885,2015012,79710,adios,0,adios,0,adios,0,60.7,60.5,54.5,37.0,68.4,47.0,16,3774000,399100,37.0,,,24.17,114528,,1,2000
1790257092,2026-09-24T13:38:12Z,48580,1790208587,6.1.187-android14-11-SAGA,49646d1b0cd1,cc_governor,cc_governor,7870239,592419,9772958,11640740,1902702,6707,5396442,606247,7425754,8403094,2029310,80224,adios,0,adios,0,adios,0,61.2,62.8,56.2,37.0,68.5,47.5,16,3791000,357000,37.0,,,26.28,75800,,1,2000
1790257129,2026-09-24T13:38:49Z,48617,1790208587,6.1.187-android14-11-SAGA,49646d1b0cd1,cc_governor,cc_governor,7939461,596449,9851383,11733307,1911837,6730,5455626,611446,7495760,8480087,2040004,80771,adios,0,adios,0,adios,0,62.8,66.4,58.0,37.0,71.1,48.1,16,3804000,589600,37.0,,,25.05,75324,,1,2000
1790257167,2026-09-24T13:39:27Z,48655,1790208587,6.1.187-android14-11-SAGA,49646d1b0cd1,cc_governor,cc_governor,7978666,602481,9904109,11799758,1925450,6780,5485974,617761,7540534,8532415,2054559,81399,adios,0,adios,0,adios,0,54.7,54.5,51.0,37.0,61.0,45.3,16,3823000,823900,37.0,,,23.13,155068,,1,2000
1790257203,2026-09-24T13:40:03Z,48691,1790208587,6.1.187-android14-11-SAGA,49646d1b0cd1,cc_governor,cc_governor,8029061,605845,9967734,11874481,1938474,6791,5518759,622147,7587964,8585587,2069115,81830,adios,0,adios,0,adios,0,61.7,64.1,56.6,37.0,64.4,46.3,17,3810000,575500,37.0,,,22.42,104824,,1,2000
1790257241,2026-09-24T13:40:41Z,48729,1790208587,6.1.187-android14-11-SAGA,49646d1b0cd1,cc_governor,cc_governor,8100792,610782,10047248,11969477,1946381,6834,5579092,628406,7657869,8663759,2078684,82392,adios,0,adios,0,adios,0,62.7,61.7,56.3,37.0,67.7,47.0,17,3827000,959400,37.0,,,23.59,104608,,1,2000
1790257277,2026-09-24T13:41:17Z,48765,1790208587,6.1.187-android14-11-SAGA,49646d1b0cd1,cc_governor,cc_governor,8153804,614798,10112014,12046480,1958177,6849,5615607,633002,7707896,8719695,2092277,82832,adios,0,adios,0,adios,0,56.0,56.0,52.4,37.0,60.4,45.5,17,3817000,679300,37.0,,,22.56,95420,,1,2000
1790257314,2026-09-24T13:41:54Z,48802,1790208587,6.1.187-android14-11-SAGA,49646d1b0cd1,cc_governor,cc_governor,8195025,620266,10165885,12113027,1970820,6858,5647015,638546,7752389,8771038,2105325,83261,adios,0,adios,0,adios,0,66.2,66.2,59.2,37.0,72.7,47.9,17,3801000,313700,37.0,,,23.53,92792,,1,2000
1790257353,2026-09-24T13:42:33Z,48841,1790208587,6.1.187-android14-11-SAGA,49646d1b0cd1,cc_governor,cc_governor,8248076,625748,10230557,12191604,1982455,7023,5695027,644552,7812068,8838502,2117033,84116,adios,0,adios,0,adios,0,57.2,59.2,53.8,37.0,62.7,46.0,17,3832000,404600,37.0,,,23.65,88988,,1,2000
1790257389,2026-09-24T13:43:09Z,48878,1790208587,6.1.187-android14-11-SAGA,49646d1b0cd1,cc_governor,cc_governor,8290062,631919,10284192,12259208,1994119,7028,5721794,651633,7851336,8886023,2129510,84508,adios,0,adios,0,adios,0,54.3,55.0,51.5,37.0,57.9,44.9,17,3828000,682900,37.0,,,25.27,111208,,1,2000
1790257430,2026-09-24T13:43:50Z,48918,1790208587,6.1.187-android14-11-SAGA,49646d1b0cd1,cc_governor,cc_governor,8365390,634836,10371191,12360912,2005762,7107,5776637,655292,7920338,8962052,2143643,85457,adios,0,adios,0,adios,0,65.5,63.7,57.9,37.0,67.4,47.3,18,3809000,510200,37.0,,,25.76,98700,,1,2000
1790257467,2026-09-24T13:44:27Z,48955,1790208587,6.1.187-android14-11-SAGA,49646d1b0cd1,cc_governor,cc_governor,8400096,638976,10421402,12423305,2021251,7121,5802690,659432,7962149,9009752,2159464,85883,adios,0,adios,0,adios,0,56.9,58.0,54.3,37.0,67.3,46.0,18,3808000,456500,37.0,,,23.13,94312,,1,2000
1790257503,2026-09-24T13:45:03Z,48992,1790208587,6.1.187-android14-11-SAGA,49646d1b0cd1,cc_governor,cc_governor,8471811,640959,10503465,12516739,2031586,7139,5857356,662344,8029318,9081946,2171891,86362,adios,0,adios,0,adios,0,61.1,65.8,58.0,37.0,67.4,47.5,18,3811000,625600,37.0,,,24.29,109844,,1,2000
1790257541,2026-09-24T13:45:41Z,49029,1790208587,6.1.187-android14-11-SAGA,49646d1b0cd1,cc_governor,cc_governor,8501398,648579,10546659,12574124,2045264,7192,5880943,669625,8066439,9127597,2185490,86865,adios,0,adios,0,adios,0,56.4,59.1,53.1,37.0,63.1,45.5,18,3831000,772700,37.0,,,21.84,79472,,1,2000
1790257577,2026-09-24T13:46:17Z,49065,1790208587,6.1.187-android14-11-SAGA,49646d1b0cd1,cc_governor,cc_governor,8548729,658481,10600923,12645829,2052006,7200,5913897,679713,8107723,9180019,2193814,87281,adios,0,adios,0,adios,0,60.4,67.1,57.0,36.0,68.7,46.7,18,3823000,712800,37.0,,,21.57,123692,,1,2000
1790257614,2026-09-24T13:46:54Z,49102,1790208587,6.1.187-android14-11-SAGA,49646d1b0cd1,cc_governor,cc_governor,8624775,660872,10686152,12743035,2061358,7220,5969168,682695,8176261,9253007,2207071,87727,adios,0,adios,0,adios,0,59.6,60.3,54.8,37.0,60.5,46.2,18,3841000,657900,37.0,,,22.70,91228,,1,2000
1790257650,2026-09-24T13:47:30Z,49138,1790208587,6.1.187-android14-11-SAGA,49646d1b0cd1,cc_governor,cc_governor,8673288,661776,10749717,12815020,2076406,7223,5990344,683708,8215229,9294424,2224886,88124,adios,0,adios,0,adios,0,51.5,57.1,,37.0,60.0,45.1,19,3841000,578600,37.0,,,23.23,131484,,1,2000
1790257687,2026-09-24T13:48:07Z,49175,1790208587,6.1.187-android14-11-SAGA,49646d1b0cd1,cc_governor,cc_governor,33,0,463,518,443,0,6,4,82,201,80,13,adios,0,adios,0,adios,0,49.9,49.4,,37.0,52.7,43.4,19,3877000,1502600,37.0,,,22.18,90888,,1,2000
1790257736,2026-09-24T13:48:56Z,49224,1790208587,6.1.187-android14-11-SAGA,49646d1b0cd1,cc_governor,cc_governor,137,2,871,928,742,0,418,0,23,32,17,4,adios,0,adios,0,adios,0,42.2,43.2,,36.0,46.8,39.6,19,3892000,1544800,36.0,,,19.23,94364,,1,2000
1790257783,2026-09-24T13:49:43Z,49271,1790208587,6.1.187-android14-11-SAGA,49646d1b0cd1,cc_governor,cc_governor,5215,1646,14119,17953,8920,0,9847,992,12731,19646,2889,18,adios,0,adios,0,adios,0,44.8,45.3,,36.0,47.4,40.2,20,3872000,1041200,36.0,,,18.43,155976,,1,2000
1790257818,2026-09-24T13:50:18Z,49307,1790208587,6.1.187-android14-11-SAGA,49646d1b0cd1,cc_governor,cc_governor,6698,6402,24678,34250,17971,3,10230,1827,14581,23150,4346,324,adios,0,adios,0,adios,7,47.0,48.3,,36.0,48.3,39.7,20,3877000,1364700,36.0,,,17.06,81004,,1,2000
1790257854,2026-09-24T13:50:54Z,49342,1790208587,6.1.187-android14-11-SAGA,49646d1b0cd1,cc_governor,cc_governor,8091,12898,33307,50454,25216,3,10678,2578,16262,26181,5584,624,adios,0,adios,0,adios,0,41.4,42.3,,35.0,44.9,38.5,20,3899000,1355500,35.0,,,16.38,116032,,1,2000
1790257889,2026-09-24T13:51:29Z,49377,1790208587,6.1.187-android14-11-SAGA,49646d1b0cd1,cc_governor,cc_governor,8452,21218,38020,64050,29568,5,10696,3828,16441,27939,5750,930,adios,0,adios,0,adios,0,41.5,41.5,,35.0,44.0,37.7,21,3901000,1567900,35.0,,,15.73,124352,,1,2000
1790257924,2026-09-24T13:52:04Z,49412,1790208587,6.1.187-android14-11-SAGA,49646d1b0cd1,cc_governor,cc_governor,8863,27960,44532,77735,35677,8,10729,4254,17331,29481,6607,1243,adios,0,adios,0,adios,0,40.7,42.7,,35.0,44.7,37.4,21,3903000,1336600,35.0,,,15.35,92992,,1,2000
1790257959,2026-09-24T13:52:39Z,49448,1790208587,6.1.187-android14-11-SAGA,49646d1b0cd1,cc_governor,cc_governor,9445,37717,48914,92365,39469,10,10773,4631,18378,31136,7605,1563,adios,0,adios,0,adios,0,40.6,42.9,,34.0,45.0,37.1,21,3896000,1446500,34.0,,,15.43,79632,,1,2000
1790257995,2026-09-24T13:53:15Z,49483,1790208587,6.1.187-android14-11-SAGA,49646d1b0cd1,cc_governor,cc_governor,9832,47292,52840,106332,43022,12,10821,5684,18695,32815,7877,1867,adios,0,adios,0,adios,0,39.7,40.0,,34.0,42.9,36.6,22,3915000,1472100,34.0,,,15.14,117856,,1,2000
1790258030,2026-09-24T13:53:50Z,49518,1790208587,6.1.187-android14-11-SAGA,49646d1b0cd1,cc_governor,cc_governor,10285,55082,58428,120303,48143,14,10861,6593,19182,34557,8321,2177,adios,0,adios,0,adios,0,39.7,40.6,,34.0,42.4,36.3,22,3913000,1378700,34.0,,,14.94,111016,,1,2000
1790258065,2026-09-24T13:54:25Z,49553,1790208587,6.1.187-android14-11-SAGA,49646d1b0cd1,cc_governor,cc_governor,29860,59492,85311,158650,55464,70,35324,8597,49432,77687,14077,2588,adios,0,adios,0,adios,0,62.3,59.2,54.2,34.0,66.2,44.8,22,3846000,626800,34.0,,,28.77,86220,,1,2000
1790258102,2026-09-24T13:55:02Z,49591,1790208587,6.1.187-android14-11-SAGA,49646d1b0cd1,cc_governor,cc_governor,51675,61264,122009,203987,70348,109,51544,9537,73817,107277,22278,3064,adios,0,adios,0,adios,0,44.1,44.2,,34.0,47.1,39.5,22,3913000,1400700,34.0,,,24.07,250836,,1,2000
1790258138,2026-09-24T13:55:38Z,49626,1790208587,6.1.187-android14-11-SAGA,49646d1b0cd1,cc_governor,cc_governor,52266,66601,126607,214351,74341,113,51584,10213,74563,109042,22979,3369,adios,0,adios,0,adios,0,43.4,43.2,,34.0,44.6,37.6,23,3921000,1516700,34.0,,,20.03,102136,,1,2000
1790258173,2026-09-24T13:56:13Z,49661,1790208587,6.1.187-android14-11-SAGA,49646d1b0cd1,cc_governor,cc_governor,52618,74011,128607,224200,75989,117,51839,10859,75559,111073,23720,3680,adios,0,adios,0,adios,0,39.8,40.1,,34.0,47.2,36.8,23,3915000,1365900,34.0,,,17.52,120072,,1,2000
1790258208,2026-09-24T13:56:48Z,49697,1790208587,6.1.187-android14-11-SAGA,49646d1b0cd1,cc_governor,cc_governor,53320,80902,131449,234486,78142,122,52045,11926,76279,113374,24238,3977,adios,0,adios,0,adios,0,39.8,41.2,,34.0,42.8,36.4,23,3930000,1542300,34.0,,,16.39,77016,,1,2000
1790258244,2026-09-24T13:57:24Z,49732,1790208587,6.1.187-android14-11-SAGA,49646d1b0cd1,cc_governor,cc_governor,53391,86029,134979,243539,81588,123,52048,12970,76482,114915,24434,4282,adios,0,adios,0,adios,0,38.4,39.0,,33.0,41.7,35.9,24,3926000,1470900,33.0,,,15.49,101884,,1,2000
1790258279,2026-09-24T13:57:59Z,49767,1790208587,6.1.187-android14-11-SAGA,49646d1b0cd1,cc_governor,cc_governor,53502,92419,137414,252736,83926,125,52103,14033,76775,116567,24676,4588,adios,0,adios,0,adios,0,38.3,38.8,,33.0,42.0,35.5,24,3922000,1455600,33.0,,,14.91,79860,,1,2000
1790258314,2026-09-24T13:58:34Z,49803,1790208587,6.1.187-android14-11-SAGA,49646d1b0cd1,cc_governor,cc_governor,62452,98177,150390,273954,87969,131,58623,15014,85505,127022,26889,4909,adios,0,adios,0,adios,0,47.8,49.8,46.2,33.0,52.5,39.2,24,3888000,830000,33.0,,,15.75,253952,,1,2000
1790258351,2026-09-24T13:59:11Z,49839,1790208587,6.1.187-android14-11-SAGA,49646d1b0cd1,cc_governor,cc_governor,84134,98674,192319,326839,108204,162,66770,15220,105246,148072,38480,5342,adios,0,adios,0,adios,0,43.0,46.3,,33.0,48.3,38.2,25,3896000,914900,33.0,,,17.05,303992,,1,2000
1790258386,2026-09-24T13:59:46Z,49875,1790208587,6.1.187-android14-11-SAGA,49646d1b0cd1,cc_governor,cc_governor,89399,107386,209277,355202,119872,166,67968,16684,109571,154227,41603,5657,adios,0,adios,0,adios,0,41.6,43.3,,33.0,44.8,37.2,25,3894000,971000,33.0,,,16.98,261672,,1,2000
1790258422,2026-09-24T14:00:22Z,49911,1790208587,6.1.187-android14-11-SAGA,49646d1b0cd1,cc_governor,cc_governor,93256,120641,219894,380865,126624,167,68650,19430,111305,158966,42655,5980,adios,0,adios,0,adios,0,41.3,42.6,40.0,33.0,44.3,36.8,25,3894000,973500,33.0,,,16.83,233552,,1,2000
1790258457,2026-09-24T14:00:57Z,49946,1790208587,6.1.187-android14-11-SAGA,49646d1b0cd1,cc_governor,cc_governor,97898,135519,229613,407468,131715,169,69164,22347,113239,164211,44075,6304,adios,0,adios,0,adios,0,40.5,41.9,,33.0,44.0,36.6,25,3894000,918500,33.0,,,17.34,145168,,1,2000
1790258493,2026-09-24T14:01:33Z,49981,1790208587,6.1.187-android14-11-SAGA,49646d1b0cd1,cc_governor,cc_governor,173,2749,5329,8490,5169,0,341,158,769,1151,432,21,adios,0,adios,0,adios,0,38.9,41.3,,33.0,42.0,35.8,26,3932000,1574700,33.0,,,16.72,291604,,1,2000
1790258528,2026-09-24T14:02:08Z,50016,1790208587,6.1.187-android14-11-SAGA,49646d1b0cd1,cc_governor,cc_governor,95,2716,1802,4674,1720,0,56,167,197,490,145,18,adios,0,adios,0,adios,0,38.6,39.9,,33.0,41.8,35.2,26,3935000,1532500,33.0,,,15.90,187892,,1,2000
1790258563,2026-09-24T14:02:43Z,50052,1790208587,6.1.187-android14-11-SAGA,49646d1b0cd1,cc_governor,cc_governor,210,11772,4252,16551,4040,1,64,1227,406,2007,342,328,adios,0,adios,0,adios,0,37.3,38.3,,32.0,38.6,34.0,27,3937000,1354300,32.0,,,15.33,236024,,1,2000
1790258665,2026-09-24T14:04:25Z,50153,1790208587,6.1.187-android14-11-SAGA,49646d1b0cd1,cc_governor,cc_governor,15206,395,21329,25617,6130,3,9775,282,15190,16964,5394,105,adios,0,adios,0,adios,0,45.8,45.2,42.3,32.0,45.4,36.9,27,3916000,960600,32.0,,,16.30,168012,,1,2000
1790258701,2026-09-24T14:05:01Z,50189,1790208587,6.1.187-android14-11-SAGA,49646d1b0cd1,cc_governor,cc_governor,50456,5407,68808,85781,18343,17,21877,3475,37683,46035,15837,492,adios,0,adios,0,adios,0,45.5,44.5,41.9,32.0,46.9,37.5,27,3923000,1185900,32.0,,,17.97,104100,,1,2000
1790258738,2026-09-24T14:05:38Z,50226,1790208587,6.1.187-android14-11-SAGA,49646d1b0cd1,cc_governor,cc_governor,70492,12310,101821,131021,31313,27,23692,7291,46268,59008,22576,828,adios,0,adios,0,adios,0,45.6,48.2,43.0,32.0,46.4,37.3,28,3925000,1267700,32.0,,,18.84,143820,,1,2000
1790258773,2026-09-24T14:06:14Z,50262,1790208587,6.1.187-android14-11-SAGA,49646d1b0cd1,cc_governor,cc_governor,90018,17546,135848,177723,45823,32,29636,9892,61014,77605,31378,1177,adios,0,adios,0,adios,0,43.8,44.6,42.6,32.0,46.8,37.5,28,3902000,1249300,32.0,,,19.06,95072,,1,2000
1790258809,2026-09-24T14:06:49Z,50298,1790208587,6.1.187-android14-11-SAGA,49646d1b0cd1,cc_governor,cc_governor,112104,21393,173962,228072,61845,35,32961,12052,74281,94153,41320,1532,adios,0,adios,0,adios,0,46.0,51.6,45.2,32.0,49.4,38.3,28,3924000,674400,32.0,,,18.20,233744,,1,2000
1790258845,2026-09-24T14:07:25Z,50334,1790208587,6.1.187-android14-11-SAGA,49646d1b0cd1,cc_governor,cc_governor,140755,24374,215976,282940,75220,48,58017,13637,108536,133803,50519,1899,adios,0,adios,0,adios,0,48.2,54.2,,32.0,48.1,39.0,28,3919000,1080900,32.0,,,18.13,164320,,1,2000
1790258881,2026-09-24T14:08:01Z,50369,1790208587,6.1.187-android14-11-SAGA,49646d1b0cd1,cc_governor,cc_governor,155802,29625,243992,321213,88206,49,64156,15816,120795,149801,56645,2149,adios,0,adios,0,adios,0,46.2,51.1,,32.0,59.5,39.1,29,3906000,891700,32.0,,,17.30,78908,,1,2000
1790258917,2026-09-24T14:08:37Z,50405,1790208587,6.1.187-android14-11-SAGA,49646d1b0cd1,cc_governor,cc_governor,179330,34249,282760,370845,103430,64,74209,17946,141950,175058,67741,2543,adios,0,adios,0,adios,0,44.8,45.4,42.3,32.0,52.3,38.8,29,3904000,292900,32.0,,,19.45,119164,,1,2000
1790258952,2026-09-24T14:09:13Z,50441,1790208587,6.1.187-android14-11-SAGA,49646d1b0cd1,cc_governor,cc_governor,216103,37460,333478,432801,117375,97,93417,20246,171558,209103,78126,2913,adios,0,adios,0,adios,0,50.1,45.9,,32.0,46.9,38.5,29,3806000,-316100,32.0,,,18.88,98512,,1,2000
1790259017,2026-09-24T14:10:17Z,50506,1790208587,6.1.187-android14-11-SAGA,49646d1b0cd1,cc_governor,cc_governor,0,0,20,34,41,0,9,0,46,49,41,9,adios,0,adios,0,adios,0,38.2,39.9,,32.0,40.4,34.5,29,3811000,-215400,32.0,,,17.43,124528,,1,2000
1790259177,2026-09-24T14:12:57Z,50665,1790208587,6.1.187-android14-11-SAGA,49646d1b0cd1,cc_governor,cc_governor,12,0,72,83,73,0,29,0,75,77,51,17,adios,0,adios,0,adios,0,38.9,40.7,,33.0,41.3,35.1,29,3804000,-268500,34.0,,,16.54,123964,,1,2000
1790259290,2026-09-24T14:14:50Z,50778,1790208587,6.1.187-android14-11-SAGA,49646d1b0cd1,cc_governor,cc_governor,120,0,1338,1524,1233,0,287,0,480,532,202,18,adios,0,adios,0,adios,0,39.8,40.9,,34.0,44.0,36.7,29,3798000,-437600,34.0,,,24.44,129660,,1,2000
1790259325,2026-09-24T14:15:25Z,50814,1790208587,6.1.187-android14-11-SAGA,49646d1b0cd1,cc_governor,cc_governor,1705,436,8972,10110,7279,0,2061,234,3233,3660,1175,25,adios,0,adios,0,adios,0,42.4,60.3,,34.0,60.8,40.5,29,3856000,951500,34.0,,,24.33,131316,,1,2000
1790259363,2026-09-24T14:16:03Z,50851,1790208587,6.1.187-android14-11-SAGA,49646d1b0cd1,cc_governor,cc_governor,22174,8031,42257,56107,20078,138,8506,3007,15526,20241,7020,541,adios,0,adios,0,adios,0,45.9,47.5,,34.0,48.9,39.4,29,3885000,972200,34.0,,,22.35,113648,,1,2000
1790259399,2026-09-24T14:16:39Z,50887,1790208587,6.1.187-android14-11-SAGA,49646d1b0cd1,cc_governor,cc_governor,30745,19591,60612,89520,29864,139,8887,5730,18833,26707,9946,834,adios,0,adios,0,adios,0,43.8,45.3,,34.0,48.1,38.8,29,3893000,964300,34.0,,,20.56,105332,,1,2000
1790259434,2026-09-24T14:17:14Z,50922,1790208587,6.1.187-android14-11-SAGA,49646d1b0cd1,cc_governor,cc_governor,42406,25904,86019,125073,43629,140,11254,7551,24967,35136,13718,1137,adios,0,adios,0,adios,0,44.2,44.3,,34.0,46.9,38.8,29,3886000,800700,34.0,,,18.79,87604,,1,2000
1790259469,2026-09-24T14:17:49Z,50957,1790208587,6.1.187-android14-11-SAGA,49646d1b0cd1,cc_governor,cc_governor,53845,30849,107468,155744,53502,147,16462,8523,34869,47024,18306,1459,adios,0,adios,0,adios,0,54.8,54.3,,34.0,48.8,40.1,30,3899000,864800,34.0,,,20.26,282436,,1,2000
1790259504,2026-09-24T14:18:24Z,50993,1790208587,6.1.187-android14-11-SAGA,49646d1b0cd1,cc_governor,cc_governor,56767,35823,114536,168644,57778,151,18606,9150,38182,51257,19581,1767,adios,0,adios,0,adios,0,40.4,40.9,,34.0,44.2,37.2,30,3934000,1276800,34.0,,,17.81,272452,,1,2000
1790259540,2026-09-24T14:19:00Z,51028,1790208587,6.1.187-android14-11-SAGA,49646d1b0cd1,cc_governor,cc_governor,56847,42269,116691,177845,59844,154,18643,10262,38411,52641,19768,2066,adios,0,adios,0,adios,0,40.1,40.7,,34.0,43.0,36.6,30,3934000,1543500,34.0,,,16.48,229956,,1,2000
1790259575,2026-09-24T14:19:35Z,51063,1790208587,6.1.187-android14-11-SAGA,49646d1b0cd1,cc_governor,cc_governor,112,1889,3486,5710,3383,0,119,210,259,498,144,16,adios,0,adios,0,adios,0,39.3,52.5,,33.0,49.5,38.4,31,3900000,786700,33.0,,,16.10,115288,,1,2000
1790259612,2026-09-24T14:20:12Z,51101,1790208587,6.1.187-android14-11-SAGA,49646d1b0cd1,cc_governor,cc_governor,26705,8376,41702,56669,14996,94,10716,3461,16626,21170,5910,464,adios,0,adios,0,adios,0,41.6,42.3,,33.0,44.5,37.3,31,3908000,955800,33.0,,,16.66,106688,,1,2000
1790259647,2026-09-24T14:20:47Z,51136,1790208587,6.1.187-android14-11-SAGA,49646d1b0cd1,cc_governor,cc_governor,28012,16684,48981,73643,20969,98,11249,4844,17654,23708,6405,767,adios,0,adios,0,adios,0,40.1,40.5,,33.0,44.5,36.3,31,3903000,963100,33.0,,,16.36,106000,,1,2000
1790259683,2026-09-24T14:21:23Z,51171,1790208587,6.1.187-android14-11-SAGA,49646d1b0cd1,cc_governor,cc_governor,28648,27382,52689,89379,24041,101,11292,6143,17848,25321,6556,1083,adios,0,adios,0,adios,0,40.1,40.2,,33.0,42.8,36.2,31,3917000,1245700,33.0,,,16.11,143456,,1,2000
1790259718,2026-09-24T14:21:58Z,51207,1790208587,6.1.187-android14-11-SAGA,49646d1b0cd1,cc_governor,cc_governor,30468,37210,59095,107018,28627,105,11317,7097,18648,27123,7331,1403,adios,0,adios,0,adios,0,39.6,40.1,,33.0,53.4,36.6,32,3898000,592600,33.0,,,17.43,232808,,1,2000
1790259754,2026-09-24T14:22:34Z,51243,1790208587,6.1.187-android14-11-SAGA,49646d1b0cd1,cc_governor,cc_governor,5063,3641,10619,15323,5568,0,4370,789,6947,9161,2582,20,adios,0,adios,0,adios,0,42.9,42.6,,33.0,47.3,36.9,32,3947000,1394000,33.0,,,16.65,127248,,1,2000
1790259790,2026-09-24T14:23:10Z,51278,1790208587,6.1.187-android14-11-SAGA,49646d1b0cd1,cc_governor,cc_governor,35111,5449,52789,68165,17644,6,22694,1786,34550,42244,11865,403,adios,0,adios,0,adios,0,55.3,56.9,,33.0,53.9,41.0,32,3910000,952700,33.0,,,17.98,145548,,1,2000
1790259825,2026-09-24T14:23:45Z,51314,1790208587,6.1.187-android14-11-SAGA,49646d1b0cd1,cc_governor,cc_governor,39600,10132,67482,90095,27881,10,23433,2458,38306,46979,14874,726,adios,0,adios,0,adios,0,41.3,41.9,,33.0,43.8,36.8,32,3916000,953300,33.0,,,17.11,164532,,1,2000
1790259860,2026-09-24T14:24:20Z,51349,1790208587,6.1.187-android14-11-SAGA,49646d1b0cd1,cc_governor,cc_governor,41670,17122,76472,107497,34795,13,23642,3507,40006,49796,16364,1018,adios,0,adios,0,adios,0,40.2,41.3,,33.0,44.9,36.3,33,3925000,1192000,33.0,,,17.25,116484,,1,2000
1790259896,2026-09-24T14:24:56Z,51384,1790208587,6.1.187-android14-11-SAGA,49646d1b0cd1,cc_governor,cc_governor,51579,25518,90603,132753,39023,14,27516,6199,45882,58928,18366,1346,adios,0,adios,0,adios,0,39.5,39.6,,33.0,46.5,36.7,33,3932000,1057700,33.0,,,18.00,238424,,1,2000
1790259931,2026-09-24T14:25:31Z,51419,1790208587,6.1.187-android14-11-SAGA,49646d1b0cd1,cc_governor,cc_governor,83930,27629,136483,188116,52577,22,39249,7470,67409,83253,28170,1663,adios,0,adios,0,adios,0,48.5,52.9,,33.0,53.9,39.6,33,3916000,1226800,33.0,,,20.47,255464,,1,2000
1790259967,2026-09-24T14:26:07Z,51456,1790208587,6.1.187-android14-11-SAGA,49646d1b0cd1,cc_governor,cc_governor,64,1667,3353,5353,3303,0,63,89,322,504,263,15,adios,0,adios,0,adios,0,39.2,39.9,,33.0,42.2,36.0,34,3962000,1577100,33.0,,,18.08,225120,,1,2000
1790260002,2026-09-24T14:26:42Z,51491,1790208587,6.1.187-android14-11-SAGA,49646d1b0cd1,cc_governor,cc_governor,183,6705,7257,14865,7074,1,69,750,905,1784,836,326,adios,0,adios,0,adios,0,38.6,39.2,,33.0,41.2,35.3,34,3963000,1510600,33.0,,,16.56,219396,,1,2000
1790260039,2026-09-24T14:27:19Z,51527,1790208587,6.1.187-android14-11-SAGA,49646d1b0cd1,cc_governor,cc_governor,137,4213,3424,8232,3293,2,252,175,725,946,476,52,adios,0,adios,0,adios,0,38.5,38.1,,32.0,41.5,34.7,34,3966000,1517900,32.0,,,15.57,105276,,1,2000
1790260074,2026-09-24T14:27:54Z,51562,1790208587,6.1.187-android14-11-SAGA,49646d1b0cd1,cc_governor,cc_governor,9,735,555,1414,546,0,11,48,46,103,35,14,adios,0,adios,0,adios,0,37.2,37.4,,32.0,40.7,34.3,35,3971000,1517900,32.0,,,15.17,118672,,1,2000
1790260109,2026-09-24T14:28:29Z,51597,1790208587,6.1.187-android14-11-SAGA,49646d1b0cd1,cc_governor,cc_governor,16631,9416,24369,36876,7725,39,5273,3263,9258,13186,3985,406,adios,0,adios,0,adios,0,41.5,42.1,,32.0,48.9,37.1,35,3790000,-937500,32.0,,,16.89,220784,,1,2000
1790260155,2026-09-24T14:29:15Z,51643,1790208587,6.1.187-android14-11-SAGA,49646d1b0cd1,cc_governor,cc_governor,5,0,91,112,94,0,22,0,72,75,57,17,adios,0,adios,0,adios,0,39.0,38.7,,32.0,38.1,33.5,35,3838000,-242300,32.0,,,16.18,451904,,1,2000
1790260250,2026-09-24T14:30:50Z,51738,1790208587,6.1.187-android14-11-SAGA,49646d1b0cd1,cc_governor,cc_governor,30,0,295,313,275,0,85,0,212,92,18,1,adios,0,adios,0,adios,0,38.8,39.5,,32.0,39.8,34.9,35,3830000,-257500,32.0,,,15.68,303384,,1,2000
1790260352,2026-09-24T14:32:32Z,51840,1790208587,6.1.187-android14-11-SAGA,49646d1b0cd1,cc_governor,cc_governor,0,0,95,111,102,0,11,0,59,60,51,13,adios,0,adios,0,adios,0,39.6,40.6,,33.0,40.8,35.5,34,3825000,-335000,33.0,,,20.34,280152,,1,2000
1790260434,2026-09-24T14:33:54Z,51923,1790208587,6.1.187-android14-11-SAGA,49646d1b0cd1,cc_governor,cc_governor,0,0,92,122,15,0,42,0,66,69,28,6,adios,0,adios,0,adios,0,39.6,39.6,,33.0,40.9,35.5,34,3810000,-433900,33.0,,,18.53,270040,,1,2000
1790260576,2026-09-24T14:36:16Z,52065,1790208587,6.1.187-android14-11-SAGA,49646d1b0cd1,cc_governor,cc_governor,8893,873,14692,17803,5799,32,6173,527,8950,10735,2777,41,adios,0,adios,0,adios,0,43.7,43.8,,33.0,46.3,38.1,34,3898000,567000,33.0,,,19.47,123468,,1,2000
1790260612,2026-09-24T14:36:52Z,52100,1790208587,6.1.187-android14-11-SAGA,49646d1b0cd1,cc_governor,cc_governor,23793,4600,44434,57452,20641,37,17123,2296,27533,34280,10410,378,adios,0,adios,0,adios,0,44.6,45.7,42.4,33.0,49.2,38.6,34,3909000,925900,33.0,,,20.65,122524,,1,2000
1790260647,2026-09-24T14:37:27Z,52136,1790208587,6.1.187-android14-11-SAGA,49646d1b0cd1,cc_governor,cc_governor,34156,10389,71252,97912,37104,39,18030,4460,35743,45418,17727,689,adios,0,adios,0,adios,0,44.1,49.6,,33.0,55.2,39.1,35,3913000,941700,33.0,,,19.76,118508,,1,2000
1790260684,2026-09-24T14:38:04Z,52172,1790208587,6.1.187-android14-11-SAGA,49646d1b0cd1,cc_governor,cc_governor,45446,20379,90613,132042,45148,64,22239,8538,44498,58894,22271,1064,adios,0,adios,0,adios,0,44.0,44.2,,34.0,47.4,38.2,35,3917000,966700,33.0,,,19.11,131604,,1,2000
1790260719,2026-09-24T14:38:39Z,52208,1790208587,6.1.187-android14-11-SAGA,49646d1b0cd1,cc_governor,cc_governor,61262,35268,112382,174744,51106,65,23135,14261,48948,69322,25813,1354,adios,0,adios,0,adios,0,45.5,45.9,43.5,34.0,48.6,38.7,35,3919000,961900,34.0,,,18.85,106204,,1,2000
1790260756,2026-09-24T14:39:16Z,52244,1790208587,6.1.187-android14-11-SAGA,49646d1b0cd1,cc_governor,cc_governor,69577,45312,129011,206174,59448,68,24345,18851,53602,78777,29263,1700,adios,0,adios,0,adios,0,42.5,43.2,,34.0,47.0,37.9,35,3922000,963100,34.0,,,18.15,99744,,1,2000
1790260791,2026-09-24T14:39:51Z,52279,1790208587,6.1.187-android14-11-SAGA,49646d1b0cd1,cc_governor,cc_governor,71291,49899,139847,222909,68562,71,25009,19896,55588,81967,30584,2000,adios,0,adios,0,adios,0,43.1,44.0,,33.0,46.0,37.7,36,3923000,968600,33.0,,,17.25,157508,,1,2000
1790260826,2026-09-24T14:40:26Z,52315,1790208587,6.1.187-android14-11-SAGA,49646d1b0cd1,cc_governor,cc_governor,74191,57884,149975,242963,75793,73,25808,22272,57778,86658,31974,2305,adios,0,adios,0,adios,0,40.9,41.4,,33.0,43.9,37.0,36,3920000,930100,33.0,,,16.64,114148,,1,2000
1790260862,2026-09-24T14:41:02Z,52350,1790208587,6.1.187-android14-11-SAGA,49646d1b0cd1,cc_governor,cc_governor,80638,68631,161791,268550,81153,74,27124,25614,61601,94131,34477,2614,adios,0,adios,0,adios,0,42.9,42.9,,33.0,48.2,37.5,36,3925000,958200,33.0,,,16.64,101576,,1,2000
1790260897,2026-09-24T14:41:37Z,52385,1790208587,6.1.187-android14-11-SAGA,49646d1b0cd1,cc_governor,cc_governor,81772,75374,169849,284859,88077,76,27762,26725,63483,97417,35721,2915,adios,0,adios,0,adios,0,41.5,42.2,,33.0,45.8,37.2,36,3927000,967400,33.0,,,16.37,132328,,1,2000
1790260932,2026-09-24T14:42:12Z,52420,1790208587,6.1.187-android14-11-SAGA,49646d1b0cd1,cc_governor,cc_governor,103300,79433,204669,330243,101304,87,40185,28948,86170,123992,46000,3224,adios,0,adios,0,adios,0,56.4,59.6,,33.0,54.0,41.1,36,3913000,806200,33.0,,,18.20,92380,,1,2000
1790260968,2026-09-24T14:42:48Z,52457,1790208587,6.1.187-android14-11-SAGA,49646d1b0cd1,cc_governor,cc_governor,122773,88962,235336,377849,112577,116,42671,32447,95111,136688,52445,3573,adios,0,adios,0,adios,0,48.0,48.7,,33.0,51.3,39.3,37,3922000,903300,33.0,,,18.89,89164,,1,2000
1790261004,2026-09-24T14:43:24Z,52492,1790208587,6.1.187-android14-11-SAGA,49646d1b0cd1,cc_governor,cc_governor,130504,101398,247806,406135,117321,119,43801,36316,98804,144359,55010,3901,adios,0,adios,0,adios,0,43.0,45.2,41.8,33.0,46.2,38.0,37,3931000,963100,33.0,,,17.83,124372,,1,2000
1790261039,2026-09-24T14:43:59Z,52528,1790208587,6.1.187-android14-11-SAGA,49646d1b0cd1,cc_governor,cc_governor,131882,106530,258481,423563,126599,126,44450,36758,101406,147658,56956,4210,adios,0,adios,0,adios,0,41.1,41.6,,33.0,45.1,37.1,37,3931000,965500,33.0,,,17.35,111392,,1,2000
1790261075,2026-09-24T14:44:35Z,52563,1790208587,6.1.187-android14-11-SAGA,49646d1b0cd1,cc_governor,cc_governor,133003,115221,264464,439550,131460,128,44774,38200,102717,150661,57943,4518,adios,0,adios,0,adios,0,40.2,41.3,,33.0,43.8,36.5,37,3933000,966700,33.0,,,16.56,131564,,1,2000
1790261110,2026-09-24T14:45:10Z,52598,1790208587,6.1.187-android14-11-SAGA,49646d1b0cd1,cc_governor,cc_governor,135151,125698,269963,457226,134812,130,44986,40386,103321,153490,58335,4835,adios,0,adios,0,adios,0,39.5,45.3,,33.0,43.7,36.3,38,3962000,1313400,33.0,,,16.34,105888,,1,2000
1790261145,2026-09-24T14:45:45Z,52634,1790208587,6.1.187-android14-11-SAGA,49646d1b0cd1,cc_governor,cc_governor,143110,138198,281695,484849,138584,132,46044,45630,105940,161466,59896,5136,adios,0,adios,0,adios,0,41.3,41.9,,33.0,43.2,36.6,38,3960000,1201100,33.0,,,16.93,143340,,1,2000
1790261181,2026-09-24T14:46:21Z,52669,1790208587,6.1.187-android14-11-SAGA,49646d1b0cd1,cc_governor,cc_governor,155788,143700,305920,519890,150132,136,53561,47655,119752,178748,66191,5450,adios,0,adios,0,adios,0,42.3,42.0,,33.0,45.6,37.0,38,3949000,1129700,33.0,,,17.87,102044,,1,2000
1790261216,2026-09-24T14:46:56Z,52704,1790208587,6.1.187-android14-11-SAGA,49646d1b0cd1,cc_governor,cc_governor,165578,156311,323129,552608,157576,137,55159,52268,125042,189121,69886,5750,adios,0,adios,0,adios,0,42.1,41.3,,33.0,45.3,36.7,38,3956000,1176700,33.0,,,18.32,98268,,1,2000
1790261251,2026-09-24T14:47:31Z,52739,1790208587,6.1.187-android14-11-SAGA,49646d1b0cd1,cc_governor,cc_governor,166502,165849,328304,568564,161799,139,55283,53390,125921,191268,70638,6046,adios,0,adios,0,adios,0,39.6,42.6,,33.0,43.1,35.8,39,3940000,968600,32.0,,,16.93,137164,,1,2000
1790261286,2026-09-24T14:48:06Z,52774,1790208587,6.1.187-android14-11-SAGA,49646d1b0cd1,cc_governor,cc_governor,170674,175226,341536,594202,170881,141,57163,57013,132737,202394,75594,6350,adios,0,adios,0,adios,0,42.5,42.1,,32.0,45.2,36.4,39,3966000,957000,32.0,,,17.54,109892,,1,2000
1790261321,2026-09-24T14:48:41Z,52809,1790208587,6.1.187-android14-11-SAGA,49646d1b0cd1,cc_governor,cc_governor,179013,187891,358337,627337,179337,142,59808,63888,139333,216576,79529,6658,adios,0,adios,0,adios,0,41.1,41.5,,32.0,44.1,36.5,39,3948000,1134600,32.0,,,18.45,95352,,1,2000
1790261357,2026-09-24T14:49:17Z,52845,1790208587,6.1.187-android14-11-SAGA,49646d1b0cd1,cc_governor,cc_governor,191310,193880,380883,660412,189576,146,66146,65613,150066,231204,83931,6978,adios,0,adios,0,adios,0,42.3,42.8,40.5,32.0,46.3,37.1,40,3964000,1049100,32.0,,,18.85,109708,,1,2000
1790261392,2026-09-24T14:49:52Z,52881,1790208587,6.1.187-android14-11-SAGA,49646d1b0cd1,cc_governor,cc_governor,210109,201124,412714,707948,202597,150,72312,68508,163219,248450,90907,7299,adios,0,adios,0,adios,0,45.4,44.6,41.3,32.0,48.8,37.6,40,3963000,981400,32.0,,,19.32,102836,,1,2000
1790261428,2026-09-24T14:50:28Z,52916,1790208587,6.1.187-android14-11-SAGA,49646d1b0cd1,cc_governor,cc_governor,234759,207622,450225,757762,215482,158,76475,72463,176666,266881,100198,7638,adios,0,adios,0,adios,0,43.5,42.2,,32.0,53.4,37.6,40,3950000,1328700,32.0,,,18.86,149236,,1,2000
1790261464,2026-09-24T14:51:04Z,52952,1790208587,6.1.187-android14-11-SAGA,49646d1b0cd1,cc_governor,cc_governor,239828,214524,463498,780676,223686,171,78426,73068,181185,272155,102762,7995,adios,0,adios,0,adios,0,39.5,40.6,,32.0,42.7,35.7,40,3943000,711600,32.0,,,17.66,124064,,1,2000
1790261499,2026-09-24T14:51:39Z,52987,1790208587,6.1.187-android14-11-SAGA,49646d1b0cd1,cc_governor,cc_governor,240683,222483,470190,796667,229507,172,78608,73894,182344,274232,103736,8287,adios,0,adios,0,adios,0,38.6,40.5,,32.0,42.1,35.2,41,3978000,1228000,32.0,,,17.01,93108,,1,2000
1790261534,2026-09-24T14:52:14Z,53023,1790208587,6.1.187-android14-11-SAGA,49646d1b0cd1,cc_governor,cc_governor,242029,232352,475677,813480,233647,174,78936,75300,183324,276744,104388,8607,adios,0,adios,0,adios,0,38.4,39.2,,32.0,41.7,35.0,41,3985000,1248100,32.0,,,16.82,103916,,1,2000
1790261570,2026-09-24T14:52:50Z,53058,1790208587,6.1.187-android14-11-SAGA,49646d1b0cd1,cc_governor,cc_governor,243672,240700,482688,830263,239032,175,79155,77116,183754,279044,104603,8898,adios,0,adios,0,adios,0,39.2,39.8,,32.0,43.1,35.0,41,3972000,1215200,32.0,,,17.13,108160,,1,2000
1790261605,2026-09-24T14:53:25Z,53093,1790208587,6.1.187-android14-11-SAGA,49646d1b0cd1,cc_governor,cc_governor,248049,246965,494683,850908,246645,177,80565,78394,187196,283976,106636,9209,adios,0,adios,0,adios,0,39.4,41.7,,32.0,42.0,35.2,42,3987000,1309800,32.0,,,16.80,143400,,1,2000
1790261640,2026-09-24T14:54:00Z,53128,1790208587,6.1.187-android14-11-SAGA,49646d1b0cd1,cc_governor,cc_governor,248438,255293,497108,862994,248669,178,80642,79444,187749,285653,107107,9514,adios,0,adios,0,adios,0,37.8,38.2,,32.0,41.2,34.5,42,3981000,1069300,32.0,,,16.15,134160,,1,2000
1790261676,2026-09-24T14:54:36Z,53164,1790208587,6.1.187-android14-11-SAGA,49646d1b0cd1,cc_governor,cc_governor,248817,262984,500160,875043,251353,180,80710,80335,188413,287234,107705,9818,adios,0,adios,0,adios,0,37.7,38.5,,32.0,41.5,34.2,42,3993000,1201100,32.0,,,15.95,111960,,1,2000
1790261711,2026-09-24T14:55:11Z,53199,1790208587,6.1.187-android14-11-SAGA,49646d1b0cd1,cc_governor,cc_governor,250582,271167,506049,890792,255467,182,80901,81692,189389,289620,108488,10112,adios,0,adios,0,adios,0,38.0,38.3,,31.0,40.4,34.2,43,3989000,1168200,31.0,,,16.26,85232,,1,2000
1790261746,2026-09-24T14:55:46Z,53235,1790208587,6.1.187-android14-11-SAGA,49646d1b0cd1,cc_governor,cc_governor,252294,279611,510354,905273,258060,184,81174,83440,190222,292248,109048,10412,adios,0,adios,0,adios,0,37.5,38.1,,31.0,41.4,34.1,43,3988000,1154700,31.0,,,16.03,87372,,1,2000
1790261781,2026-09-24T14:56:21Z,53270,1790208587,6.1.187-android14-11-SAGA,49646d1b0cd1,cc_governor,cc_governor,253262,287821,513841,918309,260590,185,81380,85054,190842,294663,109466,10714,adios,0,adios,0,adios,0,38.1,38.3,,31.0,40.5,34.1,43,3978000,1351900,31.0,,,15.93,144136,,1,2000
1790261817,2026-09-24T14:56:57Z,53305,1790208587,6.1.187-android14-11-SAGA,49646d1b0cd1,cc_governor,cc_governor,254617,293386,521205,932863,266588,185,81570,85759,192483,297088,110913,11038,adios,0,adios,0,adios,0,38.1,38.0,,31.0,42.0,33.9,44,3994000,1225500,31.0,,,16.13,143456,,1,2000
1790261852,2026-09-24T14:57:32Z,53340,1790208587,6.1.187-android14-11-SAGA,49646d1b0cd1,cc_governor,cc_governor,255182,299547,526406,945566,271224,189,81667,87059,192943,298895,111276,11328,adios,0,adios,0,adios,0,37.2,37.5,,31.0,40.6,33.9,44,4008000,1339100,31.0,,,16.01,123692,,1,2000
1790261887,2026-09-24T14:58:07Z,53375,1790208587,6.1.187-android14-11-SAGA,49646d1b0cd1,cc_governor,cc_governor,272869,307055,553170,985359,280244,192,89465,90382,207954,318017,118488,11628,adios,0,adios,0,adios,0,43.9,42.5,40.0,31.0,47.2,36.0,44,3995000,1008300,31.0,,,17.00,121176,,1,2000
1790261923,2026-09-24T14:58:43Z,53411,1790208587,6.1.187-android14-11-SAGA,49646d1b0cd1,cc_governor,cc_governor,282692,317219,568362,1015006,285663,197,91588,95002,211857,326750,120269,11935,adios,0,adios,0,adios,0,39.0,40.0,,31.0,41.8,34.7,45,3998000,1176700,31.0,,,17.80,112872,,1,2000
1790261958,2026-09-24T14:59:18Z,53446,1790208587,6.1.187-android14-11-SAGA,49646d1b0cd1,cc_governor,cc_governor,283666,324163,572980,1028141,289327,199,91795,96477,212521,328974,120730,12226,adios,0,adios,0,adios,0,37.5,38.0,,31.0,40.9,34.1,45,4000000,1309800,31.0,,,17.45,101256,,1,2000
1790261994,2026-09-24T14:59:54Z,53482,1790208587,6.1.187-android14-11-SAGA,49646d1b0cd1,cc_governor,cc_governor,296123,330222,592162,1057306,296033,202,96253,98245,220461,339463,124208,12542,adios,0,adios,0,adios,0,41.5,42.6,,31.0,50.0,35.6,45,3985000,657900,31.0,,,16.58,176436,,1,2000
1790262029,2026-09-24T15:00:29Z,53517,1790208587,6.1.187-android14-11-SAGA,49646d1b0cd1,cc_governor,cc_governor,306407,341165,607430,1087581,301023,204,102066,103622,229428,354074,127362,12845,adios,0,adios,0,adios,0,37.8,38.7,,31.0,41.5,34.5,46,4008000,1008300,31.0,,,18.77,113248,,1,2000
1790262064,2026-09-24T15:01:04Z,53553,1790208587,6.1.187-android14-11-SAGA,49646d1b0cd1,cc_governor,cc_governor,308403,348531,614242,1103459,305854,205,103185,105094,231670,358427,128488,13154,adios,0,adios,0,adios,0,37.4,38.1,,31.0,40.6,34.2,46,4011000,1218800,31.0,,,17.89,184256,,1,2000
1790262099,2026-09-24T15:01:40Z,53588,1790208587,6.1.187-android14-11-SAGA,49646d1b0cd1,cc_governor,cc_governor,308839,354243,619382,1115705,310541,208,103340,105824,232651,360229,129311,13449,adios,0,adios,0,adios,0,37.7,37.6,,31.0,40.3,33.9,46,4021000,1155300,31.0,,,17.19,164228,,1,2000
1790262135,2026-09-24T15:02:15Z,53623,1790208587,6.1.187-android14-11-SAGA,49646d1b0cd1,cc_governor,cc_governor,3,0,110,123,118,0,77,0,209,265,127,18,adios,0,adios,0,adios,7,46.3,45.6,,31.0,51.7,35.3,47,4018000,1406800,31.0,,,17.83,100404,,1,2000
1790262170,2026-09-24T15:02:50Z,53659,1790208587,6.1.187-android14-11-SAGA,49646d1b0cd1,cc_governor,cc_governor,8125,2057,19289,24843,11091,4,6761,565,11749,15175,4992,281,adios,0,adios,0,adios,0,41.8,42.1,,31.0,44.3,34.8,47,4007000,957000,31.0,,,17.99,163756,,1,2000
1790262206,2026-09-24T15:03:26Z,53694,1790208587,6.1.187-android14-11-SAGA,49646d1b0cd1,cc_governor,cc_governor,12814,6802,28531,40849,15716,7,9409,2136,16616,22682,7207,564,adios,0,adios,0,adios,0,40.4,40.9,,31.0,43.6,34.5,47,4020000,1260900,31.0,,,16.94,128652,,1,2000
1790262241,2026-09-24T15:04:01Z,53729,1790208587,6.1.187-android14-11-SAGA,49646d1b0cd1,cc_governor,cc_governor,14169,13815,32103,52349,17945,12,9914,4509,18002,27503,8093,873,adios,0,adios,0,adios,0,41.1,40.1,,31.0,43.8,34.6,48,4029000,1445300,31.0,,,16.47,105352,,1,2000
1790262276,2026-09-24T15:04:36Z,53765,1790208587,6.1.187-android14-11-SAGA,49646d1b0cd1,cc_governor,cc_governor,14722,20214,34358,61691,19636,13,9964,6543,18710,30635,8746,1175,adios,0,adios,0,adios,0,41.1,39.2,,31.0,42.8,34.3,48,4030000,1335400,31.0,,,16.40,128384,,1,2000
1790262312,2026-09-24T15:05:12Z,53801,1790208587,6.1.187-android14-11-SAGA,49646d1b0cd1,cc_governor,cc_governor,24344,25985,47106,83381,22630,24,17256,8772,28173,44425,10930,1512,adios,0,adios,0,adios,0,53.5,49.6,45.4,31.0,55.3,37.4,48,3997000,937500,31.0,,,18.59,53948,,1,2000
1790262376,2026-09-24T15:06:16Z,53864,1790208587,6.1.187-android14-11-SAGA,49646d1b0cd1,cc_governor,cc_governor,13,0,336,349,335,0,7,0,65,67,63,14,adios,0,adios,0,adios,0,35.6,36.1,,30.0,39.1,32.8,48,3905000,-283200,30.0,,,17.67,113584,,1,2000
1790262420,2026-09-24T15:07:00Z,53908,1790208587,6.1.187-android14-11-SAGA,49646d1b0cd1,cc_governor,cc_governor,1530,34,3285,3437,1742,0,301,35,629,695,328,12,adios,0,adios,0,adios,0,36.2,36.5,,30.0,39.3,32.8,48,3898000,-288000,30.0,,,16.20,125184,,1,2000
1790262461,2026-09-24T15:07:41Z,53950,1790208587,6.1.187-android14-11-SAGA,49646d1b0cd1,cc_governor,cc_governor,17697,2573,29995,36765,12306,0,8972,1169,15821,18218,6873,91,adios,0,adios,0,adios,0,46.2,44.3,41.3,31.0,47.0,36.4,48,3872000,-407100,31.0,,,18.49,114876,,1,2000
1790262497,2026-09-24T15:08:17Z,53985,1790208587,6.1.187-android14-11-SAGA,49646d1b0cd1,cc_governor,cc_governor,30405,8934,55565,73446,25174,4,12762,4356,26903,32914,14146,388,adios,0,adios,0,adios,0,42.1,43.1,,32.0,46.1,37.0,48,3843000,-939900,32.0,,,19.27,114612,,1,2000
1790262532,2026-09-24T15:08:52Z,54021,1790208587,6.1.187-android14-11-SAGA,49646d1b0cd1,cc_governor,cc_governor,36247,19963,67092,98817,30845,8,13353,8752,28890,39440,15537,700,adios,0,adios,0,adios,0,41.3,42.0,,32.0,45.5,37.3,48,3873000,-579800,32.0,,,18.50,128256,,1,2000
1790262568,2026-09-24T15:09:28Z,54056,1790208587,6.1.187-android14-11-SAGA,49646d1b0cd1,cc_governor,cc_governor,52539,28531,91670,138898,39094,11,22166,12616,44247,60346,22038,1022,adios,0,adios,0,adios,3,57.2,53.7,51.6,33.0,54.9,41.9,48,3822000,-930100,33.0,,,19.36,115120,,1,2000
1790262604,2026-09-24T15:10:04Z,54093,1790208587,6.1.187-android14-11-SAGA,49646d1b0cd1,cc_governor,cc_governor,68215,33966,122582,182672,54362,29,25309,14428,55428,74193,30119,1421,adios,0,adios,0,adios,0,45.8,45.4,44.0,34.0,47.5,39.8,48,3868000,-464400,34.0,,,18.72,104480,,1,2000
1790262641,2026-09-24T15:10:41Z,54129,1790208587,6.1.187-android14-11-SAGA,49646d1b0cd1,cc_governor,cc_governor,90760,40901,157788,232681,66901,59,30246,17418,67039,89409,36800,1809,adios,0,adios,0,adios,0,55.9,52.7,,34.0,58.1,42.8,48,3818000,-1536200,34.0,,,20.06,135800,,1,2000
1790262677,2026-09-24T15:11:17Z,54166,1790208587,6.1.187-android14-11-SAGA,49646d1b0cd1,cc_governor,cc_governor,109172,44430,193200,277961,84041,91,41976,19547,91839,118474,49872,2281,adios,0,adios,0,adios,0,48.8,48.8,,35.0,51.6,41.9,47,3840000,-891700,35.0,,,20.19,112716,,1,2000
1790262718,2026-09-24T15:11:58Z,54206,1790208587,6.1.187-android14-11-SAGA,49646d1b0cd1,cc_governor,cc_governor,37,0,358,398,333,0,134,0,239,243,108,15,adios,0,adios,0,adios,0,45.5,46.1,,36.0,44.9,40.3,47,3875000,-458300,36.0,,,19.50,382392,,1,2000
1790262830,2026-09-24T15:13:50Z,54319,1790208587,6.1.187-android14-11-SAGA,49646d1b0cd1,cc_governor,cc_governor,2,0,148,159,156,0,64,0,129,134,70,13,adios,0,adios,0,adios,0,42.3,41.9,,37.0,42.9,38.5,47,3874000,-262400,37.0,,,29.56,353432,,1,2000
1790262991,2026-09-24T15:16:31Z,54489,1790208587,6.1.187-android14-11-SAGA,49646d1b0cd1,cc_governor,cc_governor,1,0,36,53,58,0,21,0,72,80,55,10,adios,0,adios,0,adios,0,42.7,42.8,,37.0,45.8,39.0,47,3874000,-514500,37.0,,,23.37,337840,,1,2000
1790263144,2026-09-24T15:19:04Z,54632,1790208587,6.1.187-android14-11-SAGA,49646d1b0cd1,cc_governor,cc_governor,4,0,69,92,89,0,6,0,67,69,65,17,adios,0,adios,0,adios,0,43.6,42.6,,38.0,43.2,39.4,47,3871000,-312500,38.0,,,20.31,291624,,1,2000
1790263391,2026-09-24T15:23:11Z,54879,1790208587,6.1.187-android14-11-SAGA,49646d1b0cd1,cc_governor,cc_governor,0,0,64,73,74,0,21,0,66,76,49,15,adios,0,adios,0,adios,0,43.8,42.7,,38.0,48.4,40.2,47,3870000,-247100,38.0,,,18.25,283360,,1,2000
1790263481,2026-09-24T15:24:41Z,54970,1790208587,6.1.187-android14-11-SAGA,49646d1b0cd1,cc_governor,cc_governor,0,0,59,73,75,0,4,0,42,49,43,14,adios,0,adios,0,adios,0,44.6,44.2,,38.0,44.9,39.7,47,3863000,-374700,38.0,,,17.27,266656,,1,2000
1790263582,2026-09-24T15:26:22Z,55070,1790208587,6.1.187-android14-11-SAGA,49646d1b0cd1,cc_governor,cc_governor,2,0,65,91,77,0,24,0,68,76,16,0,adios,0,adios,0,adios,0,43.3,42.7,,38.0,64.7,42.6,47,3816000,-1286600,37.0,,,24.09,169248,,1,2000
1790263629,2026-09-24T15:27:09Z,55118,1790208587,6.1.187-android14-11-SAGA,49646d1b0cd1,cc_governor,cc_governor,19319,6709,30436,44128,11109,157,13315,3958,22115,28480,8800,439,adios,0,adios,0,adios,0,49.4,49.0,,38.0,54.1,42.6,47,3841000,-840400,38.0,,,22.47,134504,,1,2000
1790263665,2026-09-24T15:27:45Z,55153,1790208587,6.1.187-android14-11-SAGA,49646d1b0cd1,cc_governor,cc_governor,32532,16562,55035,82110,22494,157,16490,8586,30766,42441,14286,758,adios,0,adios,0,adios,0,47.4,51.0,,38.0,52.4,42.1,47,3839000,-952700,38.0,,,20.40,88508,,1,2000
1790263700,2026-09-24T15:28:20Z,55188,1790208587,6.1.187-android14-11-SAGA,49646d1b0cd1,cc_governor,cc_governor,44273,27617,76571,117293,32319,157,17437,12049,34740,50165,17303,1035,adios,0,adios,0,adios,0,46.3,47.5,44.7,38.0,54.7,41.9,47,3805000,-1252400,37.0,,,18.60,279392,,1,2000
1790263737,2026-09-24T15:28:57Z,55225,1790208587,6.1.187-android14-11-SAGA,49646d1b0cd1,cc_governor,cc_governor,4644,4977,8033,13556,3405,0,3453,1894,4885,7633,1436,19,adios,0,adios,0,adios,0,46.9,46.7,,37.0,50.3,41.3,47,3858000,-372300,37.0,,,17.29,122400,,1,2000
1790263772,2026-09-24T15:29:33Z,55261,1790208587,6.1.187-android14-11-SAGA,49646d1b0cd1,cc_governor,cc_governor,10801,12549,18175,32127,7373,2,6032,5094,8641,15464,2615,280,adios,0,adios,0,adios,0,47.0,52.7,,37.0,43.4,37.8,46,3865000,-431500,37.0,,,16.99,147180,,1,2000
1790264632,2026-09-24T15:43:52Z,56120,1790208587,6.1.187-android14-11-SAGA,49646d1b0cd1,cc_governor,cc_governor,35,0,273,330,254,0,115,0,198,207,86,12,adios,0,adios,0,adios,0,38.1,36.9,,34.0,41.5,35.8,46,3847000,-725000,34.0,,,69.35,139180,,1,2000
1790264960,2026-09-24T15:49:20Z,56448,1790208587,6.1.187-android14-11-SAGA,49646d1b0cd1,cc_governor,cc_governor,172,1805,1485,3506,1328,0,641,108,989,1130,354,15,adios,0,adios,0,adios,0,41.0,39.6,,34.0,44.7,35.7,46,3859000,-319800,34.0,,,42.78,114416,,1,2000
1790265031,2026-09-24T15:50:31Z,56519,1790208587,6.1.187-android14-11-SAGA,49646d1b0cd1,cc_governor,cc_governor,25324,1673,36215,46772,10882,50,18124,1158,26712,34133,8600,129,adios,0,adios,0,adios,0,51.2,48.9,45.9,35.0,51.4,41.0,46,3834000,-445500,35.0,,,34.18,102856,,1,2000
1790265067,2026-09-24T15:51:07Z,56555,1790208587,6.1.187-android14-11-SAGA,49646d1b0cd1,cc_governor,cc_governor,43655,3751,69718,88760,26052,51,31316,2479,48359,58333,17069,423,adios,0,adios,0,adios,2,51.0,51.9,46.6,35.0,51.6,41.3,46,3821000,-838000,35.0,,,26.84,204428,,1,2000
1790265102,2026-09-24T15:51:42Z,56590,1790208587,6.1.187-android14-11-SAGA,49646d1b0cd1,cc_governor,cc_governor,55042,10535,92515,123723,37473,53,36501,3361,59415,71278,22914,668,adios,0,adios,0,adios,0,43.5,43.5,,36.0,47.2,39.5,46,3839000,-431500,36.0,,,22.20,212560,,1,2000
1790265137,2026-09-24T15:52:17Z,56626,1790208587,6.1.187-android14-11-SAGA,49646d1b0cd1,cc_governor,cc_governor,84961,17841,131354,177074,46409,59,50398,8106,81410,99743,31026,983,adios,0,adios,0,adios,0,48.5,47.8,,36.0,57.5,42.2,46,3825000,-765300,36.0,,,21.34,93932,,1,2000
1790265173,2026-09-24T15:52:53Z,56661,1790208587,6.1.187-android14-11-SAGA,49646d1b0cd1,cc_governor,cc_governor,93298,25592,147756,204116,54474,64,52065,10473,85647,106623,33587,1306,adios,0,adios,0,adios,0,43.7,45.4,,36.0,48.4,39.8,46,3827000,-557800,36.0,,,19.17,112212,,1,2000
1790265208,2026-09-24T15:53:28Z,56696,1790208587,6.1.187-android14-11-SAGA,49646d1b0cd1,cc_governor,cc_governor,93839,35465,151606,218665,57767,65,52100,11675,85992,108202,33892,1619,adios,0,adios,0,adios,0,42.8,45.4,,36.0,46.7,39.2,46,3848000,-286800,36.0,,,17.87,140600,,1,2000
1790265243,2026-09-24T15:54:03Z,56732,1790208587,6.1.187-android14-11-SAGA,49646d1b0cd1,cc_governor,cc_governor,96077,47038,156448,236411,60387,68,52185,13172,86743,110489,34561,1932,adios,0,adios,0,adios,0,42.8,43.4,,36.0,46.5,39.0,46,3843000,-429600,36.0,,,16.87,120180,,1,2000
1790265278,2026-09-24T15:54:38Z,56767,1790208587,6.1.187-android14-11-SAGA,49646d1b0cd1,cc_governor,cc_governor,96587,55928,161221,250834,64634,70,52419,14133,87452,112205,35033,2236,adios,0,adios,0,adios,0,42.3,43.6,,36.0,46.0,38.8,46,3850000,-339300,36.0,,,16.44,98756,,1,2000
1790265314,2026-09-24T15:55:14Z,56802,1790208587,6.1.187-android14-11-SAGA,49646d1b0cd1,cc_governor,cc_governor,97358,65052,166802,266429,69456,71,52475,15315,88050,114062,35579,2541,adios,0,adios,0,adios,0,41.8,42.5,,36.0,45.9,38.7,46,3847000,-443100,36.0,,,16.33,120344,,1,2000
1790265349,2026-09-24T15:55:50Z,56838,1790208587,6.1.187-android14-11-SAGA,49646d1b0cd1,cc_governor,cc_governor,124208,69604,203692,313578,79322,78,70247,16685,113783,143799,43290,2880,adios,0,adios,0,adios,0,50.6,45.4,,36.0,55.6,41.7,45,3820000,-610300,36.0,,,17.90,144300,,1,2000
1790265389,2026-09-24T15:56:29Z,56878,1790208587,6.1.187-android14-11-SAGA,49646d1b0cd1,cc_governor,cc_governor,188102,70181,281424,401119,93314,100,120202,17130,177368,214514,57150,3588,adios,0,adios,0,adios,0,57.2,57.7,,37.0,66.9,44.9,45,3801000,-930100,37.0,,,19.68,77960,,1,2000
1790265426,2026-09-24T15:57:06Z,56914,1790208587,6.1.187-android14-11-SAGA,49646d1b0cd1,cc_governor,cc_governor,247520,71947,352775,482602,105198,108,139352,19374,212918,254416,73565,3911,adios,0,adios,0,adios,0,50.1,54.6,,37.0,57.0,43.3,45,3826000,-668900,37.0,,,20.06,101852,,1,2000
1790265461,2026-09-24T15:57:42Z,56950,1790208587,6.1.187-android14-11-SAGA,49646d1b0cd1,cc_governor,cc_governor,299877,75709,416515,560553,116619,110,156684,23203,242997,289858,86309,4228,adios,0,adios,0,adios,0,54.4,58.8,,37.0,58.0,44.8,45,3813000,-813500,37.0,,,19.72,120080,,1,2000
1790265497,2026-09-24T15:58:17Z,56986,1790208587,6.1.187-android14-11-SAGA,49646d1b0cd1,cc_governor,cc_governor,351397,79403,479717,637430,128319,112,165650,27508,265930,317725,100298,4536,adios,0,adios,0,adios,0,54.6,60.3,54.0,38.0,59.3,45.1,45,3801000,-513300,38.0,,,19.53,100676,,1,2000
1790265533,2026-09-24T15:58:53Z,57022,1790208587,6.1.187-android14-11-SAGA,49646d1b0cd1,cc_governor,cc_governor,406017,87681,540579,717349,134499,121,172047,38454,279254,342321,107191,4875,adios,0,adios,0,adios,0,55.3,59.9,,38.0,57.8,44.8,45,3805000,-709800,38.0,,,19.27,120340,,1,2000
1790265569,2026-09-24T15:59:29Z,57058,1790208587,6.1.187-android14-11-SAGA,49646d1b0cd1,cc_governor,cc_governor,461163,97927,599614,796934,138416,123,178906,50418,291490,366922,112580,5171,adios,0,adios,0,adios,0,56.2,61.1,54.3,38.0,58.8,44.9,45,3816000,-610300,38.0,,,18.69,90172,,1,2000
1790265605,2026-09-24T16:00:05Z,57093,1790208587,6.1.187-android14-11-SAGA,49646d1b0cd1,cc_governor,cc_governor,513392,105633,658872,873969,145503,128,185866,59730,306951,392080,121087,5469,adios,0,adios,0,adios,0,57.8,61.7,,38.0,61.0,45.6,44,3814000,-704900,39.0,,,18.50,103956,,1,2000
1790265641,2026-09-24T16:00:41Z,57129,1790208587,6.1.187-android14-11-SAGA,49646d1b0cd1,cc_governor,cc_governor,566745,107559,724819,950650,158082,131,195048,62364,333402,421873,138378,5789,adios,0,adios,0,adios,0,57.1,63.5,58.4,39.0,67.1,46.9,44,3799000,-1152300,38.0,,,18.30,102200,,1,2000
1790265678,2026-09-24T16:01:18Z,57166,1790208587,6.1.187-android14-11-SAGA,49646d1b0cd1,cc_governor,cc_governor,617019,110622,787877,1024390,170840,144,211505,65482,365508,459398,154006,6160,adios,0,adios,0,adios,2,65.9,65.9,,39.0,65.8,48.4,44,3803000,-767800,39.0,,,18.36,72288,,1,2000
1790265714,2026-09-24T16:01:54Z,57203,1790208587,6.1.187-android14-11-SAGA,49646d1b0cd1,cc_governor,cc_governor,662805,111638,849749,1095752,186986,158,239763,66552,411180,509604,171459,6555,adios,0,adios,0,adios,0,51.7,51.1,50.8,39.0,52.3,45.0,44,3821000,-773900,39.0,,,19.44,109872,,1,2000
1790265757,2026-09-24T16:02:37Z,57245,1790208587,6.1.187-android14-11-SAGA,49646d1b0cd1,cc_governor,cc_governor,713693,112534,919679,1175538,205973,181,264803,67444,457549,560170,192742,7441,adios,0,adios,0,adios,0,57.6,59.3,54.7,39.0,65.0,47.5,44,3803000,-787900,39.0,,,20.73,94108,,1,2000
1790265793,2026-09-24T16:03:13Z,57282,1790208587,6.1.187-android14-11-SAGA,49646d1b0cd1,cc_governor,cc_governor,759703,113038,982608,1246690,222765,185,302229,67954,512726,617531,210444,7822,adios,0,adios,0,adios,0,65.1,66.3,58.8,39.0,74.1,49.4,44,3777000,-1126700,39.0,,,20.74,115064,,1,2000
1790265831,2026-09-24T16:03:51Z,57319,1790208587,6.1.187-android14-11-SAGA,49646d1b0cd1,cc_governor,cc_governor,821654,113370,1059218,1331075,237439,225,354384,68338,580861,687988,226472,8427,adios,0,adios,0,adios,0,63.2,64.8,57.3,40.0,69.9,48.6,43,3789000,-1004000,40.0,,,20.64,80196,,1,2000
1790265868,2026-09-24T16:04:28Z,57356,1790208587,6.1.187-android14-11-SAGA,49646d1b0cd1,cc_governor,cc_governor,873458,113947,1126703,1407109,253195,236,389239,69092,633958,743382,244709,8917,adios,0,adios,0,adios,0,60.3,63.0,56.7,40.0,67.0,47.9,43,3790000,-1133400,40.0,,,21.15,121848,,1,2000
1790265905,2026-09-24T16:05:05Z,57393,1790208587,6.1.187-android14-11-SAGA,49646d1b0cd1,cc_governor,cc_governor,919915,116683,1188207,1478618,268109,248,437628,71559,696807,809701,259122,9320,adios,0,adios,0,adios,0,63.8,66.2,58.4,39.0,70.7,48.7,43,3784000,-1329900,39.0,,,21.09,105340,,1,2000
1790265941,2026-09-24T16:05:41Z,57430,1790208587,6.1.187-android14-11-SAGA,49646d1b0cd1,cc_governor,cc_governor,983408,120247,1262644,1564868,279263,264,478721,75611,751924,869797,273210,9792,adios,0,adios,0,adios,0,57.7,60.6,,39.0,64.5,47.2,43,3785000,-892900,39.0,,,21.86,112428,,1,2000
1790265978,2026-09-24T16:06:18Z,57467,1790208587,6.1.187-android14-11-SAGA,49646d1b0cd1,cc_governor,cc_governor,1030637,125372,1322104,1636427,291487,270,513766,81174,801042,925332,287280,10171,adios,0,adios,0,adios,0,56.5,57.4,,39.0,68.7,47.0,43,3779000,-1149900,39.0,,,21.70,68488,,1,2000
1790266015,2026-09-24T16:06:55Z,57504,1790208587,6.1.187-android14-11-SAGA,49646d1b0cd1,cc_governor,cc_governor,1078588,130786,1382052,1708869,303375,284,550069,87256,851237,982699,301174,10639,adios,0,adios,0,adios,0,53.8,53.6,51.1,39.0,54.4,45.3,42,3786000,-1134600,39.0,,,20.63,81620,,1,2000
1790266053,2026-09-24T16:07:33Z,57542,1790208587,6.1.187-android14-11-SAGA,49646d1b0cd1,cc_governor,cc_governor,1127021,136117,1443557,1781704,316186,297,610704,92044,924325,1061909,313460,11123,adios,0,adios,0,adios,0,56.1,53.9,51.7,39.0,67.7,46.5,42,3764000,-1244500,39.0,,,22.90,78804,,1,2000
1790266093,2026-09-24T16:08:13Z,57582,1790208587,6.1.187-android14-11-SAGA,49646d1b0cd1,cc_governor,cc_governor,1198672,139606,1526400,1875771,327709,359,679237,96899,1003969,1147694,324713,12002,adios,0,adios,0,adios,0,63.8,65.8,57.9,39.0,66.4,48.2,42,3786000,-502900,39.0,,,22.24,124196,,1,2000
1790266130,2026-09-24T16:08:50Z,57618,1790208587,6.1.187-android14-11-SAGA,49646d1b0cd1,cc_governor,cc_governor,1254265,144658,1592822,1953448,338459,381,720024,102288,1056406,1206337,336376,12437,adios,0,adios,0,adios,0,61.9,65.2,56.8,39.0,69.0,47.8,42,3784000,-1354300,39.0,,,22.47,112644,,1,2000
1790266167,2026-09-24T16:09:27Z,57655,1790208587,6.1.187-android14-11-SAGA,49646d1b0cd1,cc_governor,cc_governor,1309559,147827,1660683,2032782,351102,395,751615,107092,1103053,1258695,351408,12866,adios,0,adios,0,adios,0,55.7,56.0,52.6,39.0,54.5,45.6,42,3801000,-590800,39.0,,,21.10,91780,,1,2000
1790266205,2026-09-24T16:10:05Z,57694,1790208587,6.1.187-android14-11-SAGA,49646d1b0cd1,cc_governor,cc_governor,1364137,154821,1725713,2111590,361397,408,797856,115255,1160306,1325481,362383,13403,adios,0,adios,0,adios,0,59.7,57.4,54.2,39.0,62.6,46.6,42,3771000,-1135800,39.0,,,22.09,98980,,1,2000
1790266244,2026-09-24T16:10:44Z,57732,1790208587,6.1.187-android14-11-SAGA,49646d1b0cd1,cc_governor,cc_governor,1436573,159238,1807750,2206317,371147,448,859039,120162,1234267,1405732,375221,14112,adios,0,adios,0,adios,0,55.4,57.9,,39.0,60.4,45.9,41,3784000,-686000,39.0,,,22.26,89208,,1,2000
1790266282,2026-09-24T16:11:22Z,57770,1790208587,6.1.187-android14-11-SAGA,49646d1b0cd1,cc_governor,cc_governor,1487676,163772,1872324,2282497,384470,463,909808,124886,1297947,1475476,388125,14590,adios,0,adios,0,adios,0,63.1,61.1,55.0,39.0,59.6,46.1,41,3798000,-686000,39.0,,,21.96,100392,,1,2000
1790266319,2026-09-24T16:11:59Z,57807,1790208587,6.1.187-android14-11-SAGA,49646d1b0cd1,cc_governor,cc_governor,1531765,171073,1927081,2352599,395342,469,934536,133339,1336073,1522915,401527,14994,adios,0,adios,0,adios,0,57.9,61.5,54.3,39.0,69.1,46.6,41,3759000,-1171800,39.0,,,21.90,76760,,1,2000
1790266356,2026-09-24T16:12:36Z,57845,1790208587,6.1.187-android14-11-SAGA,49646d1b0cd1,cc_governor,cc_governor,1594827,174645,2001869,2437708,406890,505,1003686,135656,1416960,1608083,413171,15523,adios,0,adios,0,adios,0,62.7,59.1,54.7,39.0,62.5,46.4,41,3777000,-910600,39.0,,,21.68,130356,,1,2000
1790266393,2026-09-24T16:13:13Z,57882,1790208587,6.1.187-android14-11-SAGA,49646d1b0cd1,cc_governor,cc_governor,1644845,179726,2063302,2513183,418402,513,1029510,141790,1455967,1654183,426425,15966,adios,0,adios,0,adios,0,59.6,59.3,,39.0,68.0,46.8,41,3776000,-953300,39.0,,,20.81,88508,,1,2000
1790266430,2026-09-24T16:13:50Z,57918,1790208587,6.1.187-android14-11-SAGA,49646d1b0cd1,cc_governor,cc_governor,1694720,188845,2121404,2586378,426520,521,1088133,150175,1521968,1729802,433704,16410,adios,0,adios,0,adios,0,57.6,58.4,54.3,39.0,59.6,46.1,41,3786000,-631100,39.0,,,22.89,118124,,1,2000
1790266468,2026-09-24T16:14:28Z,57957,1790208587,6.1.187-android14-11-SAGA,49646d1b0cd1,cc_governor,cc_governor,1767237,195518,2201247,2679911,433808,548,1163750,155991,1606151,1821224,442327,16996,adios,0,adios,0,adios,0,63.6,62.8,56.8,39.0,63.3,47.1,40,3771000,-1132200,39.0,,,25.28,121204,,1,2000
1790266506,2026-09-24T16:15:06Z,57994,1790208587,6.1.187-android14-11-SAGA,49646d1b0cd1,cc_governor,cc_governor,1824651,207620,2261262,2762175,436573,560,1184463,171533,1630996,1862096,446512,17427,adios,0,adios,0,adios,0,57.6,59.7,54.1,39.0,63.0,46.4,40,3783000,-902100,39.0,,,23.13,104624,,1,2000
1790266543,2026-09-24T16:15:43Z,58031,1790208587,6.1.187-android14-11-SAGA,49646d1b0cd1,cc_governor,cc_governor,1875123,217521,2319037,2837356,443905,566,1228782,181155,1683303,1924909,454506,17859,adios,0,adios,0,adios,0,61.5,62.4,55.3,39.0,67.2,46.9,40,3770000,-792200,39.0,,,24.88,126704,,1,2000
1790266581,2026-09-24T16:16:21Z,58069,1790208587,6.1.187-android14-11-SAGA,49646d1b0cd1,cc_governor,cc_governor,1942334,225304,2393309,2926195,450984,587,1292381,189663,1754579,2006282,462197,18504,adios,0,adios,0,adios,0,52.0,51.4,49.5,39.0,55.9,44.8,40,3793000,-651200,39.0,,,24.12,118648,,1,2000
1790266620,2026-09-24T16:17:00Z,58108,1790208587,6.1.187-android14-11-SAGA,49646d1b0cd1,cc_governor,cc_governor,1981224,230185,2447936,2993785,466554,599,1315301,195221,1794390,2053089,479079,18986,adios,0,adios,0,adios,0,58.4,61.9,55.3,39.0,72.1,47.6,40,3751000,-1228000,39.0,,,24.55,162848,,1,2000
1790266658,2026-09-24T16:17:38Z,58146,1790208587,6.1.187-android14-11-SAGA,49646d1b0cd1,cc_governor,cc_governor,2048931,237925,2521633,3083816,472689,665,1373808,204299,1859626,2129180,485794,19748,adios,0,adios,0,adios,0,62.1,62.1,57.0,39.0,65.7,47.6,40,3773000,-853200,39.0,,,22.78,114544,,1,2000
1790266695,2026-09-24T16:18:15Z,58183,1790208587,6.1.187-android14-11-SAGA,49646d1b0cd1,cc_governor,cc_governor,2105340,238431,2592915,3168285,487572,681,1422566,204645,1923344,2198310,500774,20165,adios,0,adios,0,adios,2,67.2,66.0,62.4,39.0,72.0,49.9,39,3758000,-1345800,39.0,,,25.67,118880,,1,2000
1790266733,2026-09-24T16:18:53Z,58222,1790208587,6.1.187-android14-11-SAGA,49646d1b0cd1,cc_governor,cc_governor,2160655,239650,2662149,3253007,501503,901,1463230,205766,1975901,2258378,512691,20849,adios,0,adios,0,adios,0,71.2,73.1,66.6,40.0,74.4,51.4,39,3739000,-1456900,39.0,,,29.34,141432,,1,2000
1790266771,2026-09-24T16:19:31Z,58259,1790208587,6.1.187-android14-11-SAGA,49646d1b0cd1,cc_governor,cc_governor,2219250,240544,2735996,3343213,516713,949,1510917,206755,2037090,2324363,526168,21366,adios,0,adios,0,adios,0,66.8,66.1,62.0,40.0,71.8,50.1,39,3748000,-1044900,40.0,,,26.19,181580,,1,2000
1790266808,2026-09-24T16:20:08Z,58296,1790208587,6.1.187-android14-11-SAGA,49646d1b0cd1,cc_governor,cc_governor,2283903,245730,2809575,3438716,525614,965,1544026,212643,2081916,2376769,537882,21755,adios,0,adios,0,adios,0,65.2,64.4,59.9,40.0,65.0,49.4,39,3766000,-811100,40.0,,,24.44,75316,,1,2000
1790266844,2026-09-24T16:20:44Z,58332,1790208587,6.1.187-android14-11-SAGA,49646d1b0cd1,cc_governor,cc_governor,2346058,246495,2883859,3522836,537803,969,1568221,213407,2123119,2420622,554908,22102,adios,0,adios,0,adios,0,60.1,62.1,54.8,40.0,60.1,47.1,38,3781000,-689600,40.0,,,21.82,74620,,1,2000
1790266880,2026-09-24T16:21:20Z,58368,1790208587,6.1.187-android14-11-SAGA,49646d1b0cd1,cc_governor,cc_governor,2407330,247651,2957034,3605065,549700,977,1586228,215384,2157242,2458088,571032,22434,adios,0,adios,0,adios,0,54.2,54.6,,39.0,64.1,46.5,38,3763000,-1006400,39.0,,,21.19,101572,,1,2000
1790266916,2026-09-24T16:21:56Z,58404,1790208587,6.1.187-android14-11-SAGA,49646d1b0cd1,cc_governor,cc_governor,2462677,249848,3024584,3683637,561896,982,1603331,218957,2189305,2494546,585995,22746,adios,0,adios,0,adios,0,55.0,56.0,51.8,39.0,62.9,46.0,38,3760000,-883700,39.0,,,20.43,114668,,1,2000
1790266952,2026-09-24T16:22:32Z,58440,1790208587,6.1.187-android14-11-SAGA,49646d1b0cd1,cc_governor,cc_governor,2521969,252669,3095130,3764573,573030,989,1635410,221601,2235444,2545049,599974,23076,adios,0,adios,0,adios,0,56.8,57.7,52.9,39.0,66.3,46.3,38,3761000,-908200,39.0,,,20.78,91728,,1,2000
1790266988,2026-09-24T16:23:08Z,58476,1790208587,6.1.187-android14-11-SAGA,49646d1b0cd1,cc_governor,cc_governor,2570610,254709,3157714,3837854,587055,993,1654175,224064,2270662,2583911,616488,23412,adios,0,adios,0,adios,0,59.9,57.2,54.6,39.0,58.8,46.0,38,3781000,-665200,39.0,,,20.13,104864,,1,2000
1790267024,2026-09-24T16:23:44Z,58513,1790208587,6.1.187-android14-11-SAGA,49646d1b0cd1,cc_governor,cc_governor,2620477,260075,3218221,3912809,597598,1021,1674050,229903,2302086,2622468,628026,23791,adios,0,adios,0,adios,3,70.7,75.6,67.8,39.0,79.0,50.9,38,3737000,-1669300,39.0,,,23.68,112628,,1,2000
1790267067,2026-09-24T16:24:27Z,58555,1790208587,6.1.187-android14-11-SAGA,49646d1b0cd1,cc_governor,cc_governor,2702368,260895,3313287,4031512,610752,1402,1743417,230663,2384237,2716707,640799,24756,adios,0,adios,0,adios,0,71.3,72.6,62.4,40.0,75.5,51.0,37,3720000,-1831600,40.0,,,30.08,39140,,1,2000
1790267108,2026-09-24T16:25:08Z,58597,1790208587,6.1.187-android14-11-SAGA,49646d1b0cd1,cc_governor,cc_governor,2766433,262780,3392528,4122996,626109,1588,1802954,232416,2459495,2798076,656465,25705,adios,0,adios,0,adios,0,65.9,66.3,59.4,40.0,71.4,49.5,37,3756000,-1209100,40.0,,,27.05,100044,,1,2000
1790267145,2026-09-24T16:25:45Z,58634,1790208587,6.1.187-android14-11-SAGA,49646d1b0cd1,cc_governor,cc_governor,2854539,262879,3490244,4229671,635590,1635,1873898,232660,2544485,2885541,670495,26240,adios,0,adios,0,adios,0,64.7,63.3,58.7,39.0,68.5,49.1,37,3734000,-936200,40.0,,,23.46,126824,,1,2000
1790267182,2026-09-24T16:26:22Z,58671,1790208587,6.1.187-android14-11-SAGA,49646d1b0cd1,cc_governor,cc_governor,2917552,263745,3566208,4314668,648661,1647,1932980,233663,2618053,2961850,685060,26662,adios,0,adios,0,adios,0,63.1,65.5,59.0,39.0,69.8,49.2,37,3722000,-1215200,40.0,,,25.85,81272,,1,2000
1790267219,2026-09-24T16:26:59Z,58708,1790208587,6.1.187-android14-11-SAGA,49646d1b0cd1,cc_governor,cc_governor,2980204,265215,3641752,4399899,661366,1668,1978715,235546,2679345,3026400,700570,27154,adios,0,adios,0,adios,0,64.8,67.2,58.9,40.0,72.0,49.2,36,3730000,-1224300,40.0,,,24.50,114312,,1,2000
1790267257,2026-09-24T16:27:37Z,58746,1790208587,6.1.187-android14-11-SAGA,49646d1b0cd1,cc_governor,cc_governor,3059121,267335,3730908,4499679,671723,1708,2042733,238291,2756840,3108472,714097,27748,adios,0,adios,0,adios,0,64.3,68.1,59.3,40.0,67.5,49.2,36,3750000,-918500,40.0,,,23.53,106220,,1,2000
1790267294,2026-09-24T16:28:15Z,58783,1790208587,6.1.187-android14-11-SAGA,49646d1b0cd1,cc_governor,cc_governor,3111291,271503,3795676,4576050,684353,1754,2084522,242894,2812315,3169967,727789,28285,adios,0,adios,0,adios,0,62.0,62.3,56.8,39.0,69.2,48.2,36,3722000,-1197500,39.0,,,22.21,108456,,1,2000
1790267332,2026-09-24T16:28:52Z,58820,1790208587,6.1.187-android14-11-SAGA,49646d1b0cd1,cc_governor,cc_governor,3203371,272292,3896463,4686966,692985,1789,2143240,243844,2886308,3246832,743059,28826,adios,0,adios,0,adios,0,63.4,63.6,,39.0,64.7,48.4,36,3743000,-1087000,40.0,,,23.27,94084,,1,2000
1790267369,2026-09-24T16:29:29Z,58857,1790208587,6.1.187-android14-11-SAGA,49646d1b0cd1,cc_governor,cc_governor,3265312,276848,3968277,4770797,702952,1813,2196640,248787,2951106,3318184,754474,29290,adios,0,adios,0,adios,0,60.9,63.4,57.0,39.0,68.6,48.0,36,3730000,-1218800,39.0,,,21.50,76876,,1,2000
1790267406,2026-09-24T16:30:06Z,58894,1790208587,6.1.187-android14-11-SAGA,49646d1b0cd1,cc_governor,cc_governor,3321548,279614,4037533,4850813,715954,1838,2234945,253001,3003461,3375960,768509,29761,adios,0,adios,0,adios,0,62.8,66.6,57.6,39.0,70.7,48.4,35,3725000,-1461700,39.0,,,22.83,71300,,1,2000
1790267443,2026-09-24T16:30:43Z,58931,1790208587,6.1.187-android14-11-SAGA,49646d1b0cd1,cc_governor,cc_governor,3381878,282723,4109933,4934121,728028,1873,2283178,256556,3065780,3443048,782545,30293,adios,0,adios,0,adios,0,60.5,61.7,56.4,39.0,69.2,47.7,35,3717000,-864800,39.0,,,21.41,106540,,1,2000
1790267480,2026-09-24T16:31:20Z,58968,1790208587,6.1.187-android14-11-SAGA,49646d1b0cd1,cc_governor,cc_governor,3437912,288793,4175494,5012855,737421,1890,2328016,263872,3120713,3506309,792573,30714,adios,0,adios,0,adios,0,63.6,66.3,57.2,39.0,70.9,48.2,35,3737000,-1487400,39.0,,,21.50,104452,,1,2000
1790267517,2026-09-24T16:31:57Z,59005,1790208587,6.1.187-android14-11-SAGA,49646d1b0cd1,cc_governor,cc_governor,3495629,292610,4245147,5094144,749533,1931,2375101,267572,3180957,3571565,805852,31221,adios,0,adios,0,adios,0,60.2,62.7,56.4,39.0,65.4,47.6,35,3724000,-1093700,39.0,,,21.40,108192,,1,2000
1790267553,2026-09-24T16:32:33Z,59042,1790208587,6.1.187-android14-11-SAGA,49646d1b0cd1,cc_governor,cc_governor,3557914,296314,4318302,5179596,760185,1954,2424758,271539,3243482,3639992,818551,31653,adios,0,adios,0,adios,0,64.9,66.6,,39.0,63.6,48.1,35,3740000,-1050400,39.0,,,21.49,99588,,1,2000
1790267591,2026-09-24T16:33:11Z,59079,1790208587,6.1.187-android14-11-SAGA,49646d1b0cd1,cc_governor,cc_governor,3592341,300886,4368577,5241322,776128,1974,2452667,275893,3287229,3689684,834514,32088,adios,0,adios,0,adios,0,61.9,62.1,57.7,39.0,74.4,49.5,34,3696000,-1580800,39.0,,,23.92,81092,,1,2000
1790267635,2026-09-24T16:33:55Z,59123,1790208587,6.1.187-android14-11-SAGA,49646d1b0cd1,cc_governor,cc_governor,3659072,301631,4451025,5337893,791899,2460,2497169,276569,3347894,3759288,850745,33082,adios,0,adios,0,adios,0,61.0,59.2,55.1,39.0,66.2,47.7,34,3741000,-1077200,39.0,,,22.98,120236,,1,2000
1790267671,2026-09-24T16:34:31Z,59159,1790208587,6.1.187-android14-11-SAGA,49646d1b0cd1,cc_governor,cc_governor,3695549,303050,4504800,5400713,809269,2466,2520270,277941,3388968,3803861,868689,33432,adios,0,adios,0,adios,0,60.3,60.2,58.0,39.0,63.0,47.4,34,3728000,-844100,39.0,,,22.70,115516,,1,2000
1790267707,2026-09-24T16:35:07Z,59196,1790208587,6.1.187-android14-11-SAGA,49646d1b0cd1,cc_governor,cc_governor,3735969,304453,4561653,5467298,825664,2471,2546546,279515,3433113,3851395,886532,33786,adios,0,adios,0,adios,0,64.9,65.7,63.4,39.0,67.4,48.6,34,3735000,-1063200,40.0,,,21.62,108480,,1,2000
1790267744,2026-09-24T16:35:44Z,59232,1790208587,6.1.187-android14-11-SAGA,49646d1b0cd1,cc_governor,cc_governor,3784548,305489,4625267,5539180,840721,2472,2574610,280583,3478201,3901534,903619,34162,adios,0,adios,0,adios,0,53.5,54.1,52.4,39.0,55.6,46.3,33,3744000,-918500,39.0,,,22.22,91120,,1,2000
1790267783,2026-09-24T16:36:23Z,59271,1790208587,6.1.187-android14-11-SAGA,49646d1b0cd1,cc_governor,cc_governor,3830296,310943,4684500,5612500,854184,2482,2594756,287305,3514510,3946141,919760,34645,adios,0,adios,0,adios,14,55.1,54.3,51.8,39.0,56.6,45.7,33,3741000,-891700,39.0,,,21.61,100796,,1,2000
1790267821,2026-09-24T16:37:01Z,59310,1790208587,6.1.187-android14-11-SAGA,49646d1b0cd1,cc_governor,cc_governor,3880080,312418,4750818,5686910,870723,2500,2649882,288643,3586185,4021103,936320,35173,adios,0,adios,0,adios,0,62.8,62.8,57.3,39.0,67.1,47.7,33,3722000,-913600,39.0,,,22.91,121168,,1,2000
1790267858,2026-09-24T16:37:38Z,59347,1790208587,6.1.187-android14-11-SAGA,49646d1b0cd1,cc_governor,cc_governor,3956564,313250,4838450,5783665,881735,2534,2711385,289691,3662627,4100383,951245,35731,adios,0,adios,0,adios,0,65.3,67.1,58.9,39.0,72.8,48.6,33,3717000,-1184600,39.0,,,23.85,79860,,1,2000
1790267897,2026-09-24T16:38:17Z,59385,1790208587,6.1.187-android14-11-SAGA,49646d1b0cd1,cc_governor,cc_governor,4012933,314203,4911032,5865410,897924,2577,2760504,291027,3728742,4170698,968182,36409,adios,0,adios,0,adios,0,65.7,67.4,59.3,39.0,75.6,49.6,33,3703000,-1444000,39.0,,,23.55,191464,,1,2000
1790267936,2026-09-24T16:38:56Z,59424,1790208587,6.1.187-android14-11-SAGA,49646d1b0cd1,cc_governor,cc_governor,4099793,314597,5008180,5972084,908281,2697,2842655,291437,3824301,4270449,981647,37125,adios,0,adios,0,adios,0,66.5,69.1,60.9,40.0,71.0,50.0,32,3726000,-1112600,40.0,,,23.75,157124,,1,2000
1790267973,2026-09-24T16:39:33Z,59461,1790208587,6.1.187-android14-11-SAGA,49646d1b0cd1,cc_governor,cc_governor,4151031,316964,5074039,6047250,922967,2734,2880025,294855,3876963,4327783,996800,37722,adios,0,adios,0,adios,0,65.6,69.0,60.2,40.0,73.3,49.8,32,3705000,-1403100,40.0,,,22.39,235400,,1,2000
1790268011,2026-09-24T16:40:11Z,59499,1790208587,6.1.187-android14-11-SAGA,49646d1b0cd1,cc_governor,cc_governor,4214067,319069,5150071,6133448,935854,2814,2936806,297067,3948777,4403864,1011823,38377,adios,0,adios,0,adios,0,67.8,68.3,61.3,40.0,72.7,50.3,32,3720000,-1265200,40.0,,,22.60,93752,,1,2000
1790268049,2026-09-24T16:40:49Z,59537,1790208587,6.1.187-android14-11-SAGA,49646d1b0cd1,cc_governor,cc_governor,4302677,323627,5244143,6241357,941433,2874,3011060,303490,4031272,4494716,1020207,39050,adios,0,adios,0,adios,0,62.0,61.9,57.6,41.0,67.9,49.6,32,3726000,-1151100,41.0,,,21.87,65488,,1,2000
1790268086,2026-09-24T16:41:26Z,59574,1790208587,6.1.187-android14-11-SAGA,49646d1b0cd1,cc_governor,cc_governor,4350232,326676,5305761,6312669,955536,2883,3049680,306461,4084946,4552409,1035210,39476,adios,0,adios,0,adios,0,62.0,64.7,58.0,41.0,67.6,49.2,31,3739000,-791600,41.0,,,22.43,91088,,1,2000
1790268122,2026-09-24T16:42:02Z,59611,1790208587,6.1.187-android14-11-SAGA,49646d1b0cd1,cc_governor,cc_governor,4406888,330514,5373785,6391947,966822,2901,3091615,311467,4140046,4613808,1048260,39918,adios,0,adios,0,adios,0,62.8,65.8,57.5,40.0,71.2,49.9,31,3707000,-1327500,41.0,,,21.73,109232,,1,2000
1790268160,2026-09-24T16:42:40Z,59649,1790208587,6.1.187-android14-11-SAGA,49646d1b0cd1,cc_governor,cc_governor,4488937,333569,5464084,6493775,975153,2959,3147043,316760,4207030,4688686,1059924,40624,adios,0,adios,0,adios,0,65.1,63.4,58.7,41.0,69.4,50.1,31,3732000,-1020500,41.0,,,22.98,172504,,1,2000
1790268198,2026-09-24T16:43:18Z,59687,1790208587,6.1.187-android14-11-SAGA,49646d1b0cd1,cc_governor,cc_governor,4558658,337233,5544153,6585506,985269,3001,3205621,321585,4277423,4765898,1071684,41164,adios,0,adios,0,adios,0,64.8,67.2,61.4,41.0,72.0,51.0,31,3711000,-1268900,41.0,,,25.71,124176,,1,2000
1790268236,2026-09-24T16:43:56Z,59724,1790208587,6.1.187-android14-11-SAGA,49646d1b0cd1,cc_governor,cc_governor,4604889,342819,5602705,6656185,997816,3045,3241819,327453,4327419,4823349,1085618,41704,adios,0,adios,0,adios,0,59.8,61.9,56.6,41.0,64.2,49.1,31,3730000,-1531300,41.0,,,22.79,161244,,1,2000
1790268272,2026-09-24T16:44:32Z,59761,1790208587,6.1.187-android14-11-SAGA,49646d1b0cd1,cc_governor,cc_governor,4661847,348019,5670155,6736451,1008134,3055,3282856,333078,4381107,4884041,1098141,42174,adios,0,adios,0,adios,0,67.0,71.3,62.4,41.0,76.4,51.5,30,3696000,-1286600,41.0,,,24.04,143984,,1,2000
1790268311,2026-09-24T16:45:11Z,59800,1790208587,6.1.187-android14-11-SAGA,49646d1b0cd1,cc_governor,cc_governor,4756277,351401,5771022,6850747,1014675,3187,3360243,337803,4468300,4978556,1107939,42906,adios,0,adios,0,adios,0,68.9,71.1,62.9,42.0,75.8,52.2,30,3690000,-1472100,42.0,,,23.33,112320,,1,2000
1790268349,2026-09-24T16:45:49Z,59837,1790208587,6.1.187-android14-11-SAGA,49646d1b0cd1,cc_governor,cc_governor,4803134,359504,5827837,6922787,1024735,3267,3396573,347613,4514423,5035939,1117867,43553,adios,0,adios,0,adios,0,62.1,65.0,58.1,42.0,69.0,50.4,30,3735000,-827600,42.0,,,21.84,100192,,1,2000
1790268386,2026-09-24T16:46:26Z,59874,1790208587,6.1.187-android14-11-SAGA,49646d1b0cd1,cc_governor,cc_governor,4825747,370703,5861175,6973005,1035444,3278,3415012,358146,4543119,5076017,1128124,43977,adios,0,adios,0,adios,0,58.8,60.9,56.8,42.0,66.7,49.7,30,3726000,-1069300,42.0,,,21.42,95800,,1,2000
1790268422,2026-09-24T16:47:02Z,59911,1790208587,6.1.187-android14-11-SAGA,49646d1b0cd1,cc_governor,cc_governor,4847132,383140,5892368,7022301,1045218,3286,3432200,370029,4569319,5114602,1137119,44398,adios,0,adios,0,adios,0,60.7,62.9,58.2,42.0,71.7,50.7,30,3702000,-1148600,42.0,,,21.49,78548,,1,2000
1790268459,2026-09-24T16:47:39Z,59947,1790208587,6.1.187-android14-11-SAGA,49646d1b0cd1,cc_governor,cc_governor,4878851,390361,5936954,7080195,1058106,3313,3459029,376919,4610062,5163768,1151051,44888,adios,0,adios,0,adios,0,60.3,65.7,58.4,42.0,75.4,51.1,29,3713000,-1276800,42.0,,,20.64,110132,,1,2000
1790268496,2026-09-24T16:48:16Z,59985,1790208587,6.1.187-android14-11-SAGA,49646d1b0cd1,cc_governor,cc_governor,4907724,396302,5980623,7136304,1072896,3365,3487078,382896,4652582,5213950,1165465,45379,adios,0,adios,0,adios,3,57.8,57.6,,43.0,61.3,49.6,29,3731000,-763500,43.0,,,21.46,86436,,1,2000
1790268534,2026-09-24T16:48:54Z,60022,1790208587,6.1.187-android14-11-SAGA,49646d1b0cd1,cc_governor,cc_governor,4955023,399248,6042303,7208180,1087222,3370,3508970,386304,4692066,5258631,1183111,45797,adios,0,adios,0,adios,0,61.2,61.3,58.0,43.0,63.5,49.8,29,3718000,-848300,43.0,,,20.93,97068,,1,2000
1790268570,2026-09-24T16:49:30Z,60058,1790208587,6.1.187-android14-11-SAGA,49646d1b0cd1,cc_governor,cc_governor,5005232,405416,6101689,7282365,1096448,3373,3523298,394258,4718799,5294787,1195499,46119,adios,0,adios,0,adios,0,60.4,60.0,57.3,43.0,69.2,49.9,29,3722000,-1132200,43.0,,,19.85,148444,,1,2000
1790268606,2026-09-24T16:50:06Z,60094,1790208587,6.1.187-android14-11-SAGA,49646d1b0cd1,cc_governor,cc_governor,5054801,412185,6159906,7355345,1105124,3378,3535177,401331,4742678,5326966,1207514,46414,adios,0,adios,0,adios,0,59.5,60.3,57.1,43.0,67.4,50.0,29,3730000,-880100,43.0,,,19.43,113620,,1,2000
1790268641,2026-09-24T16:50:41Z,60130,1790208587,6.1.187-android14-11-SAGA,49646d1b0cd1,cc_governor,cc_governor,5093176,417604,6207648,7416387,1114485,3408,3553104,408337,4769703,5365052,1216601,46771,adios,0,adios,0,adios,0,64.1,60.1,,43.0,59.1,50.5,29,3742000,-328900,44.0,,,35.98,120128,,1,2000
1790268865,2026-09-24T16:54:25Z,60354,1790208587,6.1.187-android14-11-SAGA,49646d1b0cd1,cc_governor,cc_governor,131,119,1606,1829,1488,0,196,15,498,520,307,13,adios,0,adios,0,adios,0,47.1,47.7,,40.0,49.6,43.0,29,3765000,-213600,41.0,,,26.65,125116,,1,2000
1790269135,2026-09-24T16:58:55Z,60623,1790208587,6.1.187-android14-11-SAGA,49646d1b0cd1,cc_governor,cc_governor,2,0,42,59,62,0,12,0,58,62,50,8,adios,0,adios,0,adios,0,43.0,43.1,,38.0,44.4,39.9,28,3766000,-222700,39.0,,,37.11,123128,,1,2000
1790269271,2026-09-24T17:01:11Z,60760,1790208587,6.1.187-android14-11-SAGA,49646d1b0cd1,cc_governor,cc_governor,9,0,92,113,96,0,15,0,72,79,63,14,adios,0,adios,0,adios,0,43.4,43.5,,38.0,47.0,40.1,28,3754000,-444300,38.0,,,29.27,119980,,1,2000
1790269311,2026-09-24T17:01:51Z,60799,1790208587,6.1.187-android14-11-SAGA,49646d1b0cd1,cc_governor,cc_governor,8601,2453,14340,18967,5739,29,6646,432,9426,11877,2780,183,adios,0,adios,0,adios,0,47.5,48.1,,38.0,50.0,42.4,28,3742000,-564500,38.0,,,24.31,108680,,1,2000
1790269346,2026-09-24T17:02:26Z,60834,1790208587,6.1.187-android14-11-SAGA,49646d1b0cd1,cc_governor,cc_governor,16746,5419,33724,44020,16995,56,10503,1425,17958,22119,7459,693,adios,0,adios,0,adios,0,46.0,45.9,,38.0,49.4,41.6,28,3732000,-607900,38.0,,,20.99,185248,,1,2000
1790269381,2026-09-24T17:03:01Z,60869,1790208587,6.1.187-android14-11-SAGA,49646d1b0cd1,cc_governor,cc_governor,30005,11652,54298,74125,24311,62,17726,3398,29641,36683,11919,1211,adios,0,adios,0,adios,0,49.6,52.8,,38.0,53.0,42.6,28,3714000,-491300,38.0,,,19.84,205388,,1,2000
1790269428,2026-09-24T17:03:48Z,60916,1790208587,6.1.187-android14-11-SAGA,49646d1b0cd1,cc_governor,cc_governor,8994,195,11383,13982,2413,21,4965,152,7050,8540,2121,160,adios,0,adios,0,adios,4,63.4,71.6,,38.0,74.6,49.0,28,3659000,-1543500,38.0,,,29.35,98780,,1,2000
1790269478,2026-09-24T17:04:38Z,60966,1790208587,6.1.187-android14-11-SAGA,49646d1b0cd1,cc_governor,cc_governor,46075,1417,64239,75078,18168,527,29894,1023,43737,51023,13725,1028,adios,0,adios,0,adios,11,51.4,50.3,,39.0,74.1,47.3,27,3700000,-1215200,39.0,,,25.78,87264,,1,2000
1790269520,2026-09-24T17:05:20Z,61008,1790208587,6.1.187-android14-11-SAGA,49646d1b0cd1,cc_governor,cc_governor,106525,2075,140937,161067,34394,625,67118,1730,97309,112562,30206,1929,adios,0,adios,0,adios,0,60.1,54.7,52.3,39.0,65.5,46.7,27,3703000,-1020500,39.0,,,23.43,94668,,1,2000
1790269558,2026-09-24T17:05:58Z,61047,1790208587,6.1.187-android14-11-SAGA,49646d1b0cd1,cc_governor,cc_governor,154292,4273,204121,234424,49827,645,87392,3792,134788,153840,47410,2517,adios,0,adios,0,adios,0,56.6,60.5,55.0,39.0,69.8,48.0,27,3690000,-1420800,39.0,,,22.20,127244,,1,2000
1790269594,2026-09-24T17:06:34Z,61083,1790208587,6.1.187-android14-11-SAGA,49646d1b0cd1,cc_governor,cc_governor,191729,10273,253910,298213,62153,651,99811,9590,159091,185176,59275,2814,adios,0,adios,0,adios,0,61.1,60.8,57.3,40.0,68.0,47.8,27,3704000,-1312200,39.0,,,21.24,115864,,1,2000
1790269631,2026-09-24T17:07:11Z,61119,1790208587,6.1.187-android14-11-SAGA,49646d1b0cd1,cc_governor,cc_governor,225867,11499,305919,358603,80031,658,116942,10525,194485,223133,77540,3122,adios,0,adios,0,adios,0,62.4,64.3,61.3,40.0,68.5,48.9,27,3697000,-1228000,40.0,,,21.38,99948,,1,2000
1790269667,2026-09-24T17:07:47Z,61155,1790208587,6.1.187-android14-11-SAGA,49646d1b0cd1,cc_governor,cc_governor,266590,16526,358854,423830,92263,660,135219,16560,225868,261148,90571,3478,adios,0,adios,0,adios,0,68.4,70.2,64.3,40.0,71.9,50.5,26,3693000,-1408000,40.0,,,21.08,103900,,1,2000
1790269703,2026-09-24T17:08:23Z,61191,1790208587,6.1.187-android14-11-SAGA,49646d1b0cd1,cc_governor,cc_governor,312232,19581,417771,492007,105496,669,157934,19534,263940,305734,105984,3802,adios,0,adios,0,adios,0,54.8,54.3,53.8,41.0,55.4,47.3,26,3715000,-652400,40.0,,,20.72,85052,,1,2000
1790269743,2026-09-24T17:09:03Z,61231,1790208587,6.1.187-android14-11-SAGA,49646d1b0cd1,cc_governor,cc_governor,342937,22868,467809,551896,124903,682,179872,22776,304661,352412,124807,4448,adios,0,adios,0,adios,0,64.8,62.9,57.5,41.0,66.0,49.1,26,3696000,-1180400,40.0,,,20.69,73132,,1,2000
1790269780,2026-09-24T17:09:40Z,61268,1790208587,6.1.187-android14-11-SAGA,49646d1b0cd1,cc_governor,cc_governor,406805,23196,544240,636979,137252,713,230569,23125,371052,422039,140345,4916,adios,0,adios,0,adios,0,67.8,68.9,61.0,40.0,75.2,51.0,25,3662000,-1522200,41.0,,,21.54,124376,,1,2000
1790269817,2026-09-24T17:10:17Z,61306,1790208587,6.1.187-android14-11-SAGA,49646d1b0cd1,cc_governor,cc_governor,468151,23736,619561,720459,151373,780,278255,23785,434977,488684,156729,5601,adios,0,adios,0,adios,0,60.6,62.3,58.0,41.0,71.9,50.2,25,3675000,-1237100,41.0,,,22.87,108908,,1,2000
1790269854,2026-09-24T17:10:54Z,61343,1790208587,6.1.187-android14-11-SAGA,49646d1b0cd1,cc_governor,cc_governor,525037,24095,691374,799923,166328,805,325159,24166,499001,554788,173795,6054,adios,0,adios,0,adios,0,64.4,65.6,59.3,41.0,69.7,50.2,25,3692000,-1060700,41.0,,,22.27,93284,,1,2000
1790269891,2026-09-24T17:11:31Z,61379,1790208587,6.1.187-android14-11-SAGA,49646d1b0cd1,cc_governor,cc_governor,582450,28157,759931,880969,177340,843,374157,28692,560116,622585,185876,6492,adios,0,adios,0,adios,11,69.4,70.8,62.1,41.0,74.6,51.1,25,3664000,-1290800,41.0,,,22.18,141404,,1,2000
1790269929,2026-09-24T17:12:09Z,61417,1790208587,6.1.187-android14-11-SAGA,49646d1b0cd1,cc_governor,cc_governor,647650,28608,838489,967716,190856,886,423714,29286,625921,691454,202225,7063,adios,0,adios,0,adios,0,60.9,65.2,57.6,41.0,61.4,49.1,24,3692000,-967400,41.0,,,22.68,85084,,1,2000
1790269966,2026-09-24T17:12:46Z,61455,1790208587,6.1.187-android14-11-SAGA,49646d1b0cd1,cc_governor,cc_governor,710971,30922,913788,1053267,202731,915,482090,31808,697623,767804,215492,7535,adios,0,adios,0,adios,2,66.9,71.1,62.0,41.0,77.4,51.6,24,3661000,-1279200,41.0,,,24.63,98316,,1,2000
1790270005,2026-09-24T17:13:25Z,61493,1790208587,6.1.187-android14-11-SAGA,49646d1b0cd1,cc_governor,cc_governor,792624,34086,1003364,1154676,210576,968,546232,35472,773836,850010,227504,8302,adios,0,adios,0,adios,0,66.5,67.5,61.2,41.0,75.8,51.4,24,3665000,-1481300,41.0,,,24.13,87468,,1,2000
1790270043,2026-09-24T17:14:03Z,61531,1790208587,6.1.187-android14-11-SAGA,49646d1b0cd1,cc_governor,cc_governor,880072,36084,1099060,1261712,218841,1014,613963,38464,853846,934762,239847,8931,adios,0,adios,0,adios,0,69.4,70.9,63.1,41.0,74.5,51.6,24,3653000,-1459300,41.0,,,25.58,97012,,1,2000
1790270080,2026-09-24T17:14:40Z,61569,1790208587,6.1.187-android14-11-SAGA,49646d1b0cd1,cc_governor,cc_governor,935585,40569,1166327,1341090,230739,1047,656786,42915,910173,996898,253387,9495,adios,0,adios,0,adios,0,61.5,61.7,56.9,41.0,69.1,49.7,23,3673000,-1072900,41.0,,,22.73,71416,,1,2000
1790270117,2026-09-24T17:15:17Z,61605,1790208587,6.1.187-android14-11-SAGA,49646d1b0cd1,cc_governor,cc_governor,981796,46929,1223166,1411126,241315,1063,690752,49211,956201,1050365,265330,9913,adios,0,adios,0,adios,0,66.4,69.9,61.0,41.0,73.5,51.1,23,3675000,-1169400,41.0,,,23.00,107856,,1,2000
1790270155,2026-09-24T17:15:55Z,61643,1790208587,6.1.187-android14-11-SAGA,49646d1b0cd1,cc_governor,cc_governor,1046557,49367,1300092,1498526,253522,1105,743119,51662,1022495,1120528,279338,10476,adios,0,adios,0,adios,0,62.8,64.4,58.0,41.0,68.6,49.9,23,3686000,-1284100,41.0,,,22.50,76760,,1,2000
1790270191,2026-09-24T17:16:31Z,61679,1790208587,6.1.187-android14-11-SAGA,49646d1b0cd1,cc_governor,cc_governor,1097033,53072,1363143,1572648,265976,1119,778785,55940,1071765,1175403,292987,10871,adios,0,adios,0,adios,0,65.0,69.6,61.4,41.0,73.7,51.2,23,3651000,-1427600,41.0,,,23.47,134816,,1,2000
1790270229,2026-09-24T17:17:09Z,61718,1790208587,6.1.187-android14-11-SAGA,49646d1b0cd1,cc_governor,cc_governor,1172566,55355,1449286,1671155,276629,1177,845419,59054,1150599,1261557,305131,11534,adios,0,adios,0,adios,30,73.3,74.2,63.9,41.0,80.2,52.7,22,3653000,-1665000,41.0,,,26.47,132812,,1,2000
1790270268,2026-09-24T17:17:48Z,61756,1790208587,6.1.187-android14-11-SAGA,49646d1b0cd1,cc_governor,cc_governor,1206313,57929,1499116,1731560,292780,1229,871462,61645,1193363,1311344,321856,12189,adios,0,adios,0,adios,0,63.5,64.8,58.1,41.0,70.5,50.2,22,3668000,-930100,41.0,,,27.48,137284,,1,2000
1790270305,2026-09-24T17:18:25Z,61793,1790208587,6.1.187-android14-11-SAGA,49646d1b0cd1,cc_governor,cc_governor,1279531,59902,1582435,1825635,302781,1258,934970,63644,1269844,1391786,334813,12708,adios,0,adios,0,adios,0,70.0,69.1,62.3,41.0,75.8,51.4,22,3658000,-1483700,41.0,,,27.28,80208,,1,2000
1790270343,2026-09-24T17:19:03Z,61831,1790208587,6.1.187-android14-11-SAGA,49646d1b0cd1,cc_governor,cc_governor,1364216,63611,1674173,1930726,309888,1295,1013608,68379,1357403,1486028,343715,13296,adios,0,adios,0,adios,0,68.4,67.9,61.2,41.0,75.7,51.5,21,3646000,-1266400,41.0,,,27.94,87308,,1,2000
1790270381,2026-09-24T17:19:41Z,61869,1790208587,6.1.187-android14-11-SAGA,49646d1b0cd1,cc_governor,cc_governor,1431346,68050,1750881,2019979,319484,1355,1068613,72992,1423622,1558282,355017,13948,adios,0,adios,0,adios,0,62.8,62.7,58.2,42.0,71.8,49.9,21,3664000,-798300,41.0,,,26.09,94488,,1,2000
1790270417,2026-09-24T17:20:17Z,61906,1790208587,6.1.187-android14-11-SAGA,49646d1b0cd1,cc_governor,cc_governor,1465680,69705,1802498,2079875,336816,1364,1106620,74529,1478463,1615771,371797,14375,adios,0,adios,0,adios,0,61.7,60.3,,41.0,73.4,50.1,21,3659000,-1355500,41.0,,,26.08,139808,,1,2000
1790270456,2026-09-24T17:20:56Z,61944,1790208587,6.1.187-android14-11-SAGA,49646d1b0cd1,cc_governor,cc_governor,1549916,72787,1894599,2184185,344422,1421,1185741,78404,1567377,1710768,381601,15097,adios,0,adios,0,adios,0,69.4,70.0,61.8,41.0,73.0,51.2,21,3674000,-1381200,41.0,,,26.60,91020,,1,2000
1790270493,2026-09-24T17:21:33Z,61981,1790208587,6.1.187-android14-11-SAGA,49646d1b0cd1,cc_governor,cc_governor,1638169,75350,1989585,2290884,351420,1457,1255447,82126,1646686,1795614,391235,15672,adios,0,adios,0,adios,0,65.2,63.7,58.7,41.0,71.5,50.2,20,3679000,-1120600,41.0,,,27.21,90292,,1,2000
1790270529,2026-09-24T17:22:09Z,62017,1790208587,6.1.187-android14-11-SAGA,49646d1b0cd1,cc_governor,cc_governor,1667297,76924,2036975,2347114,369671,1467,1284696,83560,1693255,1845649,408530,16057,adios,0,adios,0,adios,0,65.9,68.8,60.9,41.0,72.3,50.7,20,3650000,-1018000,41.0,,,26.66,75380,,1,2000
1790270566,2026-09-24T17:22:46Z,62055,1790208587,6.1.187-android14-11-SAGA,49646d1b0cd1,cc_governor,cc_governor,1734813,78127,2117122,2437225,382158,1492,1345920,85351,1767252,1923539,421257,16522,adios,0,adios,0,adios,0,68.0,68.5,61.1,41.0,74.8,50.9,20,3637000,-1016800,41.0,,,28.60,114572,,1,2000
1790270604,2026-09-24T17:23:24Z,62093,1790208587,6.1.187-android14-11-SAGA,49646d1b0cd1,cc_governor,cc_governor,1794359,80385,2189859,2523453,395484,1514,1392401,87589,1828874,1991485,436439,17047,adios,0,adios,0,adios,0,69.9,67.4,60.9,41.0,71.7,50.8,20,3644000,-1249300,41.0,,,27.84,133936,,1,2000
1790270641,2026-09-24T17:24:01Z,62130,1790208587,6.1.187-android14-11-SAGA,49646d1b0cd1,cc_governor,cc_governor,1840491,82879,2250705,2595069,410073,1573,1442035,89838,1892168,2060034,450048,17565,adios,0,adios,0,adios,0,69.4,71.7,62.8,41.0,76.9,51.3,19,3658000,-1235900,41.0,,,30.62,97468,,1,2000
1790270679,2026-09-24T17:24:39Z,62168,1790208587,6.1.187-android14-11-SAGA,49646d1b0cd1,cc_governor,cc_governor,1932952,85090,2350180,2707693,417085,1635,1516125,93636,1977309,2151575,461083,18174,adios,0,adios,0,adios,2,67.6,66.8,59.2,41.0,67.1,50.0,19,3647000,-1151100,41.0,,,26.72,108828,,1,2000
1790270716,2026-09-24T17:25:16Z,62204,1790208587,6.1.187-android14-11-SAGA,49646d1b0cd1,cc_governor,cc_governor,1963426,88925,2396961,2765361,433522,1640,1539806,97195,2016964,2196274,477078,18564,adios,0,adios,0,adios,0,57.6,58.0,54.5,41.0,65.2,48.4,19,3673000,-888000,41.0,,,23.67,114028,,1,2000
1790270753,2026-09-24T17:25:53Z,62242,1790208587,6.1.187-android14-11-SAGA,49646d1b0cd1,cc_governor,cc_governor,2008748,89625,2459144,2834871,450378,1649,1562670,97972,2058909,2240823,496189,19009,adios,0,adios,0,adios,0,62.7,67.7,,40.0,70.4,49.2,19,3655000,-908200,40.0,,,22.48,122864,,1,2000
1790270789,2026-09-24T17:26:29Z,62278,1790208587,6.1.187-android14-11-SAGA,49646d1b0cd1,cc_governor,cc_governor,2047722,95897,2509757,2898132,462008,1655,1583798,103776,2092356,2282924,508507,19302,adios,0,adios,0,adios,0,64.4,66.5,,41.0,71.1,49.8,18,3664000,-1334200,41.0,,,22.01,155380,,1,2000
1790270826,2026-09-24T17:27:06Z,62314,1790208587,6.1.187-android14-11-SAGA,49646d1b0cd1,cc_governor,cc_governor,2096008,99597,2570504,2968957,474475,1665,1600222,107732,2123486,2319619,523261,19611,adios,0,adios,0,adios,1,59.7,62.3,,40.0,77.7,50.8,18,3622000,-1763900,40.0,,,25.96,102656,,1,2000
1790270870,2026-09-24T17:27:50Z,62359,1790208587,6.1.187-android14-11-SAGA,49646d1b0cd1,cc_governor,cc_governor,2118787,100719,2611345,3019723,492559,1894,1613408,108518,2148737,2352110,535332,20407,adios,0,adios,0,adios,0,59.5,56.9,53.0,40.0,60.4,47.3,18,3664000,-674400,40.0,,,22.95,203232,,1,2000
1790270907,2026-09-24T17:28:27Z,62395,1790208587,6.1.187-android14-11-SAGA,49646d1b0cd1,cc_governor,cc_governor,2139595,104194,2644354,3061872,504781,1902,1620552,110754,2164128,2372053,543586,20723,adios,0,adios,0,adios,0,51.7,55.3,52.1,40.0,58.3,45.7,18,3661000,-947800,40.0,,,20.30,161260,,1,2000
1790270942,2026-09-24T17:29:02Z,62431,1790208587,6.1.187-android14-11-SAGA,49646d1b0cd1,cc_governor,cc_governor,2157070,107434,2673153,3099801,516083,1916,1630995,111725,2181072,2391768,550077,21087,adios,0,adios,0,adios,0,52.7,55.8,,39.0,54.3,45.2,18,3691000,-311200,39.0,,,20.21,777168,,1,2000
1790270978,2026-09-24T17:29:38Z,62466,1790208587,6.1.187-android14-11-SAGA,49646d1b0cd1,cc_governor,cc_governor,2172402,116010,2695543,3135231,523098,1956,1636071,113847,2190945,2404505,554874,21399,adios,0,adios,0,adios,0,56.7,56.2,55.8,39.0,59.2,45.6,18,3759000,821500,39.0,,,20.83,133544,,1,2000
1790271013,2026-09-24T17:30:13Z,62501,1790208587,6.1.187-android14-11-SAGA,49646d1b0cd1,cc_governor,cc_governor,2190369,124767,2719399,3172620,529027,1958,1640357,119521,2197288,2417658,556939,21674,adios,0,adios,0,adios,0,46.4,47.0,,39.0,49.4,42.7,18,3818000,1506900,39.0,,,18.42,195368,,1,2000
1790271048,2026-09-24T17:30:48Z,62536,1790208587,6.1.187-android14-11-SAGA,49646d1b0cd1,cc_governor,cc_governor,2192217,136388,2724952,3190227,532744,1960,1640360,120657,2197653,2419486,557297,21975,adios,0,adios,0,adios,0,44.8,45.4,,38.0,49.4,41.3,18,3835000,1330500,39.0,,,16.85,183100,,1,2000
1790271083,2026-09-24T17:31:23Z,62572,1790208587,6.1.187-android14-11-SAGA,49646d1b0cd1,cc_governor,cc_governor,2194212,147210,2731295,3207783,537083,1964,1640360,121182,2198462,2421055,558102,22262,adios,0,adios,0,adios,0,44.0,44.7,,38.0,47.5,40.6,18,3842000,1405600,38.0,,,15.94,178576,,1,2000
1790271118,2026-09-24T17:31:58Z,62607,1790208587,6.1.187-android14-11-SAGA,49646d1b0cd1,cc_governor,cc_governor,2195913,159275,2736060,3225060,540165,1968,1640586,122462,2199088,2423300,558508,22556,adios,0,adios,0,adios,0,43.6,44.4,,38.0,46.6,40.0,19,3841000,1477600,38.0,,,15.41,126164,,1,2000
1790271153,2026-09-24T17:32:34Z,62642,1790208587,6.1.187-android14-11-SAGA,49646d1b0cd1,cc_governor,cc_governor,2197656,171380,2740832,3242300,543175,1970,1640589,123016,2199939,2424920,559350,22844,adios,0,adios,0,adios,0,43.2,43.3,,37.0,47.4,39.6,19,3852000,1322600,37.0,,,14.94,124112,,1,2000
1790271189,2026-09-24T17:33:09Z,62677,1790208587,6.1.187-android14-11-SAGA,49646d1b0cd1,cc_governor,cc_governor,2199546,183273,2745750,3259545,546199,1971,1640862,124409,2200347,2426975,559485,23148,adios,0,adios,0,adios,0,42.4,43.1,,37.0,45.4,39.1,19,3859000,1500200,37.0,,,14.85,74396,,1,2000
1790271224,2026-09-24T17:33:44Z,62713,1790208587,6.1.187-android14-11-SAGA,49646d1b0cd1,cc_governor,cc_governor,2201324,195348,2750478,3276792,549154,1973,1640865,125696,2200500,2428661,559635,23466,adios,0,adios,0,adios,0,41.8,42.5,,36.0,44.4,38.6,20,3856000,1300600,36.0,,,14.77,111492,,1,2000
1790271259,2026-09-24T17:34:19Z,62748,1790208587,6.1.187-android14-11-SAGA,49646d1b0cd1,cc_governor,cc_governor,2203112,206724,2755801,3293839,552689,1975,1640894,126965,2200688,2430330,559794,23768,adios,0,adios,0,adios,0,41.6,41.9,,36.0,45.2,38.2,20,3856000,1326200,36.0,,,15.03,91416,,1,2000
1790271295,2026-09-24T17:34:55Z,62783,1790208587,6.1.187-android14-11-SAGA,49646d1b0cd1,cc_governor,cc_governor,2204699,219673,2758873,3310184,554174,1977,1640898,128301,2200731,2431941,559833,24066,adios,0,adios,0,adios,0,41.1,41.2,,36.0,44.5,37.9,20,3868000,1532500,36.0,,,14.85,83456,,1,2000
1790271330,2026-09-24T17:35:30Z,62818,1790208587,6.1.187-android14-11-SAGA,49646d1b0cd1,cc_governor,cc_governor,2205340,228684,2762165,3322886,556825,1978,1640902,129094,2201377,2433607,560475,24366,adios,0,adios,0,adios,0,40.6,42.1,,35.0,44.3,37.6,21,3864000,1344600,35.0,,,14.73,79392,,1,2000
1790271408,2026-09-24T17:36:48Z,62896,1790208587,6.1.187-android14-11-SAGA,49646d1b0cd1,cc_governor,cc_governor,6,0,381,416,388,0,11,0,105,120,101,14,adios,0,adios,0,adios,16,45.9,42.8,,34.0,44.3,37.1,21,3879000,1530700,34.0,,,14.81,159568,,1,2000
1790271459,2026-09-24T17:37:39Z,62947,1790208587,6.1.187-android14-11-SAGA,49646d1b0cd1,cc_governor,cc_governor,28030,1176,39355,54444,11315,19,30455,823,39827,42787,9298,482,adios,0,adios,0,adios,0,51.3,52.7,47.7,34.0,56.8,41.0,22,3839000,864800,34.0,,,19.61,89804,,1,2000
1790271495,2026-09-24T17:38:15Z,62983,1790208587,6.1.187-android14-11-SAGA,49646d1b0cd1,cc_governor,cc_governor,47608,2607,76596,106747,28985,40,58899,1540,78351,87525,19453,857,adios,0,adios,0,adios,0,67.5,67.1,,34.0,74.5,46.0,22,3804000,502900,34.0,,,25.94,132416,,1,2000
1790271534,2026-09-24T17:38:54Z,63022,1790208587,6.1.187-android14-11-SAGA,49646d1b0cd1,cc_governor,cc_governor,69161,4829,113655,155690,44486,139,76070,3419,106962,124023,30857,1598,adios,0,adios,0,adios,0,61.1,55.3,51.2,35.0,55.2,44.1,22,3841000,958200,35.0,,,27.63,104484,,1,2000
1790271570,2026-09-24T17:39:30Z,63058,1790208587,6.1.187-android14-11-SAGA,49646d1b0cd1,cc_governor,cc_governor,90134,8262,150628,202830,60506,144,82437,4976,122050,141830,39626,1910,adios,0,adios,0,adios,0,49.2,49.6,,35.0,50.8,41.3,22,3843000,949000,35.0,,,23.41,102176,,1,2000
1790271605,2026-09-24T17:40:05Z,63093,1790208587,6.1.187-android14-11-SAGA,49646d1b0cd1,cc_governor,cc_governor,99971,16867,169815,233516,69844,146,83561,7926,126895,150136,43334,2233,adios,0,adios,0,adios,0,43.2,45.3,,35.0,46.1,39.2,22,3849000,969800,35.0,,,20.58,107316,,1,2000
1790271640,2026-09-24T17:40:40Z,63129,1790208587,6.1.187-android14-11-SAGA,49646d1b0cd1,cc_governor,cc_governor,100684,26861,174816,249673,74132,147,83676,9380,127327,152294,43651,2548,adios,0,adios,0,adios,0,42.3,42.4,,35.0,46.0,38.2,22,3850000,960600,35.0,,,18.33,109716,,1,2000
1790271676,2026-09-24T17:41:16Z,63164,1790208587,6.1.187-android14-11-SAGA,49646d1b0cd1,cc_governor,cc_governor,102027,34653,183070,267104,81043,149,84223,10249,129228,155465,45005,2841,adios,0,adios,0,adios,0,42.6,43.5,,34.0,47.2,38.3,23,3849000,963100,34.0,,,17.28,171912,,1,2000
1790271711,2026-09-24T17:41:51Z,63199,1790208587,6.1.187-android14-11-SAGA,49646d1b0cd1,cc_governor,cc_governor,103738,41835,192178,284759,88429,149,84491,11403,130327,157984,45836,3145,adios,0,adios,0,adios,0,41.1,41.6,,34.0,45.5,37.6,23,3855000,965500,34.0,,,16.76,91424,,1,2000
1790271769,2026-09-24T17:42:49Z,63258,1790208587,6.1.187-android14-11-SAGA,49646d1b0cd1,cc_governor,cc_governor,1958,199,4220,4529,2253,0,181,55,400,503,217,12,adios,0,adios,0,adios,0,39.3,38.6,38.2,34.0,43.5,36.5,23,3890000,1265200,34.0,,,16.02,132072,,1,2000
1790271829,2026-09-24T17:43:49Z,63317,1790208587,6.1.187-android14-11-SAGA,49646d1b0cd1,cc_governor,cc_governor,0,0,46,59,55,0,73,0,114,117,46,11,adios,0,adios,0,adios,0,38.5,41.4,,34.0,39.8,35.0,24,3912000,1484900,34.0,,,16.20,128944,,1,2000
1790271893,2026-09-24T17:44:53Z,63382,1790208587,6.1.187-android14-11-SAGA,49646d1b0cd1,cc_governor,cc_governor,17706,7509,27530,40309,9816,2,4484,3397,10002,14249,5518,57,adios,0,adios,0,adios,0,43.0,45.3,,33.0,53.2,38.0,24,3875000,928900,33.0,,,17.09,151708,,1,2000
1790271929,2026-09-24T17:45:29Z,63418,1790208587,6.1.187-android14-11-SAGA,49646d1b0cd1,cc_governor,cc_governor,24186,20861,38865,67632,14692,7,5945,7695,15551,24462,9609,383,adios,0,adios,0,adios,0,42.0,41.8,,33.0,43.9,37.0,25,3897000,1371400,33.0,,,17.41,140228,,1,2000
1790271965,2026-09-24T17:46:05Z,63453,1790208587,6.1.187-android14-11-SAGA,49646d1b0cd1,cc_governor,cc_governor,25823,32105,43553,84910,17744,8,6046,9494,15986,26946,9944,687,adios,0,adios,0,adios,0,39.7,41.7,,33.0,43.7,36.3,25,3890000,1217600,33.0,,,16.98,94040,,1,2000
1790272000,2026-09-24T17:46:40Z,63488,1790208587,6.1.187-android14-11-SAGA,49646d1b0cd1,cc_governor,cc_governor,26655,42927,47638,100979,20983,10,6214,10846,16599,29258,10385,1000,adios,0,adios,0,adios,0,40.7,41.1,,33.0,42.8,36.2,25,3897000,1101600,33.0,,,16.35,112264,,1,2000
1790272035,2026-09-24T17:47:15Z,63524,1790208587,6.1.187-android14-11-SAGA,49646d1b0cd1,cc_governor,cc_governor,28244,55111,51314,118042,23070,12,6415,12921,16904,31883,10489,1317,adios,0,adios,0,adios,0,39.7,40.6,,33.0,42.6,36.0,26,3899000,1322600,33.0,,,16.26,110864,,1,2000
1790272071,2026-09-24T17:47:51Z,63559,1790208587,6.1.187-android14-11-SAGA,49646d1b0cd1,cc_governor,cc_governor,30838,66382,57141,136550,26303,14,6651,15406,17754,35461,11103,1643,adios,0,adios,0,adios,0,39.8,40.5,,33.0,42.6,36.0,26,3903000,1184600,33.0,,,16.17,69244,,1,2000
1790272106,2026-09-24T17:48:26Z,63594,1790208587,6.1.187-android14-11-SAGA,49646d1b0cd1,cc_governor,cc_governor,33923,79881,61443,156008,27520,16,7012,18456,18222,39254,11210,1942,adios,0,adios,0,adios,0,40.0,40.5,,33.0,45.4,36.2,26,3893000,1279200,33.0,,,16.42,70536,,1,2000
1790272142,2026-09-24T17:49:02Z,63630,1790208587,6.1.187-android14-11-SAGA,49646d1b0cd1,cc_governor,cc_governor,39026,88282,70271,175482,31245,17,9766,20816,22864,48393,13102,2271,adios,0,adios,0,adios,0,43.0,43.6,,33.0,47.8,37.2,27,3901000,1309800,33.0,,,16.22,70520,,1,2000
1790272177,2026-09-24T17:49:37Z,63665,1790208587,6.1.187-android14-11-SAGA,49646d1b0cd1,cc_governor,cc_governor,40080,95268,76750,190263,36670,18,9953,21439,24127,50771,14174,2563,adios,0,adios,0,adios,0,39.6,41.4,,33.0,45.3,36.2,27,3911000,1256100,33.0,,,16.42,76664,,1,2000
1790272212,2026-09-24T17:50:12Z,63701,1790208587,6.1.187-android14-11-SAGA,49646d1b0cd1,cc_governor,cc_governor,46820,104241,90490,216025,43684,21,10433,23967,27059,56654,16633,2882,adios,0,adios,0,adios,0,39.6,40.5,,33.0,48.2,36.3,27,3885000,1216400,33.0,,,16.76,116532,,1,2000
1790272248,2026-09-24T17:50:48Z,63736,1790208587,6.1.187-android14-11-SAGA,49646d1b0cd1,cc_governor,cc_governor,61674,107921,118428,252600,56750,28,17280,25401,41286,74918,24029,3222,adios,0,adios,0,adios,0,43.4,43.9,,33.0,45.9,37.3,27,3914000,1314600,33.0,,,16.88,240560,,1,2000
1790272283,2026-09-24T17:51:23Z,63772,1790208587,6.1.187-android14-11-SAGA,49646d1b0cd1,cc_governor,cc_governor,86085,109222,160140,302210,74074,31,24997,26162,58529,94672,33540,3572,adios,0,adios,0,adios,0,43.5,44.3,41.2,33.0,46.1,37.7,28,3890000,850800,33.0,,,17.02,144876,,1,2000
1790272319,2026-09-24T17:51:59Z,63807,1790208587,6.1.187-android14-11-SAGA,49646d1b0cd1,cc_governor,cc_governor,95611,120892,178839,336949,83241,33,27402,29624,64260,104535,36879,3888,adios,0,adios,0,adios,0,43.8,44.6,,33.0,46.2,37.7,28,3876000,812300,33.0,,,17.31,105096,,1,2000
1790272354,2026-09-24T17:52:34Z,63843,1790208587,6.1.187-android14-11-SAGA,49646d1b0cd1,cc_governor,cc_governor,107564,127249,205695,375221,98123,36,28870,32458,70921,114845,42051,4214,adios,0,adios,0,adios,0,44.2,43.9,,33.0,46.6,37.3,28,3889000,951500,33.0,,,17.42,88680,,1,2000
1790272390,2026-09-24T17:53:10Z,63878,1790208587,6.1.187-android14-11-SAGA,49646d1b0cd1,cc_governor,cc_governor,130570,134552,240713,425474,110132,37,36651,35686,87106,135778,50347,4551,adios,0,adios,0,adios,0,51.9,50.0,45.8,33.0,61.6,40.0,28,3883000,523000,32.0,,,18.38,116736,,1,2000
1790272427,2026-09-24T17:53:47Z,63915,1790208587,6.1.187-android14-11-SAGA,49646d1b0cd1,cc_governor,cc_governor,155729,139619,280293,478275,124581,69,47356,38769,107560,161309,60214,4986,adios,0,adios,0,adios,0,44.9,44.7,,33.0,48.9,38.2,28,3889000,872100,33.0,,,19.48,100228,,1,2000
1790272462,2026-09-24T17:54:22Z,63951,1790208587,6.1.187-android14-11-SAGA,49646d1b0cd1,cc_governor,cc_governor,179327,147126,315762,528965,136434,74,55664,44090,124672,186135,69016,5313,adios,0,adios,0,adios,0,45.1,46.2,,33.0,48.2,38.4,29,3891000,950300,33.0,,,19.09,198956,,1,2000
1790272498,2026-09-24T17:54:58Z,63986,1790208587,6.1.187-android14-11-SAGA,49646d1b0cd1,cc_governor,cc_governor,205944,153316,355891,583815,149963,77,62835,47928,142704,209137,79883,5598,adios,0,adios,0,adios,0,45.8,46.5,44.6,33.0,51.4,38.9,29,3861000,953300,33.0,,,18.70,102004,,1,2000
1790272534,2026-09-24T17:55:34Z,64022,1790208587,6.1.187-android14-11-SAGA,49646d1b0cd1,cc_governor,cc_governor,217254,161346,379816,621211,162562,85,65452,51041,151341,222296,85889,5945,adios,0,adios,0,adios,0,42.4,44.1,,33.0,46.5,37.4,29,3885000,803200,33.0,,,18.27,107384,,1,2000
1790272569,2026-09-24T17:56:09Z,64058,1790208587,6.1.187-android14-11-SAGA,49646d1b0cd1,cc_governor,cc_governor,230603,167930,406866,663130,176246,87,73611,54343,166969,243806,93338,6252,adios,0,adios,0,adios,0,46.4,46.9,43.9,33.0,47.7,38.8,29,3892000,950300,33.0,,,18.87,148180,,1,2000
1790272605,2026-09-24T17:56:45Z,64094,1790208587,6.1.187-android14-11-SAGA,49646d1b0cd1,cc_governor,cc_governor,238227,172316,429629,693445,191420,89,75393,55352,173974,252287,98590,6578,adios,0,adios,0,adios,0,47.7,47.5,45.4,33.0,49.3,38.8,29,3893000,878900,33.0,,,18.56,82500,,1,2000
1790272641,2026-09-24T17:57:21Z,64130,1790208587,6.1.187-android14-11-SAGA,49646d1b0cd1,cc_governor,cc_governor,249854,179765,455509,732914,205666,102,79759,58253,186656,268995,106910,6924,adios,0,adios,0,adios,0,44.7,44.0,,33.0,46.5,38.1,30,3893000,954500,33.0,,,18.18,104864,,1,2000
1790272677,2026-09-24T17:57:57Z,64165,1790208587,6.1.187-android14-11-SAGA,49646d1b0cd1,cc_governor,cc_governor,257884,189399,475229,766657,217345,104,81050,62063,193326,280295,112276,7229,adios,0,adios,0,adios,0,43.5,43.2,41.7,33.0,47.3,37.8,30,3897000,960600,33.0,,,17.47,84924,,1,2000
1790272712,2026-09-24T17:58:32Z,64201,1790208587,6.1.187-android14-11-SAGA,49646d1b0cd1,cc_governor,cc_governor,271689,194966,504053,806160,232347,107,91660,65691,214399,306279,122735,7545,adios,0,adios,0,adios,0,45.3,45.3,45.4,33.0,65.2,40.2,30,3879000,822700,33.0,,,18.58,104072,,1,2000
1790272749,2026-09-24T17:59:09Z,64237,1790208587,6.1.187-android14-11-SAGA,49646d1b0cd1,cc_governor,cc_governor,292910,200087,539153,854403,246261,121,108804,68253,241361,340395,132564,7959,adios,0,adios,0,adios,0,47.6,48.9,45.0,33.0,58.8,40.0,30,3870000,709800,33.0,,,19.93,105764,,1,2000
1790272785,2026-09-24T17:59:45Z,64273,1790208587,6.1.187-android14-11-SAGA,49646d1b0cd1,cc_governor,cc_governor,307803,207142,567987,896506,260183,134,113295,71713,253218,357003,139923,8354,adios,0,adios,0,adios,0,44.8,45.1,,33.0,49.7,38.9,30,3894000,939900,34.0,,,18.75,124056,,1,2000
1790272820,2026-09-24T18:00:20Z,64309,1790208587,6.1.187-android14-11-SAGA,49646d1b0cd1,cc_governor,cc_governor,326785,217107,595748,940343,268976,137,122237,77718,267348,378420,145116,8686,adios,0,adios,0,adios,0,43.8,44.7,,34.0,50.1,38.9,31,3918000,1246900,34.0,,,18.55,124884,,1,2000
1790272856,2026-09-24T18:00:56Z,64345,1790208587,6.1.187-android14-11-SAGA,49646d1b0cd1,cc_governor,cc_governor,328945,224352,606145,958571,277200,139,122340,78570,268451,380874,146111,9007,adios,0,adios,0,adios,0,40.4,40.8,,34.0,44.3,37.0,31,3934000,1409300,34.0,,,17.93,126144,,1,2000
1790272891,2026-09-24T18:01:31Z,64380,1790208587,6.1.187-android14-11-SAGA,49646d1b0cd1,cc_governor,cc_governor,330935,236277,611026,975995,280087,141,122349,79987,268668,383091,146319,9320,adios,0,adios,0,adios,0,39.7,40.2,,34.0,43.7,36.5,31,3930000,1381200,34.0,,,16.50,117332,,1,2000
1790272927,2026-09-24T18:02:07Z,64415,1790208587,6.1.187-android14-11-SAGA,49646d1b0cd1,cc_governor,cc_governor,333380,247273,617471,994162,283976,144,123393,81346,270376,386575,146968,9662,adios,0,adios,0,adios,0,51.9,50.6,45.6,33.0,55.2,39.2,31,3921000,1190700,33.0,,,16.93,117072,,1,2000
1790272964,2026-09-24T18:02:44Z,64453,1790208587,6.1.187-android14-11-SAGA,49646d1b0cd1,cc_governor,cc_governor,358191,249829,657999,1045176,299804,195,136022,82832,292741,412604,156719,10135,adios,0,adios,0,adios,0,47.2,45.5,,33.0,49.8,39.0,32,3921000,1228000,33.0,,,19.31,96568,,1,2000
1790273000,2026-09-24T18:03:20Z,64488,1790208587,6.1.187-android14-11-SAGA,49646d1b0cd1,cc_governor,cc_governor,371936,255664,681004,1075252,309074,197,144139,85302,305170,429711,161036,10425,adios,0,adios,0,adios,0,44.6,50.7,,33.0,50.9,38.2,32,3934000,1386700,34.0,,,17.71,132632,,1,2000
1790273035,2026-09-24T18:03:55Z,64523,1790208587,6.1.187-android14-11-SAGA,49646d1b0cd1,cc_governor,cc_governor,378287,269216,689460,1098200,311172,201,144729,89159,306515,435855,161786,10678,adios,0,adios,0,adios,2,44.3,43.5,,33.0,47.3,37.8,32,3932000,1240800,33.0,,,16.93,114144,,1,2000
1790273070,2026-09-24T18:04:30Z,64558,1790208587,6.1.187-android14-11-SAGA,49646d1b0cd1,cc_governor,cc_governor,384210,274865,705632,1120925,321389,202,145489,91236,310554,443102,165065,10979,adios,0,adios,0,adios,0,45.6,43.8,,33.0,47.6,37.9,33,3922000,1254800,33.0,,,16.68,120476,,1,2000
1790273105,2026-09-24T18:05:05Z,64594,1790208587,6.1.187-android14-11-SAGA,49646d1b0cd1,cc_governor,cc_governor,390445,278516,723875,1143568,333440,206,146373,92321,315718,450094,169348,11284,adios,0,adios,0,adios,0,44.0,43.7,,33.0,47.6,37.8,33,3929000,1161400,33.0,,,16.83,108316,,1,2000
1790273141,2026-09-24T18:05:41Z,64629,1790208587,6.1.187-android14-11-SAGA,49646d1b0cd1,cc_governor,cc_governor,395866,283757,739797,1165449,343922,207,146761,93579,319507,455727,172746,11587,adios,0,adios,0,adios,0,46.0,46.4,,33.0,46.5,37.6,33,3941000,1355500,34.0,,,16.33,122456,,1,2000
1790273177,2026-09-24T18:06:17Z,64665,1790208587,6.1.187-android14-11-SAGA,49646d1b0cd1,cc_governor,cc_governor,401134,293106,751775,1187628,350639,209,147692,95246,322667,461503,174975,11890,adios,0,adios,0,adios,0,40.2,40.8,,33.0,43.6,36.7,34,3940000,1368400,34.0,,,16.10,123572,,1,2000
1790273212,2026-09-24T18:06:52Z,64700,1790208587,6.1.187-android14-11-SAGA,49646d1b0cd1,cc_governor,cc_governor,403412,299724,762755,1205779,359355,211,148074,95636,324531,464001,176459,12197,adios,0,adios,0,adios,0,39.7,41.2,,33.0,43.7,36.3,34,3943000,1286600,33.0,,,15.57,100288,,1,2000
1790273247,2026-09-24T18:07:27Z,64735,1790208587,6.1.187-android14-11-SAGA,49646d1b0cd1,cc_governor,cc_governor,406193,301258,779722,1224852,373537,213,148179,95707,326483,466340,178308,12519,adios,0,adios,0,adios,0,39.6,39.4,,33.0,43.9,35.9,34,3947000,1358600,33.0,,,15.27,137072,,1,2000
1790273282,2026-09-24T18:08:02Z,64771,1790208587,6.1.187-android14-11-SAGA,49646d1b0cd1,cc_governor,cc_governor,407908,313141,784452,1242021,376559,215,148203,96779,327040,468274,178841,12809,adios,0,adios,0,adios,0,38.9,40.3,,33.0,44.9,35.6,35,3954000,1422100,33.0,,,15.24,167340,,1,2000
1790273317,2026-09-24T18:08:37Z,64806,1790208587,6.1.187-android14-11-SAGA,49646d1b0cd1,cc_governor,cc_governor,409552,321560,791692,1258111,382159,217,148304,97916,327586,470159,179287,13120,adios,0,adios,0,adios,0,38.9,40.7,,33.0,44.1,35.6,35,3939000,1230400,33.0,,,14.91,92216,,1,2000
1790273353,2026-09-24T18:09:13Z,64841,1790208587,6.1.187-android14-11-SAGA,49646d1b0cd1,cc_governor,cc_governor,410741,328053,798691,1272071,387948,218,148392,98554,328571,472068,180179,13432,adios,0,adios,0,adios,0,38.6,38.8,,33.0,41.9,35.2,35,3960000,1349400,33.0,,,14.71,131952,,1,2000
1790273388,2026-09-24T18:09:48Z,64876,1790208587,6.1.187-android14-11-SAGA,49646d1b0cd1,cc_governor,cc_governor,411571,336143,803578,1285421,392004,220,148447,99874,328807,473868,180360,13745,adios,0,adios,0,adios,0,38.2,38.3,,33.0,42.1,35.1,36,3946000,1281700,33.0,,,15.08,91124,,1,2000
1790273423,2026-09-24T18:10:23Z,64912,1790208587,6.1.187-android14-11-SAGA,49646d1b0cd1,cc_governor,cc_governor,412602,345191,807553,1298877,394954,222,148780,101246,329366,476145,180590,14057,adios,0,adios,0,adios,0,38.6,41.1,,33.0,42.7,35.1,36,3957000,1406800,33.0,,,14.76,164084,,1,2000
1790273459,2026-09-24T18:10:59Z,64947,1790208587,6.1.187-android14-11-SAGA,49646d1b0cd1,cc_governor,cc_governor,414495,347784,820503,1315016,406008,223,148902,101370,331128,478289,182226,14365,adios,0,adios,0,adios,0,37.9,38.7,,33.0,40.9,34.9,36,3964000,1413500,33.0,,,14.77,169688,,1,2000
1790273495,2026-09-24T18:11:35Z,64983,1790208587,6.1.187-android14-11-SAGA,49646d1b0cd1,cc_governor,cc_governor,415070,357925,822603,1327608,407532,225,148925,102734,331247,479989,182322,14689,adios,0,adios,0,adios,0,38.1,38.2,,33.0,42.0,34.8,37,3961000,1422100,33.0,,,14.76,153668,,1,2000
1790273530,2026-09-24T18:12:10Z,65018,1790208587,6.1.187-android14-11-SAGA,49646d1b0cd1,cc_governor,cc_governor,415850,365991,827018,1340500,411167,227,148973,103898,331523,481678,182550,14978,adios,0,adios,0,adios,0,37.4,38.0,,32.0,40.3,34.6,37,3967000,1368400,32.0,,,14.58,137328,,1,2000
1790273565,2026-09-24T18:12:45Z,65053,1790208587,6.1.187-android14-11-SAGA,49646d1b0cd1,cc_governor,cc_governor,417185,374388,831903,1354399,414718,230,149521,105264,332548,484368,183027,15294,adios,0,adios,0,adios,0,38.8,39.5,,32.0,42.3,34.8,37,3959000,1349400,32.0,,,14.59,99652,,1,2000
1790273600,2026-09-24T18:13:20Z,65089,1790208587,6.1.187-android14-11-SAGA,49646d1b0cd1,cc_governor,cc_governor,417899,383050,835708,1369318,417830,233,149532,106096,333433,486291,183906,15592,adios,0,adios,0,adios,0,37.5,38.3,,32.0,41.6,34.5,38,3969000,1343300,32.0,,,14.70,113472,,1,2000
1790273636,2026-09-24T18:13:56Z,65124,1790208587,6.1.187-android14-11-SAGA,49646d1b0cd1,cc_governor,cc_governor,418694,390686,840448,1382178,421770,234,149548,106854,334318,488240,184778,15916,adios,0,adios,0,adios,0,37.8,38.0,,32.0,40.8,34.4,38,3974000,1371400,32.0,,,14.62,117256,,1,2000
1790273671,2026-09-24T18:14:31Z,65159,1790208587,6.1.187-android14-11-SAGA,49646d1b0cd1,cc_governor,cc_governor,419311,399033,843920,1394445,424606,237,149553,107747,334864,489913,185311,16226,adios,0,adios,0,adios,0,37.5,38.1,,32.0,41.1,34.4,38,3971000,1370200,32.0,,,14.82,95548,,1,2000
1790273706,2026-09-24T18:15:06Z,65195,1790208587,6.1.187-android14-11-SAGA,49646d1b0cd1,cc_governor,cc_governor,419928,408054,846910,1406842,426980,239,149555,108746,335308,491607,185753,16544,adios,0,adios,0,adios,0,37.5,37.8,,32.0,40.3,34.4,39,3969000,1439200,32.0,,,14.62,94808,,1,2000
1790273742,2026-09-24T18:15:42Z,65230,1790208587,6.1.187-android14-11-SAGA,49646d1b0cd1,cc_governor,cc_governor,420515,415992,850905,1419219,430390,241,149555,110009,335486,493349,185931,16852,adios,0,adios,0,adios,0,37.6,38.3,,32.0,42.8,34.3,39,3984000,1423900,32.0,,,14.57,152612,,1,2000
1790273777,2026-09-24T18:16:17Z,65266,1790208587,6.1.187-android14-11-SAGA,49646d1b0cd1,cc_governor,cc_governor,420982,425210,853225,1431096,432243,243,149560,111308,335560,494987,186000,17161,adios,0,adios,0,adios,0,37.5,38.1,,32.0,41.7,34.3,39,3973000,1344600,32.0,,,14.53,143560,,1,2000
1790273813,2026-09-24T18:16:53Z,65301,1790208587,6.1.187-android14-11-SAGA,49646d1b0cd1,cc_governor,cc_governor,440670,429907,882768,1470790,442122,248,158239,112783,350163,513035,191930,17488,adios,0,adios,0,adios,0,42.7,43.4,,32.0,47.4,37.0,40,3958000,1222500,32.0,,,15.74,97492,,1,2000
1790273849,2026-09-24T18:17:29Z,65337,1790208587,6.1.187-android14-11-SAGA,49646d1b0cd1,cc_governor,cc_governor,466749,434320,922738,1522977,456006,260,167232,115579,369129,536633,201900,17843,adios,0,adios,0,adios,0,43.5,42.6,,32.0,44.1,37.2,40,3961000,1290800,32.0,,,29.26,117176,,1,2000
1790273884,2026-09-24T18:18:04Z,65372,1790208587,6.1.187-android14-11-SAGA,49646d1b0cd1,cc_governor,cc_governor,468452,445941,927777,1540180,459342,260,167304,116351,370028,538600,202729,18140,adios,0,adios,0,adios,0,38.8,40.7,,32.0,42.4,35.2,40,3976000,1296900,32.0,,,22.74,115424,,1,2000
1790273919,2026-09-24T18:18:39Z,65407,1790208587,6.1.187-android14-11-SAGA,49646d1b0cd1,cc_governor,cc_governor,470512,451822,939159,1557845,468647,262,167373,116740,371418,540610,204045,18441,adios,0,adios,0,adios,0,38.2,38.8,,32.0,42.6,35.0,41,3988000,1290800,32.0,,,19.29,82784,,1,2000
1790273954,2026-09-24T18:19:14Z,65443,1790208587,6.1.187-android14-11-SAGA,49646d1b0cd1,cc_governor,cc_governor,472330,460541,947330,1575111,475000,262,167436,117427,372312,542415,204876,18754,adios,0,adios,0,adios,0,37.6,38.1,,32.0,42.6,34.5,41,3987000,1348200,32.0,,,17.38,68760,,1,2000
1790273990,2026-09-24T18:19:50Z,65478,1790208587,6.1.187-android14-11-SAGA,49646d1b0cd1,cc_governor,cc_governor,473085,469777,950906,1588353,477817,264,167442,118719,372420,544142,204978,19055,adios,0,adios,0,adios,0,37.7,38.1,,32.0,41.0,34.4,41,3985000,1339100,32.0,,,16.18,100680,,1,2000
1790274025,2026-09-24T18:20:25Z,65513,1790208587,6.1.187-android14-11-SAGA,49646d1b0cd1,cc_governor,cc_governor,493066,474281,985203,1634172,492149,267,179304,121341,393473,569545,214174,19365,adios,0,adios,0,adios,0,43.1,42.5,40.3,32.0,45.2,36.5,41,3973000,1046100,32.0,,,17.42,94968,,1,2000
1790274060,2026-09-24T18:21:00Z,65549,1790208587,6.1.187-android14-11-SAGA,49646d1b0cd1,cc_governor,cc_governor,504729,488774,1003421,1671436,498621,268,182373,128658,400976,585164,218505,19691,adios,0,adios,0,adios,0,50.2,49.6,,32.0,46.9,37.2,42,3977000,1192000,32.0,,,17.52,443592,,1,2000
1790274096,2026-09-24T18:21:36Z,65585,1790208587,6.1.187-android14-11-SAGA,49646d1b0cd1,cc_governor,cc_governor,519309,497908,1024391,1703223,505075,279,189886,132062,411742,600975,221856,20014,adios,0,adios,0,adios,0,42.9,42.2,,32.0,46.5,36.2,42,3983000,1217600,32.0,,,16.73,83104,,1,2000
1790274132,2026-09-24T18:22:12Z,65620,1790208587,6.1.187-android14-11-SAGA,49646d1b0cd1,cc_governor,cc_governor,529592,505450,1041847,1731168,512250,282,192879,135415,417627,611751,224748,20301,adios,0,adios,0,adios,0,42.3,41.6,,32.0,45.3,36.1,42,3989000,1165100,32.0,,,16.20,136648,,1,2000
1790274167,2026-09-24T18:22:47Z,65656,1790208587,6.1.187-android14-11-SAGA,49646d1b0cd1,cc_governor,cc_governor,533429,517853,1047411,1749828,513990,284,192902,139269,418139,616843,225243,20598,adios,0,adios,0,adios,0,43.0,42.3,,32.0,46.3,36.1,43,3992000,1453200,32.0,,,15.96,117340,,1,2000
1790274203,2026-09-24T18:23:23Z,65691,1790208587,6.1.187-android14-11-SAGA,49646d1b0cd1,cc_governor,cc_governor,537036,528658,1054447,1768340,517407,286,193014,142609,419331,621943,226317,20909,adios,0,adios,0,adios,0,44.2,43.1,,32.0,46.4,36.1,43,3990000,1212700,32.0,,,16.06,147732,,1,2000
1790274238,2026-09-24T18:23:58Z,65726,1790208587,6.1.187-android14-11-SAGA,49646d1b0cd1,cc_governor,cc_governor,541398,538273,1063364,1787726,521966,288,193384,145594,421409,627881,228025,21176,adios,0,adios,0,adios,0,42.0,42.6,,32.0,45.9,36.2,43,3996000,1367100,32.0,,,16.23,100156,,1,2000
1790274273,2026-09-24T18:24:33Z,65762,1790208587,6.1.187-android14-11-SAGA,49646d1b0cd1,cc_governor,cc_governor,545309,546998,1072355,1806274,527046,289,193854,147817,423539,633216,229685,21464,adios,0,adios,0,adios,0,40.0,40.4,,32.0,42.0,35.5,44,4005000,1371400,32.0,,,16.03,101184,,1,2000
1790274309,2026-09-24T18:25:09Z,65797,1790208587,6.1.187-android14-11-SAGA,49646d1b0cd1,cc_governor,cc_governor,546035,555540,1075850,1818739,529813,291,193864,148264,424458,634810,230594,21782,adios,0,adios,0,adios,0,38.1,38.7,,32.0,41.2,34.8,44,4000000,1386700,32.0,,,15.61,94916,,1,2000
1790274344,2026-09-24T18:25:44Z,65832,1790208587,6.1.187-android14-11-SAGA,49646d1b0cd1,cc_governor,cc_governor,546537,564158,1078850,1830711,532313,294,193864,149443,424539,636281,230675,22074,adios,0,adios,0,adios,0,38.0,39.9,,32.0,41.8,34.6,44,4004000,1303100,32.0,,,15.04,95408,,1,2000
1790274379,2026-09-24T18:26:19Z,65868,1790208587,6.1.187-android14-11-SAGA,49646d1b0cd1,cc_governor,cc_governor,558275,570818,1097064,1859773,538785,298,204786,150620,438570,654133,233718,22397,adios,0,adios,0,adios,1,56.4,57.5,,32.0,55.1,40.0,45,3938000,711000,32.0,,,18.23,157948,,1,2000
1790274417,2026-09-24T18:26:57Z,65905,1790208587,6.1.187-android14-11-SAGA,49646d1b0cd1,cc_governor,cc_governor,570723,574848,1126333,1903454,555604,324,211863,152890,460601,680713,248738,22829,adios,0,adios,0,adios,0,44.2,44.9,,32.0,46.5,37.4,45,3980000,1215200,32.0,,,18.71,123272,,1,2000
1790274453,2026-09-24T18:27:33Z,65941,1790208587,6.1.187-android14-11-SAGA,49646d1b0cd1,cc_governor,cc_governor,583140,579169,1155714,1945472,572596,328,217637,155524,476910,701495,259285,23127,adios,0,adios,0,adios,0,53.2,55.8,48.1,32.0,49.8,39.3,45,3977000,1216400,32.0,,,20.12,168584,,1,2000
1790274489,2026-09-24T18:28:09Z,65978,1790208587,6.1.187-android14-11-SAGA,49646d1b0cd1,cc_governor,cc_governor,601557,587724,1183286,1987241,581716,358,225181,157445,490120,718719,264951,23544,adios,0,adios,0,adios,0,45.7,45.6,42.2,32.0,55.6,38.0,45,3992000,1127900,32.0,,,21.41,84904,,1,2000
1790274525,2026-09-24T18:28:45Z,66013,1790208587,6.1.187-android14-11-SAGA,49646d1b0cd1,cc_governor,cc_governor,615035,591967,1209016,2021046,593981,373,230501,158500,500084,730862,269583,23892,adios,0,adios,0,adios,0,40.5,40.0,,33.0,42.8,36.0,46,4005000,1280500,33.0,,,18.88,118860,,1,2000
1790274560,2026-09-24T18:29:20Z,66049,1790208587,6.1.187-android14-11-SAGA,49646d1b0cd1,cc_governor,cc_governor,616700,601097,1216202,2037814,599510,375,230521,159732,500352,732616,269834,24192,adios,0,adios,0,adios,0,39.1,38.9,,32.0,42.1,35.4,46,4014000,1161400,32.0,,,17.42,107460,,1,2000
1790274596,2026-09-24T18:29:56Z,66084,1790208587,6.1.187-android14-11-SAGA,49646d1b0cd1,cc_governor,cc_governor,618172,612867,1220591,2054334,602419,379,230525,160666,500748,734163,270223,24503,adios,0,adios,0,adios,0,38.6,38.9,,32.0,46.9,34.9,47,4003000,1145000,32.0,,,16.18,122304,,1,2000
1790274631,2026-09-24T18:30:31Z,66119,1790208587,6.1.187-android14-11-SAGA,49646d1b0cd1,cc_governor,cc_governor,619033,623155,1223440,2067957,604406,382,230546,161992,500840,735934,270294,24819,adios,0,adios,0,adios,0,37.4,39.5,,32.0,40.7,34.6,47,4009000,1317700,32.0,,,15.72,80080,,1,2000
1790274666,2026-09-24T18:31:06Z,66155,1790208587,6.1.187-android14-11-SAGA,49646d1b0cd1,cc_governor,cc_governor,620091,631052,1228227,2081484,608153,384,230692,163414,501442,738407,270754,25121,adios,0,adios,0,adios,0,38.5,38.4,,32.0,41.4,34.6,47,4020000,1358600,32.0,,,15.24,84080,,1,2000
1790274701,2026-09-24T18:31:41Z,66190,1790208587,6.1.187-android14-11-SAGA,49646d1b0cd1,cc_governor,cc_governor,620925,637784,1233962,2094374,613050,386,230709,163838,502477,740227,271772,25431,adios,0,adios,0,adios,0,38.1,38.6,,32.0,42.1,34.5,48,4014000,1106500,32.0,,,15.23,109012,,1,2000
1790274737,2026-09-24T18:32:17Z,66225,1790208587,6.1.187-android14-11-SAGA,49646d1b0cd1,cc_governor,cc_governor,622821,644091,1241797,2109957,618976,387,231569,165067,504326,743778,272757,25742,adios,0,adios,0,adios,0,37.5,38.3,,32.0,40.9,34.4,48,4024000,1364700,32.0,,,15.44,98072,,1,2000
1790274773,2026-09-24T18:32:53Z,66261,1790208587,6.1.187-android14-11-SAGA,49646d1b0cd1,cc_governor,cc_governor,632642,650772,1256631,2134403,623919,390,237274,166033,512335,753863,275036,26125,adios,0,adios,0,adios,0,47.1,45.7,,32.0,47.7,36.6,48,4000000,1009500,32.0,,,16.91,112888,,1,2000
1790274808,2026-09-24T18:33:28Z,66297,1790208587,6.1.187-android14-11-SAGA,49646d1b0cd1,cc_governor,cc_governor,656990,653239,1298067,2186360,641075,392,246658,167497,533959,778856,287313,26470,adios,0,adios,0,adios,0,44.2,43.9,41.8,32.0,57.4,39.0,48,3945000,106200,32.0,,,18.41,187524,,1,2000
1790274846,2026-09-24T18:34:06Z,66335,1790208587,6.1.187-android14-11-SAGA,49646d1b0cd1,cc_governor,cc_governor,686527,655433,1344399,2244825,657858,478,260676,169224,559491,809170,298808,26998,adios,0,adios,0,adios,0,52.1,49.7,,32.0,49.7,38.6,49,4012000,1221300,32.0,,,18.31,245984,,1,2000
1790274882,2026-09-24T18:34:42Z,66371,1790208587,6.1.187-android14-11-SAGA,49646d1b0cd1,cc_governor,cc_governor,697860,660306,1369136,2277945,671298,503,264266,170118,567877,819119,303615,27356,adios,0,adios,0,adios,0,39.5,41.6,,32.0,43.2,36.0,49,4002000,1116900,32.0,,,18.38,113596,,1,2000
1790274918,2026-09-24T18:35:18Z,66406,1790208587,6.1.187-android14-11-SAGA,49646d1b0cd1,cc_governor,cc_governor,714336,668453,1395082,2318247,680750,505,272051,172479,579944,834708,307902,27661,adios,0,adios,0,adios,0,42.9,42.4,,32.0,45.7,36.7,49,4019000,1139500,32.0,,,19.49,110412,,1,2000
1790274953,2026-09-24T18:35:53Z,66441,1790208587,6.1.187-android14-11-SAGA,49646d1b0cd1,cc_governor,cc_governor,725900,677270,1419274,2355023,693367,506,273417,175401,585342,843800,311925,27946,adios,0,adios,0,adios,0,42.8,43.5,,32.0,46.3,36.7,50,4016000,1124200,32.0,,,19.14,100496,,1,2000
1790274988,2026-09-24T18:36:28Z,66476,1790208587,6.1.187-android14-11-SAGA,49646d1b0cd1,cc_governor,cc_governor,736671,688280,1440283,2390959,703599,508,274130,179073,589059,851805,314929,28240,adios,0,adios,0,adios,0,41.4,41.6,,32.0,44.7,36.2,50,4033000,1376300,32.0,,,18.38,116384,,1,2000
1790275023,2026-09-24T18:37:03Z,66511,1790208587,6.1.187-android14-11-SAGA,49646d1b0cd1,cc_governor,cc_governor,747467,701431,1458998,2426633,711527,508,275287,183091,592856,860310,317569,28526,adios,0,adios,0,adios,0,41.9,42.0,39.4,32.0,45.9,36.1,50,4021000,1112600,32.0,,,19.30,124436,,1,2000
1790275058,2026-09-24T18:37:38Z,66547,1790208587,6.1.187-android14-11-SAGA,49646d1b0cd1,cc_governor,cc_governor,757871,713910,1478116,2462080,720241,510,275458,186736,595470,866971,320019,28817,adios,0,adios,0,adios,0,41.2,41.3,,32.0,44.2,35.9,50,4024000,1127900,32.0,,,18.91,72100,,1,2000
1790275094,2026-09-24T18:38:14Z,66582,1790208587,6.1.187-android14-11-SAGA,49646d1b0cd1,cc_governor,cc_governor,769242,724279,1501000,2499374,731767,513,275666,189647,598924,873823,323264,29138,adios,0,adios,0,adios,0,41.0,42.0,,32.0,45.5,36.0,51,4020000,1030800,32.0,,,19.08,108840,,1,2000
1790275129,2026-09-24T18:38:49Z,66618,1790208587,6.1.187-android14-11-SAGA,49646d1b0cd1,cc_governor,cc_governor,780958,733238,1525355,2536880,744405,514,275997,192345,602658,880817,326666,29450,adios,0,adios,0,adios,0,40.8,42.9,,32.0,44.2,35.9,51,4024000,977100,32.0,,,18.35,103020,,1,2000
1790275164,2026-09-24T18:39:25Z,66653,1790208587,6.1.187-android14-11-SAGA,49646d1b0cd1,cc_governor,cc_governor,78,551,1600,2236,1536,0,31,72,159,271,133,16,adios,0,adios,0,adios,0,39.0,39.3,,32.0,41.7,35.3,51,3936000,-199500,32.0,,,18.17,126004,,1,2000
1790275282,2026-09-24T18:41:22Z,66771,1790208587,6.1.187-android14-11-SAGA,49646d1b0cd1,cc_governor,cc_governor,13,0,403,418,399,0,18,0,77,81,64,14,adios,0,adios,0,adios,0,37.3,38.0,,32.0,39.2,33.8,51,3912000,-147700,32.0,,,16.65,121676,,1,2000
1790275348,2026-09-24T18:42:28Z,66837,1790208587,6.1.187-android14-11-SAGA,49646d1b0cd1,cc_governor,cc_governor,9936,230,13338,15968,3392,11,6613,299,9538,10709,2923,156,adios,0,adios,0,adios,0,46.7,44.5,42.1,32.0,47.5,37.1,51,3883000,-549900,32.0,,,25.17,129620,,1,2000
1790275384,2026-09-24T18:43:04Z,66872,1790208587,6.1.187-android14-11-SAGA,49646d1b0cd1,cc_governor,cc_governor,21966,8274,37762,51758,15787,12,7888,2502,14661,18436,6773,455,adios,0,adios,0,adios,0,41.2,41.7,,32.0,44.1,35.7,51,3884000,-490100,32.0,,,21.19,120368,,1,2000
1790275420,2026-09-24T18:43:40Z,66908,1790208587,6.1.187-android14-11-SAGA,49646d1b0cd1,cc_governor,cc_governor,36073,17341,64043,91360,27965,13,11116,5773,23217,31151,12101,768,adios,0,adios,0,adios,0,43.1,44.7,41.8,32.0,46.0,36.6,51,3865000,-657900,32.0,,,20.08,116232,,1,2000
1790275455,2026-09-24T18:44:15Z,66943,1790208587,6.1.187-android14-11-SAGA,49646d1b0cd1,cc_governor,cc_governor,48295,29850,85151,128808,36855,15,11759,10209,26835,39603,15076,1074,adios,0,adios,0,adios,0,42.0,41.9,,32.0,45.2,36.1,51,3873000,-471100,32.0,,,20.09,183412,,1,2000
1790275490,2026-09-24T18:44:50Z,66979,1790208587,6.1.187-android14-11-SAGA,49646d1b0cd1,cc_governor,cc_governor,60329,39811,108477,165716,48148,17,13569,13413,32463,48957,18894,1386,adios,0,adios,0,adios,0,42.3,42.9,,32.0,45.7,36.3,51,3866000,-493700,32.0,,,20.65,104224,,1,2000
1790275525,2026-09-24T18:45:25Z,67014,1790208587,6.1.187-android14-11-SAGA,49646d1b0cd1,cc_governor,cc_governor,71193,51322,129417,201736,58216,20,13900,16610,35986,55873,22086,1676,adios,0,adios,0,adios,0,41.4,41.9,,32.0,44.8,36.0,51,3862000,-556600,32.0,,,19.51,100608,,1,2000
1790275560,2026-09-24T18:46:00Z,67049,1790208587,6.1.187-android14-11-SAGA,49646d1b0cd1,cc_governor,cc_governor,82394,61202,152093,238005,69698,22,14234,19601,39619,62661,25385,1966,adios,0,adios,0,adios,0,41.1,42.7,,32.0,44.8,36.1,51,3871000,-336900,32.0,,,19.83,112168,,1,2000
1790275596,2026-09-24T18:46:36Z,67084,1790208587,6.1.187-android14-11-SAGA,49646d1b0cd1,cc_governor,cc_governor,94555,72566,173973,274884,79421,24,15838,23321,44469,71576,28640,2250,adios,0,adios,0,adios,0,43.4,43.3,,32.0,46.4,36.5,51,3861000,-454100,32.0,,,19.46,121368,,1,2000
1790275631,2026-09-24T18:47:11Z,67119,1790208587,6.1.187-android14-11-SAGA,49646d1b0cd1,cc_governor,cc_governor,104553,86704,191061,309746,86511,27,16714,27464,48319,79833,31609,2550,adios,0,adios,0,adios,0,42.4,42.1,,32.0,45.3,36.2,50,3858000,-466900,32.0,,,20.77,79472,,1,2000
1790275666,2026-09-24T18:47:46Z,67154,1790208587,6.1.187-android14-11-SAGA,49646d1b0cd1,cc_governor,cc_governor,117272,95203,216616,347939,99360,28,17436,30851,52502,87682,35075,2857,adios,0,adios,0,adios,0,42.1,42.9,,32.0,52.6,37.2,50,3846000,-399100,32.0,,,19.97,139956,,1,2000
1790275702,2026-09-24T18:48:22Z,67190,1790208587,6.1.187-android14-11-SAGA,49646d1b0cd1,cc_governor,cc_governor,138538,99968,252027,394852,113508,69,28068,32843,71937,110865,43874,3244,adios,0,adios,0,adios,0,42.5,42.5,,32.0,46.9,37.1,50,3840000,-779400,32.0,,,18.94,164196,,1,2000
1790275737,2026-09-24T18:48:57Z,67226,1790208587,6.1.187-android14-11-SAGA,49646d1b0cd1,cc_governor,cc_governor,148794,104719,275955,427350,127158,71,30457,34656,78922,120276,48486,3549,adios,0,adios,0,adios,1,49.1,46.0,43.5,32.0,49.8,37.5,50,3848000,-928900,32.0,,,19.74,90048,,1,2000
1790275774,2026-09-24T18:49:34Z,67262,1790208587,6.1.187-android14-11-SAGA,49646d1b0cd1,cc_governor,cc_governor,178323,112503,316312,486146,138021,89,38189,40010,94019,143056,55830,3946,adios,0,adios,0,adios,0,55.4,57.5,,32.0,61.4,39.8,50,3845000,-505300,32.0,,,19.44,54668,,1,2000
1790275811,2026-09-24T18:50:11Z,67300,1790208587,6.1.187-android14-11-SAGA,49646d1b0cd1,cc_governor,cc_governor,229692,114180,380245,561902,150416,143,87307,41359,154587,211063,67097,4354,adios,0,adios,0,adios,0,40.1,39.0,,32.0,39.7,35.6,50,3857000,-284400,31.0,,,24.78,119368,,1,2000
1790275865,2026-09-24T18:51:05Z,67353,1790208587,6.1.187-android14-11-SAGA,49646d1b0cd1,cc_governor,cc_governor,302077,120585,463434,662483,161192,242,171593,46747,248530,313203,76615,6476,adios,0,adios,0,adios,0,38.3,38.0,,31.0,39.6,35.0,50,3868000,-343000,31.0,,,27.19,121556,,1,2000
1790275917,2026-09-24T18:51:57Z,67405,1790208587,6.1.187-android14-11-SAGA,49646d1b0cd1,cc_governor,cc_governor,379048,130649,547121,768068,167915,330,254149,56266,337250,413444,82846,8341,adios,0,adios,0,adios,0,42.1,38.1,37.2,31.0,38.5,34.5,50,3859000,-347900,31.0,,,27.12,141564,,1,2000
1790275968,2026-09-24T18:52:48Z,67456,1790208587,6.1.187-android14-11-SAGA,49646d1b0cd1,cc_governor,cc_governor,455845,137127,635037,872131,179176,398,319655,61569,413586,497978,93919,10081,adios,0,adios,0,adios,0,53.8,54.3,,31.0,65.0,39.0,49,3776000,-1430000,31.0,,,24.45,100352,,1,2000
1790276004,2026-09-24T18:53:24Z,67493,1790208587,6.1.187-android14-11-SAGA,49646d1b0cd1,cc_governor,cc_governor,508422,137945,701925,947500,193528,417,351718,62347,460131,553311,108417,10502,adios,0,adios,0,adios,0,46.0,53.4,46.0,31.0,49.8,38.4,49,3833000,-583400,31.0,,,21.81,98740,,1,2000
1790276043,2026-09-24T18:54:03Z,67531,1790208587,6.1.187-android14-11-SAGA,49646d1b0cd1,cc_governor,cc_governor,548484,145427,754374,1015147,205830,421,360537,69350,480423,581303,119883,10971,adios,0,adios,0,adios,0,49.5,51.1,46.7,31.0,53.8,38.1,49,3825000,-626800,31.0,,,20.48,113612,,1,2000
1790276079,2026-09-24T18:54:39Z,67567,1790208587,6.1.187-android14-11-SAGA,49646d1b0cd1,cc_governor,cc_governor,594678,152247,809638,1086074,214967,423,372306,76488,502969,612261,130681,11290,adios,0,adios,0,adios,0,47.7,50.2,46.5,31.0,51.6,38.6,49,3825000,-716500,31.0,,,19.72,91880,,1,2000
1790276115,2026-09-24T18:55:15Z,67603,1790208587,6.1.187-android14-11-SAGA,49646d1b0cd1,cc_governor,cc_governor,640180,161423,862369,1157111,222187,426,377862,86685,515747,635844,137875,11600,adios,0,adios,0,adios,0,49.2,50.2,46.3,32.0,57.0,38.9,49,3818000,-1082100,32.0,,,19.34,135540,,1,2000
1790276150,2026-09-24T18:55:50Z,67639,1790208587,6.1.187-android14-11-SAGA,49646d1b0cd1,cc_governor,cc_governor,671568,162643,910062,1212650,238499,431,395095,87974,549740,674164,154600,11896,adios,0,adios,0,adios,0,54.6,57.7,55.9,32.0,59.8,40.9,49,3790000,-1098600,32.0,,,21.71,84188,,1,2000
1790276186,2026-09-24T18:56:26Z,67675,1790208587,6.1.187-android14-11-SAGA,49646d1b0cd1,cc_governor,cc_governor,713421,164331,967409,1278593,253962,437,412991,89738,584111,712801,171100,12276,adios,0,adios,0,adios,0,57.8,57.6,,32.0,66.8,43.5,48,3771000,-1375100,33.0,,,24.39,114524,,1,2000
1790276229,2026-09-24T18:57:09Z,67718,1790208587,6.1.187-android14-11-SAGA,49646d1b0cd1,cc_governor,cc_governor,729476,166397,997977,1314217,268483,608,425912,90755,604033,737846,178121,12978,adios,0,adios,0,adios,0,46.3,45.8,,33.0,51.1,38.4,48,3849000,-403400,33.0,,,21.73,115448,,1,2000
1790276267,2026-09-24T18:57:47Z,67755,1790208587,6.1.187-android14-11-SAGA,49646d1b0cd1,cc_governor,cc_governor,21,52,53,148,31,0,59,48,78,180,19,15,adios,0,adios,0,adios,0,41.6,42.2,,33.0,41.4,34.5,48,3862000,-268500,32.0,,,19.09,120344,,1,2000
1790276327,2026-09-24T18:58:47Z,67815,1790208587,6.1.187-android14-11-SAGA,49646d1b0cd1,cc_governor,cc_governor,31711,578,45237,50761,13530,9,16624,548,27815,32413,11190,82,adios,0,adios,0,adios,0,54.4,57.3,50.2,32.0,61.0,41.0,48,3802000,-928900,32.0,,,20.69,111392,,1,2000
1790276365,2026-09-24T18:59:25Z,67853,1790208587,6.1.187-android14-11-SAGA,49646d1b0cd1,cc_governor,cc_governor,94657,1013,121922,134618,27287,24,59282,1047,87573,95027,28317,475,adios,0,adios,0,adios,0,50.7,56.5,49.1,33.0,58.0,41.1,48,3788000,-1111400,33.0,,,24.59,96372,,1,2000
1790276402,2026-09-24T19:00:02Z,67890,1790208587,6.1.187-android14-11-SAGA,49646d1b0cd1,cc_governor,cc_governor,140462,3552,182423,204469,41804,39,86120,3975,131170,143314,44904,872,adios,0,adios,0,adios,0,53.9,54.0,49.7,33.0,62.2,41.5,48,3783000,-1266400,33.0,,,23.40,118264,,1,2000
1790276438,2026-09-24T19:00:38Z,67926,1790208587,6.1.187-android14-11-SAGA,49646d1b0cd1,cc_governor,cc_governor,191182,7411,245101,277610,53889,68,120047,7718,179368,198082,59321,1286,adios,0,adios,0,adios,0,52.7,51.6,47.4,33.0,53.4,40.7,47,3789000,-680500,33.0,,,24.22,125184,,1,2000
1790276474,2026-09-24T19:01:14Z,67963,1790208587,6.1.187-android14-11-SAGA,49646d1b0cd1,cc_governor,cc_governor,243439,9535,311082,352952,67636,71,144599,10686,220239,243121,75663,1658,adios,0,adios,0,adios,0,52.4,52.3,48.5,33.0,54.9,40.9,47,3801000,-849600,33.0,,,23.30,79532,,1,2000
1790276511,2026-09-24T19:01:51Z,67999,1790208587,6.1.187-android14-11-SAGA,49646d1b0cd1,cc_governor,cc_governor,266152,15182,350253,403168,84123,74,166361,16221,258590,287931,92242,2060,adios,0,adios,0,adios,8,52.2,47.5,45.2,33.0,53.2,40.0,47,3800000,-819000,33.0,,,22.48,129156,,1,2000
1790276550,2026-09-24T19:02:30Z,68039,1790208587,6.1.187-android14-11-SAGA,49646d1b0cd1,cc_governor,cc_governor,314656,19727,413163,477153,98496,127,204799,20500,313103,348484,108276,2775,adios,0,adios,0,adios,0,47.0,47.9,44.7,33.0,50.3,39.4,47,3816000,-775100,33.0,,,22.05,112432,,1,2000
1790276590,2026-09-24T19:03:10Z,68079,1790208587,6.1.187-android14-11-SAGA,49646d1b0cd1,cc_governor,cc_governor,356494,29656,465877,546932,109370,163,239833,29939,359387,406643,119518,3479,adios,0,adios,0,adios,0,49.9,52.4,47.1,33.0,51.2,39.9,47,3801000,-747000,33.0,,,21.13,104712,,1,2000
1790276627,2026-09-24T19:03:47Z,68116,1790208587,6.1.187-android14-11-SAGA,49646d1b0cd1,cc_governor,cc_governor,408825,35832,528520,622381,119552,169,288606,35872,419658,474735,130944,3896,adios,0,adios,0,adios,0,54.4,52.5,48.3,33.0,60.6,41.0,47,3782000,-925900,33.0,,,22.07,82260,,1,2000
1790276665,2026-09-24T19:04:25Z,68153,1790208587,6.1.187-android14-11-SAGA,49646d1b0cd1,cc_governor,cc_governor,457566,40515,590220,695663,132655,186,323532,41672,469114,531645,145584,4390,adios,0,adios,0,adios,0,47.3,47.0,44.6,33.0,49.3,39.1,46,3801000,-665200,33.0,,,21.35,104596,,1,2000
1790276703,2026-09-24T19:05:03Z,68191,1790208587,6.1.187-android14-11-SAGA,49646d1b0cd1,cc_governor,cc_governor,501697,46695,646987,765643,145083,212,361226,48022,520504,591247,159163,4846,adios,0,adios,0,adios,0,59.3,59.6,52.4,33.0,64.5,42.3,46,3786000,-982600,33.0,,,23.80,89360,,1,2000
1790276740,2026-09-24T19:05:40Z,68229,1790208587,6.1.187-android14-11-SAGA,49646d1b0cd1,cc_governor,cc_governor,537331,54434,694826,827690,157417,245,386596,56007,559283,639327,172636,5382,adios,0,adios,0,adios,0,47.6,46.9,,33.0,52.0,39.6,46,3762000,-972200,33.0,,,22.39,113024,,1,2000
1790276778,2026-09-24T19:06:18Z,68266,1790208587,6.1.187-android14-11-SAGA,49646d1b0cd1,cc_governor,cc_governor,590443,60539,758130,903825,167550,263,437001,62182,620936,709003,183774,5826,adios,0,adios,0,adios,0,55.7,56.7,49.0,33.0,56.1,40.8,46,3765000,-1289000,33.0,,,21.43,145836,,1,2000
1790276815,2026-09-24T19:06:55Z,68303,1790208587,6.1.187-android14-11-SAGA,49646d1b0cd1,cc_governor,cc_governor,641581,65231,820592,978412,179028,280,484495,67204,681169,775425,196686,6358,adios,0,adios,0,adios,0,51.2,55.3,,33.0,53.4,40.4,46,3786000,-730500,33.0,,,21.24,86916,,1,2000
1790276851,2026-09-24T19:07:31Z,68339,1790208587,6.1.187-android14-11-SAGA,49646d1b0cd1,cc_governor,cc_governor,669729,76109,858805,1033016,188829,284,513826,77051,720786,826074,206802,6735,adios,0,adios,0,adios,0,50.0,52.3,46.8,33.0,60.0,40.4,46,3791000,-968600,33.0,,,21.59,95992,,1,2000
1790276889,2026-09-24T19:08:09Z,68378,1790208587,6.1.187-android14-11-SAGA,49646d1b0cd1,cc_governor,cc_governor,710841,82996,912609,1100276,201803,304,546752,84068,768081,881606,221302,7338,adios,0,adios,0,adios,0,47.8,46.7,44.9,33.0,49.6,39.1,45,3791000,-704900,33.0,,,21.20,90712,,1,2000
1790276928,2026-09-24T19:08:48Z,68417,1790208587,6.1.187-android14-11-SAGA,49646d1b0cd1,cc_governor,cc_governor,756976,93550,967582,1171606,210400,314,596469,94361,826497,951908,230006,7885,adios,0,adios,0,adios,0,49.0,54.1,46.9,33.0,55.9,40.3,45,3780000,-839200,33.0,,,21.58,132316,,1,2000
1790276969,2026-09-24T19:09:29Z,68458,1790208587,6.1.187-android14-11-SAGA,49646d1b0cd1,cc_governor,cc_governor,827825,100457,1047362,1265299,219555,364,651224,102956,891809,1028035,240579,8668,adios,0,adios,0,adios,0,49.4,51.4,46.8,33.0,52.2,39.7,45,3783000,-1057700,33.0,,,23.81,97400,,1,2000
1790277007,2026-09-24T19:10:07Z,68495,1790208587,6.1.187-android14-11-SAGA,49646d1b0cd1,cc_governor,cc_governor,857349,104713,1093823,1323129,236417,390,675280,107243,932414,1074450,257112,9166,adios,0,adios,0,adios,0,48.4,49.8,46.1,32.0,52.1,39.7,45,3772000,-694500,33.0,,,21.75,145116,,1,2000
1790277043,2026-09-24T19:10:43Z,68532,1790208587,6.1.187-android14-11-SAGA,49646d1b0cd1,cc_governor,cc_governor,907403,109743,1155340,1396043,247949,391,703285,113110,974092,1123812,270809,9531,adios,0,adios,0,adios,0,49.1,51.2,47.3,33.0,58.8,40.1,45,3775000,-1020500,32.0,,,23.08,97108,,1,2000
1790277081,2026-09-24T19:11:21Z,68570,1790208587,6.1.187-android14-11-SAGA,49646d1b0cd1,cc_governor,cc_governor,929769,116114,1194413,1447090,264647,403,732770,118950,1018978,1175664,286174,9999,adios,0,adios,0,adios,0,49.5,49.7,46.1,33.0,52.3,40.0,44,3773000,-491300,33.0,,,21.52,105352,,1,2000
1790277119,2026-09-24T19:11:59Z,68607,1790208587,6.1.187-android14-11-SAGA,49646d1b0cd1,cc_governor,cc_governor,977713,117072,1258097,1519409,280366,416,748907,120173,1053942,1213258,305040,10446,adios,0,adios,0,adios,0,54.9,59.3,,33.0,62.4,41.8,44,3775000,-974700,33.0,,,20.23,186160,,1,2000
1790277155,2026-09-24T19:12:35Z,68643,1790208587,6.1.187-android14-11-SAGA,49646d1b0cd1,cc_governor,cc_governor,1019512,124583,1309850,1585852,290318,420,769476,129618,1084647,1254220,315125,10755,adios,0,adios,0,adios,0,56.4,58.3,51.9,33.0,62.3,42.4,44,3733000,-1564300,33.0,,,20.18,80448,,1,2000
1790277191,2026-09-24T19:13:11Z,68680,1790208587,6.1.187-android14-11-SAGA,49646d1b0cd1,cc_governor,cc_governor,1065113,132931,1363530,1654998,298386,430,789128,139410,1113461,1293318,324308,11064,adios,0,adios,0,adios,0,57.3,59.1,55.7,33.0,64.4,43.4,44,3754000,-966700,33.0,,,19.50,95132,,1,2000
1790277228,2026-09-24T19:13:48Z,68716,1790208587,6.1.187-android14-11-SAGA,49646d1b0cd1,cc_governor,cc_governor,1112218,141836,1418014,1725792,305799,433,808298,150025,1141626,1332463,333296,11401,adios,0,adios,0,adios,0,58.5,60.8,57.1,34.0,63.7,43.8,44,3766000,-833100,34.0,,,19.60,173060,,1,2000
1790277264,2026-09-24T19:14:24Z,68752,1790208587,6.1.187-android14-11-SAGA,49646d1b0cd1,cc_governor,cc_governor,1155383,149739,1470098,1792866,314707,440,829004,159344,1172258,1372810,343235,11708,adios,0,adios,0,adios,0,58.2,60.1,54.2,34.0,64.0,44.1,43,3747000,-1337800,34.0,,,20.08,77928,,1,2000
1790277301,2026-09-24T19:15:01Z,68789,1790208587,6.1.187-android14-11-SAGA,49646d1b0cd1,cc_governor,cc_governor,1204258,160293,1524640,1864938,320380,449,847834,171192,1198132,1411475,350292,12020,adios,0,adios,0,adios,0,58.1,61.8,57.6,34.0,71.3,46.1,43,3737000,-1410500,35.0,,,27.17,1100548,,1,2000
1790277345,2026-09-24T19:15:45Z,68833,1790208587,6.1.187-android14-11-SAGA,49646d1b0cd1,cc_governor,cc_governor,1222016,162781,1561121,1913267,339113,655,862983,172781,1225216,1445057,362240,12926,adios,0,adios,0,adios,0,46.9,47.2,44.8,35.0,50.7,40.9,43,3793000,-519400,35.0,,,24.36,134788,,1,2000
1790277380,2026-09-24T19:16:20Z,68868,1790208587,6.1.187-android14-11-SAGA,49646d1b0cd1,cc_governor,cc_governor,1227085,175127,1575143,1946143,348051,657,863697,178568,1230143,1456064,366460,13214,adios,0,adios,0,adios,0,44.8,44.9,42.7,34.0,47.8,39.1,43,3793000,-500400,34.0,,,21.55,101492,,1,2000
1790277415,2026-09-24T19:16:55Z,68903,1790208587,6.1.187-android14-11-SAGA,49646d1b0cd1,cc_governor,cc_governor,1231332,187183,1588499,1977977,357164,658,864482,184110,1235172,1466898,370690,13482,adios,0,adios,0,adios,0,43.2,43.7,41.5,34.0,47.9,38.3,43,3800000,-499200,34.0,,,19.51,77712,,1,2000
1790277450,2026-09-24T19:17:30Z,68939,1790208587,6.1.187-android14-11-SAGA,49646d1b0cd1,cc_governor,cc_governor,1240040,197371,1607296,2013801,367254,662,870705,189646,1247928,1486045,377223,13773,adios,0,adios,0,adios,0,44.2,44.8,,34.0,57.6,39.2,43,3778000,-675600,34.0,,,19.35,81456,,1,2000
1790277486,2026-09-24T19:18:06Z,68974,1790208587,6.1.187-android14-11-SAGA,49646d1b0cd1,cc_governor,cc_governor,1252473,199195,1639026,2053019,386544,669,876699,190811,1263175,1503353,386497,14089,adios,0,adios,0,adios,0,48.2,52.1,44.3,34.0,48.1,38.8,43,3797000,-491300,34.0,,,18.66,114252,,1,2000
1790277521,2026-09-24T19:18:41Z,69010,1790208587,6.1.187-android14-11-SAGA,49646d1b0cd1,cc_governor,cc_governor,1264612,201181,1670212,2091483,405616,671,880090,191676,1274816,1516690,394732,14382,adios,0,adios,0,adios,0,43.4,44.0,,33.0,46.5,37.7,43,3795000,-514500,33.0,,,18.28,167716,,1,2000
1790277556,2026-09-24T19:19:16Z,69045,1790208587,6.1.187-android14-11-SAGA,49646d1b0cd1,cc_governor,cc_governor,1273609,201181,1701152,2126275,427541,674,880777,191676,1282058,1524219,401284,14692,adios,0,adios,0,adios,0,42.4,43.3,,33.0,45.3,36.9,43,3803000,-547400,33.0,,,18.42,129972,,1,2000
1790277591,2026-09-24T19:19:51Z,69080,1790208587,6.1.187-android14-11-SAGA,49646d1b0cd1,cc_governor,cc_governor,1282574,201181,1731672,2160658,449111,675,881679,191676,1289784,1532306,408110,15000,adios,0,adios,0,adios,0,41.6,41.9,,33.0,44.7,36.5,42,3799000,-455300,33.0,,,17.87,115196,,1,2000
1790277627,2026-09-24T19:20:27Z,69116,1790208587,6.1.187-android14-11-SAGA,49646d1b0cd1,cc_governor,cc_governor,1291527,203076,1760947,2195503,469442,675,883083,192256,1297573,1540923,414500,15311,adios,0,adios,0,adios,0,41.6,41.6,,33.0,44.7,36.1,42,3802000,-436400,32.0,,,17.64,120460,,1,2000
1790277662,2026-09-24T19:21:02Z,69151,1790208587,6.1.187-android14-11-SAGA,49646d1b0cd1,cc_governor,cc_governor,1298829,215575,1776979,2226157,478162,677,883932,196126,1301197,1548607,417271,15617,adios,0,adios,0,adios,0,41.8,41.4,,32.0,44.1,35.8,42,3803000,-571800,32.0,,,17.51,85740,,1,2000
1790277697,2026-09-24T19:21:37Z,69186,1790208587,6.1.187-android14-11-SAGA,49646d1b0cd1,cc_governor,cc_governor,1307941,217699,1805845,2260376,497901,678,884839,196743,1307889,1556087,423050,15902,adios,0,adios,0,adios,0,40.0,41.0,,32.0,44.2,35.4,42,3792000,-560300,32.0,,,18.21,93048,,1,2000
1790277732,2026-09-24T19:22:12Z,69221,1790208587,6.1.187-android14-11-SAGA,49646d1b0cd1,cc_governor,cc_governor,1315595,227563,1824491,2291423,508888,680,885630,200172,1311699,1563560,426069,16190,adios,0,adios,0,adios,0,40.6,40.1,,32.0,43.1,35.2,42,3799000,-418700,32.0,,,18.75,121196,,1,2000
1790277767,2026-09-24T19:22:47Z,69256,1790208587,6.1.187-android14-11-SAGA,49646d1b0cd1,cc_governor,cc_governor,1324025,236864,1844542,2323457,520512,682,887063,202834,1317358,1572127,430295,16505,adios,0,adios,0,adios,0,39.3,40.1,,32.0,44.0,35.0,42,3803000,-357000,32.0,,,18.91,101884,,1,2000
1790277803,2026-09-24T19:23:23Z,69291,1790208587,6.1.187-android14-11-SAGA,49646d1b0cd1,cc_governor,cc_governor,1332201,245576,1865091,2355562,532882,683,887639,205808,1321127,1579042,433494,16802,adios,0,adios,0,adios,0,39.9,40.7,,31.0,43.9,34.9,42,3802000,-591400,31.0,,,18.89,82188,,1,2000
1790277838,2026-09-24T19:23:58Z,69326,1790208587,6.1.187-android14-11-SAGA,49646d1b0cd1,cc_governor,cc_governor,1339878,255014,1884504,2386725,544624,685,888211,208249,1325347,1585876,437136,17099,adios,0,adios,0,adios,0,39.3,39.4,,31.0,43.5,34.7,42,3802000,-620700,31.0,,,19.28,90072,,1,2000
1790277873,2026-09-24T19:24:33Z,69361,1790208587,6.1.187-android14-11-SAGA,49646d1b0cd1,cc_governor,cc_governor,1349106,258647,1912028,2421478,562931,687,888967,210020,1330797,1593290,441835,17385,adios,0,adios,0,adios,0,39.3,39.4,,31.0,46.5,34.6,42,3802000,-429600,31.0,,,18.52,110780,,1,2000
1790277908,2026-09-24T19:25:08Z,69396,1790208587,6.1.187-android14-11-SAGA,49646d1b0cd1,cc_governor,cc_governor,1357162,269154,1930505,2453078,573354,688,889776,213628,1334524,1600907,444754,17681,adios,0,adios,0,adios,0,39.0,40.5,,31.0,43.9,34.5,42,3797000,-605400,31.0,,,18.40,119416,,1,2000
1790277943,2026-09-24T19:25:43Z,69432,1790208587,6.1.187-android14-11-SAGA,49646d1b0cd1,cc_governor,cc_governor,1365124,277671,1951520,2485296,586393,692,890542,216128,1339401,1608467,448859,17991,adios,0,adios,0,adios,0,38.7,39.3,,31.0,41.8,34.3,42,3800000,-421100,31.0,,,18.77,110116,,1,2000
1790277978,2026-09-24T19:26:18Z,69467,1790208587,6.1.187-android14-11-SAGA,49646d1b0cd1,cc_governor,cc_governor,1373540,284428,1974598,2518331,601071,692,891098,218551,1343631,1615284,452537,18288,adios,0,adios,0,adios,0,39.1,39.8,,31.0,42.9,34.4,42,3791000,-684200,31.0,,,18.26,95556,,1,2000
1790278013,2026-09-24T19:26:53Z,69502,1790208587,6.1.187-android14-11-SAGA,49646d1b0cd1,cc_governor,cc_governor,1381144,297048,1990217,2548678,609067,694,892002,222390,1347295,1623040,455292,18573,adios,0,adios,0,adios,0,38.7,38.9,,31.0,42.1,33.9,42,3783000,-405800,31.0,,,17.60,166268,,1,2000
1790278048,2026-09-24T19:27:28Z,69537,1790208587,6.1.187-android14-11-SAGA,49646d1b0cd1,cc_governor,cc_governor,1390581,300269,2018204,2584525,627633,695,892604,223714,1353267,1630566,460668,18870,adios,0,adios,0,adios,0,39.1,39.4,,31.0,42.2,34.0,42,3798000,-590800,31.0,,,17.28,95832,,1,2000
1790278083,2026-09-24T19:28:03Z,69572,1790208587,6.1.187-android14-11-SAGA,49646d1b0cd1,cc_governor,cc_governor,1398967,310255,2037525,2616139,638573,697,893490,226856,1357802,1638556,464319,19164,adios,0,adios,0,adios,0,38.6,39.0,,30.0,42.2,33.9,41,3792000,-405800,30.0,,,16.96,93784,,1,2000
1790278119,2026-09-24T19:28:39Z,69607,1790208587,6.1.187-android14-11-SAGA,49646d1b0cd1,cc_governor,cc_governor,1407923,316442,2061548,2649911,653620,698,895001,228637,1364778,1647637,469777,19468,adios,0,adios,0,adios,0,38.3,39.3,,30.0,41.9,33.8,41,3795000,-534600,30.0,,,16.98,98804,,1,2000
1790278154,2026-09-24T19:29:14Z,69642,1790208587,6.1.187-android14-11-SAGA,49646d1b0cd1,cc_governor,cc_governor,1416598,321150,2087403,2683859,670832,699,895632,230671,1369593,1654671,473967,19775,adios,0,adios,0,adios,0,38.6,38.9,,30.0,42.3,33.7,41,3793000,-469900,30.0,,,17.59,83676,,1,2000
1790278189,2026-09-24T19:29:49Z,69677,1790208587,6.1.187-android14-11-SAGA,49646d1b0cd1,cc_governor,cc_governor,1425071,325741,2112768,2716995,687707,701,896516,232008,1375744,1662344,479238,20080,adios,0,adios,0,adios,0,38.4,38.9,,30.0,42.1,33.6,41,3788000,-432700,30.0,,,17.06,116872,,1,2000
1790278224,2026-09-24T19:30:24Z,69712,1790208587,6.1.187-android14-11-SAGA,49646d1b0cd1,cc_governor,cc_governor,1432218,336027,2130800,2747640,698592,702,897483,234907,1380395,1670123,482922,20402,adios,0,adios,0,adios,0,39.0,39.6,,30.0,42.2,33.4,41,3797000,-598700,30.0,,,17.01,134892,,1,2000
1790278259,2026-09-24T19:30:59Z,69748,1790208587,6.1.187-android14-11-SAGA,49646d1b0cd1,cc_governor,cc_governor,1442463,338509,2160261,2783205,717808,703,898655,235949,1387768,1678819,489118,20695,adios,0,adios,0,adios,0,39.0,39.1,,30.0,41.0,33.4,41,3788000,-324000,30.0,,,16.98,99868,,1,2000
1790278294,2026-09-24T19:31:34Z,69783,1790208587,6.1.187-android14-11-SAGA,49646d1b0cd1,cc_governor,cc_governor,1449041,352594,2173504,2812569,724484,705,899341,239905,1390778,1685930,491443,20983,adios,0,adios,0,adios,0,37.8,38.1,,30.0,41.3,33.2,41,3790000,-410700,30.0,,,17.30,86824,,1,2000
1790278329,2026-09-24T19:32:09Z,69818,1790208587,6.1.187-android14-11-SAGA,49646d1b0cd1,cc_governor,cc_governor,1458275,354966,2202166,2847198,743885,705,900253,240990,1397138,1693626,496885,21280,adios,0,adios,0,adios,0,38.1,37.9,,30.0,41.5,33.3,41,3786000,-494900,30.0,,,18.03,78028,,1,2000
1790278364,2026-09-24T19:32:44Z,69853,1790208587,6.1.187-android14-11-SAGA,49646d1b0cd1,cc_governor,cc_governor,1464084,372720,2210858,2875514,746768,707,900865,246515,1398464,1700699,497599,21580,adios,0,adios,0,adios,0,38.0,38.3,,30.0,41.3,33.2,41,3783000,-718900,30.0,,,17.42,166124,,1,2000
1790278399,2026-09-24T19:33:19Z,69888,1790208587,6.1.187-android14-11-SAGA,49646d1b0cd1,cc_governor,cc_governor,1472872,375947,2238375,2911544,765493,709,901620,247823,1405036,1708774,503416,21883,adios,0,adios,0,adios,0,38.6,39.5,,30.0,41.0,33.1,41,3791000,-440000,30.0,,,17.65,155840,,1,2000
1790278434,2026-09-24T19:33:54Z,69923,1790208587,6.1.187-android14-11-SAGA,49646d1b0cd1,cc_governor,cc_governor,1490316,384141,2267190,2952236,776882,711,910411,250926,1419886,1727565,509482,22188,adios,0,adios,0,adios,0,39.6,40.8,,30.0,41.6,33.9,41,3785000,-625600,30.0,,,18.00,127664,,1,2000
1790278470,2026-09-24T19:34:30Z,69958,1790208587,6.1.187-android14-11-SAGA,49646d1b0cd1,cc_governor,cc_governor,1502517,394507,2289115,2986771,786615,713,913929,254639,1427383,1739373,513467,22489,adios,0,adios,0,adios,0,38.8,39.3,,30.0,45.1,33.9,41,3784000,-465600,30.0,,,16.95,119780,,1,2000
1790278505,2026-09-24T19:35:05Z,69993,1790208587,6.1.187-android14-11-SAGA,49646d1b0cd1,cc_governor,cc_governor,1529171,397929,2330717,3038354,801560,720,928788,256088,1452466,1767834,523683,22816,adios,0,adios,0,adios,0,39.3,39.4,,30.0,42.5,34.1,40,3783000,-435100,30.0,,,18.48,104928,,1,2000
1790278540,2026-09-24T19:35:40Z,70029,1790208587,6.1.187-android14-11-SAGA,49646d1b0cd1,cc_governor,cc_governor,1538400,411820,2347651,3071189,809239,724,929518,260416,1456315,1776325,526786,23130,adios,0,adios,0,adios,0,39.3,38.5,36.3,30.0,40.3,33.5,40,3789000,-582200,30.0,,,17.50,92800,,1,2000
1790278576,2026-09-24T19:36:16Z,70064,1790208587,6.1.187-android14-11-SAGA,49646d1b0cd1,cc_governor,cc_governor,1564328,423664,2380931,3118849,816580,729,933516,265293,1464166,1789432,530650,23444,adios,0,adios,0,adios,0,38.0,39.2,36.8,30.0,41.1,33.4,40,3789000,-595000,30.0,,,18.06,121328,,1,2000
1790278611,2026-09-24T19:36:51Z,70099,1790208587,6.1.187-android14-11-SAGA,49646d1b0cd1,cc_governor,cc_governor,1592461,434367,2415674,3166706,823185,731,934522,270235,1468187,1798696,533676,23731,adios,0,adios,0,adios,0,38.3,38.3,,29.0,45.9,34.0,40,3792000,-400300,30.0,,,18.72,160376,,1,2000
1790278647,2026-09-24T19:37:27Z,70135,1790208587,6.1.187-android14-11-SAGA,49646d1b0cd1,cc_governor,cc_governor,1611546,438936,2449213,3210182,837662,740,940848,272791,1483831,1817567,542983,24072,adios,0,adios,0,adios,0,41.2,47.1,,30.0,45.1,34.1,40,3782000,-565700,29.0,,,18.67,102880,,1,2000
1790278682,2026-09-24T19:38:02Z,70171,1790208587,6.1.187-android14-11-SAGA,49646d1b0cd1,cc_governor,cc_governor,1632353,447653,2478017,3254568,845664,744,948734,275203,1497024,1834453,548290,24422,adios,0,adios,0,adios,0,37.7,37.3,,29.0,40.3,33.2,40,3780000,-245900,30.0,,,18.62,413916,,1,2000
1790278718,2026-09-24T19:38:38Z,70206,1790208587,6.1.187-android14-11-SAGA,49646d1b0cd1,cc_governor,cc_governor,1647506,451871,2507807,3300273,860325,746,952111,276856,1508597,1848454,556511,24734,adios,0,adios,0,adios,0,46.3,43.6,41.0,29.0,50.6,35.6,40,3762000,-854400,29.0,,,19.04,135864,,1,2000
1790278754,2026-09-24T19:39:14Z,70242,1790208587,6.1.187-android14-11-SAGA,49646d1b0cd1,cc_governor,cc_governor,1666002,452329,2543783,3364249,877782,754,966682,277071,1533876,1883205,567096,25157,adios,0,adios,0,adios,0,45.4,48.2,42.7,30.0,53.0,36.1,40,3778000,-540100,30.0,,,18.30,162596,,1,2000
1790278790,2026-09-24T19:39:50Z,70278,1790208587,6.1.187-android14-11-SAGA,49646d1b0cd1,cc_governor,cc_governor,1683175,455405,2578498,3409221,895338,761,973079,278158,1548182,1900299,575112,25507,adios,0,adios,0,adios,0,39.1,39.0,,29.0,42.2,33.9,40,3789000,-452800,30.0,,,18.60,251532,,1,2000
1790278825,2026-09-24T19:40:25Z,70313,1790208587,6.1.187-android14-11-SAGA,49646d1b0cd1,cc_governor,cc_governor,1694340,466710,2599345,3444965,905003,762,975616,282880,1555087,1912501,579471,25813,adios,0,adios,0,adios,0,39.9,40.6,,29.0,43.0,34.1,40,3767000,-771400,29.0,,,18.63,188364,,1,2000
1790278860,2026-09-24T19:41:00Z,70349,1790208587,6.1.187-android14-11-SAGA,49646d1b0cd1,cc_governor,cc_governor,1700715,477458,2616473,3476770,915757,764,977144,288173,1561833,1925229,584689,26132,adios,0,adios,0,adios,0,38.9,39.4,,29.0,42.8,33.6,39,3763000,-858100,29.0,,,18.60,95436,,1,2000
1790278896,2026-09-24T19:41:36Z,70384,1790208587,6.1.187-android14-11-SAGA,49646d1b0cd1,cc_governor,cc_governor,1711714,488376,2637842,3512812,926149,764,978235,292515,1566844,1935029,588615,26451,adios,0,adios,0,adios,0,38.0,38.2,,29.0,42.3,33.3,39,3766000,-510800,29.0,,,19.02,133456,,1,2000
1790278931,2026-09-24T19:42:11Z,70419,1790208587,6.1.187-android14-11-SAGA,49646d1b0cd1,cc_governor,cc_governor,1722516,501865,2656237,3547497,933696,765,978346,296129,1569111,1941201,590765,26759,adios,0,adios,0,adios,0,37.6,37.7,,29.0,45.7,33.5,39,3744000,-1019200,29.0,,,18.51,120196,,1,2000
1790278966,2026-09-24T19:42:46Z,70455,1790208587,6.1.187-android14-11-SAGA,49646d1b0cd1,cc_governor,cc_governor,1735152,512456,2679214,3584565,944062,768,979659,299923,1573304,1949557,593645,27095,adios,0,adios,0,adios,0,38.2,38.0,,29.0,40.7,32.9,39,3777000,-352100,29.0,,,18.04,144128,,1,2000
1790279002,2026-09-24T19:43:22Z,70490,1790208587,6.1.187-android14-11-SAGA,49646d1b0cd1,cc_governor,cc_governor,1746851,524079,2700124,3620612,953261,772,981115,303886,1577727,1958322,596612,27381,adios,0,adios,0,adios,0,38.7,39.4,,29.0,41.3,33.0,39,3788000,-501700,29.0,,,17.97,112680,,1,2000
1790279036,2026-09-24T19:43:56Z,70525,1790208587,6.1.187-android14-11-SAGA,49646d1b0cd1,cc_governor,cc_governor,1756958,537538,2717739,3654955,960781,774,982368,307580,1581707,1966362,599339,27675,adios,0,adios,0,adios,0,37.3,37.8,,29.0,40.7,32.9,39,3788000,-389400,29.0,,,17.56,106236,,1,2000
1790279071,2026-09-24T19:44:31Z,70560,1790208587,6.1.187-android14-11-SAGA,49646d1b0cd1,cc_governor,cc_governor,1767578,550993,2735537,3689195,967957,774,982952,311466,1584531,1973347,601579,27955,adios,0,adios,0,adios,0,37.2,39.6,,29.0,41.0,32.9,39,3766000,-701200,29.0,,,17.51,111280,,1,2000
1790279107,2026-09-24T19:45:07Z,70595,1790208587,6.1.187-android14-11-SAGA,49646d1b0cd1,cc_governor,cc_governor,1778066,563596,2753980,3723555,975925,777,985163,315253,1589879,1983030,604636,28273,adios,0,adios,0,adios,2,39.7,38.7,,29.0,41.8,33.0,39,3776000,-651200,29.0,,,17.64,110888,,1,2000
1790279142,2026-09-24T19:45:42Z,70630,1790208587,6.1.187-android14-11-SAGA,49646d1b0cd1,cc_governor,cc_governor,1789129,572265,2777391,3758848,988241,780,986422,317803,1594950,1991767,608528,28575,adios,0,adios,0,adios,0,37.9,38.0,,29.0,44.1,33.2,39,3762000,-618200,29.0,,,17.99,79468,,1,2000
1790279177,2026-09-24T19:46:17Z,70665,1790208587,6.1.187-android14-11-SAGA,49646d1b0cd1,cc_governor,cc_governor,1805536,581944,2804268,3798952,998736,780,990301,322520,1603795,2006405,613506,28885,adios,0,adios,0,adios,0,40.2,40.6,,29.0,42.8,34.1,39,3767000,-427200,29.0,,,18.73,150956,,1,2000
1790279212,2026-09-24T19:46:52Z,70701,1790208587,6.1.187-android14-11-SAGA,49646d1b0cd1,cc_governor,cc_governor,1817551,594238,2825148,3835532,1007598,781,995304,326671,1613475,2020706,618183,29165,adios,0,adios,0,adios,0,42.9,41.8,39.7,29.0,46.8,34.9,39,3762000,-827600,29.0,,,18.62,114916,,1,2000
1790279248,2026-09-24T19:47:28Z,70736,1790208587,6.1.187-android14-11-SAGA,49646d1b0cd1,cc_governor,cc_governor,1850388,606201,2864095,3892818,1013699,781,998741,337790,1623012,2041843,624271,29466,adios,0,adios,0,adios,0,40.4,41.5,,30.0,43.9,34.4,39,3765000,-371000,30.0,,,19.67,87320,,1,2000
1790279282,2026-09-24T19:48:02Z,70771,1790208587,6.1.187-android14-11-SAGA,49646d1b0cd1,cc_governor,cc_governor,1872234,617734,2894290,3940166,1022066,784,1002892,347508,1632715,2061842,629829,29736,adios,0,adios,0,adios,0,40.2,43.3,,30.0,44.2,34.8,38,3757000,-819000,30.0,,,20.05,95136,,1,2000
1790279317,2026-09-24T19:48:37Z,70806,1790208587,6.1.187-android14-11-SAGA,49646d1b0cd1,cc_governor,cc_governor,1884516,628369,2916084,3975383,1031560,787,1003533,351038,1635958,2069040,632425,30026,adios,0,adios,0,adios,0,39.3,40.1,,30.0,42.5,34.1,38,3751000,-825100,29.0,,,19.53,163352,,1,2000
1790279353,2026-09-24T19:49:13Z,70841,1790208587,6.1.187-android14-11-SAGA,49646d1b0cd1,cc_governor,cc_governor,1897867,636505,2942218,4012544,1044332,788,1005337,353894,1642535,2078909,637198,30326,adios,0,adios,0,adios,0,39.5,39.6,,30.0,43.4,34.2,38,3766000,-728100,30.0,,,19.31,172704,,1,2000
1790279388,2026-09-24T19:49:48Z,70876,1790208587,6.1.187-android14-11-SAGA,49646d1b0cd1,cc_governor,cc_governor,1909300,649048,2961994,4047655,1052709,790,1005934,357431,1645459,2085584,639531,30637,adios,0,adios,0,adios,0,39.8,40.2,,30.0,43.2,34.2,38,3769000,-396700,30.0,,,18.82,150456,,1,2000
1790279423,2026-09-24T19:50:23Z,70911,1790208587,6.1.187-android14-11-SAGA,49646d1b0cd1,cc_governor,cc_governor,1921920,659218,2985274,4084068,1063289,791,1007376,360902,1650647,2094671,643266,30909,adios,0,adios,0,adios,0,42.8,44.0,39.5,30.0,48.4,35.0,38,3750000,-833100,30.0,,,19.13,174476,,1,2000
1790279458,2026-09-24T19:50:58Z,70947,1790208587,6.1.187-android14-11-SAGA,49646d1b0cd1,cc_governor,cc_governor,1943072,663832,3022447,4129511,1079380,793,1010977,363469,1659837,2107060,648868,31252,adios,0,adios,0,adios,0,40.8,42.3,,30.0,43.6,34.5,38,3740000,-1114500,30.0,,,18.91,144864,,1,2000
1790279493,2026-09-24T19:51:33Z,70982,1790208587,6.1.187-android14-11-SAGA,49646d1b0cd1,cc_governor,cc_governor,1952901,672234,3044623,4163469,1091735,793,1013091,366961,1668708,2120232,655622,31550,adios,0,adios,0,adios,0,42.1,40.6,,30.0,51.2,34.6,38,3765000,-573100,30.0,,,18.56,117620,,1,2000
1790279529,2026-09-24T19:52:09Z,71018,1790208587,6.1.187-android14-11-SAGA,49646d1b0cd1,cc_governor,cc_governor,1966119,681685,3069776,4202550,1103653,800,1015018,370663,1675125,2131385,660115,31868,adios,0,adios,0,adios,0,39.9,39.6,,30.0,43.1,34.0,38,3777000,-493700,30.0,,,17.35,102964,,1,2000
1790279564,2026-09-24T19:52:44Z,71053,1790208587,6.1.187-android14-11-SAGA,49646d1b0cd1,cc_governor,cc_governor,1974430,694324,3086678,4236219,1112241,802,1017913,376229,1682024,2144764,664109,32175,adios,0,adios,0,adios,0,41.5,43.0,,30.0,42.9,34.3,38,3777000,-567000,30.0,,,18.29,103928,,1,2000
1790279600,2026-09-24T19:53:20Z,71088,1790208587,6.1.187-android14-11-SAGA,49646d1b0cd1,cc_governor,cc_governor,1981504,705068,3104481,4268527,1122977,804,1019031,381392,1688411,2157024,669380,32485,adios,0,adios,0,adios,0,40.1,40.6,,30.0,43.2,34.2,37,3771000,-397900,30.0,,,18.15,123520,,1,2000
1790279635,2026-09-24T19:53:55Z,71123,1790208587,6.1.187-android14-11-SAGA,49646d1b0cd1,cc_governor,cc_governor,1992901,716963,3125343,4304522,1132427,805,1019951,385763,1692873,2166200,672922,32792,adios,0,adios,0,adios,0,38.1,38.6,,30.0,42.4,33.8,37,3769000,-466900,30.0,,,17.91,72248,,1,2000
1790279675,2026-09-24T19:54:35Z,71163,1790208587,6.1.187-android14-11-SAGA,49646d1b0cd1,cc_governor,cc_governor,392,2006,1500,3806,1107,0,923,465,1373,2321,450,12,adios,0,adios,0,adios,0,40.1,39.7,,30.0,43.2,34.1,37,3781000,-239200,30.0,,,17.60,110928,,1,2000
1790279710,2026-09-24T19:55:10Z,71198,1790208587,6.1.187-android14-11-SAGA,49646d1b0cd1,cc_governor,cc_governor,16561,12236,24327,39991,7766,6,11979,5298,16620,24424,4641,335,adios,0,adios,0,adios,0,39.5,40.9,,30.0,46.2,34.4,37,3730000,-1087000,30.0,,,17.77,69920,,1,2000
1790279745,2026-09-24T19:55:45Z,71234,1790208587,6.1.187-android14-11-SAGA,49646d1b0cd1,cc_governor,cc_governor,31382,17397,54371,79284,22980,9,16287,6769,26934,37491,10647,615,adios,0,adios,0,adios,0,38.9,39.0,,30.0,47.1,33.9,37,3748000,-505300,30.0,,,18.05,178040,,1,2000
1790279781,2026-09-24T19:56:21Z,71269,1790208587,6.1.187-android14-11-SAGA,49646d1b0cd1,cc_governor,cc_governor,40373,30941,70692,112594,30350,10,17274,9791,30278,44176,13010,919,adios,0,adios,0,adios,0,39.2,41.8,38.5,29.0,45.3,34.3,37,3760000,-396700,29.0,,,19.14,153736,,1,2000
1790279816,2026-09-24T19:56:57Z,71305,1790208587,6.1.187-android14-11-SAGA,49646d1b0cd1,cc_governor,cc_governor,52755,39129,96008,151652,43253,23,22127,12966,42470,60887,20343,1255,adios,0,adios,0,adios,0,39.2,39.2,,29.0,44.0,34.0,37,3746000,-726900,29.0,,,18.69,122664,,1,2000
1790279853,2026-09-24T19:57:33Z,71341,1790208587,6.1.187-android14-11-SAGA,49646d1b0cd1,cc_governor,cc_governor,67668,45567,125235,193815,57575,25,28641,15169,56152,78665,27517,1586,adios,0,adios,0,adios,0,38.5,39.1,,30.0,42.5,33.7,37,3762000,-354600,30.0,,,18.50,149048,,1,2000
1790279888,2026-09-24T19:58:08Z,71376,1790208587,6.1.187-android14-11-SAGA,49646d1b0cd1,cc_governor,cc_governor,75905,59832,139743,225297,63843,26,29843,18894,58989,85585,29149,1891,adios,0,adios,0,adios,0,39.6,41.2,,30.0,43.1,33.8,37,3771000,-431500,29.0,,,17.95,102980,,1,2000
1790279923,2026-09-24T19:58:43Z,71411,1790208587,6.1.187-android14-11-SAGA,49646d1b0cd1,cc_governor,cc_governor,89535,69952,161392,260169,71853,27,39933,23193,73148,107517,33215,2191,adios,0,adios,0,adios,0,41.0,42.0,,30.0,44.3,35.0,37,3748000,-516900,30.0,,,18.79,116980,,1,2000
1790279958,2026-09-24T19:59:18Z,71446,1790208587,6.1.187-android14-11-SAGA,49646d1b0cd1,cc_governor,cc_governor,107829,73656,194430,302204,86620,33,50066,25042,91168,131086,41125,2561,adios,0,adios,0,adios,0,45.6,45.3,,30.0,45.9,36.3,36,3755000,-611500,30.0,,,22.03,119688,,1,2000
1790279993,2026-09-24T19:59:53Z,71482,1790208587,6.1.187-android14-11-SAGA,49646d1b0cd1,cc_governor,cc_governor,116172,78037,219965,334218,103775,35,51724,26369,98522,140295,46798,2857,adios,0,adios,0,adios,0,39.9,41.5,,30.0,43.7,34.6,36,3763000,-737900,30.0,,,20.83,110348,,1,2000
1790280028,2026-09-24T20:00:28Z,71517,1790208587,6.1.187-android14-11-SAGA,49646d1b0cd1,cc_governor,cc_governor,121921,86649,237786,366166,115873,36,53001,30767,105702,152337,52705,3146,adios,0,adios,0,adios,0,39.8,40.2,37.8,30.0,42.6,34.3,36,3772000,-449200,30.0,,,19.65,133632,,1,2000
1790280064,2026-09-24T20:01:04Z,71552,1790208587,6.1.187-android14-11-SAGA,49646d1b0cd1,cc_governor,cc_governor,127440,99981,251353,399468,123928,40,55034,37348,113106,167277,58078,3446,adios,0,adios,0,adios,0,39.7,40.3,38.1,30.0,43.8,34.4,36,3766000,-414400,30.0,,,19.32,91324,,1,2000
1790280099,2026-09-24T20:01:39Z,71587,1790208587,6.1.187-android14-11-SAGA,49646d1b0cd1,cc_governor,cc_governor,131206,114864,260598,429736,129392,42,55687,44798,116799,178751,61107,3722,adios,0,adios,0,adios,0,39.0,39.5,37.6,30.0,43.7,34.1,36,3734000,-479700,30.0,,,18.70,109812,,1,2000
1790280149,2026-09-24T20:02:29Z,71637,1790208587,6.1.187-android14-11-SAGA,49646d1b0cd1,cc_governor,cc_governor,14,0,138,165,137,0,28,0,88,94,63,15,adios,0,adios,0,adios,0,36.7,38.8,,30.0,33.4,31.0,36,3775000,-541300,29.0,,,18.02,134068,,1,2000
1790280307,2026-09-24T20:05:07Z,71796,1790208587,6.1.187-android14-11-SAGA,49646d1b0cd1,cc_governor,cc_governor,15762,939,23765,28920,8003,21,11065,464,17842,21033,6798,63,adios,0,adios,0,adios,0,42.5,41.0,,28.0,44.0,33.6,36,3762000,-513300,29.0,,,18.87,130832,,1,2000
1790280343,2026-09-24T20:05:43Z,71831,1790208587,6.1.187-android14-11-SAGA,49646d1b0cd1,cc_governor,cc_governor,34271,3392,59463,71839,25198,24,16604,1927,32181,37726,15582,393,adios,0,adios,0,adios,0,40.4,39.1,,29.0,44.0,33.5,36,3759000,-486400,29.0,,,19.47,99476,,1,2000
1790280378,2026-09-24T20:06:18Z,71867,1790208587,6.1.187-android14-11-SAGA,49646d1b0cd1,cc_governor,cc_governor,61139,5996,101840,125050,40711,30,23752,3962,48408,57428,24670,714,adios,0,adios,0,adios,0,42.9,42.8,39.6,29.0,45.3,34.6,35,3745000,-902100,29.0,,,19.14,104772,,1,2000
1790280414,2026-09-24T20:06:54Z,71903,1790208587,6.1.187-android14-11-SAGA,49646d1b0cd1,cc_governor,cc_governor,95943,7390,152376,188691,56446,34,40347,5028,77647,90980,37318,1048,adios,0,adios,0,adios,0,49.3,51.6,,29.0,41.4,34.9,35,3744000,-781800,29.0,,,20.44,161784,,1,2000
1790280456,2026-09-24T20:07:37Z,71945,1790208587,6.1.187-android14-11-SAGA,49646d1b0cd1,cc_governor,cc_governor,159395,8317,230933,278315,71529,76,87765,5734,139390,162118,51551,2116,adios,0,adios,0,adios,0,52.3,50.9,45.4,29.0,56.9,38.1,35,3712000,-819000,29.0,,,20.30,121868,,1,2000
1790280492,2026-09-24T20:08:12Z,71981,1790208587,6.1.187-android14-11-SAGA,49646d1b0cd1,cc_governor,cc_governor,206878,9873,292293,348506,85396,78,106275,7271,174143,201291,67868,2416,adios,0,adios,0,adios,0,45.9,50.0,45.7,30.0,54.7,37.7,35,3737000,-1102900,30.0,,,20.34,75824,,1,2000
1790280529,2026-09-24T20:08:49Z,72017,1790208587,6.1.187-android14-11-SAGA,49646d1b0cd1,cc_governor,cc_governor,260911,11745,359599,425811,98684,83,124429,9393,209854,240892,85407,2738,adios,0,adios,0,adios,0,44.7,46.9,,30.0,47.8,36.4,35,3732000,-675600,30.0,,,19.69,93120,,1,2000
1790280565,2026-09-24T20:09:25Z,72053,1790208587,6.1.187-android14-11-SAGA,49646d1b0cd1,cc_governor,cc_governor,315878,18526,421897,502523,105988,85,134139,18723,229537,270582,95398,3028,adios,0,adios,0,adios,0,43.1,47.4,,30.0,46.2,35.9,34,3698000,-1066800,30.0,,,19.76,101264,,1,2000
1790280600,2026-09-24T20:10:00Z,72089,1790208587,6.1.187-android14-11-SAGA,49646d1b0cd1,cc_governor,cc_governor,365274,22017,482587,573947,117289,98,150635,22595,260158,306332,109518,3345,adios,0,adios,0,adios,0,44.1,50.4,42.5,30.0,48.4,36.6,34,3748000,-415600,30.0,,,19.31,78844,,1,2000
1790280636,2026-09-24T20:10:36Z,72124,1790208587,6.1.187-android14-11-SAGA,49646d1b0cd1,cc_governor,cc_governor,412546,25984,541872,645529,129324,101,162316,26914,287051,338025,124752,3619,adios,0,adios,0,adios,0,48.6,52.7,45.2,30.0,54.8,37.7,34,3715000,-834300,30.0,,,20.36,110652,,1,2000
1790280672,2026-09-24T20:11:12Z,72160,1790208587,6.1.187-android14-11-SAGA,49646d1b0cd1,cc_governor,cc_governor,461802,33268,599042,719388,137192,105,175612,36693,309880,371350,134261,3895,adios,0,adios,0,adios,0,44.2,45.5,42.7,30.0,53.6,37.0,34,3739000,-882500,30.0,,,20.36,106548,,1,2000
1790280707,2026-09-24T20:11:47Z,72196,1790208587,6.1.187-android14-11-SAGA,49646d1b0cd1,cc_governor,cc_governor,512986,43821,654408,795055,141412,109,187579,49459,328220,403775,140638,4213,adios,0,adios,0,adios,0,44.3,45.1,42.4,31.0,51.5,37.1,34,3742000,-631100,31.0,,,20.69,93564,,1,2000
1790280743,2026-09-24T20:12:23Z,72231,1790208587,6.1.187-android14-11-SAGA,49646d1b0cd1,cc_governor,cc_governor,565513,51626,713703,872588,148146,115,195873,60454,344502,431504,148629,4512,adios,0,adios,0,adios,0,44.4,47.7,,31.0,50.1,36.9,34,3737000,-592600,31.0,,,20.93,108948,,1,2000
1790280779,2026-09-24T20:12:59Z,72267,1790208587,6.1.187-android14-11-SAGA,49646d1b0cd1,cc_governor,cc_governor,616558,58747,772740,947626,156148,117,208504,68113,368981,464475,160478,4814,adios,0,adios,0,adios,0,44.3,50.0,42.6,31.0,52.4,37.0,34,3757000,-675600,31.0,,,20.52,98012,,1,2000
1790280814,2026-09-24T20:13:34Z,72303,1790208587,6.1.187-android14-11-SAGA,49646d1b0cd1,cc_governor,cc_governor,672457,62880,838337,1025508,165895,119,218461,73230,393147,494428,174686,5093,adios,0,adios,0,adios,0,43.1,48.0,,31.0,48.5,36.6,33,3748000,-757400,31.0,,,19.37,100420,,1,2000
1790280850,2026-09-24T20:14:10Z,72339,1790208587,6.1.187-android14-11-SAGA,49646d1b0cd1,cc_governor,cc_governor,728880,68875,902673,1103810,173759,123,229690,81012,416365,526227,186665,5366,adios,0,adios,0,adios,0,45.5,48.1,42.6,31.0,48.7,36.5,33,3746000,-549900,31.0,,,18.98,119672,,1,2000
1790280886,2026-09-24T20:14:46Z,72374,1790208587,6.1.187-android14-11-SAGA,49646d1b0cd1,cc_governor,cc_governor,784783,75216,966079,1181443,181262,125,238848,89043,436737,555372,197883,5656,adios,0,adios,0,adios,0,45.8,47.2,42.8,31.0,47.5,36.5,33,3753000,-681700,31.0,,,18.62,101004,,1,2000
1790280922,2026-09-24T20:15:22Z,72410,1790208587,6.1.187-android14-11-SAGA,49646d1b0cd1,cc_governor,cc_governor,841375,81149,1030242,1259484,188823,129,249577,97975,457304,585771,207721,5933,adios,0,adios,0,adios,0,46.9,49.1,42.7,31.0,48.2,36.9,33,3736000,-890500,31.0,,,18.90,116088,,1,2000
1790280957,2026-09-24T20:15:57Z,72445,1790208587,6.1.187-android14-11-SAGA,49646d1b0cd1,cc_governor,cc_governor,892931,82299,1095801,1337165,202793,135,286777,99060,509295,641368,222516,6241,adios,0,adios,0,adios,0,52.8,53.9,50.0,31.0,59.6,39.4,33,3704000,-888000,31.0,,,18.72,121868,,1,2000
1790280993,2026-09-24T20:16:33Z,72481,1790208587,6.1.187-android14-11-SAGA,49646d1b0cd1,cc_governor,cc_governor,943338,82694,1160661,1409479,217266,138,309987,99568,549840,687349,239841,6483,adios,0,adios,0,adios,0,44.2,42.9,,32.0,43.9,37.3,33,3703000,-1266400,32.0,,,20.05,83716,,1,2000
1790281033,2026-09-24T20:17:13Z,72521,1790208587,6.1.187-android14-11-SAGA,49646d1b0cd1,cc_governor,cc_governor,997022,85456,1229656,1492251,232499,143,340114,102281,597811,742657,257624,7110,adios,0,adios,0,adios,0,56.0,57.7,49.7,32.0,61.8,41.1,32,3686000,-1128500,32.0,,,22.74,151528,,1,2000
1790281070,2026-09-24T20:17:50Z,72558,1790208587,6.1.187-android14-11-SAGA,49646d1b0cd1,cc_governor,cc_governor,1064534,86168,1309367,1581434,244635,166,390028,103155,663448,812532,273332,7639,adios,0,adios,0,adios,0,55.1,54.3,,32.0,62.5,41.2,32,3673000,-1355500,32.0,,,23.14,104052,,1,2000
1790281107,2026-09-24T20:18:27Z,72595,1790208587,6.1.187-android14-11-SAGA,49646d1b0cd1,cc_governor,cc_governor,1128768,86631,1387340,1667789,258396,186,431679,103833,722447,874451,290701,8115,adios,0,adios,0,adios,0,55.3,58.0,50.1,32.0,59.0,41.3,32,3691000,-1371400,32.0,,,24.39,95004,,1,2000
1790281144,2026-09-24T20:19:04Z,72632,1790208587,6.1.187-android14-11-SAGA,49646d1b0cd1,cc_governor,cc_governor,1198657,87128,1469322,1758481,270670,200,471183,104461,779617,934384,308422,8603,adios,0,adios,0,adios,0,53.7,58.7,49.8,33.0,62.4,41.4,32,3702000,-1047900,33.0,,,24.98,122196,,1,2000
1790281182,2026-09-24T20:19:42Z,72670,1790208587,6.1.187-android14-11-SAGA,49646d1b0cd1,cc_governor,cc_governor,1253993,88758,1539157,1837344,285161,207,514859,106676,839495,998408,324381,9093,adios,0,adios,0,adios,0,54.3,57.9,50.5,33.0,61.3,42.2,31,3688000,-1504500,33.0,,,25.51,65424,,1,2000
1790281219,2026-09-24T20:20:19Z,72708,1790208587,6.1.187-android14-11-SAGA,49646d1b0cd1,cc_governor,cc_governor,1300928,91039,1600978,1910820,299919,239,551476,108914,891689,1056226,340162,9668,adios,0,adios,0,adios,0,54.9,56.0,51.1,33.0,61.1,42.4,31,3718000,-991200,33.0,,,25.00,111124,,1,2000
1790281256,2026-09-24T20:20:56Z,72745,1790208587,6.1.187-android14-11-SAGA,49646d1b0cd1,cc_governor,cc_governor,1382440,92930,1691113,2011883,308536,284,604020,111345,958352,1129020,354198,10202,adios,0,adios,0,adios,0,57.2,56.5,52.2,34.0,62.6,43.3,31,3672000,-1129700,33.0,,,25.01,123068,,1,2000
1790281294,2026-09-24T20:21:34Z,72782,1790208587,6.1.187-android14-11-SAGA,49646d1b0cd1,cc_governor,cc_governor,1446438,93545,1768617,2102305,322160,356,654415,112521,1024189,1200113,369760,10782,adios,0,adios,0,adios,0,56.9,57.3,52.2,34.0,64.6,43.3,31,3672000,-1312200,34.0,,,26.61,116240,,1,2000
1790281331,2026-09-24T20:22:11Z,72819,1790208587,6.1.187-android14-11-SAGA,49646d1b0cd1,cc_governor,cc_governor,1515649,95508,1848641,2192774,332965,387,709091,114865,1092654,1273520,383478,11266,adios,0,adios,0,adios,0,58.8,60.5,52.9,34.0,64.7,43.6,30,3692000,-1156600,34.0,,,25.15,107868,,1,2000
1790281368,2026-09-24T20:22:48Z,72856,1790208587,6.1.187-android14-11-SAGA,49646d1b0cd1,cc_governor,cc_governor,1587565,100068,1928627,2285594,340913,405,759354,120158,1154727,1343111,395320,11806,adios,0,adios,0,adios,0,58.2,57.8,52.2,34.0,63.6,43.3,30,3679000,-1197500,34.0,,,22.89,121996,,1,2000
1790281405,2026-09-24T20:23:25Z,72894,1790208587,6.1.187-android14-11-SAGA,49646d1b0cd1,cc_governor,cc_governor,1640787,100857,1997718,2363501,356946,439,798163,121183,1211498,1403394,413269,12353,adios,0,adios,0,adios,0,56.8,57.7,,34.0,63.3,43.0,30,3685000,-1418400,34.0,,,25.08,95008,,1,2000
1790281442,2026-09-24T20:24:02Z,72931,1790208587,6.1.187-android14-11-SAGA,49646d1b0cd1,cc_governor,cc_governor,1717269,101101,2085573,2460878,368291,460,851687,121503,1281308,1475167,429559,12809,adios,0,adios,0,adios,0,58.8,61.3,,34.0,63.9,44.1,29,3677000,-913000,34.0,,,24.88,122428,,1,2000
1790281481,2026-09-24T20:24:41Z,72969,1790208587,6.1.187-android14-11-SAGA,49646d1b0cd1,cc_governor,cc_governor,1790148,102581,2170208,2555864,379963,504,894482,123649,1340647,1538879,446094,13402,adios,0,adios,0,adios,0,58.2,60.0,53.6,34.0,64.0,43.9,29,3665000,-1333000,34.0,,,22.98,107492,,1,2000
1790281518,2026-09-24T20:25:18Z,73007,1790208587,6.1.187-android14-11-SAGA,49646d1b0cd1,cc_governor,cc_governor,1864566,104767,2254645,2651559,389928,525,946057,126320,1406343,1609549,460163,13911,adios,0,adios,0,adios,0,56.9,58.2,51.6,34.0,59.8,43.4,29,3688000,-1488600,34.0,,,23.13,108776,,1,2000
1790281555,2026-09-24T20:25:55Z,73043,1790208587,6.1.187-android14-11-SAGA,49646d1b0cd1,cc_governor,cc_governor,1916783,107574,2320402,2727816,403597,536,984416,129219,1459829,1668726,475413,14352,adios,0,adios,0,adios,0,53.2,54.5,49.3,34.0,64.2,42.8,29,3679000,-770200,35.0,,,23.49,120504,,1,2000
1790281591,2026-09-24T20:26:31Z,73080,1790208587,6.1.187-android14-11-SAGA,49646d1b0cd1,cc_governor,cc_governor,1978433,109449,2394350,2813125,415845,546,1027693,131350,1518047,1732127,490349,14801,adios,0,adios,0,adios,0,56.4,57.6,,34.0,60.0,43.3,28,3695000,-1611300,34.0,,,23.96,103820,,1,2000
1790281628,2026-09-24T20:27:08Z,73116,1790208587,6.1.187-android14-11-SAGA,49646d1b0cd1,cc_governor,cc_governor,2043539,114849,2467784,2899407,424051,555,1068162,138393,1569881,1793078,501592,15207,adios,0,adios,0,adios,0,54.4,52.9,,34.0,58.6,42.9,28,3684000,-1284100,34.0,,,25.19,116812,,1,2000
1790281666,2026-09-24T20:27:46Z,73154,1790208587,6.1.187-android14-11-SAGA,49646d1b0cd1,cc_governor,cc_governor,2113769,117663,2549114,2994096,435152,591,1118761,142237,1634693,1863593,515858,15834,adios,0,adios,0,adios,0,60.0,62.8,53.7,35.0,66.1,44.3,28,3699000,-1135800,35.0,,,23.85,90088,,1,2000
1790281703,2026-09-24T20:28:23Z,73192,1790208587,6.1.187-android14-11-SAGA,49646d1b0cd1,cc_governor,cc_governor,2192887,120397,2637277,3094115,444231,632,1189283,146332,1716172,1951323,526732,16441,adios,0,adios,0,adios,0,58.8,61.3,53.3,35.0,66.8,44.6,28,3662000,-1439200,35.0,,,24.33,91188,,1,2000
1790281740,2026-09-24T20:29:00Z,73229,1790208587,6.1.187-android14-11-SAGA,49646d1b0cd1,cc_governor,cc_governor,2282451,121910,2734521,3201803,452062,652,1250602,148876,1790238,2030276,539555,16946,adios,0,adios,0,adios,0,58.2,58.0,52.3,35.0,66.5,44.6,27,3658000,-1373900,35.0,,,23.78,128336,,1,2000
1790281778,2026-09-24T20:29:38Z,73266,1790208587,6.1.187-android14-11-SAGA,49646d1b0cd1,cc_governor,cc_governor,2357956,125388,2818731,3298135,460699,683,1310986,153465,1861692,2108469,550705,17488,adios,0,adios,0,adios,0,56.3,58.2,53.1,35.0,65.8,44.6,27,3682000,-1251200,35.0,,,24.05,118364,,1,2000
1790281815,2026-09-24T20:30:15Z,73304,1790208587,6.1.187-android14-11-SAGA,49646d1b0cd1,cc_governor,cc_governor,2407331,127270,2883832,3373416,476498,708,1345250,155488,1913819,2164597,568591,17998,adios,0,adios,0,adios,0,56.2,56.4,52.1,35.0,63.6,44.1,27,3679000,-1070500,35.0,,,23.67,112972,,1,2000
1790281852,2026-09-24T20:30:52Z,73341,1790208587,6.1.187-android14-11-SAGA,49646d1b0cd1,cc_governor,cc_governor,2464368,129164,2954558,3453899,490122,716,1391830,157505,1976074,2230808,584075,18453,adios,0,adios,0,adios,0,55.0,55.3,50.5,35.0,55.5,43.8,27,3635000,-1828000,35.0,,,28.30,130292,,1,2000
1790281893,2026-09-24T20:31:33Z,73381,1790208587,6.1.187-android14-11-SAGA,49646d1b0cd1,cc_governor,cc_governor,2540973,133150,3040430,3552446,499282,855,1457073,162257,2052554,2314484,595376,19439,adios,0,adios,0,adios,0,60.9,63.7,55.1,36.0,67.3,45.5,26,3654000,-1280500,36.0,,,24.76,125132,,1,2000
1790281930,2026-09-24T20:32:10Z,73418,1790208587,6.1.187-android14-11-SAGA,49646d1b0cd1,cc_governor,cc_governor,2618755,136019,3126833,3650207,508049,871,1529788,165697,2136329,2403515,606544,19996,adios,0,adios,0,adios,0,61.0,62.5,54.6,36.0,68.4,45.5,26,3655000,-1432400,36.0,,,25.23,93432,,1,2000
1790281967,2026-09-24T20:32:47Z,73455,1790208587,6.1.187-android14-11-SAGA,49646d1b0cd1,cc_governor,cc_governor,2679647,141960,3196472,3733885,516740,890,1571857,173200,2188975,2465811,617124,20456,adios,0,adios,0,adios,0,61.2,63.5,55.2,36.0,68.3,45.9,26,3679000,-1092500,36.0,,,23.53,90376,,1,2000
1790282004,2026-09-24T20:33:24Z,73493,1790208587,6.1.187-android14-11-SAGA,49646d1b0cd1,cc_governor,cc_governor,2739304,146506,3267027,3817239,527725,929,1621471,177883,2251977,2535869,630519,21039,adios,0,adios,0,adios,0,56.8,59.4,52.9,36.0,67.8,45.4,26,3668000,-1495300,36.0,,,24.91,104852,,1,2000
1790282041,2026-09-24T20:34:01Z,73530,1790208587,6.1.187-android14-11-SAGA,49646d1b0cd1,cc_governor,cc_governor,2819797,149295,3356098,3918173,536056,952,1681746,181983,2324164,2614202,642254,21564,adios,0,adios,0,adios,0,62.5,64.2,56.2,36.0,67.2,46.2,25,3672000,-1223100,36.0,,,24.91,98268,,1,2000
1790282079,2026-09-24T20:34:39Z,73567,1790208587,6.1.187-android14-11-SAGA,49646d1b0cd1,cc_governor,cc_governor,2885488,154271,3430887,4006333,545208,971,1727417,188098,2381567,2679422,654036,22129,adios,0,adios,0,adios,0,60.5,61.1,53.9,36.0,62.7,45.2,25,3681000,-975900,36.0,,,24.07,118828,,1,2000
1790282116,2026-09-24T20:35:16Z,73604,1790208587,6.1.187-android14-11-SAGA,49646d1b0cd1,cc_governor,cc_governor,2951865,157323,3507898,4094852,556029,983,1779549,191555,2447281,2750101,667724,22554,adios,0,adios,0,adios,0,57.6,62.4,55.0,36.0,65.6,45.7,25,3676000,-1238400,36.0,,,22.77,101764,,1,2000
1790282153,2026-09-24T20:35:53Z,73642,1790208587,6.1.187-android14-11-SAGA,49646d1b0cd1,cc_governor,cc_governor,3008412,159373,3578414,4175431,570015,1005,1832911,193878,2515525,2822612,682633,23090,adios,0,adios,0,adios,0,54.8,57.6,52.0,36.0,67.2,45.1,24,3640000,-1441600,36.0,,,22.39,81656,,1,2000
1790282190,2026-09-24T20:36:31Z,73679,1790208587,6.1.187-android14-11-SAGA,49646d1b0cd1,cc_governor,cc_governor,3100517,161993,3677666,4287645,577082,1038,1926712,197457,2618405,2931947,691644,23615,adios,0,adios,0,adios,0,61.8,64.2,55.9,36.0,65.4,46.3,24,3661000,-1362300,36.0,,,23.45,90524,,1,2000
1790282228,2026-09-24T20:37:08Z,73716,1790208587,6.1.187-android14-11-SAGA,49646d1b0cd1,cc_governor,cc_governor,3169254,164887,3757002,4377832,587688,1055,1995437,201097,2698856,3017900,703385,24130,adios,0,adios,0,adios,0,59.1,62.6,54.9,37.0,67.0,46.1,24,3651000,-1314600,37.0,,,22.52,80388,,1,2000
1790282264,2026-09-24T20:37:44Z,73753,1790208587,6.1.187-android14-11-SAGA,49646d1b0cd1,cc_governor,cc_governor,3232676,169650,3829888,4463721,597204,1070,2043140,207198,2758097,3085143,714968,24631,adios,0,adios,0,adios,0,56.5,58.5,53.2,37.0,61.7,45.1,24,3680000,-823900,37.0,,,23.16,100736,,1,2000
1790282301,2026-09-24T20:38:21Z,73789,1790208587,6.1.187-android14-11-SAGA,49646d1b0cd1,cc_governor,cc_governor,3257602,175668,3870453,4516204,612851,1073,2072239,212863,2802075,3135841,729820,25063,adios,0,adios,0,adios,0,50.6,50.2,48.1,37.0,53.7,43.1,23,3673000,-938700,36.0,,,23.50,99156,,1,2000
1790282341,2026-09-24T20:39:01Z,73829,1790208587,6.1.187-android14-11-SAGA,49646d1b0cd1,cc_governor,cc_governor,3309274,180361,3935896,4594391,626634,1089,2131488,217620,2874210,3214744,742698,25653,adios,0,adios,0,adios,0,60.6,60.3,55.0,36.0,63.9,45.8,23,3682000,-1076000,37.0,,,24.76,155528,,1,2000
1790282377,2026-09-24T20:39:37Z,73866,1790208587,6.1.187-android14-11-SAGA,49646d1b0cd1,cc_governor,cc_governor,3338510,186302,3979820,4650767,641306,1100,2160405,223421,2916838,3264039,756422,26087,adios,0,adios,0,adios,0,57.4,59.8,53.0,36.0,61.7,44.8,23,3673000,-1057700,37.0,,,23.18,91444,,1,2000
1790282414,2026-09-24T20:40:14Z,73902,1790208587,6.1.187-android14-11-SAGA,49646d1b0cd1,cc_governor,cc_governor,3394217,194481,4042593,4729039,648376,1113,2204245,232170,2969088,3326901,764837,26550,adios,0,adios,0,adios,0,63.3,64.4,56.2,36.0,70.2,46.5,23,3646000,-1221300,36.0,,,26.60,78924,,1,2000
1790282453,2026-09-24T20:40:53Z,73941,1790208587,6.1.187-android14-11-SAGA,49646d1b0cd1,cc_governor,cc_governor,3475591,199459,4131473,4832571,655720,1149,2285615,238046,3059353,3425992,773663,27226,adios,0,adios,0,adios,0,64.3,65.4,57.3,37.0,69.1,47.0,22,3649000,-1446500,37.0,,,25.11,96456,,1,2000
1790282491,2026-09-24T20:41:31Z,73979,1790208587,6.1.187-android14-11-SAGA,49646d1b0cd1,cc_governor,cc_governor,3558886,203096,4222839,4937414,663793,1187,2372868,242970,3155402,3529040,782402,27881,adios,0,adios,0,adios,0,64.9,67.9,,37.0,73.6,48.0,22,3626000,-1423900,37.0,,,25.05,134408,,1,2000
1790282530,2026-09-24T20:42:10Z,74018,1790208587,6.1.187-android14-11-SAGA,49646d1b0cd1,cc_governor,cc_governor,3618607,206722,4294655,5021041,676056,1245,2434808,246985,3229570,3609992,794784,28652,adios,0,adios,0,adios,0,57.8,59.9,53.9,37.0,63.9,46.0,22,3658000,-1107700,37.0,,,23.56,98912,,1,2000
1790282566,2026-09-24T20:42:46Z,74054,1790208587,6.1.187-android14-11-SAGA,49646d1b0cd1,cc_governor,cc_governor,3639820,221122,4323702,5070161,683907,1251,2458144,260699,3260353,3655518,802185,29028,adios,0,adios,0,adios,0,56.2,58.0,52.8,37.0,68.1,45.5,22,3653000,-1312200,37.0,,,22.88,88092,,1,2000
1790282603,2026-09-24T20:43:23Z,74092,1790208587,6.1.187-android14-11-SAGA,49646d1b0cd1,cc_governor,cc_governor,3692479,223109,4390849,5148054,698351,1274,2501682,262664,3318941,3719276,817266,29530,adios,0,adios,0,adios,0,58.7,58.3,53.2,37.0,64.5,45.7,21,3681000,-807400,37.0,,,21.44,111156,,1,2000
1790282639,2026-09-24T20:43:59Z,74127,1790208587,6.1.187-android14-11-SAGA,49646d1b0cd1,cc_governor,cc_governor,3737485,224864,4450475,5216308,713018,1276,2519709,265044,3354361,3758492,834663,29826,adios,0,adios,0,adios,0,56.3,58.7,,37.0,64.7,44.5,21,3673000,-892900,37.0,,,20.96,117012,,1,2000
1790282675,2026-09-24T20:44:35Z,74163,1790208587,6.1.187-android14-11-SAGA,49646d1b0cd1,cc_governor,cc_governor,3780485,229451,4501947,5278384,721562,1302,2534727,271309,3379634,3792583,844924,30279,adios,0,adios,0,adios,10,65.0,57.2,,37.0,63.2,45.6,21,3692000,-564500,37.0,,,25.60,98372,,1,2000
1790282715,2026-09-24T20:45:15Z,74204,1790208587,6.1.187-android14-11-SAGA,49646d1b0cd1,cc_governor,cc_governor,3785187,233006,4517697,5299795,732526,1403,2537278,272139,3384813,3800092,847541,30723,adios,0,adios,0,adios,0,45.7,45.5,,36.0,47.7,40.5,21,3708000,-430200,36.0,,,21.73,101364,,1,2000
1790282750,2026-09-24T20:45:50Z,74239,1790208587,6.1.187-android14-11-SAGA,49646d1b0cd1,cc_governor,cc_governor,3786474,238272,4526119,5314751,739645,1404,2537878,272858,3386914,3803316,849041,31026,adios,0,adios,0,adios,0,43.0,44.5,,36.0,47.5,39.3,21,3711000,-264800,36.0,,,19.23,101996,,1,2000
1790282786,2026-09-24T20:46:26Z,74274,1790208587,6.1.187-android14-11-SAGA,49646d1b0cd1,cc_governor,cc_governor,3787740,242144,4533845,5327615,746105,1405,2537920,273600,3388136,3805422,850216,31334,adios,0,adios,0,adios,0,42.1,43.0,,35.0,45.9,38.4,21,3703000,-675600,35.0,,,18.00,137356,,1,2000
1790282863,2026-09-24T20:47:43Z,74352,1790208587,6.1.187-android14-11-SAGA,49646d1b0cd1,cc_governor,cc_governor,16521,2607,23977,30990,7468,3,8692,1534,14649,17718,5962,32,adios,0,adios,0,adios,0,45.1,54.6,48.2,34.0,55.1,40.4,20,3681000,-919800,34.0,,,18.56,239240,,1,2000
1790282900,2026-09-24T20:48:20Z,74388,1790208587,6.1.187-android14-11-SAGA,49646d1b0cd1,cc_governor,cc_governor,43857,0,58,65,57,0,41,0,74,76,37,7,adios,0,adios,0,adios,0,45.0,43.9,,34.0,46.0,38.7,20,3714000,-285600,34.0,,,18.22,669192,,1,2000
1790282997,2026-09-24T20:49:57Z,74485,1790208587,6.1.187-android14-11-SAGA,49646d1b0cd1,cc_governor,cc_governor,42,3821,2411,6480,2369,0,47,138,171,471,124,19,adios,0,adios,0,adios,0,38.0,38.8,,33.0,43.3,35.2,20,3716000,-335000,33.0,,,16.65,651968,,1,2000
1790283075,2026-09-24T20:51:16Z,74564,1790208587,6.1.187-android14-11-SAGA,49646d1b0cd1,cc_governor,cc_governor,11918,123,16327,18932,4420,47,7545,62,10695,11551,3154,81,adios,0,adios,0,adios,0,43.2,54.1,,32.0,53.8,37.2,20,3667000,-847100,32.0,,,17.39,112976,,1,2000
1790283112,2026-09-24T20:51:52Z,74600,1790208587,6.1.187-android14-11-SAGA,49646d1b0cd1,cc_governor,cc_governor,21803,8738,34047,48984,12244,67,10251,2238,17222,20833,6971,442,adios,0,adios,0,adios,0,41.2,44.0,40.2,32.0,45.5,36.1,20,3672000,-1183400,32.0,,,17.47,83024,,1,2000
1790283148,2026-09-24T20:52:28Z,74636,1790208587,6.1.187-android14-11-SAGA,49646d1b0cd1,cc_governor,cc_governor,31271,14583,52871,77414,21600,77,16080,3722,27133,33505,11053,798,adios,0,adios,0,adios,0,38.7,40.0,,32.0,42.7,35.3,20,3701000,-394200,32.0,,,18.06,111532,,1,2000
1790283183,2026-09-24T20:53:03Z,74671,1790208587,6.1.187-android14-11-SAGA,49646d1b0cd1,cc_governor,cc_governor,32634,23689,57788,92489,25167,79,16602,4482,28850,36553,12251,1091,adios,0,adios,0,adios,0,38.2,38.6,,32.0,42.0,34.8,20,3711000,-400300,32.0,,,17.06,154060,,1,2000
1790283218,2026-09-24T20:53:38Z,74706,1790208587,6.1.187-android14-11-SAGA,49646d1b0cd1,cc_governor,cc_governor,33579,31273,63615,107031,30045,83,16813,5244,30163,38822,13354,1398,adios,0,adios,0,adios,0,38.3,38.6,,32.0,41.6,34.6,20,3700000,-510200,32.0,,,16.61,100540,,1,2000
1790283253,2026-09-24T20:54:13Z,74742,1790208587,6.1.187-android14-11-SAGA,49646d1b0cd1,cc_governor,cc_governor,54226,34175,98825,152199,44604,85,21428,6673,43113,54036,21695,1702,adios,0,adios,0,adios,0,44.4,52.6,,32.0,49.8,37.3,20,3671000,-802000,32.0,,,16.87,100140,,1,2000
1790283289,2026-09-24T20:54:49Z,74777,1790208587,6.1.187-android14-11-SAGA,49646d1b0cd1,cc_governor,cc_governor,81776,37151,141102,206418,59324,91,30673,9019,66242,80822,35569,2021,adios,0,adios,0,adios,0,49.1,45.4,,32.0,49.1,37.5,19,3695000,-652400,32.0,,,18.87,126912,,1,2000
1790283324,2026-09-24T20:55:24Z,74813,1790208587,6.1.187-android14-11-SAGA,49646d1b0cd1,cc_governor,cc_governor,85055,47288,150754,228190,65698,99,31882,9622,69067,84366,37185,2369,adios,0,adios,0,adios,0,38.7,39.7,,32.0,43.0,35.3,19,3697000,-466900,32.0,,,17.77,112924,,1,2000
1790283359,2026-09-24T20:56:00Z,74848,1790208587,6.1.187-android14-11-SAGA,49646d1b0cd1,cc_governor,cc_governor,93010,56603,163038,253858,70048,100,39301,11628,78311,96854,39017,2667,adios,0,adios,0,adios,0,48.0,45.7,,32.0,54.0,37.7,19,3679000,-509000,32.0,,,19.42,34848,,1,2000
1790283395,2026-09-24T20:56:35Z,74884,1790208587,6.1.187-android14-11-SAGA,49646d1b0cd1,cc_governor,cc_governor,100894,64976,180768,283395,79902,112,41935,12727,85163,105223,43231,2977,adios,0,adios,0,adios,0,39.3,39.6,,32.0,43.1,35.1,19,3693000,-487600,32.0,,,17.78,42728,,1,2000
1790283431,2026-09-24T20:57:11Z,74919,1790208587,6.1.187-android14-11-SAGA,49646d1b0cd1,cc_governor,cc_governor,101716,77233,184924,301050,83221,114,42028,14720,85690,107812,43669,3289,adios,0,adios,0,adios,0,38.2,38.8,,32.0,41.6,34.6,19,3697000,-326500,32.0,,,16.85,29464,,1,2000
1790283466,2026-09-24T20:57:46Z,74955,1790208587,6.1.187-android14-11-SAGA,49646d1b0cd1,cc_governor,cc_governor,102250,89758,187814,317676,85577,116,42062,16295,86398,110227,44340,3604,adios,0,adios,0,adios,0,38.1,41.4,,31.0,45.3,34.7,19,3696000,-483300,31.0,,,16.64,68692,,1,2000
1790283501,2026-09-24T20:58:22Z,74990,1790208587,6.1.187-android14-11-SAGA,49646d1b0cd1,cc_governor,cc_governor,117572,97230,215566,359199,97991,119,47467,20864,99593,128682,52126,3903,adios,0,adios,0,adios,0,41.0,40.2,,31.0,42.7,35.3,19,3696000,-485200,31.0,,,16.51,33676,,1,2000
1790283537,2026-09-24T20:58:57Z,75025,1790208587,6.1.187-android14-11-SAGA,49646d1b0cd1,cc_governor,cc_governor,128699,110746,233278,394603,104574,124,49562,28445,105844,142990,56282,4245,adios,0,adios,0,adios,0,40.9,39.9,38.3,31.0,46.0,35.4,19,3664000,-552900,31.0,,,16.47,29572,,1,2000
1790283572,2026-09-24T20:59:32Z,75061,1790208587,6.1.187-android14-11-SAGA,49646d1b0cd1,cc_governor,cc_governor,146305,119797,261700,438457,115407,128,58966,33470,120475,165675,61514,4576,adios,0,adios,0,adios,0,42.1,42.3,,31.0,44.5,36.3,19,3681000,-529700,32.0,,,17.18,117028,,1,2000
1790283608,2026-09-24T21:00:08Z,75096,1790208587,6.1.187-android14-11-SAGA,49646d1b0cd1,cc_governor,cc_governor,150133,129757,277335,465625,127205,132,59888,35352,123835,171210,63956,4875,adios,0,adios,0,adios,0,44.2,41.1,,31.0,43.9,35.6,18,3653000,-757400,31.0,,,16.79,100788,,1,2000
1790283643,2026-09-24T21:00:43Z,75132,1790208587,6.1.187-android14-11-SAGA,49646d1b0cd1,cc_governor,cc_governor,167362,136235,307394,509037,140058,134,67929,39296,139684,193337,71772,5218,adios,0,adios,0,adios,0,46.8,49.3,43.2,32.0,57.7,38.1,18,3636000,-1005200,32.0,,,17.39,117308,,1,2000
1790283680,2026-09-24T21:01:20Z,75168,1790208587,6.1.187-android14-11-SAGA,49646d1b0cd1,cc_governor,cc_governor,178902,140767,334096,544837,155209,151,74538,41190,153344,210671,78821,5572,adios,0,adios,0,adios,0,43.7,43.2,,32.0,45.9,36.7,18,3662000,-565700,32.0,,,17.45,103848,,1,2000
1790283715,2026-09-24T21:01:55Z,75203,1790208587,6.1.187-android14-11-SAGA,49646d1b0cd1,cc_governor,cc_governor,182799,153522,343599,568791,160798,152,75562,45148,156632,218072,81070,5896,adios,0,adios,0,adios,0,42.0,43.5,40.5,32.0,46.9,36.9,18,3620000,-647500,32.0,,,18.31,120504,,1,2000
1790283752,2026-09-24T21:02:32Z,75240,1790208587,6.1.187-android14-11-SAGA,49646d1b0cd1,cc_governor,cc_governor,202942,156173,378230,612942,175283,156,90963,46873,181584,248495,90627,6235,adios,0,adios,0,adios,0,45.9,43.8,,32.0,45.9,37.9,18,3669000,-747000,32.0,,,18.94,109416,,1,2000
1790283787,2026-09-24T21:03:07Z,75275,1790208587,6.1.187-android14-11-SAGA,49646d1b0cd1,cc_governor,cc_governor,208794,162967,394324,638653,185544,161,95697,48290,189670,259853,93974,6551,adios,0,adios,0,adios,0,41.7,42.4,,32.0,44.8,36.9,18,3689000,-665200,32.0,,,18.21,142828,,1,2000
1790283822,2026-09-24T21:03:42Z,75310,1790208587,6.1.187-android14-11-SAGA,49646d1b0cd1,cc_governor,cc_governor,210133,170519,404645,657859,194533,162,95879,48819,191389,262169,95515,6862,adios,0,adios,0,adios,0,39.7,39.9,,32.0,43.3,35.5,17,3690000,-332600,32.0,,,17.21,121036,,1,2000
1790283916,2026-09-24T21:05:16Z,75404,1790208587,6.1.187-android14-11-SAGA,49646d1b0cd1,cc_governor,cc_governor,1209,14,2476,2687,1275,0,130,22,550,672,426,15,adios,0,adios,0,adios,0,38.9,39.5,,31.0,38.4,34.0,17,3705000,-230700,32.0,,,16.96,124628,,1,2000
1790283955,2026-09-24T21:05:55Z,75444,1790208587,6.1.187-android14-11-SAGA,49646d1b0cd1,cc_governor,cc_governor,21924,352,27736,32627,5812,6,11355,369,17171,19663,5816,33,adios,0,adios,0,adios,0,43.8,41.6,,32.0,43.0,35.6,17,3701000,-248400,32.0,,,17.05,117680,,1,2000
1790284045,2026-09-24T21:07:25Z,75533,1790208587,6.1.187-android14-11-SAGA,49646d1b0cd1,cc_governor,cc_governor,7,0,44,79,49,0,29,0,62,66,35,11,adios,0,adios,0,adios,0,38.6,38.1,,32.0,36.8,33.8,17,3710000,-260000,32.0,,,20.44,125120,,1,2000
1790284123,2026-09-24T21:08:43Z,75611,1790208587,6.1.187-android14-11-SAGA,49646d1b0cd1,cc_governor,cc_governor,27671,3946,36492,44402,8829,80,14432,1728,21088,24641,6663,87,adios,0,adios,0,adios,0,46.1,44.5,,33.0,50.5,37.9,17,3681000,-487600,33.0,,,20.10,147200,,1,2000
1790284164,2026-09-24T21:09:24Z,75652,1790208587,6.1.187-android14-11-SAGA,49646d1b0cd1,cc_governor,cc_governor,1,0,89,110,12,0,26,0,50,61,28,7,adios,0,adios,0,adios,0,39.1,39.7,,33.0,41.7,35.4,17,3702000,-314900,33.0,,,21.99,120744,,1,2000
1790284237,2026-09-24T21:10:37Z,75725,1790208587,6.1.187-android14-11-SAGA,49646d1b0cd1,cc_governor,cc_governor,13362,144,19570,22304,6232,21,7816,231,12493,13786,4681,68,adios,0,adios,0,adios,0,48.3,46.3,,33.0,46.9,38.3,17,3690000,-397900,33.0,,,19.80,101652,,1,2000
1790284272,2026-09-24T21:11:12Z,75761,1790208587,6.1.187-android14-11-SAGA,49646d1b0cd1,cc_governor,cc_governor,25537,2758,47142,57173,21621,29,18195,1380,30270,35779,12085,401,adios,0,adios,0,adios,0,45.4,44.8,,34.0,49.9,39.2,17,3682000,-680500,34.0,,,20.15,119540,,1,2000
1790284308,2026-09-24T21:11:48Z,75796,1790208587,6.1.187-android14-11-SAGA,49646d1b0cd1,cc_governor,cc_governor,31349,6490,68516,84582,37185,41,20190,2217,36090,43005,15903,734,adios,0,adios,0,adios,0,43.3,51.3,44.5,34.0,63.2,39.6,16,3635000,-856900,34.0,,,19.74,90436,,1,2000
1790284344,2026-09-24T21:12:24Z,75833,1790208587,6.1.187-android14-11-SAGA,49646d1b0cd1,cc_governor,cc_governor,58476,7677,111640,151861,53084,86,53575,3149,78916,92562,25343,1177,adios,0,adios,0,adios,0,48.8,48.0,,34.0,48.1,40.0,16,3689000,-415600,34.0,,,19.57,101348,,1,2000
1790284380,2026-09-24T21:13:00Z,75868,1790208587,6.1.187-android14-11-SAGA,49646d1b0cd1,cc_governor,cc_governor,71522,15368,134901,188771,63399,86,55441,5436,86119,102946,30683,1486,adios,0,adios,0,adios,0,44.1,44.1,43.4,34.0,49.9,39.7,16,3654000,-742100,35.0,,,18.84,114124,,1,2000
1790284416,2026-09-24T21:13:36Z,75904,1790208587,6.1.187-android14-11-SAGA,49646d1b0cd1,cc_governor,cc_governor,87852,17251,168596,230852,80759,92,66052,6443,104726,125650,38681,1841,adios,0,adios,0,adios,0,45.3,46.7,45.2,35.0,48.4,39.9,16,3676000,-411900,35.0,,,18.69,122916,,1,2000
1790284452,2026-09-24T21:14:12Z,75940,1790208587,6.1.187-android14-11-SAGA,49646d1b0cd1,cc_governor,cc_governor,96829,27428,186979,262601,90150,99,69794,10027,112247,137496,42453,2183,adios,0,adios,0,adios,0,43.8,47.8,,35.0,49.5,39.6,16,3678000,-466900,35.0,,,17.55,130572,,1,2000
1790284488,2026-09-24T21:14:48Z,75976,1790208587,6.1.187-android14-11-SAGA,49646d1b0cd1,cc_governor,cc_governor,104455,40517,200092,291462,95626,100,76407,16049,120283,152073,43864,2521,adios,0,adios,0,adios,0,45.7,46.3,43.1,35.0,48.4,39.2,16,3675000,-623100,35.0,,,17.06,130256,,1,2000
1790284523,2026-09-24T21:15:23Z,76012,1790208587,6.1.187-android14-11-SAGA,49646d1b0cd1,cc_governor,cc_governor,115470,54316,217527,327240,102061,102,90548,24332,139874,180997,49280,2852,adios,0,adios,0,adios,0,44.7,44.8,,35.0,48.9,39.2,16,3678000,-780600,35.0,,,17.21,83104,,1,2000
1790284559,2026-09-24T21:15:59Z,76047,1790208587,6.1.187-android14-11-SAGA,49646d1b0cd1,cc_governor,cc_governor,127256,65845,237590,362112,110334,104,97297,29570,150935,197907,53628,3176,adios,0,adios,0,adios,0,44.5,44.5,42.6,35.0,47.4,39.0,15,3676000,-590800,35.0,,,18.20,181568,,1,2000
1790284594,2026-09-24T21:16:34Z,76083,1790208587,6.1.187-android14-11-SAGA,49646d1b0cd1,cc_governor,cc_governor,135330,80173,250000,391155,114670,105,100116,34756,154774,207335,54658,3489,adios,0,adios,0,adios,0,49.1,47.6,45.5,35.0,46.9,39.1,15,3691000,-364900,35.0,,,17.43,128148,,1,2000
1790284630,2026-09-24T21:17:10Z,76119,1790208587,6.1.187-android14-11-SAGA,49646d1b0cd1,cc_governor,cc_governor,142011,91843,262165,418020,120154,139,104063,36386,161174,216220,57111,3874,adios,0,adios,0,adios,0,42.6,42.2,,35.0,45.1,38.0,15,3682000,-423500,35.0,,,17.13,170420,,1,2000
1790284666,2026-09-24T21:17:46Z,76154,1790208587,6.1.187-android14-11-SAGA,49646d1b0cd1,cc_governor,cc_governor,146211,105539,269541,441044,123338,140,106588,38533,164848,222261,58264,4180,adios,0,adios,0,adios,0,41.5,43.7,,35.0,44.3,37.7,15,3689000,-441200,35.0,,,16.94,117252,,1,2000
1790284701,2026-09-24T21:18:21Z,76189,1790208587,6.1.187-android14-11-SAGA,49646d1b0cd1,cc_governor,cc_governor,148566,118717,275252,461399,126686,143,107376,39766,166466,225245,59090,4484,adios,0,adios,0,adios,0,41.5,45.0,,35.0,45.0,38.0,15,3688000,-443100,35.0,,,16.55,101480,,1,2000
1790284737,2026-09-24T21:18:57Z,76225,1790208587,6.1.187-android14-11-SAGA,49646d1b0cd1,cc_governor,cc_governor,158554,128777,294644,495833,136085,154,119781,45069,184499,249572,64717,4833,adios,0,adios,0,adios,0,45.3,47.8,43.5,35.0,51.6,39.3,15,3666000,-604200,35.0,,,17.02,124780,,1,2000
1790284773,2026-09-24T21:19:33Z,76261,1790208587,6.1.187-android14-11-SAGA,49646d1b0cd1,cc_governor,cc_governor,173933,140712,318667,535950,144730,155,131319,52320,202059,275256,70653,5187,adios,0,adios,0,adios,0,49.0,50.6,,35.0,49.9,39.6,15,3663000,-629200,35.0,,,18.75,116632,,1,2000
1790284809,2026-09-24T21:20:09Z,76297,1790208587,6.1.187-android14-11-SAGA,49646d1b0cd1,cc_governor,cc_governor,185563,150608,340004,571671,154397,168,140933,56856,217824,296694,76903,5566,adios,0,adios,0,adios,0,46.4,46.4,,35.0,47.2,39.2,15,3684000,-506500,35.0,,,18.47,103992,,1,2000
1790284845,2026-09-24T21:20:45Z,76333,1790208587,6.1.187-android14-11-SAGA,49646d1b0cd1,cc_governor,cc_governor,194512,154689,360530,599843,166019,175,146911,57792,227997,308821,81086,5907,adios,0,adios,0,adios,0,51.5,45.4,,35.0,48.2,39.1,15,3685000,-379000,35.0,,,17.68,123840,,1,2000
1790284880,2026-09-24T21:21:20Z,76368,1790208587,6.1.187-android14-11-SAGA,49646d1b0cd1,cc_governor,cc_governor,202981,163305,377583,629606,174618,176,152060,61545,236668,322050,84612,6211,adios,0,adios,0,adios,0,43.3,46.3,43.4,35.0,48.1,39.2,15,3657000,-557800,35.0,,,16.88,105736,,1,2000
1790284916,2026-09-24T21:21:56Z,76404,1790208587,6.1.187-android14-11-SAGA,49646d1b0cd1,cc_governor,cc_governor,208753,177715,386735,656511,177982,182,156746,69427,242111,335940,85365,6541,adios,0,adios,0,adios,0,42.4,42.3,,35.0,45.7,38.4,14,3682000,-516900,35.0,,,16.61,90552,,1,2000
1790284951,2026-09-24T21:22:31Z,76439,1790208587,6.1.187-android14-11-SAGA,49646d1b0cd1,cc_governor,cc_governor,216899,183041,402028,682115,185072,259,163090,70948,252358,350503,89210,7056,adios,0,adios,0,adios,0,65.2,67.2,,35.0,74.3,45.8,14,3582000,-1647300,35.0,,,25.95,86020,,1,2000
1790284990,2026-09-24T21:23:10Z,76478,1790208587,6.1.187-android14-11-SAGA,49646d1b0cd1,cc_governor,cc_governor,228968,185626,423802,711023,194769,411,180566,73095,277600,386257,97048,7653,adios,0,adios,0,adios,0,55.8,55.6,,37.0,61.1,44.5,14,3640000,-885000,37.0,,,28.64,145152,,1,2000
1790285025,2026-09-24T21:23:45Z,76513,1790208587,6.1.187-android14-11-SAGA,49646d1b0cd1,cc_governor,cc_governor,255454,188562,463311,759948,207881,414,191849,75481,297805,411392,105964,7924,adios,0,adios,0,adios,0,49.2,49.0,,37.0,52.2,42.8,14,3641000,-1315900,37.0,,,24.14,117928,,1,2000
1790285062,2026-09-24T21:24:22Z,76550,1790208587,6.1.187-android14-11-SAGA,49646d1b0cd1,cc_governor,cc_governor,282957,189924,506564,818304,223648,437,214433,76304,330089,448521,115647,8323,adios,0,adios,0,adios,0,67.2,67.7,58.0,37.0,74.9,47.8,13,3619000,-1028400,37.0,,,25.76,201988,,1,2000
1790285104,2026-09-24T21:25:05Z,76593,1790208587,6.1.187-android14-11-SAGA,49646d1b0cd1,cc_governor,cc_governor,297413,194914,538869,860944,241450,876,218277,78880,343167,466133,124890,9165,adios,0,adios,0,adios,0,48.7,48.2,45.8,37.0,52.8,42.2,13,3619000,-485200,37.0,,,23.00,146576,,1,2000
1790285140,2026-09-24T21:25:40Z,76628,1790208587,6.1.187-android14-11-SAGA,49646d1b0cd1,cc_governor,cc_governor,314954,201565,569749,906826,254766,879,223906,82073,354653,482967,130747,9459,adios,0,adios,0,adios,0,53.8,53.4,49.0,37.0,52.3,42.7,13,3668000,-368600,37.0,,,20.41,138172,,1,2000
1790285176,2026-09-24T21:26:16Z,76664,1790208587,6.1.187-android14-11-SAGA,49646d1b0cd1,cc_governor,cc_governor,332378,209263,596817,947820,264391,881,230953,85792,367471,501056,136481,9790,adios,0,adios,0,adios,0,52.8,53.6,52.3,37.0,54.1,42.5,13,3666000,-496800,37.0,,,19.29,246832,,1,2000
1790285212,2026-09-24T21:26:52Z,76700,1790208587,6.1.187-android14-11-SAGA,49646d1b0cd1,cc_governor,cc_governor,351900,217787,628368,995021,276484,899,239002,90549,383651,523031,144659,10157,adios,0,adios,0,adios,0,49.5,50.1,46.9,37.0,51.7,41.9,13,3622000,-433900,37.0,,,19.84,93768,,1,2000
1790285248,2026-09-24T21:27:28Z,76736,1790208587,6.1.187-android14-11-SAGA,49646d1b0cd1,cc_governor,cc_governor,368875,232668,651619,1038761,282716,902,240981,97289,389102,535626,148121,10515,adios,0,adios,0,adios,0,45.4,45.7,43.8,37.0,49.2,40.7,13,3663000,-573100,37.0,,,18.28,124664,,1,2000
1790285283,2026-09-24T21:28:03Z,76771,1790208587,6.1.187-android14-11-SAGA,49646d1b0cd1,cc_governor,cc_governor,384652,245524,674827,1080096,290176,905,246931,103453,401590,554763,154671,10808,adios,0,adios,0,adios,0,48.6,49.0,47.2,37.0,58.0,42.3,12,3635000,-909400,37.0,,,18.79,119468,,1,2000
1790285319,2026-09-24T21:28:39Z,76807,1790208587,6.1.187-android14-11-SAGA,49646d1b0cd1,cc_governor,cc_governor,410575,251377,713188,1132245,302576,923,258586,106326,422467,579450,163870,11228,adios,0,adios,0,adios,0,54.9,54.7,50.3,37.0,64.2,43.6,12,3633000,-886200,37.0,,,21.13,121324,,1,2000
1790285356,2026-09-24T21:29:16Z,76844,1790208587,6.1.187-android14-11-SAGA,49646d1b0cd1,cc_governor,cc_governor,429293,261077,742939,1180156,313605,946,267123,110889,439924,602919,172801,11673,adios,0,adios,0,adios,0,47.8,46.9,,37.0,52.7,41.9,12,3644000,-578600,37.0,,,20.03,129872,,1,2000
1790285392,2026-09-24T21:29:52Z,76880,1790208587,6.1.187-android14-11-SAGA,49646d1b0cd1,cc_governor,cc_governor,434537,271130,753789,1203577,319252,947,269923,112325,446146,610850,176223,11967,adios,0,adios,0,adios,0,44.4,45.3,,37.0,47.4,40.4,12,3659000,-537100,37.0,,,18.34,106576,,1,2000
1790285427,2026-09-24T21:30:27Z,76915,1790208587,6.1.187-android14-11-SAGA,49646d1b0cd1,cc_governor,cc_governor,447747,277836,775598,1239397,327875,947,277490,114452,458188,625767,180714,12267,adios,0,adios,0,adios,0,50.0,49.6,,37.0,52.9,42.1,12,3653000,-671300,37.0,,,19.55,91056,,1,2000
1790285463,2026-09-24T21:31:03Z,76952,1790208587,6.1.187-android14-11-SAGA,49646d1b0cd1,cc_governor,cc_governor,463133,287720,802122,1282615,338971,953,279437,118972,466372,639008,186952,12635,adios,0,adios,0,adios,0,48.9,49.3,46.0,37.0,50.5,41.6,12,3627000,-1183400,37.0,,,18.81,109156,,1,2000
1790285499,2026-09-24T21:31:39Z,76988,1790208587,6.1.187-android14-11-SAGA,49646d1b0cd1,cc_governor,cc_governor,492952,294263,844134,1339367,351205,954,291326,122835,487018,664390,195713,12999,adios,0,adios,0,adios,0,50.0,49.8,46.8,37.0,53.3,42.0,12,3652000,-552900,37.0,,,18.91,130196,,1,2000
1790285535,2026-09-24T21:32:15Z,77023,1790208587,6.1.187-android14-11-SAGA,49646d1b0cd1,cc_governor,cc_governor,510998,301054,876075,1383814,365071,957,296707,126707,501992,683969,205295,13331,adios,0,adios,0,adios,0,52.1,57.2,48.4,37.0,56.0,42.5,12,3636000,-603600,37.0,,,18.52,134392,,1,2000
1790285571,2026-09-24T21:32:51Z,77059,1790208587,6.1.187-android14-11-SAGA,49646d1b0cd1,cc_governor,cc_governor,529495,304986,909841,1426359,380346,963,304600,126951,519345,702323,214745,13711,adios,0,adios,0,adios,0,44.9,45.1,,37.0,48.9,40.7,11,3655000,-686000,37.0,,,18.19,96644,,1,2000
1790285606,2026-09-24T21:33:26Z,77094,1790208587,6.1.187-android14-11-SAGA,49646d1b0cd1,cc_governor,cc_governor,552586,308080,948900,1474503,396307,966,314514,128464,541729,727129,227223,14032,adios,0,adios,0,adios,0,47.9,51.1,,37.0,49.3,41.8,11,3640000,-447900,37.0,,,18.58,123844,,1,2000
1790285852,2026-09-24T21:37:32Z,77341,1790208587,6.1.187-android14-11-SAGA,49646d1b0cd1,cc_governor,cc_governor,3642,3,4091,5054,386,1,1675,0,2231,2529,566,26,adios,0,adios,0,adios,0,48.0,48.2,,36.0,46.8,38.8,11,3655000,-417400,36.0,,,19.07,129740,,1,2000
1790285888,2026-09-24T21:38:08Z,77377,1790208587,6.1.187-android14-11-SAGA,49646d1b0cd1,cc_governor,cc_governor,25386,3527,41451,52196,16093,7,8247,1513,18801,22819,10571,358,adios,0,adios,0,adios,0,45.9,50.1,,36.0,52.4,40.5,11,3642000,-689600,36.0,,,19.28,109804,,1,2000
1790285924,2026-09-24T21:38:44Z,77412,1790208587,6.1.187-android14-11-SAGA,49646d1b0cd1,cc_governor,cc_governor,43523,14158,69037,95545,25471,10,11697,8117,27859,40398,16162,650,adios,0,adios,0,adios,0,46.1,47.3,,36.0,48.4,39.8,11,3648000,-603600,36.0,,,18.89,133276,,1,2000
1790285959,2026-09-24T21:39:19Z,77448,1790208587,6.1.187-android14-11-SAGA,49646d1b0cd1,cc_governor,cc_governor,52404,29259,83482,128412,31078,11,12822,14475,31030,50600,18208,958,adios,0,adios,0,adios,0,43.1,43.4,,36.0,47.4,39.2,11,3659000,-343000,36.0,,,18.13,98848,,1,2000
1790285995,2026-09-24T21:39:55Z,77483,1790208587,6.1.187-android14-11-SAGA,49646d1b0cd1,cc_governor,cc_governor,52842,39558,87011,142886,34169,13,12824,15762,31172,52060,18348,1267,adios,0,adios,0,adios,0,42.4,44.5,,36.0,45.4,38.6,11,3651000,-736600,36.0,,,17.43,90188,,1,2000
1790286030,2026-09-24T21:40:30Z,77518,1790208587,6.1.187-android14-11-SAGA,49646d1b0cd1,cc_governor,cc_governor,61846,54033,101259,174908,39402,15,13693,22397,34201,62220,20508,1573,adios,0,adios,0,adios,0,44.7,45.5,,36.0,48.7,39.5,11,3647000,-582200,36.0,,,17.45,122200,,1,2000
1790286065,2026-09-24T21:41:05Z,77554,1790208587,6.1.187-android14-11-SAGA,49646d1b0cd1,cc_governor,cc_governor,68253,67900,115211,208076,46948,16,15906,28669,40351,75968,24445,1870,adios,0,adios,0,adios,0,45.7,46.3,,36.0,53.1,40.1,10,3624000,-1019200,36.0,,,17.60,127808,,1,2000
1790286101,2026-09-24T21:41:41Z,77589,1790208587,6.1.187-android14-11-SAGA,49646d1b0cd1,cc_governor,cc_governor,75837,79317,132769,240955,56956,17,19809,33729,48922,91343,29124,2194,adios,0,adios,0,adios,0,46.3,48.5,,36.0,56.9,40.5,10,3640000,-642000,36.0,,,17.81,121248,,1,2000
1790286136,2026-09-24T21:42:16Z,77625,1790208587,6.1.187-android14-11-SAGA,49646d1b0cd1,cc_governor,cc_governor,83556,90521,150448,273669,66892,21,22283,38814,56341,104751,34058,2509,adios,0,adios,0,adios,0,45.5,46.3,,36.0,54.0,40.4,10,3635000,-571800,36.0,,,18.28,95056,,1,2000
1790286172,2026-09-24T21:42:52Z,77660,1790208587,6.1.187-android14-11-SAGA,49646d1b0cd1,cc_governor,cc_governor,90415,104761,164044,305388,73638,22,23173,44863,60407,115746,37244,2824,adios,0,adios,0,adios,0,46.5,45.9,,36.0,49.5,40.1,10,3653000,-772700,36.0,,,18.68,148212,,1,2000
1790286208,2026-09-24T21:43:28Z,77696,1790208587,6.1.187-android14-11-SAGA,49646d1b0cd1,cc_governor,cc_governor,99437,113152,183357,336918,83920,24,26048,47377,68299,127143,42251,3129,adios,0,adios,0,adios,0,43.3,43.4,,36.0,46.3,39.4,10,3654000,-445500,36.0,,,17.96,97600,,1,2000
1790286243,2026-09-24T21:44:03Z,77731,1790208587,6.1.187-android14-11-SAGA,49646d1b0cd1,cc_governor,cc_governor,109162,121012,195688,360948,86550,30,34873,48942,79145,142118,44284,3440,adios,0,adios,0,adios,0,54.1,51.2,,36.0,52.2,41.4,10,3644000,-765300,36.0,,,18.76,92288,,1,2000
1790286279,2026-09-24T21:44:39Z,77767,1790208587,6.1.187-android14-11-SAGA,49646d1b0cd1,cc_governor,cc_governor,122126,127689,222998,400609,100830,32,41455,53073,95722,164759,54267,3794,adios,0,adios,0,adios,0,47.3,46.6,44.5,36.0,51.1,40.8,10,3646000,-393000,36.0,,,18.54,119952,,1,2000
1790286315,2026-09-24T21:45:15Z,77803,1790208587,6.1.187-android14-11-SAGA,49646d1b0cd1,cc_governor,cc_governor,135811,143396,242635,441460,106800,39,61238,63366,119783,200511,58511,4137,adios,0,adios,0,adios,3,53.2,48.9,45.8,36.0,52.1,41.0,9,3632000,-592600,36.0,,,18.93,75488,,1,2000
1790286351,2026-09-24T21:45:51Z,77839,1790208587,6.1.187-android14-11-SAGA,49646d1b0cd1,cc_governor,cc_governor,157801,149685,277775,490004,119989,47,73758,66889,142855,229198,69107,4482,adios,0,adios,0,adios,0,46.7,47.1,,36.0,49.8,40.8,9,3645000,-390600,36.0,,,19.63,154500,,1,2000
1790286387,2026-09-24T21:46:27Z,77875,1790208587,6.1.187-android14-11-SAGA,49646d1b0cd1,cc_governor,cc_governor,163299,166040,288449,520161,125122,50,74063,73097,145614,238700,71551,4773,adios,0,adios,0,adios,0,46.5,45.9,43.8,36.0,49.2,40.4,9,3639000,-500400,36.0,,,18.52,154980,,1,2000
1790286422,2026-09-24T21:47:02Z,77910,1790208587,6.1.187-android14-11-SAGA,49646d1b0cd1,cc_governor,cc_governor,171343,174704,309271,554589,137934,53,76909,77348,154834,253395,77933,5082,adios,0,adios,0,adios,0,46.1,45.5,,36.0,47.7,40.2,9,3636000,-513300,36.0,,,17.94,101516,,1,2000
1790286457,2026-09-24T21:47:37Z,77945,1790208587,6.1.187-android14-11-SAGA,49646d1b0cd1,cc_governor,cc_governor,172871,181628,315816,569269,142959,54,76945,78347,155797,255611,78857,5393,adios,0,adios,0,adios,0,43.6,43.5,,36.0,46.9,39.3,9,3637000,-322800,36.0,,,17.02,104012,,1,2000
1790286492,2026-09-24T21:48:12Z,77981,1790208587,6.1.187-android14-11-SAGA,49646d1b0cd1,cc_governor,cc_governor,179324,192075,328674,595239,149365,57,77703,81473,159212,262542,81517,5703,adios,0,adios,0,adios,0,46.9,48.9,,36.0,48.6,39.9,9,3626000,-795800,36.0,,,17.62,127408,,1,2000
1790286528,2026-09-24T21:48:48Z,78017,1790208587,6.1.187-android14-11-SAGA,49646d1b0cd1,cc_governor,cc_governor,186282,202188,347320,628295,161036,59,80422,85694,167454,276019,87032,6023,adios,0,adios,0,adios,0,45.3,48.1,43.5,36.0,49.6,40.2,9,3634000,-547400,36.0,,,18.18,121256,,1,2000
1790286563,2026-09-24T21:49:23Z,78052,1790208587,6.1.187-android14-11-SAGA,49646d1b0cd1,cc_governor,cc_governor,192845,216540,360927,660125,168067,60,81368,91999,171022,286472,89654,6334,adios,0,adios,0,adios,0,45.7,46.0,,36.0,50.4,40.2,9,3639000,-728100,36.0,,,18.02,115592,,1,2000
1790286599,2026-09-24T21:49:59Z,78087,1790208587,6.1.187-android14-11-SAGA,49646d1b0cd1,cc_governor,cc_governor,199335,230547,375030,692180,175690,62,81932,97484,174967,296490,93028,6652,adios,0,adios,0,adios,0,46.3,48.0,,36.0,47.4,39.9,9,3629000,-584700,36.0,,,17.88,106120,,1,2000
1790286634,2026-09-24T21:50:34Z,78122,1790208587,6.1.187-android14-11-SAGA,49646d1b0cd1,cc_governor,cc_governor,204435,243759,383976,716938,179522,64,82893,101521,177398,303404,94505,6949,adios,0,adios,0,adios,0,45.1,45.8,,36.0,50.5,39.9,8,3646000,-708600,36.0,,,17.69,128576,,1,2000
1790286669,2026-09-24T21:51:09Z,78158,1790208587,6.1.187-android14-11-SAGA,49646d1b0cd1,cc_governor,cc_governor,210793,255252,397548,745395,186755,65,83464,105576,180554,311043,97090,7246,adios,0,adios,0,adios,0,43.0,44.0,,36.0,48.8,39.4,8,3653000,-491300,36.0,,,17.51,108260,,1,2000
1790286704,2026-09-24T21:51:44Z,78193,1790208587,6.1.187-android14-11-SAGA,49646d1b0cd1,cc_governor,cc_governor,216044,266784,409902,772281,193862,66,83988,109717,183754,318927,99785,7534,adios,0,adios,0,adios,0,46.1,46.0,,36.0,48.7,39.8,8,3629000,-694500,36.0,,,17.82,113192,,1,2000
1790286740,2026-09-24T21:52:20Z,78228,1790208587,6.1.187-android14-11-SAGA,49646d1b0cd1,cc_governor,cc_governor,225186,280151,425149,804624,199963,68,86197,115769,188121,330132,101924,7834,adios,0,adios,0,adios,0,46.9,45.4,,36.0,49.4,39.9,8,3640000,-644500,36.0,,,17.63,118492,,1,2000
1790286775,2026-09-24T21:52:55Z,78263,1790208587,6.1.187-android14-11-SAGA,49646d1b0cd1,cc_governor,cc_governor,231442,290176,443074,836630,211649,71,86846,119998,193202,340042,106362,8143,adios,0,adios,0,adios,0,45.8,46.2,,36.0,49.3,39.9,8,3626000,-394200,36.0,,,18.08,96260,,1,2000
1790286810,2026-09-24T21:53:30Z,78299,1790208587,6.1.187-android14-11-SAGA,49646d1b0cd1,cc_governor,cc_governor,237804,294323,467202,868778,229415,72,87328,121736,200469,349642,113153,8460,adios,0,adios,0,adios,0,46.2,45.8,,36.0,49.4,40.0,8,3627000,-501700,36.0,,,18.11,145236,,1,2000
1790286846,2026-09-24T21:54:06Z,78334,1790208587,6.1.187-android14-11-SAGA,49646d1b0cd1,cc_governor,cc_governor,244591,307702,482485,901330,237870,75,87847,127010,204475,359421,116627,8775,adios,0,adios,0,adios,0,48.9,55.5,48.2,36.0,50.0,41.1,8,3628000,-510200,36.0,,,18.12,126316,,1,2000
1790286969,2026-09-24T21:56:09Z,78458,1790208587,6.1.187-android14-11-SAGA,49646d1b0cd1,cc_governor,cc_governor,2388,40,3587,4036,1211,2,2006,16,2759,3089,711,43,adios,0,adios,0,adios,2,56.7,58.6,,36.0,62.3,42.7,7,3634000,-426000,36.0,,,20.15,113376,,1,2000
1790287008,2026-09-24T21:56:48Z,78496,1790208587,6.1.187-android14-11-SAGA,49646d1b0cd1,cc_governor,cc_governor,21933,3040,37748,48246,15819,109,14139,849,22582,26282,8447,522,adios,0,adios,0,adios,0,43.9,44.6,,36.0,47.2,39.6,7,3634000,-1167600,36.0,,,18.45,174476,,1,2000
1790287043,2026-09-24T21:57:23Z,78531,1790208587,6.1.187-android14-11-SAGA,49646d1b0cd1,cc_governor,cc_governor,23463,13421,43543,64828,20080,111,14185,2161,23683,28758,9498,825,adios,0,adios,0,adios,0,42.2,42.8,,36.0,45.3,38.9,7,3640000,-316100,36.0,,,16.80,160444,,1,2000
1790287079,2026-09-24T21:57:59Z,78567,1790208587,6.1.187-android14-11-SAGA,49646d1b0cd1,cc_governor,cc_governor,24556,26014,45986,80140,21430,113,14185,3923,23900,30781,9715,1128,adios,0,adios,0,adios,0,41.6,42.1,,36.0,45.6,38.6,7,3655000,-362500,36.0,,,15.91,128840,,1,2000
1790287114,2026-09-24T21:58:34Z,78602,1790208587,6.1.187-android14-11-SAGA,49646d1b0cd1,cc_governor,cc_governor,26077,34056,53390,95861,27320,115,14195,5126,24828,32948,10636,1450,adios,0,adios,0,adios,0,41.9,42.4,,36.0,45.3,38.5,7,3653000,-294100,36.0,,,15.29,128852,,1,2000
1790287150,2026-09-24T21:59:10Z,78638,1790208587,6.1.187-android14-11-SAGA,49646d1b0cd1,cc_governor,cc_governor,27089,42904,57465,109158,30372,120,14517,6197,26197,35443,11680,1767,adios,0,adios,0,adios,0,41.8,41.9,,36.0,45.2,38.5,7,3629000,-472400,36.0,,,15.18,105428,,1,2000
1790287185,2026-09-24T21:59:45Z,78674,1790208587,6.1.187-android14-11-SAGA,49646d1b0cd1,cc_governor,cc_governor,27322,51057,59365,119537,32037,123,14518,8005,26402,37485,11884,2104,adios,0,adios,0,adios,0,41.6,41.7,,36.0,45.0,38.4,7,3657000,-254500,36.0,,,14.84,84984,,1,2000
1790287221,2026-09-24T22:00:21Z,78709,1790208587,6.1.187-android14-11-SAGA,49646d1b0cd1,cc_governor,cc_governor,27953,59818,61468,130737,33529,125,14982,9735,27364,40246,12389,2415,adios,0,adios,0,adios,0,41.5,41.9,,36.0,45.2,38.5,7,3654000,-302100,36.0,,,14.61,86508,,1,2000
1790287256,2026-09-24T22:00:56Z,78745,1790208587,6.1.187-android14-11-SAGA,49646d1b0cd1,cc_governor,cc_governor,28403,67785,64017,141613,35612,126,14984,11198,27970,42584,12986,2732,adios,0,adios,0,adios,1,47.4,45.5,,36.0,46.3,39.1,7,3651000,-298400,36.0,,,14.79,106348,,1,2000
1790287292,2026-09-24T22:01:32Z,78780,1790208587,6.1.187-android14-11-SAGA,49646d1b0cd1,cc_governor,cc_governor,29187,76398,66405,153254,37218,129,15037,13292,28238,45372,13201,3030,adios,0,adios,0,adios,0,44.3,43.3,,36.0,44.9,38.7,7,3650000,-302100,36.0,,,14.74,87592,,1,2000
1790287327,2026-09-24T22:02:07Z,78816,1790208587,6.1.187-android14-11-SAGA,49646d1b0cd1,cc_governor,cc_governor,37761,83855,80364,176922,42619,149,19761,15086,34765,54435,15010,3429,adios,0,adios,0,adios,0,43.0,43.4,,36.0,46.2,39.2,7,3646000,-308200,36.0,,,14.82,109820,,1,2000
1790287363,2026-09-24T22:02:43Z,78851,1790208587,6.1.187-android14-11-SAGA,49646d1b0cd1,cc_governor,cc_governor,39045,94715,84405,192158,45360,152,19787,16695,35227,56553,15440,3743,adios,0,adios,0,adios,0,42.0,42.5,,36.0,48.9,39.1,7,3642000,-575500,36.0,,,14.84,145828,,1,2000
1790287398,2026-09-24T22:03:18Z,78887,1790208587,6.1.187-android14-11-SAGA,49646d1b0cd1,cc_governor,cc_governor,39998,101951,88626,204092,48628,153,19924,18400,35928,59277,16004,4035,adios,0,adios,0,adios,0,42.1,42.4,,36.0,45.3,38.8,7,3651000,-292900,36.0,,,14.73,164808,,1,2000
1790287434,2026-09-24T22:03:54Z,78922,1790208587,6.1.187-android14-11-SAGA,49646d1b0cd1,cc_governor,cc_governor,40906,108272,94077,216151,53177,156,19968,19979,36515,61504,16552,4349,adios,0,adios,0,adios,0,42.0,42.3,,36.0,45.9,38.8,6,3653000,-438800,36.0,,,14.56,136576,,1,2000
1790287470,2026-09-24T22:04:30Z,78958,1790208587,6.1.187-android14-11-SAGA,49646d1b0cd1,cc_governor,cc_governor,41246,112951,100049,227164,58803,158,19998,21307,37313,63661,17315,4681,adios,0,adios,0,adios,0,42.0,42.4,,36.0,46.4,38.8,6,3649000,-335600,36.0,,,14.51,101492,,1,2000
1790287505,2026-09-24T22:05:06Z,78994,1790208587,6.1.187-android14-11-SAGA,49646d1b0cd1,cc_governor,cc_governor,53169,117367,118485,254213,65293,210,27436,22759,47736,76775,20221,5234,adios,0,adios,0,adios,0,62.4,61.2,53.9,36.0,73.3,44.5,6,3562000,-1185900,36.0,,,15.91,119812,,1,2000
1790287542,2026-09-24T22:05:42Z,79030,1790208587,6.1.187-android14-11-SAGA,49646d1b0cd1,cc_governor,cc_governor,61627,125196,135031,281490,73415,240,41194,24210,64478,95808,23296,5641,adios,0,adios,0,adios,0,43.7,44.2,,37.0,47.2,40.0,6,3646000,-336900,37.0,,,16.17,105068,,1,2000
1790287577,2026-09-24T22:06:17Z,79066,1790208587,6.1.187-android14-11-SAGA,49646d1b0cd1,cc_governor,cc_governor,75697,133099,155380,313766,79683,263,48279,25201,75392,108406,27137,6018,adios,0,adios,0,adios,0,50.6,49.4,,37.0,47.4,40.1,6,3644000,-405800,37.0,,,16.29,128088,,1,2000
1790287640,2026-09-24T22:07:20Z,79129,1790208587,6.1.187-android14-11-SAGA,49646d1b0cd1,cc_governor,cc_governor,21,0,20,29,28,0,47,0,76,78,32,8,adios,0,adios,0,adios,0,43.1,43.5,,37.0,44.7,39.1,6,3657000,-221500,37.0,,,16.06,146764,,1,2000
1790287706,2026-09-24T22:08:26Z,79194,1790208587,6.1.187-android14-11-SAGA,49646d1b0cd1,cc_governor,cc_governor,0,0,89,106,94,0,61,0,80,81,25,5,adios,0,adios,0,adios,0,41.0,40.9,,36.0,43.5,37.9,6,3659000,-313700,36.0,,,15.37,163688,,1,2000
1790287780,2026-09-24T22:09:40Z,79269,1790208587,6.1.187-android14-11-SAGA,49646d1b0cd1,cc_governor,cc_governor,2,0,203,217,210,0,54,0,106,111,56,14,adios,0,adios,0,adios,0,43.1,43.3,,36.0,46.9,38.9,6,3654000,-291700,36.0,,,15.72,119292,,1,2000
1790287830,2026-09-24T22:10:30Z,79319,1790208587,6.1.187-android14-11-SAGA,49646d1b0cd1,cc_governor,cc_governor,2742,0,4217,5405,1351,1,3050,0,4398,5215,1330,37,adios,0,adios,0,adios,0,62.5,55.3,,36.0,56.4,44.2,5,3621000,-552900,36.0,,,20.13,161320,,1,2000
1790287867,2026-09-24T22:11:07Z,79355,1790208587,6.1.187-android14-11-SAGA,49646d1b0cd1,cc_governor,cc_governor,13129,2560,20105,26669,6988,0,2559,1517,5998,8003,3441,18,adios,0,adios,0,adios,0,45.9,47.3,,36.0,48.3,40.9,5,3619000,-882500,37.0,,,18.51,123456,,1,2000
1790287903,2026-09-24T22:11:43Z,79391,1790208587,6.1.187-android14-11-SAGA,49646d1b0cd1,cc_governor,cc_governor,1408,178,4541,5330,3143,0,560,94,1034,1292,479,16,adios,0,adios,0,adios,0,43.8,44.4,,36.0,45.9,40.1,5,3642000,-444300,36.0,,,17.73,154276,,1,2000
1790287938,2026-09-24T22:12:18Z,79427,1790208587,6.1.187-android14-11-SAGA,49646d1b0cd1,cc_governor,cc_governor,19739,5938,22411,34099,2664,1,3998,4223,6568,11647,2570,27,adios,0,adios,0,adios,0,47.9,47.5,44.9,36.0,50.7,41.0,5,3632000,-401600,36.0,,,18.54,86464,,1,2000
1790287975,2026-09-24T22:12:55Z,79463,1790208587,6.1.187-android14-11-SAGA,49646d1b0cd1,cc_governor,cc_governor,43094,14266,50920,75865,7825,6,6979,8817,14064,24454,7085,364,adios,0,adios,0,adios,0,44.3,44.3,,36.0,48.7,40.4,5,3605000,-949000,36.0,,,17.78,119336,,1,2000
1790288011,2026-09-24T22:13:31Z,79499,1790208587,6.1.187-android14-11-SAGA,49646d1b0cd1,cc_governor,cc_governor,13745,6618,18035,31013,4307,1,3849,4331,6529,11283,2679,21,adios,0,adios,0,adios,0,52.4,48.9,,36.0,50.8,41.4,4,3633000,-538900,36.0,,,17.22,99340,,1,2000
1790288047,2026-09-24T22:14:07Z,79535,1790208587,6.1.187-android14-11-SAGA,49646d1b0cd1,cc_governor,cc_governor,16697,4258,21013,29342,4269,1,4423,3831,7833,12513,3418,14,adios,0,adios,0,adios,0,48.5,50.8,46.4,36.0,52.6,41.2,4,3632000,-397900,36.0,,,18.65,97680,,1,2000
1790288083,2026-09-24T22:14:43Z,79572,1790208587,6.1.187-android14-11-SAGA,49646d1b0cd1,cc_governor,cc_governor,54892,9516,64927,86707,10027,7,12714,8896,21703,31851,8989,366,adios,0,adios,0,adios,0,45.0,44.7,,36.0,46.7,40.3,4,3644000,-413200,37.0,,,17.60,89008,,1,2000
1790288119,2026-09-24T22:15:19Z,79608,1790208587,6.1.187-android14-11-SAGA,49646d1b0cd1,cc_governor,cc_governor,11878,3399,15676,22230,3813,0,1983,1562,4811,6567,2833,20,adios,0,adios,0,adios,0,49.2,50.5,,37.0,57.7,41.9,4,3629000,-494900,37.0,,,18.13,110716,,1,2000
1790288156,2026-09-24T22:15:56Z,79644,1790208587,6.1.187-android14-11-SAGA,49646d1b0cd1,cc_governor,cc_governor,37062,12095,46093,69117,9043,9,8314,7159,14522,22292,6211,352,adios,0,adios,0,adios,0,47.3,47.8,,36.0,50.8,41.4,4,3610000,-845900,36.0,,,18.24,98296,,1,2000
1790288192,2026-09-24T22:16:32Z,79680,1790208587,6.1.187-android14-11-SAGA,49646d1b0cd1,cc_governor,cc_governor,65792,19342,79573,116736,13803,23,14148,12610,24419,38244,10276,675,adios,0,adios,0,adios,0,46.5,46.3,,37.0,50.6,40.7,4,3613000,-775100,37.0,,,18.50,106132,,1,2000
1790288228,2026-09-24T22:17:08Z,79716,1790208587,6.1.187-android14-11-SAGA,49646d1b0cd1,cc_governor,cc_governor,5139,2227,5812,9660,650,0,1632,1072,2110,3300,478,17,adios,0,adios,0,adios,0,46.7,48.5,45.1,37.0,47.5,41.1,3,3622000,-427200,37.0,,,19.85,129576,,1,2000
1790288384,2026-09-24T22:19:44Z,79873,1790208587,6.1.187-android14-11-SAGA,49646d1b0cd1,cc_governor,cc_governor,2711,23,4623,5047,1912,0,641,28,1386,1541,745,15,adios,0,adios,0,adios,0,40.9,41.0,,36.0,51.1,39.2,3,3616000,-822700,35.0,,,20.28,187192,,1,2000
1790288472,2026-09-24T22:21:12Z,79961,1790208587,6.1.187-android14-11-SAGA,49646d1b0cd1,cc_governor,cc_governor,32629,4252,38029,52283,5356,13,15983,5710,23875,30903,7844,95,adios,0,adios,0,adios,0,44.6,45.1,,36.0,49.0,39.7,3,3626000,-765300,36.0,,,19.48,146868,,1,2000
1790288509,2026-09-24T22:21:49Z,79998,1790208587,6.1.187-android14-11-SAGA,49646d1b0cd1,cc_governor,cc_governor,5810,483,7898,9006,2070,2,735,197,2181,2476,1446,30,adios,0,adios,0,adios,0,47.5,47.9,48.5,36.0,55.8,42.1,3,3592000,-421100,36.0,,,22.47,176288,,1,2000
1790288566,2026-09-24T22:22:46Z,80054,1790208587,6.1.187-android14-11-SAGA,49646d1b0cd1,cc_governor,cc_governor,1442,0,2613,3085,1185,6,740,0,1172,1281,437,77,adios,0,adios,0,adios,0,41.9,43.3,,36.0,44.7,38.7,3,3628000,-277700,36.0,,,19.81,115728,,1,2000
1790288650,2026-09-24T22:24:10Z,80139,1790208587,6.1.187-android14-11-SAGA,49646d1b0cd1,cc_governor,cc_governor,1362,0,1830,2297,479,6,849,0,1253,1327,408,75,adios,0,adios,0,adios,0,41.2,41.7,,36.0,42.5,37.6,3,3653000,-180600,36.0,,,42.48,134084,,1,2000
1790288841,2026-09-24T22:27:21Z,80330,1790208587,6.1.187-android14-11-SAGA,49646d1b0cd1,cc_governor,cc_governor,1379,0,1687,2136,320,6,682,0,1073,1152,395,79,adios,0,adios,0,adios,0,40.4,38.8,,35.0,42.5,37.1,3,3629000,-427200,35.0,,,31.16,127812,,1,2000
1790288933,2026-09-24T22:28:53Z,80421,1790208587,6.1.187-android14-11-SAGA,49646d1b0cd1,cc_governor,cc_governor,5347,290,7601,10027,2250,60,6416,274,8132,9590,1702,86,adios,0,adios,0,adios,0,56.0,58.9,55.4,35.0,55.4,42.4,3,3721000,739700,35.0,,,24.91,136124,,1,2000
1790289021,2026-09-24T22:30:21Z,80510,1790208587,6.1.187-android14-11-SAGA,49646d1b0cd1,cc_governor,cc_governor,1351,0,1687,2151,352,6,689,0,1080,1154,397,78,adios,0,adios,0,adios,0,40.2,41.1,,36.0,43.8,38.1,3,3795000,1454400,36.0,,,20.49,125872,,1,2000
1790289080,2026-09-24T22:31:20Z,80569,1790208587,6.1.187-android14-11-SAGA,49646d1b0cd1,cc_governor,cc_governor,5427,111,5962,6825,498,48,3892,205,4459,4950,566,15,adios,0,adios,0,adios,0,56.1,57.3,,36.0,63.8,43.2,4,3626000,-931300,36.0,,,20.70,107576,,1,2000
1790289191,2026-09-24T22:33:11Z,80680,1790208587,6.1.187-android14-11-SAGA,49646d1b0cd1,cc_governor,cc_governor,738,11,1219,1454,489,0,312,6,593,652,292,21,adios,0,adios,0,adios,0,41.5,41.8,,37.0,45.9,38.9,5,3796000,1431200,37.0,,,104.93,128524,,1,2000
1790289238,2026-09-24T22:33:58Z,80726,1790208587,6.1.187-android14-11-SAGA,49646d1b0cd1,cc_governor,cc_governor,737,11,1104,1322,383,0,314,6,576,626,255,9,adios,0,adios,0,adios,0,40.5,40.2,,37.0,44.2,38.1,5,3807000,1580800,36.0,,,65.29,121900,,1,2000
1790289444,2026-09-24T22:37:24Z,80933,1790208587,6.1.187-android14-11-SAGA,49646d1b0cd1,cc_governor,cc_governor,739,11,1310,1555,585,0,312,6,603,654,295,22,adios,0,adios,0,adios,0,40.9,41.2,,36.0,42.8,38.2,7,3821000,1308500,37.0,,,43.35,117484,,1,2000
1790289603,2026-09-24T22:40:03Z,81091,1790208587,6.1.187-android14-11-SAGA,49646d1b0cd1,cc_governor,cc_governor,737,11,1173,1398,449,0,307,6,581,632,279,18,adios,0,adios,0,adios,0,41.4,42.0,,36.0,62.3,40.0,9,3772000,-25600,36.0,,,34.44,227412,,1,2000
1790289673,2026-09-24T22:41:13Z,81161,1790208587,6.1.187-android14-11-SAGA,49646d1b0cd1,cc_governor,cc_governor,84560,981,89056,106961,4422,333,28405,3684,32974,38865,4541,495,adios,0,adios,0,adios,0,63.7,64.6,,37.0,73.5,46.7,9,3755000,358200,37.0,,,28.47,195108,,1,2000
1790289750,2026-09-24T22:42:30Z,81238,1790208587,6.1.187-android14-11-SAGA,49646d1b0cd1,cc_governor,cc_governor,9,0,95,122,110,0,286,0,340,344,58,14,adios,0,adios,0,adios,0,42.9,41.3,,38.0,42.8,39.4,10,3843000,1484900,38.0,,,30.87,142428,,1,2000
1790289893,2026-09-24T22:44:53Z,81382,1790208587,6.1.187-android14-11-SAGA,49646d1b0cd1,cc_governor,cc_governor,1447,0,3026,3130,1582,0,95,0,358,408,269,15,adios,0,adios,0,adios,0,44.4,43.5,,37.0,45.7,39.0,11,3854000,1434900,37.0,,,23.90,150020,,1,2000
1790289944,2026-09-24T22:45:44Z,81432,1790208587,6.1.187-android14-11-SAGA,49646d1b0cd1,cc_governor,cc_governor,15,1801,1749,3715,1745,0,188,97,260,476,79,15,adios,0,adios,0,adios,0,42.9,43.2,,37.0,46.0,39.6,11,3852000,1444000,37.0,,,19.65,122720,,1,2000
1790289980,2026-09-24T22:46:20Z,81468,1790208587,6.1.187-android14-11-SAGA,49646d1b0cd1,cc_governor,cc_governor,20,2459,436,2995,416,0,17,107,46,260,29,12,adios,0,adios,0,adios,0,42.4,43.0,,37.0,45.6,39.6,12,3860000,1524600,37.0,,,17.23,140024,,1,2000
1790290015,2026-09-24T22:46:55Z,81503,1790208587,6.1.187-android14-11-SAGA,49646d1b0cd1,cc_governor,cc_governor,92,8677,2659,11790,2567,1,18,865,416,1631,398,312,adios,0,adios,0,adios,0,42.3,42.8,,37.0,44.7,39.1,12,3856000,1206000,37.0,,,15.96,124692,,1,2000
1790290061,2026-09-24T22:47:41Z,81550,1790208587,6.1.187-android14-11-SAGA,49646d1b0cd1,cc_governor,cc_governor,0,0,117,127,124,0,31,0,77,86,50,17,adios,0,adios,0,adios,0,42.8,43.0,,37.0,46.6,39.6,13,3867000,1528300,37.0,,,15.27,140392,,1,2000
1790290114,2026-09-24T22:48:34Z,81602,1790208587,6.1.187-android14-11-SAGA,49646d1b0cd1,cc_governor,cc_governor,0,5,57,75,66,0,13,16,45,64,33,16,adios,0,adios,0,adios,0,42.5,42.9,,37.0,52.0,39.7,13,3869000,1522200,37.0,,,14.93,147392,,1,2000
1790290149,2026-09-24T22:49:09Z,81637,1790208587,6.1.187-android14-11-SAGA,49646d1b0cd1,cc_governor,cc_governor,244,5093,3998,9655,3754,2,51,608,862,1728,811,322,adios,0,adios,0,adios,0,43.0,43.5,,37.0,45.7,39.5,13,3874000,1341500,37.0,,,14.60,117948,,1,2000
1790290184,2026-09-24T22:49:44Z,81673,1790208587,6.1.187-android14-11-SAGA,49646d1b0cd1,cc_governor,cc_governor,308,11446,6024,18353,5731,5,55,1671,1017,3184,968,643,adios,0,adios,0,adios,0,42.5,42.6,,37.0,46.5,39.5,14,3868000,1394000,37.0,,,14.57,108568,,1,2000
1790290220,2026-09-24T22:50:20Z,81708,1790208587,6.1.187-android14-11-SAGA,49646d1b0cd1,cc_governor,cc_governor,5,1284,858,2246,853,0,33,70,82,228,49,19,adios,0,adios,0,adios,0,42.4,42.4,,37.0,45.4,39.5,14,3878000,1392800,37.0,,,14.53,133532,,1,2000
1790290255,2026-09-24T22:50:55Z,81743,1790208587,6.1.187-android14-11-SAGA,49646d1b0cd1,cc_governor,cc_governor,32,4574,1319,6377,1287,2,36,1168,124,1661,88,331,adios,0,adios,0,adios,0,42.0,42.7,,37.0,45.5,39.4,14,3880000,1380000,37.0,,,14.38,127000,,1,2000
1790290291,2026-09-24T22:51:31Z,81780,1790208587,6.1.187-android14-11-SAGA,49646d1b0cd1,cc_governor,cc_governor,27,1324,221,1772,194,0,12,148,54,345,42,19,adios,0,adios,0,adios,0,42.4,42.6,,37.0,45.2,39.5,15,3876000,1436100,37.0,,,14.53,115472,,1,2000
1790290327,2026-09-24T22:52:07Z,81815,1790208587,6.1.187-android14-11-SAGA,49646d1b0cd1,cc_governor,cc_governor,56,4959,361,5888,305,2,14,1262,66,1773,52,347,adios,0,adios,0,adios,0,42.2,42.9,,37.0,45.4,39.1,15,3865000,1182200,37.0,,,14.45,128064,,1,2000
1790290464,2026-09-24T22:54:24Z,81952,1790208587,6.1.187-android14-11-SAGA,49646d1b0cd1,cc_governor,cc_governor,14,0,480,575,476,0,464,0,659,675,199,16,adios,0,adios,0,adios,0,43.2,43.0,,37.0,45.8,39.4,17,3896000,1466000,37.0,,,36.47,127272,,1,2000
1790290499,2026-09-24T22:54:59Z,81987,1790208587,6.1.187-android14-11-SAGA,49646d1b0cd1,cc_governor,cc_governor,46,1484,523,2375,477,0,279,225,340,770,61,19,adios,0,adios,0,adios,0,42.0,43.4,,37.0,45.4,39.3,17,3892000,1337800,37.0,,,26.68,119456,,1,2000
1790290539,2026-09-24T22:55:39Z,82027,1790208587,6.1.187-android14-11-SAGA,49646d1b0cd1,cc_governor,cc_governor,7,0,99,118,96,0,25,0,45,49,25,4,adios,0,adios,0,adios,0,43.4,42.6,,38.0,45.4,39.6,18,3872000,1376300,37.0,,,23.25,163120,,1,2000
1790290713,2026-09-24T22:58:33Z,82201,1790208587,6.1.187-android14-11-SAGA,49646d1b0cd1,cc_governor,cc_governor,28,0,699,768,677,0,267,0,372,424,111,24,adios,0,adios,0,adios,0,42.1,42.7,,37.0,45.4,38.9,19,3885000,1123000,37.0,,,19.50,134736,,1,2000
1790290764,2026-09-24T22:59:24Z,82252,1790208587,6.1.187-android14-11-SAGA,49646d1b0cd1,cc_governor,cc_governor,18044,867,29100,36643,11050,1,8487,590,15749,18104,7262,26,adios,0,adios,0,adios,0,50.8,52.5,50.1,37.0,57.8,43.0,19,3843000,944200,37.0,,,19.37,170704,,1,2000
1790290800,2026-09-24T23:00:00Z,82289,1790208587,6.1.187-android14-11-SAGA,49646d1b0cd1,cc_governor,cc_governor,36967,5847,64087,85419,27045,4,12408,3148,28650,34894,16222,376,adios,0,adios,0,adios,0,51.9,54.2,,37.0,54.9,43.3,20,3861000,859900,37.0,,,18.61,113704,,1,2000
1790290836,2026-09-24T23:00:36Z,82325,1790208587,6.1.187-android14-11-SAGA,49646d1b0cd1,cc_governor,cc_governor,61003,9547,104087,137472,43075,9,15970,5359,42657,54053,26698,731,adios,0,adios,0,adios,0,53.5,51.4,49.0,38.0,53.5,43.6,20,3871000,940500,38.0,,,19.13,77796,,1,2000
1790290872,2026-09-24T23:01:12Z,82360,1790208587,6.1.187-android14-11-SAGA,49646d1b0cd1,cc_governor,cc_governor,82440,15290,139218,185495,56735,17,23632,8451,57917,75105,34298,1061,adios,0,adios,0,adios,0,50.1,49.3,46.8,38.0,51.7,43.2,20,3870000,945400,38.0,,,19.14,72128,,1,2000
1790290908,2026-09-24T23:01:48Z,82396,1790208587,6.1.187-android14-11-SAGA,49646d1b0cd1,cc_governor,cc_governor,102535,17538,178234,231438,75705,26,28201,9833,72384,91799,44190,1381,adios,0,adios,0,adios,0,48.8,48.5,,38.0,57.9,43.4,20,3869000,940500,38.0,,,18.96,129196,,1,2000
1790290944,2026-09-24T23:02:24Z,82432,1790208587,6.1.187-android14-11-SAGA,49646d1b0cd1,cc_governor,cc_governor,126676,23243,216176,280441,89510,30,35396,12580,88341,111863,52960,1693,adios,0,adios,0,adios,0,54.4,52.8,50.9,38.0,54.9,44.4,20,3872000,914900,38.0,,,19.10,100156,,1,2000
1790290979,2026-09-24T23:02:59Z,82467,1790208587,6.1.187-android14-11-SAGA,49646d1b0cd1,cc_governor,cc_governor,140078,31212,242677,319313,102576,33,38855,16385,98293,126762,59431,2023,adios,0,adios,0,adios,0,52.1,53.6,,38.0,57.0,43.9,21,3871000,437600,38.0,,,18.61,127560,,1,2000
1790291015,2026-09-24T23:03:35Z,82503,1790208587,6.1.187-android14-11-SAGA,49646d1b0cd1,cc_governor,cc_governor,152124,39523,266910,356014,114805,41,46048,21587,113590,149283,67550,2360,adios,0,adios,0,adios,0,49.4,49.3,,39.0,52.2,43.4,21,3872000,957000,39.0,,,18.99,121104,,1,2000
1790291050,2026-09-24T23:04:10Z,82538,1790208587,6.1.187-android14-11-SAGA,49646d1b0cd1,cc_governor,cc_governor,172896,45843,300988,402971,128113,47,58199,26104,135766,177819,77572,2673,adios,0,adios,0,adios,0,52.7,53.3,49.0,39.0,54.5,44.4,21,3864000,931300,39.0,,,19.58,138744,,1,2000
1790291085,2026-09-24T23:04:45Z,82573,1790208587,6.1.187-android14-11-SAGA,49646d1b0cd1,cc_governor,cc_governor,191115,50629,329184,439830,138080,54,73690,28385,157638,206482,83953,2983,adios,0,adios,0,adios,0,47.2,47.4,,39.0,50.3,43.5,21,3910000,1472100,39.0,,,18.37,137688,,1,2000
1790291161,2026-09-24T23:06:01Z,82649,1790208587,6.1.187-android14-11-SAGA,49646d1b0cd1,cc_governor,cc_governor,8,5,444,489,448,0,12,0,69,76,61,14,adios,0,adios,0,adios,0,45.4,45.9,,39.0,48.9,41.9,22,3903000,1472100,39.0,,,16.67,129000,,1,2000
1790291218,2026-09-24T23:06:58Z,82706,1790208587,6.1.187-android14-11-SAGA,49646d1b0cd1,cc_governor,cc_governor,22,0,206,231,200,0,140,0,211,215,76,18,adios,0,adios,0,adios,0,44.7,45.4,,39.0,48.7,41.3,23,3909000,1033300,39.0,,,16.48,116520,,1,2000
1790291292,2026-09-24T23:08:12Z,82780,1790208587,6.1.187-android14-11-SAGA,49646d1b0cd1,cc_governor,cc_governor,27630,281,30868,36834,3152,83,13213,296,16986,19400,3756,55,adios,0,adios,0,adios,0,66.3,67.4,61.4,38.0,77.8,48.0,23,3849000,438800,39.0,,,17.87,132536,,1,2000
1790291345,2026-09-24T23:09:05Z,82833,1790208587,6.1.187-android14-11-SAGA,49646d1b0cd1,cc_governor,cc_governor,3348,0,3953,4301,551,0,304,0,483,555,183,7,adios,0,adios,0,adios,0,57.7,57.9,,39.0,66.9,45.6,24,3881000,936200,39.0,,,18.25,111168,,1,2000
1790291436,2026-09-24T23:10:36Z,82925,1790208587,6.1.187-android14-11-SAGA,49646d1b0cd1,cc_governor,cc_governor,26,0,648,677,637,0,16,0,67,69,56,17,adios,0,adios,0,adios,0,44.1,47.6,,39.0,48.8,41.7,25,3917000,1315900,39.0,,,17.24,106000,,1,2000
1790291537,2026-09-24T23:12:17Z,83026,1790208587,6.1.187-android14-11-SAGA,49646d1b0cd1,cc_governor,cc_governor,9,3,1286,1400,1287,0,19,13,71,95,56,15,adios,0,adios,0,adios,0,44.1,44.3,,39.0,47.1,41.0,25,3910000,1289600,39.0,,,16.50,128268,,1,2000
1790291573,2026-09-24T23:12:53Z,83061,1790208587,6.1.187-android14-11-SAGA,49646d1b0cd1,cc_governor,cc_governor,66,5796,736,6928,670,0,22,124,50,208,28,22,adios,0,adios,0,adios,0,43.8,44.4,,39.0,51.7,41.2,26,3912000,1387900,39.0,,,16.16,115816,,1,2000
1790291608,2026-09-24T23:13:28Z,83096,1790208587,6.1.187-android14-11-SAGA,49646d1b0cd1,cc_governor,cc_governor,150,5087,4468,10011,4318,0,25,152,167,358,142,16,adios,0,adios,0,adios,0,44.0,44.2,,39.0,47.4,40.9,26,3914000,1243200,39.0,,,15.64,114480,,1,2000
1790291643,2026-09-24T23:14:03Z,83132,1790208587,6.1.187-android14-11-SAGA,49646d1b0cd1,cc_governor,cc_governor,25,1803,728,2774,703,0,10,139,28,186,18,18,adios,0,adios,0,adios,0,44.5,44.8,,39.0,48.7,41.0,27,3914000,1294500,39.0,,,15.24,113848,,1,2000
1790291679,2026-09-24T23:14:39Z,83167,1790208587,6.1.187-android14-11-SAGA,49646d1b0cd1,cc_governor,cc_governor,25558,5839,33920,45911,8323,153,12001,1888,17726,21678,5724,454,adios,0,adios,0,adios,0,50.1,50.8,48.2,38.0,70.0,45.3,27,3884000,318600,38.0,,,18.59,205224,,1,2000
1790291716,2026-09-24T23:15:16Z,83204,1790208587,6.1.187-android14-11-SAGA,49646d1b0cd1,cc_governor,cc_governor,54651,11983,76204,105328,21571,194,20455,4349,35584,43878,15134,914,adios,0,adios,0,adios,0,50.6,53.4,,39.0,67.0,44.5,27,3864000,1050400,38.0,,,18.30,147216,,1,2000
1790291752,2026-09-24T23:15:52Z,83240,1790208587,6.1.187-android14-11-SAGA,49646d1b0cd1,cc_governor,cc_governor,60127,22199,86750,127749,26623,203,23165,5046,40981,50304,17816,1270,adios,0,adios,0,adios,0,44.3,44.6,,38.0,47.3,41.0,27,3918000,1330500,38.0,,,16.67,148888,,1,2000
1790291787,2026-09-24T23:16:27Z,83275,1790208587,6.1.187-android14-11-SAGA,49646d1b0cd1,cc_governor,cc_governor,80779,28431,116355,168472,35558,217,35367,6406,59278,73551,23916,1583,adios,0,adios,0,adios,0,55.5,57.6,,38.0,64.1,45.1,27,3795000,-528500,38.0,,,19.15,134256,,1,2000
1790291825,2026-09-24T23:17:05Z,83313,1790208587,6.1.187-android14-11-SAGA,49646d1b0cd1,cc_governor,cc_governor,140566,30018,187384,249715,46823,237,84841,7633,120052,142624,35158,2096,adios,0,adios,0,adios,0,63.9,67.1,,38.0,67.0,46.6,27,3771000,-726900,38.0,,,21.67,121828,,1,2000
1790291863,2026-09-24T23:17:43Z,83351,1790208587,6.1.187-android14-11-SAGA,49646d1b0cd1,cc_governor,cc_governor,196049,31099,257104,329200,61019,272,112043,8516,163037,192359,50972,2557,adios,0,adios,0,adios,12,63.7,59.5,55.9,38.0,63.9,45.6,27,3763000,-1294500,38.0,,,21.87,126488,,1,2000
1790291900,2026-09-24T23:18:20Z,83389,1790208587,6.1.187-android14-11-SAGA,49646d1b0cd1,cc_governor,cc_governor,253138,34111,326173,413363,73046,293,121617,12269,188172,222349,66565,2998,adios,0,adios,0,adios,0,56.0,53.9,51.8,38.0,64.0,44.6,27,3768000,-800700,38.0,,,20.01,134832,,1,2000
1790291936,2026-09-24T23:18:56Z,83424,1790208587,6.1.187-android14-11-SAGA,49646d1b0cd1,cc_governor,cc_governor,312201,35203,397466,494295,85261,295,130738,13491,212807,248706,82096,3310,adios,0,adios,0,adios,0,51.9,51.1,48.7,38.0,58.7,43.6,27,3768000,-835500,38.0,,,19.37,71956,,1,2000
1790291972,2026-09-24T23:19:32Z,83460,1790208587,6.1.187-android14-11-SAGA,49646d1b0cd1,cc_governor,cc_governor,376254,42133,466769,578611,90462,298,136685,21030,225267,269435,88581,3623,adios,0,adios,0,adios,0,50.0,51.3,,38.0,61.0,43.1,27,3768000,-731800,38.0,,,19.30,96008,,1,2000
1790292008,2026-09-24T23:20:08Z,83496,1790208587,6.1.187-android14-11-SAGA,49646d1b0cd1,cc_governor,cc_governor,440304,46721,538386,663109,97998,302,141349,25530,239833,288899,98456,3922,adios,0,adios,0,adios,0,49.0,48.2,,38.0,52.8,42.8,27,3783000,-1026000,38.0,,,18.85,97884,,1,2000
1790292044,2026-09-24T23:20:44Z,83533,1790208587,6.1.187-android14-11-SAGA,49646d1b0cd1,cc_governor,cc_governor,502567,51655,609095,747549,106490,303,147978,31431,257808,313529,109818,4291,adios,0,adios,0,adios,0,53.9,55.2,,38.0,59.7,43.6,27,3755000,-947800,38.0,,,17.98,118736,,1,2000
1790292080,2026-09-24T23:21:20Z,83568,1790208587,6.1.187-android14-11-SAGA,49646d1b0cd1,cc_governor,cc_governor,557082,56647,673415,825281,116324,307,161711,37616,284805,347531,123085,4565,adios,0,adios,0,adios,0,55.8,59.0,53.2,38.0,63.0,44.6,26,3759000,-1063200,38.0,,,18.25,76396,,1,2000
1790292116,2026-09-24T23:21:56Z,83604,1790208587,6.1.187-android14-11-SAGA,49646d1b0cd1,cc_governor,cc_governor,607587,58542,737243,898351,129640,311,183217,39538,323003,391004,139803,4860,adios,0,adios,0,adios,0,51.1,52.0,,38.0,64.9,45.1,26,3700000,-1789500,38.0,,,23.54,86280,,1,2000
1790292156,2026-09-24T23:22:36Z,83644,1790208587,6.1.187-android14-11-SAGA,49646d1b0cd1,cc_governor,cc_governor,672150,60156,815133,990235,142990,350,217422,41332,373988,450005,156508,5515,adios,0,adios,0,adios,0,57.5,56.7,53.0,38.0,59.4,45.6,26,3706000,-1506900,38.0,,,23.46,119472,,1,2000
1790292194,2026-09-24T23:23:14Z,83682,1790208587,6.1.187-android14-11-SAGA,49646d1b0cd1,cc_governor,cc_governor,725887,60975,884723,1068371,158808,376,254661,42111,429630,508336,174924,6047,adios,0,adios,0,adios,0,56.9,57.5,53.6,38.0,66.9,46.1,26,3745000,-1262200,38.0,,,23.61,106164,,1,2000
1790292232,2026-09-24T23:23:52Z,83720,1790208587,6.1.187-android14-11-SAGA,49646d1b0cd1,cc_governor,cc_governor,792217,61428,965392,1156919,173063,387,324618,42545,513908,595035,189263,6506,adios,0,adios,0,adios,0,57.3,61.4,54.5,38.0,61.5,46.1,26,3744000,-1189500,38.0,,,24.39,86916,,1,2000
1790292269,2026-09-24T23:24:29Z,83757,1790208587,6.1.187-android14-11-SAGA,49646d1b0cd1,cc_governor,cc_governor,870127,61571,1055808,1255319,185449,404,407455,42663,609834,693800,202252,7074,adios,0,adios,0,adios,0,57.7,53.2,50.6,38.0,54.1,44.8,26,3750000,-753700,38.0,,,23.33,84188,,1,2000
1790292308,2026-09-24T23:25:08Z,83797,1790208587,6.1.187-android14-11-SAGA,49646d1b0cd1,cc_governor,cc_governor,938363,62940,1137514,1345547,199117,420,487593,43885,703264,790870,215610,7517,adios,0,adios,0,adios,0,56.4,54.9,,38.0,57.8,45.1,26,3723000,-758600,38.0,,,24.03,97720,,1,2000
1790292349,2026-09-24T23:25:49Z,83837,1790208587,6.1.187-android14-11-SAGA,49646d1b0cd1,cc_governor,cc_governor,1029320,67410,1236415,1456725,206820,480,568957,48826,794915,889851,225862,8337,adios,0,adios,0,adios,0,56.5,61.1,54.4,38.0,66.9,45.9,25,3734000,-1145000,38.0,,,24.06,112868,,1,2000
1790292387,2026-09-24T23:26:27Z,83876,1790208587,6.1.187-android14-11-SAGA,49646d1b0cd1,cc_governor,cc_governor,1105199,72388,1320605,1553251,215182,540,654974,54357,888473,991604,233386,8981,adios,0,adios,0,adios,0,58.8,54.2,52.2,38.0,60.1,45.5,25,3739000,-911800,38.0,,,23.27,157656,,1,2000
1790292426,2026-09-24T23:27:06Z,83915,1790208587,6.1.187-android14-11-SAGA,49646d1b0cd1,cc_governor,cc_governor,1187063,76421,1411315,1655409,223958,570,734551,58779,978674,1088474,244042,9675,adios,0,adios,0,adios,0,57.9,58.6,53.7,38.0,59.3,45.8,25,3718000,-1218800,38.0,,,23.20,90336,,1,2000
1790292465,2026-09-24T23:27:45Z,83953,1790208587,6.1.187-android14-11-SAGA,49646d1b0cd1,cc_governor,cc_governor,1258687,80870,1492446,1748798,233567,598,802878,64078,1057862,1174844,254882,10255,adios,0,adios,0,adios,0,59.1,56.7,53.1,38.0,61.3,46.0,25,3721000,-1161400,38.0,,,23.00,92180,,1,2000
1790292502,2026-09-24T23:28:22Z,83991,1790208587,6.1.187-android14-11-SAGA,49646d1b0cd1,cc_governor,cc_governor,1333395,84658,1575947,1843214,242531,641,876666,68161,1142136,1265528,265452,10863,adios,0,adios,0,adios,0,59.6,58.3,54.0,38.0,60.3,45.9,25,3735000,-1022300,38.0,,,25.52,122028,,1,2000
1790292542,2026-09-24T23:29:02Z,84030,1790208587,6.1.187-android14-11-SAGA,49646d1b0cd1,cc_governor,cc_governor,1395185,88437,1650219,1929779,255019,664,920936,72983,1201576,1331510,280616,11444,adios,0,adios,0,adios,0,54.3,57.0,51.0,38.0,67.5,45.5,25,3689000,-923400,38.0,,,22.99,95104,,1,2000
1790292578,2026-09-24T23:29:38Z,84067,1790208587,6.1.187-android14-11-SAGA,49646d1b0cd1,cc_governor,cc_governor,1458446,92196,1723869,2014349,265450,672,961124,77201,1255971,1391460,294868,11884,adios,0,adios,0,adios,0,56.2,58.4,53.1,38.0,67.1,46.1,24,3731000,-1296900,38.0,,,22.07,108996,,1,2000
1790292615,2026-09-24T23:30:15Z,84104,1790208587,6.1.187-android14-11-SAGA,49646d1b0cd1,cc_governor,cc_governor,1522813,93048,1801744,2100101,278744,684,1031049,77829,1339843,1477715,308635,12334,adios,0,adios,0,adios,0,59.7,64.7,,38.0,70.7,47.2,24,3710000,-1378700,38.0,,,22.50,111752,,1,2000
1790292653,2026-09-24T23:30:53Z,84142,1790208587,6.1.187-android14-11-SAGA,49646d1b0cd1,cc_governor,cc_governor,1600698,96967,1887775,2198683,287032,745,1086447,82946,1406648,1551282,320194,12961,adios,0,adios,0,adios,0,59.8,60.2,54.6,38.0,64.7,46.7,24,3726000,-1135800,38.0,,,21.54,96268,,1,2000
1790292690,2026-09-24T23:31:30Z,84178,1790208587,6.1.187-android14-11-SAGA,49646d1b0cd1,cc_governor,cc_governor,1639175,100120,1941977,2262997,302660,754,1107745,86634,1445150,1594419,337373,13321,adios,0,adios,0,adios,0,61.3,65.2,56.9,38.0,69.0,47.3,24,3727000,-1546600,38.0,,,20.85,90156,,1,2000
1790292727,2026-09-24T23:32:07Z,84215,1790208587,6.1.187-android14-11-SAGA,49646d1b0cd1,cc_governor,cc_governor,1713047,107925,2020582,2357947,307462,797,1155246,97128,1499696,1661104,344427,13891,adios,0,adios,0,adios,0,61.2,58.5,53.9,38.0,59.4,46.2,24,3697000,-1303100,39.0,,,22.54,84312,,1,2000
1790292764,2026-09-24T23:32:44Z,84252,1790208587,6.1.187-android14-11-SAGA,49646d1b0cd1,cc_governor,cc_governor,1781272,115171,2095026,2446854,313585,803,1217790,105635,1569431,1741152,351551,14331,adios,0,adios,0,adios,0,57.6,60.0,53.5,39.0,61.0,46.2,24,3709000,-811100,39.0,,,21.53,95176,,1,2000
1790292802,2026-09-24T23:33:22Z,84290,1790208587,6.1.187-android14-11-SAGA,49646d1b0cd1,cc_governor,cc_governor,1843540,116652,2171146,2533336,327574,826,1254704,108089,1623761,1799333,369052,14840,adios,0,adios,0,adios,0,57.8,62.4,55.1,39.0,69.1,47.1,23,3706000,-1494100,39.0,,,22.39,89036,,1,2000
1790292839,2026-09-24T23:33:59Z,84327,1790208587,6.1.187-android14-11-SAGA,49646d1b0cd1,cc_governor,cc_governor,1928240,117181,2266024,2638068,337589,850,1329975,109033,1712859,1891038,382812,15389,adios,0,adios,0,adios,0,64.8,65.5,57.1,39.0,70.9,48.1,23,3708000,-1496500,39.0,,,21.70,80144,,1,2000
1790292877,2026-09-24T23:34:37Z,84365,1790208587,6.1.187-android14-11-SAGA,49646d1b0cd1,cc_governor,cc_governor,2006301,118635,2354842,2737098,348532,881,1385555,111500,1783189,1965486,397655,15889,adios,0,adios,0,adios,0,58.6,60.0,55.8,39.0,64.3,47.4,23,3705000,-1235900,39.0,,,22.45,101012,,1,2000
1790292913,2026-09-24T23:35:13Z,84402,1790208587,6.1.187-android14-11-SAGA,49646d1b0cd1,cc_governor,cc_governor,2063624,124084,2421758,2816781,358119,886,1415535,118129,1825346,2015178,409810,16284,adios,0,adios,0,adios,0,58.4,62.4,55.0,39.0,68.4,47.5,23,3717000,-1054000,39.0,,,22.87,113640,,1,2000
1790292950,2026-09-24T23:35:50Z,84439,1790208587,6.1.187-android14-11-SAGA,49646d1b0cd1,cc_governor,cc_governor,2137115,128961,2503048,2911530,365933,907,1452251,125332,1873847,2072313,421606,16765,adios,0,adios,0,adios,0,57.0,56.4,53.3,39.0,62.0,46.5,23,3714000,-1096100,39.0,,,21.42,97180,,1,2000
1790292987,2026-09-24T23:36:27Z,84476,1790208587,6.1.187-android14-11-SAGA,49646d1b0cd1,cc_governor,cc_governor,2185606,132689,2565019,2984676,379434,911,1481661,130532,1918238,2122938,436561,17184,adios,0,adios,0,adios,0,56.6,60.0,53.9,39.0,62.5,46.4,23,3702000,-1225500,39.0,,,21.18,100044,,1,2000
1790293024,2026-09-24T23:37:04Z,84512,1790208587,6.1.187-android14-11-SAGA,49646d1b0cd1,cc_governor,cc_governor,2215317,143287,2604908,3041619,389594,914,1502166,141675,1949460,2166176,447325,17582,adios,0,adios,0,adios,0,57.6,61.5,53.9,39.0,61.0,46.4,22,3676000,-1147400,39.0,,,22.29,96516,,1,2000
1790293062,2026-09-24T23:37:42Z,84550,1790208587,6.1.187-android14-11-SAGA,49646d1b0cd1,cc_governor,cc_governor,2279822,148523,2677448,3127749,397439,1047,1566292,146629,2022139,2247881,455735,18307,adios,0,adios,0,adios,0,69.2,68.8,,39.0,73.6,49.6,22,3646000,-1573400,39.0,,,27.08,134736,,1,2000
1790293100,2026-09-24T23:38:20Z,84588,1790208587,6.1.187-android14-11-SAGA,49646d1b0cd1,cc_governor,cc_governor,2356321,149505,2765379,3225493,408923,1091,1621164,147862,2092455,2321660,471249,18910,adios,0,adios,0,adios,0,63.1,64.0,57.3,39.0,67.3,48.3,22,3692000,-1118100,39.0,,,25.71,101808,,1,2000
1790293137,2026-09-24T23:38:57Z,84625,1790208587,6.1.187-android14-11-SAGA,49646d1b0cd1,cc_governor,cc_governor,2433133,151803,2852166,3322807,419033,1120,1688735,150132,2173150,2406779,484424,19467,adios,0,adios,0,adios,0,61.4,60.8,55.8,39.0,59.9,47.2,22,3695000,-833100,39.0,,,25.02,100264,,1,2000
1790293177,2026-09-24T23:39:37Z,84666,1790208587,6.1.187-android14-11-SAGA,49646d1b0cd1,cc_governor,cc_governor,2519852,156128,2947015,3430490,426962,1156,1780083,156545,2272777,2515446,492695,20120,adios,0,adios,0,adios,0,60.4,63.9,56.2,39.0,66.0,47.8,22,3677000,-1375100,39.0,,,24.14,102540,,1,2000
1790293214,2026-09-24T23:40:15Z,84703,1790208587,6.1.187-android14-11-SAGA,49646d1b0cd1,cc_governor,cc_governor,2589620,160121,3026241,3521684,436631,1187,1821708,161989,2327743,2577396,506030,20664,adios,0,adios,0,adios,0,67.5,68.0,59.9,39.0,79.6,50.0,22,3664000,-1466000,39.0,,,28.41,130024,,1,2000
1790293261,2026-09-24T23:41:01Z,84750,1790208587,6.1.187-android14-11-SAGA,49646d1b0cd1,cc_governor,cc_governor,2670268,161751,3120493,3629864,450063,1643,1884060,163941,2405692,2661771,521491,21916,adios,0,adios,0,adios,0,64.1,66.1,58.4,39.0,72.8,48.9,21,3676000,-1371400,39.0,,,26.77,99804,,1,2000
1790293299,2026-09-24T23:41:39Z,84787,1790208587,6.1.187-android14-11-SAGA,49646d1b0cd1,cc_governor,cc_governor,2753225,163484,3212755,3733709,459500,1704,1951722,166064,2486298,2746303,534604,22462,adios,0,adios,0,adios,0,61.5,62.1,56.4,39.0,70.3,48.3,21,3702000,-1044900,39.0,,,24.35,128184,,1,2000
1790293336,2026-09-24T23:42:16Z,84824,1790208587,6.1.187-android14-11-SAGA,49646d1b0cd1,cc_governor,cc_governor,2834327,167363,3301147,3835185,466642,1724,1992664,172735,2539079,2807011,546367,22920,adios,0,adios,0,adios,0,62.6,63.7,57.4,39.0,71.0,48.4,21,3669000,-1203600,39.0,,,24.17,170600,,1,2000
1790293373,2026-09-24T23:42:53Z,84862,1790208587,6.1.187-android14-11-SAGA,49646d1b0cd1,cc_governor,cc_governor,2908413,170468,3384787,3931181,476224,1753,2036853,177375,2596655,2870921,559716,23469,adios,0,adios,0,adios,0,62.2,62.3,56.0,39.0,76.4,49.9,21,3653000,-1489800,39.0,,,25.97,103464,,1,2000
1790293417,2026-09-24T23:43:37Z,84905,1790208587,6.1.187-android14-11-SAGA,49646d1b0cd1,cc_governor,cc_governor,2989969,171809,3477876,4035613,487858,2165,2106169,178919,2679529,2959196,573243,24604,adios,0,adios,0,adios,0,63.0,62.5,,39.0,71.1,48.9,21,3666000,-1382400,39.0,,,25.06,88176,,1,2000
1790293454,2026-09-24T23:44:14Z,84943,1790208587,6.1.187-android14-11-SAGA,49646d1b0cd1,cc_governor,cc_governor,3055179,174304,3554743,4124650,499555,2190,2148843,182001,2736886,3022961,588037,25078,adios,0,adios,0,adios,0,60.3,61.2,,39.0,66.8,48.3,20,3694000,-816000,39.0,,,23.85,126436,,1,2000
1790293491,2026-09-24T23:44:51Z,84980,1790208587,6.1.187-android14-11-SAGA,49646d1b0cd1,cc_governor,cc_governor,3108356,175114,3623064,4203278,514631,2195,2169380,182858,2776248,3065255,606883,25381,adios,0,adios,0,adios,0,54.7,56.4,51.2,40.0,65.1,46.5,20,3662000,-1206000,39.0,,,21.86,95916,,1,2000
1790293527,2026-09-24T23:45:27Z,85016,1790208587,6.1.187-android14-11-SAGA,49646d1b0cd1,cc_governor,cc_governor,3166251,179770,3689818,4286096,523530,2201,2187480,189620,2807025,3103860,619560,25725,adios,0,adios,0,adios,0,58.1,60.7,54.5,39.0,61.6,46.3,20,3681000,-1519700,39.0,,,20.30,154540,,1,2000
1790293563,2026-09-24T23:46:03Z,85052,1790208587,6.1.187-android14-11-SAGA,49646d1b0cd1,cc_governor,cc_governor,3186835,182038,3723513,4328610,536678,2237,2205399,190525,2832440,3134593,627041,26088,adios,0,adios,0,adios,0,49.0,50.1,,39.0,52.8,44.1,20,3714000,-430200,39.0,,,20.53,85972,,1,2000
1790293598,2026-09-24T23:46:38Z,85087,1790208587,6.1.187-android14-11-SAGA,49646d1b0cd1,cc_governor,cc_governor,3188608,188698,3735533,4348642,546934,2239,2205506,190921,2833907,3136695,628404,26389,adios,0,adios,0,adios,0,46.4,46.5,,39.0,48.9,42.1,20,3727000,-346600,39.0,,,19.77,82576,,1,2000
1790293634,2026-09-24T23:47:14Z,85122,1790208587,6.1.187-android14-11-SAGA,49646d1b0cd1,cc_governor,cc_governor,3191963,197274,3744951,4368888,552951,2248,2207848,192482,2837532,3142725,629699,26706,adios,0,adios,0,adios,0,59.7,62.6,53.1,38.0,61.9,44.5,20,3711000,-565700,38.0,,,19.24,304356,,1,2000
1790293670,2026-09-24T23:47:50Z,85159,1790208587,6.1.187-android14-11-SAGA,49646d1b0cd1,cc_governor,cc_governor,3213632,202389,3782214,4421827,568605,2278,2213617,194517,2852127,3159964,638515,27106,adios,0,adios,0,adios,0,48.6,49.5,,38.0,50.2,42.6,20,3724000,-447900,38.0,,,19.03,155232,,1,2000
1790293705,2026-09-24T23:48:25Z,85194,1790208587,6.1.187-android14-11-SAGA,49646d1b0cd1,cc_governor,cc_governor,3214993,211731,3789269,4439698,574276,2280,2213736,195599,2853332,3162391,639596,27415,adios,0,adios,0,adios,0,44.6,47.5,,38.0,49.4,41.0,20,3722000,-501700,38.0,,,17.61,92456,,1,2000
1790293741,2026-09-24T23:49:01Z,85229,1790208587,6.1.187-android14-11-SAGA,49646d1b0cd1,cc_governor,cc_governor,3233409,218687,3818575,4483880,585180,2283,2221204,198801,2867150,3180770,645951,27711,adios,0,adios,0,adios,0,50.9,51.5,,38.0,52.3,42.9,20,3718000,-471100,38.0,,,17.76,115960,,1,2000
1790293776,2026-09-24T23:49:36Z,85264,1790208587,6.1.187-android14-11-SAGA,49646d1b0cd1,cc_governor,cc_governor,3244415,226197,3841276,4518880,596875,2284,2228694,200669,2879999,3196606,651317,28000,adios,0,adios,0,adios,0,58.0,54.5,,38.0,52.2,43.1,20,3718000,-411900,38.0,,,17.21,107432,,1,2000
1790293812,2026-09-24T23:50:12Z,85300,1790208587,6.1.187-android14-11-SAGA,49646d1b0cd1,cc_governor,cc_governor,3255582,235362,3862168,4552658,606586,2289,2232077,203963,2888138,3208507,656061,28330,adios,0,adios,0,adios,0,45.1,46.3,,38.0,47.9,40.9,19,3721000,-456500,38.0,,,16.79,119240,,1,2000
1790293847,2026-09-24T23:50:47Z,85336,1790208587,6.1.187-android14-11-SAGA,49646d1b0cd1,cc_governor,cc_governor,3256133,244120,3867822,4568119,611709,2291,2232089,205401,2888509,3210363,656424,28620,adios,0,adios,0,adios,0,43.6,44.1,,37.0,47.6,40.1,19,3719000,-447900,37.0,,,16.35,90920,,1,2000
1790293883,2026-09-24T23:51:23Z,85371,1790208587,6.1.187-android14-11-SAGA,49646d1b0cd1,cc_governor,cc_governor,3264167,251375,3882426,4592658,618259,2294,2237594,206691,2896292,3220434,658698,28929,adios,0,adios,0,adios,0,44.1,44.3,,37.0,46.4,40.1,19,3731000,-206200,37.0,,,16.18,181424,,1,2000
1790293924,2026-09-24T23:52:04Z,85412,1790208587,6.1.187-android14-11-SAGA,49646d1b0cd1,cc_governor,cc_governor,45,0,153,188,133,0,20,2,103,139,98,10,adios,0,adios,0,adios,0,46.3,45.9,,37.0,46.0,39.1,19,3698000,-1162700,37.0,,,16.33,12196,,1,2000
1790293965,2026-09-24T23:52:45Z,85453,1790208587,6.1.187-android14-11-SAGA,49646d1b0cd1,cc_governor,cc_governor,21525,1954,36910,46260,15404,15,13103,835,24117,27276,11022,147,adios,0,adios,0,adios,0,46.7,48.1,,37.0,50.5,40.8,19,3706000,-487600,37.0,,,17.17,74664,,1,2000
1790294000,2026-09-24T23:53:20Z,85488,1790208587,6.1.187-android14-11-SAGA,49646d1b0cd1,cc_governor,cc_governor,31120,15703,52741,78527,21642,16,14807,7759,27774,38577,12972,451,adios,0,adios,0,adios,0,48.3,47.1,,37.0,49.3,40.6,19,3707000,-885000,37.0,,,17.60,90864,,1,2000
1790294036,2026-09-24T23:53:56Z,85524,1790208587,6.1.187-android14-11-SAGA,49646d1b0cd1,cc_governor,cc_governor,1,0,61,66,69,0,66,0,113,37,17,1,adios,0,adios,0,adios,0,42.9,43.6,,37.0,44.8,39.6,19,3728000,-283200,37.0,,,62.44,203416,,1,2000
1790294113,2026-09-24T23:55:13Z,85601,1790208587,6.1.187-android14-11-SAGA,49646d1b0cd1,cc_governor,cc_governor,20,0,220,257,211,0,20,0,83,86,67,17,adios,0,adios,0,adios,0,42.0,42.9,,36.0,44.2,38.2,19,3722000,-321000,36.0,,,64.59,101944,,1,2000
1790294241,2026-09-24T23:57:21Z,85729,1790208587,6.1.187-android14-11-SAGA,49646d1b0cd1,cc_governor,cc_governor,0,0,36,50,57,0,71,0,107,116,39,9,adios,0,adios,0,adios,0,41.6,43.4,,35.0,44.3,38.2,19,3721000,-234300,35.0,,,43.18,106996,,1,2000
1790294339,2026-09-24T23:58:59Z,85827,1790208587,6.1.187-android14-11-SAGA,49646d1b0cd1,cc_governor,cc_governor,10,0,106,122,106,0,108,0,160,164,57,15,adios,0,adios,0,adios,0,41.0,39.6,,35.0,42.6,37.4,19,3727000,-212400,35.0,,,30.35,125424,,1,2000
1790294461,2026-09-25T00:01:01Z,85950,1790208587,6.1.187-android14-11-SAGA,49646d1b0cd1,cc_governor,cc_governor,0,0,73,87,80,0,20,0,69,72,53,15,adios,0,adios,0,adios,8,39.2,41.0,,35.0,41.7,37.0,19,3729000,-298400,35.0,,,106.69,120332,,1,2000
1790294548,2026-09-25T00:02:28Z,86036,1790208587,6.1.187-android14-11-SAGA,49646d1b0cd1,cc_governor,cc_governor,3,0,44,51,49,0,30,0,70,75,46,8,adios,0,adios,0,adios,0,41.9,42.5,,35.0,45.2,37.7,19,3726000,-215400,35.0,,,66.88,119096,,1,2000
1790294634,2026-09-25T00:03:54Z,86123,1790208587,6.1.187-android14-11-SAGA,49646d1b0cd1,cc_governor,cc_governor,4123,97,5366,6689,1187,11,3122,93,4320,5251,1197,115,adios,0,adios,0,adios,0,53.4,56.2,52.1,34.0,60.0,41.4,19,3676000,-1411100,34.0,,,46.50,120644,,1,2000
1790294672,2026-09-25T00:04:32Z,86161,1790208587,6.1.187-android14-11-SAGA,49646d1b0cd1,cc_governor,cc_governor,27471,1375,47355,56583,19884,95,16336,1161,29233,34205,12897,646,adios,0,adios,0,adios,0,46.0,46.0,,35.0,48.5,39.6,19,3705000,-354600,35.0,,,34.34,127360,,1,2000
1790294744,2026-09-25T00:05:44Z,86233,1790208587,6.1.187-android14-11-SAGA,49646d1b0cd1,cc_governor,cc_governor,5,0,221,234,226,1,26,0,98,99,76,16,adios,0,adios,0,adios,0,41.6,42.0,,35.0,46.2,38.5,19,3688000,-1028400,35.0,,,26.80,205808,,1,2000
1790294781,2026-09-25T00:06:21Z,86270,1790208587,6.1.187-android14-11-SAGA,49646d1b0cd1,cc_governor,cc_governor,34342,1232,47866,58699,13473,89,21444,1231,32670,37612,11181,210,adios,0,adios,0,adios,2,57.9,56.1,,35.0,54.1,42.5,19,3686000,-687200,36.0,,,24.92,119224,,1,2000
1790294818,2026-09-25T00:06:58Z,86306,1790208587,6.1.187-android14-11-SAGA,49646d1b0cd1,cc_governor,cc_governor,47908,4884,79715,99704,31800,103,26095,2908,45284,52518,19189,497,adios,0,adios,0,adios,0,46.2,45.8,,36.0,50.5,40.4,19,3702000,-512000,36.0,,,21.89,75256,,1,2000
1790294853,2026-09-25T00:07:33Z,86341,1790208587,6.1.187-android14-11-SAGA,49646d1b0cd1,cc_governor,cc_governor,57188,15043,100250,134862,43076,103,27295,7176,49916,61787,22630,810,adios,0,adios,0,adios,0,45.7,45.4,,36.0,49.8,40.2,18,3702000,-682900,36.0,,,20.33,84476,,1,2000
1790294888,2026-09-25T00:08:08Z,86376,1790208587,6.1.187-android14-11-SAGA,49646d1b0cd1,cc_governor,cc_governor,66685,25730,120534,170301,53862,103,28451,11308,53974,70215,25532,1107,adios,0,adios,0,adios,0,45.0,45.8,,36.0,49.0,40.1,18,3712000,-349700,36.0,,,18.80,118880,,1,2000
1790294923,2026-09-25T00:08:43Z,86412,1790208587,6.1.187-android14-11-SAGA,49646d1b0cd1,cc_governor,cc_governor,76994,37309,140488,205907,63473,106,29700,15631,58315,79486,28615,1419,adios,0,adios,0,adios,0,45.5,48.2,,36.0,49.8,40.3,18,3708000,-867300,36.0,,,18.67,107932,,1,2000
1790294959,2026-09-25T00:09:19Z,86447,1790208587,6.1.187-android14-11-SAGA,49646d1b0cd1,cc_governor,cc_governor,86977,48433,160755,241684,73750,108,30794,19749,62530,88407,31736,1717,adios,0,adios,0,adios,0,45.8,46.2,,36.0,50.3,40.2,18,3707000,-506500,36.0,,,18.57,109956,,1,2000
1790294994,2026-09-25T00:09:54Z,86482,1790208587,6.1.187-android14-11-SAGA,49646d1b0cd1,cc_governor,cc_governor,96382,58845,180908,276679,84540,111,33075,23849,68433,99157,35366,2005,adios,0,adios,0,adios,0,46.2,46.0,43.7,36.0,48.6,40.4,18,3687000,-603600,36.0,,,17.76,138824,,1,2000
1790295029,2026-09-25T00:10:29Z,86517,1790208587,6.1.187-android14-11-SAGA,49646d1b0cd1,cc_governor,cc_governor,107017,69057,202698,312877,95699,113,34763,27646,73147,107993,38391,2312,adios,0,adios,0,adios,0,46.2,46.3,43.8,36.0,49.8,40.6,18,3705000,-388700,36.0,,,17.72,99832,,1,2000
1790295064,2026-09-25T00:11:04Z,86552,1790208587,6.1.187-android14-11-SAGA,49646d1b0cd1,cc_governor,cc_governor,116046,81461,220789,347791,104720,115,35696,31717,77079,116356,41383,2606,adios,0,adios,0,adios,0,46.1,46.2,,36.0,49.2,40.4,18,3696000,-659100,36.0,,,17.68,110872,,1,2000
1790295099,2026-09-25T00:11:39Z,86588,1790208587,6.1.187-android14-11-SAGA,49646d1b0cd1,cc_governor,cc_governor,127386,91519,243070,384486,115653,117,38334,35257,83551,127380,45238,2898,adios,0,adios,0,adios,0,51.8,47.7,,37.0,49.7,40.9,18,3688000,-562700,37.0,,,17.43,197448,,1,2000
1790295135,2026-09-25T00:12:15Z,86623,1790208587,6.1.187-android14-11-SAGA,49646d1b0cd1,cc_governor,cc_governor,138094,102603,264294,421161,126199,119,38985,38876,87248,134939,48263,3203,adios,0,adios,0,adios,0,46.2,46.8,,37.0,49.3,40.6,18,3703000,-559000,37.0,,,17.85,144280,,1,2000
1790295170,2026-09-25T00:12:50Z,86659,1790208587,6.1.187-android14-11-SAGA,49646d1b0cd1,cc_governor,cc_governor,148342,115505,282760,456969,134444,121,40696,43126,91759,144353,51068,3525,adios,0,adios,0,adios,0,49.3,49.4,,36.0,50.7,41.1,18,3707000,-409500,37.0,,,17.99,110224,,1,2000
1790295206,2026-09-25T00:13:26Z,86694,1790208587,6.1.187-android14-11-SAGA,49646d1b0cd1,cc_governor,cc_governor,158822,126073,304097,493355,145286,124,41372,46930,95520,152063,54153,3810,adios,0,adios,0,adios,0,46.1,48.9,,37.0,49.6,40.9,18,3698000,-535800,37.0,,,17.76,127412,,1,2000
1790295241,2026-09-25T00:14:01Z,86729,1790208587,6.1.187-android14-11-SAGA,49646d1b0cd1,cc_governor,cc_governor,169732,137437,324645,529581,154929,126,42614,50801,99901,160692,57290,4088,adios,0,adios,0,adios,0,46.4,46.4,,37.0,50.3,40.7,18,3703000,-706100,37.0,,,17.83,124752,,1,2000
1790295276,2026-09-25T00:14:36Z,86764,1790208587,6.1.187-android14-11-SAGA,49646d1b0cd1,cc_governor,cc_governor,178862,153218,339343,563741,160474,129,42941,55210,101668,167033,58727,4381,adios,0,adios,0,adios,0,45.8,45.9,,37.0,49.4,40.6,17,3709000,-676800,37.0,,,17.57,98332,,1,2000
1790295311,2026-09-25T00:15:11Z,86799,1790208587,6.1.187-android14-11-SAGA,49646d1b0cd1,cc_governor,cc_governor,188561,166451,356816,598756,168266,130,44033,58791,105220,174795,61194,4666,adios,0,adios,0,adios,0,46.8,48.2,,37.0,51.5,40.8,17,3690000,-555400,37.0,,,18.35,158608,,1,2000
1790295346,2026-09-25T00:15:46Z,86835,1790208587,6.1.187-android14-11-SAGA,49646d1b0cd1,cc_governor,cc_governor,203370,172100,385572,640591,182193,159,53150,61551,123413,197918,70254,4978,adios,0,adios,0,adios,0,49.7,49.1,,37.0,53.5,42.3,17,3786000,969800,37.0,,,18.44,119648,,1,2000
1790295382,2026-09-25T00:16:22Z,86870,1790208587,6.1.187-android14-11-SAGA,49646d1b0cd1,cc_governor,cc_governor,210651,178838,407416,676490,196783,162,60138,64922,138513,219783,78379,5306,adios,0,adios,0,adios,0,48.9,49.1,,37.0,53.0,42.7,18,3803000,965500,37.0,,,18.45,94352,,1,2000
1790295417,2026-09-25T00:16:57Z,86906,1790208587,6.1.187-android14-11-SAGA,49646d1b0cd1,cc_governor,cc_governor,217980,184760,430053,709855,212091,163,64174,68150,150788,236830,86620,5632,adios,0,adios,0,adios,0,51.7,50.1,,38.0,52.7,42.9,18,3806000,967400,38.0,,,18.76,96280,,1,2000
1790295453,2026-09-25T00:17:33Z,86942,1790208587,6.1.187-android14-11-SAGA,49646d1b0cd1,cc_governor,cc_governor,223982,197616,444665,741752,220677,169,66659,74663,157168,250855,90524,5954,adios,0,adios,0,adios,0,50.2,49.6,,38.0,51.8,42.8,18,3809000,963100,38.0,,,18.91,76412,,1,2000
1790295489,2026-09-25T00:18:09Z,86977,1790208587,6.1.187-android14-11-SAGA,49646d1b0cd1,cc_governor,cc_governor,229958,208076,461573,773572,231615,171,68820,79587,164446,264237,95626,6270,adios,0,adios,0,adios,0,48.2,48.7,,38.0,54.8,42.6,18,3812000,967400,38.0,,,18.03,111636,,1,2000
1790295524,2026-09-25T00:18:44Z,87013,1790208587,6.1.187-android14-11-SAGA,49646d1b0cd1,cc_governor,cc_governor,235566,223110,473297,804757,237744,172,70730,86964,169025,277175,98309,6582,adios,0,adios,0,adios,0,48.9,49.7,,38.0,51.5,42.6,18,3814000,964300,38.0,,,18.31,104792,,1,2000
1790295560,2026-09-25T00:19:20Z,87048,1790208587,6.1.187-android14-11-SAGA,49646d1b0cd1,cc_governor,cc_governor,240875,236426,486692,835663,245816,175,72688,93629,174754,290473,102066,6885,adios,0,adios,0,adios,0,48.6,50.1,,38.0,52.5,42.9,19,3816000,964300,38.0,,,18.43,92568,,1,2000
1790295595,2026-09-25T00:19:55Z,87084,1790208587,6.1.187-android14-11-SAGA,49646d1b0cd1,cc_governor,cc_governor,246101,249915,499951,866743,253854,177,74670,100462,180259,304035,105597,7199,adios,0,adios,0,adios,0,48.8,49.2,,38.0,51.7,42.6,19,3818000,964300,38.0,,,18.84,119652,,1,2000
1790295631,2026-09-25T00:20:31Z,87119,1790208587,6.1.187-android14-11-SAGA,49646d1b0cd1,cc_governor,cc_governor,251863,260013,517008,897553,265142,179,76247,105554,187284,316948,111037,7517,adios,0,adios,0,adios,0,49.0,49.0,,38.0,52.2,42.7,19,3820000,951500,38.0,,,18.69,90948,,1,2000
1790295666,2026-09-25T00:21:06Z,87155,1790208587,6.1.187-android14-11-SAGA,49646d1b0cd1,cc_governor,cc_governor,258713,268753,536201,929623,277485,179,78837,110004,196181,331688,117344,7818,adios,0,adios,0,adios,0,50.6,49.9,,38.0,61.1,43.8,19,3704000,-1363500,38.0,,,19.49,116360,,1,2000
1790295703,2026-09-25T00:21:43Z,87191,1790208587,6.1.187-android14-11-SAGA,49646d1b0cd1,cc_governor,cc_governor,282098,273395,573913,980651,291814,282,89206,112608,216383,357519,127175,8289,adios,0,adios,0,adios,0,51.5,52.5,49.3,38.0,69.8,45.3,19,3801000,189800,38.0,,,21.72,162344,,1,2000
1790295740,2026-09-25T00:22:20Z,87228,1790208587,6.1.187-android14-11-SAGA,49646d1b0cd1,cc_governor,cc_governor,302166,279788,607867,1027520,305722,314,101428,116555,238162,385668,136724,8732,adios,0,adios,0,adios,0,53.1,52.8,,38.0,54.3,44.1,20,3820000,908200,38.0,,,21.90,105464,,1,2000
1790295776,2026-09-25T00:22:56Z,87264,1790208587,6.1.187-android14-11-SAGA,49646d1b0cd1,cc_governor,cc_governor,313072,287706,632374,1063336,319302,318,103773,119793,247392,399070,143618,9017,adios,0,adios,0,adios,0,48.5,47.9,,38.0,51.4,42.6,20,3827000,969800,38.0,,,19.96,98744,,1,2000
1790295811,2026-09-25T00:23:31Z,87299,1790208587,6.1.187-android14-11-SAGA,49646d1b0cd1,cc_governor,cc_governor,321296,298931,650868,1096119,329580,318,104196,124347,251233,408157,147054,9321,adios,0,adios,0,adios,2,48.2,48.2,,38.0,51.3,42.2,20,3827000,942900,38.0,,,19.23,102036,,1,2000
1790295846,2026-09-25T00:24:06Z,87335,1790208587,6.1.187-android14-11-SAGA,49646d1b0cd1,cc_governor,cc_governor,330001,310998,668687,1129206,338664,321,104876,129041,255461,417893,150585,9617,adios,0,adios,0,adios,0,47.7,49.1,,38.0,49.9,41.9,20,3830000,971000,38.0,,,18.59,125168,,1,2000
1790295881,2026-09-25T00:24:41Z,87370,1790208587,6.1.187-android14-11-SAGA,49646d1b0cd1,cc_governor,cc_governor,350801,317831,702629,1177187,351828,322,112786,132920,271745,439222,158931,9917,adios,0,adios,0,adios,0,49.4,50.2,,38.0,51.9,42.6,20,3833000,972200,38.0,,,18.25,97896,,1,2000
1790295916,2026-09-25T00:25:16Z,87405,1790208587,6.1.187-android14-11-SAGA,49646d1b0cd1,cc_governor,cc_governor,371120,329004,732318,1224551,361204,323,114383,138599,278387,452226,164010,10201,adios,0,adios,0,adios,0,48.4,56.1,,38.0,51.5,42.7,21,3834000,966700,38.0,,,18.33,109316,,1,2000
1790295952,2026-09-25T00:25:52Z,87440,1790208587,6.1.187-android14-11-SAGA,49646d1b0cd1,cc_governor,cc_governor,391932,337207,765202,1272554,373274,328,123703,143376,295289,475008,171586,10479,adios,0,adios,0,adios,0,49.2,49.2,,38.0,51.5,42.8,21,3836000,966700,38.0,,,18.52,172744,,1,2000
1790295987,2026-09-25T00:26:27Z,87475,1790208587,6.1.187-android14-11-SAGA,49646d1b0cd1,cc_governor,cc_governor,401456,347967,785022,1306328,383555,329,125872,149563,302424,489095,176550,10784,adios,0,adios,0,adios,0,47.0,47.1,,38.0,53.0,42.0,21,3837000,940500,38.0,,,18.26,158412,,1,2000
1790296022,2026-09-25T00:27:02Z,87510,1790208587,6.1.187-android14-11-SAGA,49646d1b0cd1,cc_governor,cc_governor,403296,362885,789321,1327156,386025,331,126099,151735,303533,492683,177434,11081,adios,0,adios,0,adios,0,44.7,46.8,,38.0,48.3,40.8,21,3840000,965500,38.0,,,17.24,139476,,1,2000
1790296057,2026-09-25T00:27:37Z,87546,1790208587,6.1.187-android14-11-SAGA,49646d1b0cd1,cc_governor,cc_governor,403934,376062,792640,1344990,388704,333,126123,153559,303715,494903,177592,11396,adios,0,adios,0,adios,0,44.3,46.1,,37.0,54.9,40.7,21,3842000,961900,37.0,,,16.98,87700,,1,2000
1790296093,2026-09-25T00:28:13Z,87581,1790208587,6.1.187-android14-11-SAGA,49646d1b0cd1,cc_governor,cc_governor,409256,389156,803411,1370946,394142,336,126926,156920,306226,501213,179300,11680,adios,0,adios,0,adios,0,46.1,54.4,,37.0,50.9,41.5,22,3841000,968600,37.0,,,17.13,133944,,1,2000
1790296128,2026-09-25T00:28:48Z,87617,1790208587,6.1.187-android14-11-SAGA,49646d1b0cd1,cc_governor,cc_governor,422189,399545,826667,1407811,404495,342,130317,161090,314677,514579,184372,12006,adios,0,adios,0,adios,0,47.3,47.7,,37.0,50.6,41.5,22,3846000,959400,37.0,,,17.49,114624,,1,2000
1790296164,2026-09-25T00:29:24Z,87652,1790208587,6.1.187-android14-11-SAGA,49646d1b0cd1,cc_governor,cc_governor,433299,409493,848580,1442777,415266,342,131960,165533,320985,526111,189041,12302,adios,0,adios,0,adios,0,50.4,48.9,,37.0,50.1,41.6,22,3848000,973500,37.0,,,18.08,146492,,1,2000
1790296199,2026-09-25T00:29:59Z,87687,1790208587,6.1.187-android14-11-SAGA,49646d1b0cd1,cc_governor,cc_governor,442246,420222,866328,1474205,424077,344,134410,170393,327856,538598,193446,12594,adios,0,adios,0,adios,0,46.8,49.3,,37.0,50.7,41.3,22,3849000,961900,37.0,,,17.26,143508,,1,2000
1790296234,2026-09-25T00:30:34Z,87722,1790208587,6.1.187-android14-11-SAGA,49646d1b0cd1,cc_governor,cc_governor,453140,430529,888037,1509573,434906,346,135653,174532,332402,547968,196755,12905,adios,0,adios,0,adios,0,46.0,48.5,,37.0,56.1,41.3,22,3849000,930100,37.0,,,16.99,156380,,1,2000
1790296269,2026-09-25T00:31:09Z,87757,1790208587,6.1.187-android14-11-SAGA,49646d1b0cd1,cc_governor,cc_governor,464268,441733,908227,1543860,443937,346,136709,178804,336921,557412,200212,13178,adios,0,adios,0,adios,0,45.9,46.2,,37.0,53.7,41.5,23,3852000,973500,37.0,,,17.04,181540,,1,2000
1790296304,2026-09-25T00:31:44Z,87792,1790208587,6.1.187-android14-11-SAGA,49646d1b0cd1,cc_governor,cc_governor,474178,454520,926190,1577658,452021,349,137789,183651,340873,566745,203088,13462,adios,0,adios,0,adios,0,47.6,47.4,,37.0,50.6,41.3,23,3854000,969800,37.0,,,17.36,223796,,1,2000
1790296339,2026-09-25T00:32:19Z,87827,1790208587,6.1.187-android14-11-SAGA,49646d1b0cd1,cc_governor,cc_governor,481996,471124,937794,1608306,455785,350,138189,189133,343046,574792,204857,13758,adios,0,adios,0,adios,0,46.2,46.1,,37.0,49.4,41.0,23,3855000,959400,37.0,,,16.96,211996,,1,2000
1790296382,2026-09-25T00:33:02Z,87871,1790208587,6.1.187-android14-11-SAGA,49646d1b0cd1,cc_governor,cc_governor,17,0,25,47,42,0,67,0,110,112,47,8,adios,0,adios,0,adios,0,42.0,44.6,,37.0,49.5,39.7,24,3892000,1494100,38.0,,,17.91,143988,,1,2000
1790296455,2026-09-25T00:34:15Z,87943,1790208587,6.1.187-android14-11-SAGA,49646d1b0cd1,cc_governor,cc_governor,6,0,686,707,695,0,13,0,85,110,78,16,adios,0,adios,0,adios,0,42.5,43.4,,37.0,45.6,39.4,24,3898000,1293300,37.0,,,16.46,127052,,1,2000
1790296633,2026-09-25T00:37:13Z,88121,1790208587,6.1.187-android14-11-SAGA,49646d1b0cd1,cc_governor,cc_governor,4,0,257,272,265,0,14,0,67,81,58,16,adios,0,adios,0,adios,0,41.5,40.2,,37.0,43.9,38.0,26,3909000,1413500,37.0,,,16.53,120688,,1,2000
1790296790,2026-09-25T00:39:50Z,88278,1790208587,6.1.187-android14-11-SAGA,49646d1b0cd1,cc_governor,cc_governor,0,0,145,162,157,0,0,0,42,54,45,14,adios,0,adios,0,adios,0,41.2,39.3,,36.0,44.2,37.8,27,3915000,1326200,36.0,,,51.38,142388,,1,2000
1790296870,2026-09-25T00:41:10Z,88359,1790208587,6.1.187-android14-11-SAGA,49646d1b0cd1,cc_governor,cc_governor,14892,1461,24245,29712,9315,5,6484,923,12444,15037,5959,35,adios,0,adios,0,adios,0,48.3,48.7,45.5,36.0,49.8,40.6,28,3874000,755000,36.0,,,37.00,120308,,1,2000
1790296906,2026-09-25T00:41:46Z,88394,1790208587,6.1.187-android14-11-SAGA,49646d1b0cd1,cc_governor,cc_governor,37161,4539,61317,78185,24174,7,16121,3293,32169,40652,16065,360,adios,0,adios,0,adios,0,52.4,53.2,48.3,36.0,52.1,42.5,28,3885000,917300,36.0,,,28.78,107760,,1,2000
1790296942,2026-09-25T00:42:22Z,88430,1790208587,6.1.187-android14-11-SAGA,49646d1b0cd1,cc_governor,cc_governor,55316,8712,94943,124299,39644,10,19679,4493,43709,55587,24038,710,adios,0,adios,0,adios,0,48.9,49.6,,37.0,50.8,42.0,28,3887000,968600,37.0,,,23.35,218944,,1,2000
1790296978,2026-09-25T00:42:58Z,88466,1790208587,6.1.187-android14-11-SAGA,49646d1b0cd1,cc_governor,cc_governor,78092,16071,130059,174196,51971,14,21333,6894,52556,67705,31227,1058,adios,0,adios,0,adios,0,49.1,49.7,46.6,37.0,51.5,42.2,29,3887000,945400,37.0,,,20.42,107100,,1,2000
1790297014,2026-09-25T00:43:34Z,88502,1790208587,6.1.187-android14-11-SAGA,49646d1b0cd1,cc_governor,cc_governor,100960,19226,168224,228790,67224,18,49112,8399,91544,113274,42439,1431,adios,0,adios,0,adios,0,54.6,56.7,53.5,37.0,60.1,45.0,29,3882000,804400,37.0,,,20.00,167832,,1,2000
1790297050,2026-09-25T00:44:10Z,88538,1790208587,6.1.187-android14-11-SAGA,49646d1b0cd1,cc_governor,cc_governor,120965,27167,194047,266817,73076,38,54069,11149,102449,129126,48380,1774,adios,0,adios,0,adios,0,48.1,51.4,,38.0,53.3,42.5,29,3887000,855700,38.0,,,19.01,109976,,1,2000
1790297085,2026-09-25T00:44:45Z,88573,1790208587,6.1.187-android14-11-SAGA,49646d1b0cd1,cc_governor,cc_governor,144838,30412,232186,315378,87326,132,63872,13122,121228,152126,57356,2052,adios,0,adios,0,adios,0,50.7,50.6,,37.0,55.6,43.2,29,3876000,968600,38.0,,,22.39,125708,,1,2000
1790297121,2026-09-25T00:45:21Z,88609,1790208587,6.1.187-android14-11-SAGA,49646d1b0cd1,cc_governor,cc_governor,151637,41169,247878,344796,96241,164,64964,15535,124872,158435,59908,2385,adios,0,adios,0,adios,0,46.4,46.2,44.6,38.0,51.9,41.6,29,3886000,959400,38.0,,,20.00,111556,,1,2000
1790297157,2026-09-25T00:45:57Z,88645,1790208587,6.1.187-android14-11-SAGA,49646d1b0cd1,cc_governor,cc_governor,155734,52663,260153,371027,104425,167,65179,18038,126615,162836,61445,2695,adios,0,adios,0,adios,0,45.8,46.8,,37.0,49.1,41.0,29,3889000,969800,37.0,,,18.60,196524,,1,2000
1790297192,2026-09-25T00:46:32Z,88680,1790208587,6.1.187-android14-11-SAGA,49646d1b0cd1,cc_governor,cc_governor,164596,61961,278228,401978,113587,210,67958,19837,133110,171729,65150,3007,adios,0,adios,0,adios,0,51.5,52.9,47.6,37.0,53.5,42.5,30,3888000,954500,37.0,,,18.13,123064,,1,2000
1790297228,2026-09-25T00:47:08Z,88716,1790208587,6.1.187-android14-11-SAGA,49646d1b0cd1,cc_governor,cc_governor,179562,68145,307806,445604,128244,215,71050,23308,145073,188897,74023,3356,adios,0,adios,0,adios,0,46.2,46.1,,37.0,49.2,41.6,30,3889000,975900,37.0,,,17.85,99324,,1,2000
1790297263,2026-09-25T00:47:43Z,88751,1790208587,6.1.187-android14-11-SAGA,49646d1b0cd1,cc_governor,cc_governor,17,11,1398,1471,1394,0,14,20,99,147,90,15,adios,0,adios,0,adios,0,44.5,45.8,,37.0,49.3,40.9,30,3925000,1552700,37.0,,,19.02,174732,,1,2000
1790297298,2026-09-25T00:48:18Z,88787,1790208587,6.1.187-android14-11-SAGA,49646d1b0cd1,cc_governor,cc_governor,146,9049,4076,13820,3928,3,188,1068,915,2089,727,320,adios,0,adios,0,adios,0,42.7,43.7,,37.0,62.0,41.5,30,3892000,883700,37.0,,,18.74,121764,,1,2000
1790297335,2026-09-25T00:48:55Z,88823,1790208587,6.1.187-android14-11-SAGA,49646d1b0cd1,cc_governor,cc_governor,21657,15416,38946,62508,17299,12,15194,4304,25136,31115,9962,707,adios,0,adios,0,adios,0,48.5,48.5,,37.0,51.2,42.0,31,3894000,942900,37.0,,,19.11,95504,,1,2000
1790297370,2026-09-25T00:49:30Z,88858,1790208587,6.1.187-android14-11-SAGA,49646d1b0cd1,cc_governor,cc_governor,30054,23106,60787,95825,30733,12,19656,8671,38520,49934,18864,1005,adios,0,adios,0,adios,0,47.3,47.5,,37.0,53.4,41.6,31,3895000,591400,37.0,,,18.54,89316,,1,2000
1790297405,2026-09-25T00:50:05Z,88893,1790208587,6.1.187-android14-11-SAGA,49646d1b0cd1,cc_governor,cc_governor,733,4581,2961,8017,2164,0,878,793,1775,3294,822,8,adios,0,adios,0,adios,0,47.9,48.2,,38.0,53.2,41.7,31,3911000,1315900,37.0,,,17.39,139280,,1,2000
1790297440,2026-09-25T00:50:40Z,88929,1790208587,6.1.187-android14-11-SAGA,49646d1b0cd1,cc_governor,cc_governor,11381,11572,18471,31775,7089,2,7555,3274,10941,16299,3386,276,adios,0,adios,0,adios,2,46.7,47.4,,37.0,50.2,41.2,31,3917000,1252400,37.0,,,16.96,117288,,1,2000
1790297480,2026-09-25T00:51:20Z,88969,1790208587,6.1.187-android14-11-SAGA,49646d1b0cd1,cc_governor,cc_governor,68,0,363,385,303,0,96,7,189,209,93,15,adios,0,adios,0,adios,0,45.3,45.9,,37.0,48.6,41.4,31,3821000,-286800,37.0,,,18.23,120280,,1,2000
1790297588,2026-09-25T00:53:08Z,89077,1790208587,6.1.187-android14-11-SAGA,49646d1b0cd1,cc_governor,cc_governor,8,0,112,129,113,0,26,0,52,57,28,3,adios,0,adios,0,adios,0,41.5,41.6,,37.0,42.0,38.1,31,3812000,-179400,36.0,,,16.78,153036,,1,2000
1790297684,2026-09-25T00:54:45Z,89173,1790208587,6.1.187-android14-11-SAGA,49646d1b0cd1,cc_governor,cc_governor,2,0,5,11,19,0,18,0,43,48,28,8,adios,0,adios,0,adios,0,42.8,41.4,,36.0,45.2,38.5,31,3812000,-590800,36.0,,,69.53,118268,,1,2000
1790297775,2026-09-25T00:56:15Z,89263,1790208587,6.1.187-android14-11-SAGA,49646d1b0cd1,cc_governor,cc_governor,18,0,22,35,34,1,74,0,108,113,43,8,adios,0,adios,0,adios,0,41.1,43.3,,36.0,54.5,38.6,31,3804000,-684800,36.0,,,45.74,123160,,1,2000
1790297846,2026-09-25T00:57:26Z,89334,1790208587,6.1.187-android14-11-SAGA,49646d1b0cd1,cc_governor,cc_governor,73,70,863,986,790,0,45,24,158,189,113,13,adios,0,adios,0,adios,0,41.9,42.1,,35.0,43.3,37.0,31,3801000,-350900,35.0,,,32.87,128340,,1,2000
1790297914,2026-09-25T00:58:34Z,89402,1790208587,6.1.187-android14-11-SAGA,49646d1b0cd1,cc_governor,cc_governor,45,0,266,299,239,0,96,0,217,224,127,14,adios,0,adios,0,adios,0,41.4,42.2,,35.0,44.7,38.0,31,3797000,-482100,35.0,,,25.34,112864,,1,2000
1790297951,2026-09-25T00:59:11Z,89439,1790208587,6.1.187-android14-11-SAGA,49646d1b0cd1,cc_governor,cc_governor,8,0,460,473,461,0,18,0,88,96,74,13,adios,0,adios,0,adios,0,42.7,41.6,,35.0,45.0,38.4,31,3808000,-215400,35.0,,,21.18,146912,,1,2000
1790297988,2026-09-25T00:59:48Z,89476,1790208587,6.1.187-android14-11-SAGA,49646d1b0cd1,cc_governor,cc_governor,13203,267,18615,22278,5353,62,6468,187,9759,10580,3317,290,adios,0,adios,0,adios,0,48.5,46.7,,35.0,48.3,39.6,31,3769000,-441200,36.0,,,19.76,170284,,1,2000
1790298023,2026-09-25T01:00:23Z,89512,1790208587,6.1.187-android14-11-SAGA,49646d1b0cd1,cc_governor,cc_governor,364,2049,5413,7758,5049,0,1073,163,1844,2109,771,25,adios,0,adios,0,adios,0,40.8,41.3,,35.0,44.4,37.7,31,3803000,-215400,35.0,,,44.08,143608,,1,2000
1790298061,2026-09-25T01:01:01Z,89549,1790208587,6.1.187-android14-11-SAGA,49646d1b0cd1,cc_governor,cc_governor,11,0,307,331,316,0,4,0,56,59,55,15,adios,0,adios,0,adios,0,40.4,40.6,,35.0,44.2,37.4,31,3810000,-377800,35.0,,,30.95,136660,,1,2000
1790298098,2026-09-25T01:01:38Z,89586,1790208587,6.1.187-android14-11-SAGA,49646d1b0cd1,cc_governor,cc_governor,24,381,1050,1514,1036,0,8,46,90,139,87,12,adios,0,adios,0,adios,0,40.8,40.2,,35.0,43.3,37.1,31,3808000,-171500,35.0,,,23.73,136188,,1,2000
1790298136,2026-09-25T01:02:16Z,89624,1790208587,6.1.187-android14-11-SAGA,49646d1b0cd1,cc_governor,cc_governor,11,0,1008,1029,1009,0,110,0,222,228,116,17,adios,0,adios,0,adios,0,39.7,42.2,,35.0,43.4,37.0,31,3807000,-258700,35.0,,,19.75,121424,,1,2000
1790298172,2026-09-25T01:02:52Z,89660,1790208587,6.1.187-android14-11-SAGA,49646d1b0cd1,cc_governor,cc_governor,24,109,1993,2299,1983,0,222,30,362,402,145,19,adios,0,adios,0,adios,0,39.9,40.6,,35.0,42.5,36.9,31,3805000,-239200,35.0,,,17.80,132668,,1,2000
1790298207,2026-09-25T01:03:27Z,89695,1790208587,6.1.187-android14-11-SAGA,49646d1b0cd1,cc_governor,cc_governor,18,823,1103,2118,1085,0,17,160,113,289,101,16,adios,0,adios,0,adios,0,39.4,40.2,,34.0,43.2,36.9,31,3766000,-895300,34.0,,,16.34,127272,,1,2000
1790298242,2026-09-25T01:04:02Z,89731,1790208587,6.1.187-android14-11-SAGA,49646d1b0cd1,cc_governor,cc_governor,113,2597,532,3415,420,0,39,454,156,648,121,16,adios,0,adios,0,adios,0,39.9,40.6,,34.0,42.8,36.9,31,3805000,-206200,34.0,,,15.52,74208,,1,2000
1790298279,2026-09-25T01:04:39Z,89768,1790208587,6.1.187-android14-11-SAGA,49646d1b0cd1,cc_governor,cc_governor,0,0,88,126,100,0,338,0,403,408,70,13,adios,0,adios,0,adios,0,40.5,39.9,,34.0,43.0,36.8,31,3806000,-277700,34.0,,,15.55,148388,,1,2000
1790298315,2026-09-25T01:05:15Z,89803,1790208587,6.1.187-android14-11-SAGA,49646d1b0cd1,cc_governor,cc_governor,13,776,516,1510,515,0,182,157,316,490,138,20,adios,0,adios,0,adios,0,39.0,40.4,,34.0,42.3,36.6,31,3805000,-178200,34.0,,,15.18,131784,,1,2000
1790298350,2026-09-25T01:05:50Z,89839,1790208587,6.1.187-android14-11-SAGA,49646d1b0cd1,cc_governor,cc_governor,24,3121,1949,5585,1925,3,182,853,923,1824,741,336,adios,0,adios,0,adios,0,39.0,40.1,,34.0,42.6,36.4,31,3805000,-230700,34.0,,,14.87,139748,,1,2000
1790298386,2026-09-25T01:06:26Z,89874,1790208587,6.1.187-android14-11-SAGA,49646d1b0cd1,cc_governor,cc_governor,27,6312,2275,9388,2248,6,182,2099,996,3192,815,670,adios,0,adios,0,adios,0,39.0,41.1,,34.0,41.9,36.2,31,3799000,-260000,34.0,,,15.22,131048,,1,2000
1790298421,2026-09-25T01:07:01Z,89910,1790208587,6.1.187-android14-11-SAGA,49646d1b0cd1,cc_governor,cc_governor,49,2629,1875,5012,1839,3,61,710,705,1455,648,303,adios,0,adios,0,adios,0,38.9,39.7,,34.0,41.6,36.1,31,3804000,-208700,34.0,,,14.76,112896,,1,2000
1790298459,2026-09-25T01:07:39Z,89947,1790208587,6.1.187-android14-11-SAGA,49646d1b0cd1,cc_governor,cc_governor,2,0,88,94,96,0,22,0,68,69,49,13,adios,0,adios,0,adios,0,39.2,39.6,,34.0,43.7,36.1,31,3803000,-257500,34.0,,,14.80,102904,,1,2000
1790298495,2026-09-25T01:08:15Z,89983,1790208587,6.1.187-android14-11-SAGA,49646d1b0cd1,cc_governor,cc_governor,0,0,118,141,134,0,12,0,69,75,62,18,adios,0,adios,0,adios,0,38.9,39.4,,34.0,42.4,36.0,31,3804000,-189800,34.0,,,14.91,125668,,1,2000
1790298530,2026-09-25T01:08:50Z,90019,1790208587,6.1.187-android14-11-SAGA,49646d1b0cd1,cc_governor,cc_governor,0,359,143,556,143,0,13,104,42,154,29,13,adios,0,adios,0,adios,0,38.4,38.9,,34.0,41.6,35.9,31,3803000,-219100,34.0,,,14.67,139680,,1,2000
1790298566,2026-09-25T01:09:26Z,90054,1790208587,6.1.187-android14-11-SAGA,49646d1b0cd1,cc_governor,cc_governor,1,1,257,341,266,0,26,6,102,156,81,14,adios,0,adios,0,adios,0,38.6,38.8,,34.0,41.4,35.8,31,3802000,-236800,34.0,,,14.60,124004,,1,2000
1790298601,2026-09-25T01:10:01Z,90090,1790208587,6.1.187-android14-11-SAGA,49646d1b0cd1,cc_governor,cc_governor,474,3588,2663,6839,2189,3,333,1384,803,2460,470,313,adios,0,adios,0,adios,0,38.5,38.7,,34.0,42.6,35.8,31,3803000,-166600,34.0,,,14.67,112132,,1,2000
1790298637,2026-09-25T01:10:37Z,90125,1790208587,6.1.187-android14-11-SAGA,49646d1b0cd1,cc_governor,cc_governor,105,1152,1220,2604,1124,0,55,288,351,672,300,20,adios,0,adios,0,adios,0,38.7,38.5,,34.0,41.3,35.7,31,3792000,-569400,33.0,,,14.77,97952,,1,2000
1790298672,2026-09-25T01:11:12Z,90161,1790208587,6.1.187-android14-11-SAGA,49646d1b0cd1,cc_governor,cc_governor,208,3546,3271,7461,3063,2,84,1123,1101,2307,1017,322,adios,0,adios,0,adios,0,38.4,38.5,,34.0,42.2,35.7,31,3802000,-191000,34.0,,,14.64,186664,,1,2000
1790298708,2026-09-25T01:11:48Z,90196,1790208587,6.1.187-android14-11-SAGA,49646d1b0cd1,cc_governor,cc_governor,254,6555,4698,12275,4452,4,186,1889,1916,3958,1733,645,adios,0,adios,0,adios,0,37.7,38.8,,33.0,41.4,35.6,31,3803000,-201400,33.0,,,14.44,180320,,1,2000
1790298743,2026-09-25T01:12:23Z,90232,1790208587,6.1.187-android14-11-SAGA,49646d1b0cd1,cc_governor,cc_governor,0,354,237,698,237,1,32,102,79,188,51,18,adios,0,adios,0,adios,0,38.2,38.5,,33.0,41.5,35.5,31,3783000,-357000,33.0,,,14.35,147864,,1,2000
1790298779,2026-09-25T01:12:59Z,90268,1790208587,6.1.187-android14-11-SAGA,49646d1b0cd1,cc_governor,cc_governor,27,3154,1393,5056,1366,4,34,968,544,1558,510,342,adios,0,adios,0,adios,0,38.0,38.8,,33.0,40.7,35.4,31,3801000,-207500,33.0,,,14.51,133340,,1,2000
1790298815,2026-09-25T01:13:35Z,90303,1790208587,6.1.187-android14-11-SAGA,49646d1b0cd1,cc_governor,cc_governor,3,787,625,1588,631,0,27,160,183,363,160,17,adios,0,adios,0,adios,0,38.1,38.4,,33.0,40.8,35.4,31,3802000,-221500,33.0,,,14.42,112972,,1,2000
1790298850,2026-09-25T01:14:10Z,90339,1790208587,6.1.187-android14-11-SAGA,49646d1b0cd1,cc_governor,cc_governor,22,3238,1820,5600,1798,2,29,951,713,1741,684,335,adios,0,adios,0,adios,0,37.9,38.8,,33.0,41.9,35.3,31,3797000,-645100,33.0,,,14.39,118276,,1,2000
1790298887,2026-09-25T01:14:47Z,90376,1790208587,6.1.187-android14-11-SAGA,49646d1b0cd1,cc_governor,cc_governor,0,0,108,130,117,0,9,0,76,81,72,16,adios,0,adios,0,adios,0,38.8,38.7,,33.0,42.2,35.4,31,3801000,-185500,33.0,,,14.30,126100,,1,2000
1790298924,2026-09-25T01:15:24Z,90412,1790208587,6.1.187-android14-11-SAGA,49646d1b0cd1,cc_governor,cc_governor,0,0,63,74,72,0,5,0,48,52,48,16,adios,0,adios,0,adios,0,38.0,38.8,,33.0,42.3,35.3,31,3801000,-235500,33.0,,,38.87,118912,,1,2000
1790298961,2026-09-25T01:16:01Z,90449,1790208587,6.1.187-android14-11-SAGA,49646d1b0cd1,cc_governor,cc_governor,3,0,192,220,201,0,18,0,87,92,74,18,adios,0,adios,0,adios,0,38.3,38.7,,33.0,41.7,35.4,31,3798000,-184300,33.0,,,27.94,114960,,1,2000
1790298996,2026-09-25T01:16:36Z,90484,1790208587,6.1.187-android14-11-SAGA,49646d1b0cd1,cc_governor,cc_governor,2,1002,621,1834,619,0,114,214,238,478,124,21,adios,0,adios,0,adios,0,37.9,38.6,,33.0,41.4,35.2,31,3800000,-261200,33.0,,,21.93,114048,,1,2000
1790299032,2026-09-25T01:17:12Z,90520,1790208587,6.1.187-android14-11-SAGA,49646d1b0cd1,cc_governor,cc_governor,6265,3772,13251,19452,6915,11,3495,1634,5013,7037,1508,424,adios,0,adios,0,adios,6,50.6,53.0,,33.0,58.3,39.0,31,3716000,-1422100,33.0,,,19.74,121584,,1,2000
1790299068,2026-09-25T01:17:48Z,90557,1790208587,6.1.187-android14-11-SAGA,49646d1b0cd1,cc_governor,cc_governor,28627,6705,48321,64824,19592,44,34972,5029,50537,59554,15542,814,adios,0,adios,0,adios,0,51.7,52.6,46.6,34.0,56.7,40.1,30,3735000,-763500,34.0,,,20.20,107928,,1,2000
1790299105,2026-09-25T01:18:25Z,90593,1790208587,6.1.187-android14-11-SAGA,49646d1b0cd1,cc_governor,cc_governor,89484,7978,117557,143925,28093,64,57743,6817,88840,103532,31111,1195,adios,0,adios,0,adios,0,57.3,61.6,,34.0,71.8,44.9,30,3703000,-1464800,34.0,,,25.31,126024,,1,2000
1790299146,2026-09-25T01:19:06Z,90634,1790208587,6.1.187-android14-11-SAGA,49646d1b0cd1,cc_governor,cc_governor,99260,10619,137731,172495,38442,365,68045,8479,106045,127242,37959,1946,adios,0,adios,0,adios,0,71.0,64.4,,36.0,63.6,47.6,30,3758000,-413200,36.0,,,32.64,101932,,1,2000
1790299182,2026-09-25T01:19:42Z,90670,1790208587,6.1.187-android14-11-SAGA,49646d1b0cd1,cc_governor,cc_governor,113218,12774,170261,211223,57036,380,71407,9579,117142,140474,45732,2244,adios,0,adios,0,adios,5,51.1,48.2,,36.0,51.7,42.3,30,3775000,-480900,37.0,,,25.95,91432,,1,2000
1790299217,2026-09-25T01:20:17Z,90705,1790208587,6.1.187-android14-11-SAGA,49646d1b0cd1,cc_governor,cc_governor,125858,19255,197092,248021,71246,383,74321,11506,125555,151662,51241,2521,adios,0,adios,0,adios,0,47.0,48.2,,37.0,50.4,41.4,30,3773000,-694500,36.0,,,22.17,72692,,1,2000
1790299252,2026-09-25T01:20:52Z,90741,1790208587,6.1.187-android14-11-SAGA,49646d1b0cd1,cc_governor,cc_governor,136494,28102,219938,282580,83425,384,75693,14362,131819,161242,56126,2821,adios,0,adios,0,adios,0,46.7,47.9,,36.0,51.0,41.1,30,3775000,-478500,36.0,,,20.28,102132,,1,2000
1790299288,2026-09-25T01:21:28Z,90776,1790208587,6.1.187-android14-11-SAGA,49646d1b0cd1,cc_governor,cc_governor,145249,39129,238671,314908,93414,385,76693,17173,135576,167990,58883,3135,adios,0,adios,0,adios,0,45.4,46.0,,37.0,49.8,40.6,30,3773000,-852000,36.0,,,19.13,90932,,1,2000
1790299323,2026-09-25T01:22:03Z,90811,1790208587,6.1.187-android14-11-SAGA,49646d1b0cd1,cc_governor,cc_governor,157385,49094,261451,350877,104080,387,79706,19908,142562,178570,62861,3433,adios,0,adios,0,adios,0,46.2,47.1,,37.0,48.8,40.8,30,3773000,-528500,37.0,,,19.47,112568,,1,2000
1790299358,2026-09-25T01:22:38Z,90846,1790208587,6.1.187-android14-11-SAGA,49646d1b0cd1,cc_governor,cc_governor,163744,57295,277718,376893,113974,387,80434,21288,145404,183073,64970,3737,adios,0,adios,0,adios,0,46.3,46.3,,37.0,49.4,40.6,29,3769000,-698800,37.0,,,18.33,95276,,1,2000
1790299393,2026-09-25T01:23:13Z,90882,1790208587,6.1.187-android14-11-SAGA,49646d1b0cd1,cc_governor,cc_governor,177524,69386,300744,417455,123192,389,89017,28256,159811,205334,70794,4063,adios,0,adios,0,adios,0,47.3,47.3,,37.0,49.9,41.1,29,3760000,-387500,37.0,,,18.18,88016,,1,2000
1790299429,2026-09-25T01:23:49Z,90918,1790208587,6.1.187-android14-11-SAGA,49646d1b0cd1,cc_governor,cc_governor,191067,76465,328114,455400,137032,391,92256,32021,168421,218918,76165,4381,adios,0,adios,0,adios,0,46.7,47.1,,37.0,49.4,41.2,29,3776000,-701200,37.0,,,17.30,119064,,1,2000
1790299464,2026-09-25T01:24:24Z,90953,1790208587,6.1.187-android14-11-SAGA,49646d1b0cd1,cc_governor,cc_governor,199244,91020,342186,486809,142941,392,93517,38269,172518,229825,79001,4688,adios,0,adios,0,adios,0,46.8,47.7,,37.0,50.8,41.5,29,3775000,-518100,37.0,,,17.29,122600,,1,2000
1790299500,2026-09-25T01:25:00Z,90988,1790208587,6.1.187-android14-11-SAGA,49646d1b0cd1,cc_governor,cc_governor,210999,102471,363482,522823,152484,398,95688,41660,178579,239811,82901,5023,adios,0,adios,0,adios,0,46.9,47.2,,37.0,51.0,41.2,29,3762000,-793400,37.0,,,17.20,92084,,1,2000
1790299535,2026-09-25T01:25:35Z,91024,1790208587,6.1.187-android14-11-SAGA,49646d1b0cd1,cc_governor,cc_governor,216499,115339,377017,551981,160534,399,97049,48079,184250,252481,87208,5322,adios,0,adios,0,adios,0,48.6,50.1,,37.0,50.1,41.5,29,3770000,-447900,37.0,,,17.67,117140,,1,2000
1790299570,2026-09-25T01:26:10Z,91059,1790208587,6.1.187-android14-11-SAGA,49646d1b0cd1,cc_governor,cc_governor,230694,122751,404102,590361,173400,402,101198,50819,195510,267194,94312,5623,adios,0,adios,0,adios,0,46.6,47.4,,37.0,51.6,41.5,29,3724000,-936200,37.0,,,17.66,119236,,1,2000
1790299606,2026-09-25T01:26:46Z,91094,1790208587,6.1.187-android14-11-SAGA,49646d1b0cd1,cc_governor,cc_governor,243164,132630,427291,626844,184128,403,103449,55292,202444,279232,98998,5949,adios,0,adios,0,adios,0,47.1,47.3,,37.0,50.0,41.4,29,3769000,-616400,37.0,,,17.23,94296,,1,2000
1790299641,2026-09-25T01:27:21Z,91129,1790208587,6.1.187-android14-11-SAGA,49646d1b0cd1,cc_governor,cc_governor,251121,148613,439491,657421,188362,404,104349,60019,204795,286627,100446,6248,adios,0,adios,0,adios,0,46.1,46.0,,37.0,50.0,41.2,29,3760000,-451600,37.0,,,17.74,101160,,1,2000
1790299676,2026-09-25T01:27:56Z,91164,1790208587,6.1.187-android14-11-SAGA,49646d1b0cd1,cc_governor,cc_governor,264181,156271,465133,693540,200952,406,105643,62862,210191,295242,104556,6543,adios,0,adios,0,adios,0,46.6,48.4,,37.0,50.1,41.5,29,3763000,-352100,37.0,,,17.74,110896,,1,2000
1790299711,2026-09-25T01:28:31Z,91200,1790208587,6.1.187-android14-11-SAGA,49646d1b0cd1,cc_governor,cc_governor,271137,167325,481640,723991,210521,408,107194,66499,216789,306128,109607,6852,adios,0,adios,0,adios,0,48.3,47.6,,37.0,50.7,41.6,29,3761000,-548700,37.0,,,18.11,121824,,1,2000
1790299747,2026-09-25T01:29:07Z,91236,1790208587,6.1.187-android14-11-SAGA,49646d1b0cd1,cc_governor,cc_governor,8,0,479,512,476,0,49,0,141,177,97,17,adios,0,adios,0,adios,0,46.7,47.0,,38.0,59.7,43.0,29,3726000,-1304900,37.0,,,18.93,175572,,1,2000
1790299784,2026-09-25T01:29:44Z,91272,1790208587,6.1.187-android14-11-SAGA,49646d1b0cd1,cc_governor,cc_governor,4449,4244,11042,16800,6593,56,2518,692,4635,5714,2117,422,adios,0,adios,0,adios,0,43.0,44.6,,37.0,46.3,40.0,29,3781000,-285600,37.0,,,16.95,149064,,1,2000
1790299879,2026-09-25T01:31:19Z,91367,1790208587,6.1.187-android14-11-SAGA,49646d1b0cd1,cc_governor,cc_governor,11405,207,13994,16492,2605,2,8881,246,11308,12578,2434,27,adios,0,adios,0,adios,0,48.5,53.5,45.7,36.0,53.2,40.8,29,3739000,-725700,36.0,,,18.66,132676,,1,2000
1790299915,2026-09-25T01:31:55Z,91403,1790208587,6.1.187-android14-11-SAGA,49646d1b0cd1,cc_governor,cc_governor,40194,452,62017,72825,21693,5,21464,472,38841,41638,17384,408,adios,0,adios,0,adios,0,52.0,53.0,46.8,36.0,53.8,41.5,28,3754000,-734200,36.0,,,19.24,99912,,1,2000
1790299951,2026-09-25T01:32:31Z,91439,1790208587,6.1.187-android14-11-SAGA,49646d1b0cd1,cc_governor,cc_governor,56302,7655,91208,115009,34906,10,30855,5038,58166,66626,27311,763,adios,0,adios,0,adios,0,46.5,48.2,45.6,37.0,51.6,41.1,28,3766000,-476000,37.0,,,19.62,106372,,1,2000
1790299986,2026-09-25T01:33:06Z,91474,1790208587,6.1.187-android14-11-SAGA,49646d1b0cd1,cc_governor,cc_governor,64573,21081,106656,146889,42100,13,32422,11199,62427,77561,30010,1060,adios,0,adios,0,adios,0,45.4,50.8,,37.0,51.5,41.0,28,3752000,-1252400,37.0,,,19.28,111520,,1,2000
1790300021,2026-09-25T01:33:41Z,91510,1790208587,6.1.187-android14-11-SAGA,49646d1b0cd1,cc_governor,cc_governor,75237,32067,126888,181294,51659,18,34429,14485,67928,86830,33507,1414,adios,0,adios,0,adios,0,45.4,45.7,,37.0,48.7,40.5,28,3755000,-491300,37.0,,,18.21,100072,,1,2000
1790300057,2026-09-25T01:34:17Z,91545,1790208587,6.1.187-android14-11-SAGA,49646d1b0cd1,cc_governor,cc_governor,84608,41207,148009,214502,63383,21,35801,17116,72953,94910,37152,1732,adios,0,adios,0,adios,0,45.8,45.7,,37.0,49.9,40.7,28,3769000,-686000,37.0,,,18.03,119792,,1,2000
1790300092,2026-09-25T01:34:52Z,91580,1790208587,6.1.187-android14-11-SAGA,49646d1b0cd1,cc_governor,cc_governor,91615,55935,160368,243892,68753,23,36210,21530,74496,101216,38286,2029,adios,0,adios,0,adios,0,44.9,47.4,,37.0,48.8,40.5,28,3770000,-632300,37.0,,,17.94,107444,,1,2000
1790300127,2026-09-25T01:35:27Z,91615,1790208587,6.1.187-android14-11-SAGA,49646d1b0cd1,cc_governor,cc_governor,100096,70379,174388,274896,74312,25,37477,25517,77862,109036,40393,2319,adios,0,adios,0,adios,0,45.5,46.1,,37.0,54.8,41.3,28,3730000,-918500,37.0,,,17.35,139244,,1,2000
1790300162,2026-09-25T01:36:02Z,91651,1790208587,6.1.187-android14-11-SAGA,49646d1b0cd1,cc_governor,cc_governor,118328,78928,204547,318816,86216,32,47760,31262,95772,133628,48008,2636,adios,0,adios,0,adios,0,49.5,49.6,,37.0,50.0,41.7,28,3762000,-576700,37.0,,,18.04,176876,,1,2000
1790300295,2026-09-25T01:38:15Z,91784,1790208587,6.1.187-android14-11-SAGA,49646d1b0cd1,cc_governor,cc_governor,16,0,535,565,533,0,17,0,58,64,20,2,adios,0,adios,0,adios,0,42.0,41.8,,36.0,44.3,38.1,28,3764000,-564500,36.0,,,17.09,112956,,1,2000
1790300466,2026-09-25T01:41:06Z,91955,1790208587,6.1.187-android14-11-SAGA,49646d1b0cd1,cc_governor,cc_governor,4807,1825,7724,10764,2909,24,2729,827,4533,5887,1809,214,adios,0,adios,0,adios,0,46.6,45.5,,36.0,51.4,40.0,28,3763000,-501700,36.0,,,21.15,142692,,1,2000
1790300503,2026-09-25T01:41:43Z,91991,1790208587,6.1.187-android14-11-SAGA,49646d1b0cd1,cc_governor,cc_governor,18444,9963,34383,48965,15954,38,8054,6043,18101,25864,10054,557,adios,0,adios,0,adios,0,44.8,44.4,,36.0,47.9,39.3,28,3760000,-702500,36.0,,,20.03,114448,,1,2000
1790300538,2026-09-25T01:42:18Z,92026,1790208587,6.1.187-android14-11-SAGA,49646d1b0cd1,cc_governor,cc_governor,22249,20667,43854,70359,21605,40,8172,7360,20112,29303,11940,848,adios,0,adios,0,adios,0,43.0,42.4,,35.0,45.3,38.3,28,3760000,-485200,35.0,,,18.49,96828,,1,2000
1790300573,2026-09-25T01:42:53Z,92061,1790208587,6.1.187-android14-11-SAGA,49646d1b0cd1,cc_governor,cc_governor,27241,32709,52522,92739,25279,42,8369,10535,21345,33954,12969,1150,adios,0,adios,0,adios,0,43.0,43.4,,35.0,46.9,38.4,28,3761000,-533400,35.0,,,17.75,110912,,1,2000
1790300608,2026-09-25T01:43:28Z,92096,1790208587,6.1.187-android14-11-SAGA,49646d1b0cd1,cc_governor,cc_governor,37119,47487,67881,125511,30776,45,9835,15205,24693,42413,14864,1443,adios,0,adios,0,adios,0,43.4,44.9,,35.0,49.4,38.6,27,3758000,-427200,35.0,,,17.12,152808,,1,2000
1790300643,2026-09-25T01:44:03Z,92131,1790208587,6.1.187-android14-11-SAGA,49646d1b0cd1,cc_governor,cc_governor,48670,59501,87384,159779,38712,45,11419,18885,29586,51419,18167,1746,adios,0,adios,0,adios,0,43.1,45.3,,35.0,46.4,38.4,27,3762000,-529700,35.0,,,17.63,133196,,1,2000
1790300678,2026-09-25T01:44:38Z,92166,1790208587,6.1.187-android14-11-SAGA,49646d1b0cd1,cc_governor,cc_governor,57387,72215,99965,187418,42577,48,12331,22822,32523,58619,20192,2037,adios,0,adios,0,adios,0,44.2,44.0,,35.0,47.0,38.3,27,3766000,-555400,35.0,,,18.04,102372,,1,2000
1790300713,2026-09-25T01:45:13Z,92202,1790208587,6.1.187-android14-11-SAGA,49646d1b0cd1,cc_governor,cc_governor,72265,84418,122574,225548,50306,48,16221,27696,40914,72478,24693,2344,adios,0,adios,0,adios,0,45.1,46.9,,35.0,49.0,38.8,27,3756000,-639600,35.0,,,17.72,122024,,1,2000
1790300748,2026-09-25T01:45:48Z,92237,1790208587,6.1.187-android14-11-SAGA,49646d1b0cd1,cc_governor,cc_governor,84586,94393,145119,261249,60552,51,19385,32003,50101,86592,30719,2658,adios,0,adios,0,adios,0,44.4,44.1,,35.0,47.6,38.5,27,3751000,-610300,35.0,,,18.15,97048,,1,2000
1790300783,2026-09-25T01:46:23Z,92272,1790208587,6.1.187-android14-11-SAGA,49646d1b0cd1,cc_governor,cc_governor,95488,105639,165365,295656,69872,53,21616,37823,57427,100315,35811,2955,adios,0,adios,0,adios,0,44.5,45.0,,35.0,47.6,38.7,27,3753000,-820300,35.0,,,17.58,93520,,1,2000
1790300819,2026-09-25T01:46:59Z,92308,1790208587,6.1.187-android14-11-SAGA,49646d1b0cd1,cc_governor,cc_governor,105019,115609,182630,325737,77610,55,23924,41457,63777,110912,39853,3264,adios,0,adios,0,adios,0,42.2,42.0,,35.0,44.3,38.0,27,3755000,-336900,35.0,,,17.22,102504,,1,2000
1790300867,2026-09-25T01:47:47Z,92356,1790208587,6.1.187-android14-11-SAGA,49646d1b0cd1,cc_governor,cc_governor,7,0,424,455,438,0,25,0,98,101,77,16,adios,0,adios,0,adios,0,40.9,42.1,,35.0,44.1,37.4,27,3765000,-212400,35.0,,,16.95,289024,,1,2000
1790300977,2026-09-25T01:49:37Z,92465,1790208587,6.1.187-android14-11-SAGA,49646d1b0cd1,cc_governor,cc_governor,5,0,261,287,263,0,15,0,77,110,66,14,adios,0,adios,0,adios,0,39.8,38.8,,35.0,41.3,36.7,27,3770000,-275200,35.0,,,16.35,199184,,1,2000
1790301072,2026-09-25T01:51:12Z,92561,1790208587,6.1.187-android14-11-SAGA,49646d1b0cd1,cc_governor,cc_governor,1,0,79,97,89,0,40,0,92,98,57,15,adios,0,adios,0,adios,0,39.7,41.2,,35.0,43.1,36.8,27,3767000,-158600,35.0,,,52.42,226260,,1,2000
1790301147,2026-09-25T01:52:27Z,92635,1790208587,6.1.187-android14-11-SAGA,49646d1b0cd1,cc_governor,cc_governor,2,0,107,131,113,0,216,0,276,281,65,12,adios,0,adios,0,adios,0,39.4,39.7,,35.0,39.9,36.5,27,3770000,-181800,35.0,,,36.08,206700,,1,2000
1790301273,2026-09-25T01:54:33Z,92762,1790208587,6.1.187-android14-11-SAGA,49646d1b0cd1,cc_governor,cc_governor,7,0,75,100,80,0,78,0,127,131,53,13,adios,0,adios,0,adios,0,39.5,40.4,,35.0,42.3,36.5,27,3765000,-455300,34.0,,,52.28,244532,,1,2000
1790301341,2026-09-25T01:55:41Z,92830,1790208587,6.1.187-android14-11-SAGA,49646d1b0cd1,cc_governor,cc_governor,4,0,84,107,98,0,74,0,132,135,62,13,adios,0,adios,0,adios,0,40.7,40.9,,35.0,42.7,36.5,27,3765000,-443100,34.0,,,34.40,121720,,1,2000
1790301449,2026-09-25T01:57:29Z,92938,1790208587,6.1.187-android14-11-SAGA,49646d1b0cd1,cc_governor,cc_governor,229,1631,963,2701,734,0,95,113,223,354,128,18,adios,0,adios,0,adios,0,40.6,40.3,,33.0,43.8,36.3,27,3742000,-524900,33.0,,,26.17,114672,,1,2000
1790301503,2026-09-25T01:58:23Z,92991,1790208587,6.1.187-android14-11-SAGA,49646d1b0cd1,cc_governor,cc_governor,7,0,59,79,71,0,56,0,112,116,60,14,adios,0,adios,0,adios,0,37.9,39.4,,33.0,43.7,35.7,27,3760000,-569400,33.0,,,21.63,115808,,1,2000
1790301554,2026-09-25T01:59:14Z,93042,1790208587,6.1.187-android14-11-SAGA,49646d1b0cd1,cc_governor,cc_governor,0,0,58,84,73,0,62,0,112,114,54,17,adios,0,adios,0,adios,0,39.0,39.4,,33.0,40.3,35.0,27,3750000,-700000,33.0,,,18.92,128780,,1,2000
1790301620,2026-09-25T02:00:20Z,93108,1790208587,6.1.187-android14-11-SAGA,49646d1b0cd1,cc_governor,cc_governor,10267,1037,19739,24155,9488,141,8121,323,12281,14677,4168,110,adios,0,adios,0,adios,0,40.9,41.4,,33.0,43.5,36.5,26,3755000,-354600,33.0,,,19.46,136036,,1,2000
1790301655,2026-09-25T02:00:55Z,93144,1790208587,6.1.187-android14-11-SAGA,49646d1b0cd1,cc_governor,cc_governor,11211,10915,27812,42993,16600,143,8151,1315,12993,16440,4842,407,adios,0,adios,0,adios,0,38.7,39.4,,33.0,42.2,35.3,26,3738000,-642000,33.0,,,17.71,74676,,1,2000
1790301690,2026-09-25T02:01:30Z,93179,1790208587,6.1.187-android14-11-SAGA,49646d1b0cd1,cc_governor,cc_governor,13080,25718,32177,63424,19097,145,8199,3447,13125,18962,4926,706,adios,0,adios,0,adios,0,38.4,38.8,,32.0,41.3,34.8,26,3762000,-327700,32.0,,,16.64,173348,,1,2000
1790301726,2026-09-25T02:02:06Z,93214,1790208587,6.1.187-android14-11-SAGA,49646d1b0cd1,cc_governor,cc_governor,16372,33235,46011,86403,29602,146,8491,4480,15133,22487,6660,1030,adios,0,adios,0,adios,0,40.3,48.4,40.6,32.0,47.5,36.4,26,3727000,-617600,32.0,,,17.33,454968,,1,2000
1790301762,2026-09-25T02:02:42Z,93251,1790208587,6.1.187-android14-11-SAGA,49646d1b0cd1,cc_governor,cc_governor,44930,38319,89126,142161,44184,192,16348,7838,33740,45423,17405,1414,adios,0,adios,0,adios,0,44.8,48.1,43.0,32.0,52.9,37.7,26,3707000,-983800,32.0,,,18.71,153612,,1,2000
1790301799,2026-09-25T02:03:19Z,93287,1790208587,6.1.187-android14-11-SAGA,49646d1b0cd1,cc_governor,cc_governor,66055,45458,123913,194566,57858,212,19577,11142,44801,60504,25235,1804,adios,0,adios,0,adios,0,45.6,46.1,42.0,32.0,45.8,37.1,26,3737000,-876400,32.0,,,17.64,91080,,1,2000
1790301835,2026-09-25T02:03:55Z,93323,1790208587,6.1.187-android14-11-SAGA,49646d1b0cd1,cc_governor,cc_governor,82107,57728,148344,238071,66213,213,22862,16174,52499,74271,29601,2150,adios,0,adios,0,adios,0,45.8,52.8,44.1,32.0,46.8,37.5,26,3724000,-597500,32.0,,,17.44,269760,,1,2000
1790301940,2026-09-25T02:05:40Z,93429,1790208587,6.1.187-android14-11-SAGA,49646d1b0cd1,cc_governor,cc_governor,3877,54,5979,6984,2116,0,3005,63,4566,4908,1568,255,adios,0,adios,0,adios,0,45.1,45.3,,31.0,42.9,35.3,26,3739000,-506500,32.0,,,17.67,203100,,1,2000
1790301976,2026-09-25T02:06:16Z,93464,1790208587,6.1.187-android14-11-SAGA,49646d1b0cd1,cc_governor,cc_governor,30777,3970,45796,58581,14992,5,17076,2442,28466,33472,11382,693,adios,0,adios,0,adios,0,46.3,43.9,42.5,32.0,59.7,38.4,26,3679000,-1657700,32.0,,,18.43,204396,,1,2000
1790302013,2026-09-25T02:06:53Z,93502,1790208587,6.1.187-android14-11-SAGA,49646d1b0cd1,cc_governor,cc_governor,47760,6197,73916,97476,26170,93,32064,3239,50129,59895,18082,1229,adios,0,adios,0,adios,0,42.7,49.3,43.8,32.0,52.4,38.3,26,3727000,-1033300,32.0,,,18.10,129088,,1,2000
1790302050,2026-09-25T02:07:30Z,93538,1790208587,6.1.187-android14-11-SAGA,49646d1b0cd1,cc_governor,cc_governor,76784,8227,115798,149115,39023,105,50853,5234,81211,99631,30352,1645,adios,0,adios,0,adios,16,47.6,45.4,,33.0,51.2,38.4,25,3726000,-707300,32.0,,,18.66,122672,,1,2000
1790302085,2026-09-25T02:08:05Z,93574,1790208587,6.1.187-android14-11-SAGA,49646d1b0cd1,cc_governor,cc_governor,83012,16935,130821,174724,47789,106,54925,6917,88334,109656,33431,1958,adios,0,adios,0,adios,0,44.2,49.1,44.1,33.0,48.1,37.8,25,3703000,-861200,32.0,,,18.12,153280,,1,2000
1790302122,2026-09-25T02:08:42Z,93610,1790208587,6.1.187-android14-11-SAGA,49646d1b0cd1,cc_governor,cc_governor,115320,18456,174825,229167,59474,146,85297,8443,129202,158033,43915,2346,adios,0,adios,0,adios,0,48.0,48.0,,33.0,47.8,39.1,25,3728000,-469300,33.0,,,20.52,102192,,1,2000
1790302157,2026-09-25T02:09:17Z,93646,1790208587,6.1.187-android14-11-SAGA,49646d1b0cd1,cc_governor,cc_governor,127987,23949,200640,264632,72667,149,90774,12798,141463,175367,50702,2683,adios,0,adios,0,adios,0,46.6,45.8,43.7,33.0,50.2,38.6,25,3710000,-550500,33.0,,,19.31,84460,,1,2000
1790302194,2026-09-25T02:09:54Z,93682,1790208587,6.1.187-android14-11-SAGA,49646d1b0cd1,cc_governor,cc_governor,140628,30396,227363,303540,86734,162,99284,18740,158892,199684,59620,3050,adios,0,adios,0,adios,0,44.8,44.8,,33.0,48.5,38.6,25,3680000,-958200,33.0,,,19.61,114676,,1,2000
1790302230,2026-09-25T02:10:30Z,93718,1790208587,6.1.187-android14-11-SAGA,49646d1b0cd1,cc_governor,cc_governor,151845,36763,250948,338773,99126,166,104747,21790,171776,216241,67055,3433,adios,0,adios,0,adios,0,45.5,44.5,42.3,33.0,51.2,38.2,25,3724000,-728100,33.0,,,18.78,102016,,1,2000
1790302266,2026-09-25T02:11:06Z,93755,1790208587,6.1.187-android14-11-SAGA,49646d1b0cd1,cc_governor,cc_governor,167019,47114,276221,381133,109202,171,110045,29330,184548,236957,74493,3797,adios,0,adios,0,adios,0,43.5,44.1,,33.0,45.2,37.7,25,3735000,-479700,33.0,,,18.33,137944,,1,2000
1790302302,2026-09-25T02:11:42Z,93790,1790208587,6.1.187-android14-11-SAGA,49646d1b0cd1,cc_governor,cc_governor,181822,55875,301222,421222,119417,172,114124,34868,194871,253161,80764,4121,adios,0,adios,0,adios,0,46.6,48.8,,33.0,49.9,38.6,25,3731000,-548700,33.0,,,18.01,158672,,1,2000
1790302338,2026-09-25T02:12:18Z,93826,1790208587,6.1.187-android14-11-SAGA,49646d1b0cd1,cc_governor,cc_governor,202546,58073,337583,467097,135030,190,123108,36391,213259,274704,90162,4461,adios,0,adios,0,adios,0,52.3,52.0,49.1,33.0,51.7,40.2,25,3722000,-496200,33.0,,,18.83,144204,,1,2000
1790302375,2026-09-25T02:12:55Z,93863,1790208587,6.1.187-android14-11-SAGA,49646d1b0cd1,cc_governor,cc_governor,15,0,221,25,26,0,39,0,73,80,39,5,adios,0,adios,0,adios,0,42.1,41.1,,34.0,42.4,36.1,24,3748000,-263600,34.0,,,17.41,157220,,1,2000
1790302489,2026-09-25T02:14:49Z,93977,1790208587,6.1.187-android14-11-SAGA,49646d1b0cd1,cc_governor,cc_governor,0,0,74,87,85,0,84,0,133,142,53,13,adios,0,adios,0,adios,0,37.1,37.9,,32.0,40.1,32.5,24,3747000,-364900,32.0,,,16.51,178328,,1,2000
1790302756,2026-09-25T02:19:16Z,94244,1790208587,6.1.187-android14-11-SAGA,49646d1b0cd1,cc_governor,cc_governor,1,0,68,94,83,0,93,0,150,163,61,16,adios,0,adios,0,adios,0,34.3,35.2,,31.0,38.2,32.2,24,3754000,-322800,31.0,,,16.00,103768,,1,2000
1790303172,2026-09-25T02:26:12Z,94661,1790208587,6.1.187-android14-11-SAGA,49646d1b0cd1,cc_governor,cc_governor,10872,571,13468,16560,2510,4,5367,536,8155,9456,2747,246,adios,0,adios,0,adios,32,49.1,44.8,41.3,29.0,47.8,34.7,24,3706000,-819000,29.0,,,16.63,146360,,1,2000
1790303209,2026-09-25T02:26:49Z,94698,1790208587,6.1.187-android14-11-SAGA,49646d1b0cd1,cc_governor,cc_governor,35598,2695,56111,70256,20513,14,13419,1875,28117,32064,14698,603,adios,0,adios,0,adios,0,42.5,43.4,40.4,30.0,44.2,35.4,24,3690000,-826400,30.0,,,18.92,147356,,1,2000
1790303245,2026-09-25T02:27:25Z,94733,1790208587,6.1.187-android14-11-SAGA,49646d1b0cd1,cc_governor,cc_governor,54803,7740,88104,113044,33191,18,24437,3878,46969,54504,22549,954,adios,0,adios,0,adios,0,44.7,43.6,40.9,31.0,47.1,35.7,24,3719000,-904500,31.0,,,19.29,190488,,1,2000
1790303280,2026-09-25T02:28:00Z,94769,1790208587,6.1.187-android14-11-SAGA,49646d1b0cd1,cc_governor,cc_governor,68448,18226,111973,150992,43516,21,26979,7453,55016,66502,28044,1210,adios,0,adios,0,adios,0,40.0,40.0,,31.0,42.6,34.9,24,3699000,-477200,31.0,,,18.16,88496,,1,2000
1790303315,2026-09-25T02:28:35Z,94804,1790208587,6.1.187-android14-11-SAGA,49646d1b0cd1,cc_governor,cc_governor,82287,28948,135820,188194,53550,22,29970,11783,62115,78457,32154,1518,adios,0,adios,0,adios,0,43.2,41.3,,31.0,48.1,35.7,24,3704000,-512000,32.0,,,18.34,92564,,1,2000
1790303350,2026-09-25T02:29:10Z,94839,1790208587,6.1.187-android14-11-SAGA,49646d1b0cd1,cc_governor,cc_governor,95505,40343,158622,224953,63125,25,31223,15809,66373,87008,35162,1814,adios,0,adios,0,adios,0,40.4,40.1,,32.0,44.3,35.5,24,3717000,-941700,32.0,,,17.85,119052,,1,2000
1790303386,2026-09-25T02:29:46Z,94874,1790208587,6.1.187-android14-11-SAGA,49646d1b0cd1,cc_governor,cc_governor,112710,46396,189566,266448,76856,30,34680,18443,75697,99923,41017,2138,adios,0,adios,0,adios,0,40.4,40.4,,32.0,45.6,35.9,24,3726000,-332600,32.0,,,17.81,165268,,1,2000
1790303421,2026-09-25T02:30:21Z,94909,1790208587,6.1.187-android14-11-SAGA,49646d1b0cd1,cc_governor,cc_governor,115117,55104,200545,287252,85428,31,35128,19986,77763,103780,42635,2428,adios,0,adios,0,adios,0,39.0,40.6,,32.0,42.2,35.4,23,3717000,-395500,32.0,,,18.05,198660,,1,2000
1790303456,2026-09-25T02:30:56Z,94944,1790208587,6.1.187-android14-11-SAGA,49646d1b0cd1,cc_governor,cc_governor,118972,66637,209880,309681,90885,33,35763,21953,79604,107873,43841,2745,adios,0,adios,0,adios,0,41.0,42.1,,32.0,44.9,35.8,23,3720000,-380200,32.0,,,17.07,243260,,1,2000
1790303491,2026-09-25T02:31:31Z,94980,1790208587,6.1.187-android14-11-SAGA,49646d1b0cd1,cc_governor,cc_governor,130040,71523,236967,346950,106941,35,38031,24418,88229,119475,50213,3053,adios,0,adios,0,adios,0,42.2,44.5,40.9,32.0,50.6,36.6,23,3697000,-859900,32.0,,,17.10,139336,,1,2000
1790303527,2026-09-25T02:32:07Z,95016,1790208587,6.1.187-android14-11-SAGA,49646d1b0cd1,cc_governor,cc_governor,151156,72450,275673,394244,124525,39,48581,24949,110459,144857,61884,3348,adios,0,adios,0,adios,0,44.5,43.5,,33.0,45.8,37.5,23,3719000,-709800,33.0,,,17.30,134796,,1,2000
1790303562,2026-09-25T02:32:42Z,95050,1790208587,6.1.187-android14-11-SAGA,49646d1b0cd1,cc_governor,cc_governor,164548,75249,305771,431758,141245,42,52621,25968,121467,157420,68858,3619,adios,0,adios,0,adios,0,44.3,44.1,41.6,33.0,47.6,37.6,23,3726000,-364900,33.0,,,17.08,151464,,1,2000
1790303597,2026-09-25T02:33:17Z,95086,1790208587,6.1.187-android14-11-SAGA,49646d1b0cd1,cc_governor,cc_governor,180416,76273,340672,473465,160269,47,56035,26403,133549,170437,77518,3918,adios,0,adios,0,adios,0,42.7,43.3,,33.0,49.1,37.6,23,3719000,-383900,33.0,,,17.20,173336,,1,2000
1790303632,2026-09-25T02:33:52Z,95121,1790208587,6.1.187-android14-11-SAGA,49646d1b0cd1,cc_governor,cc_governor,194259,78607,372129,513101,177868,49,64804,27814,151707,191608,86896,4205,adios,0,adios,0,adios,0,43.6,43.5,,33.0,46.6,37.7,23,3717000,-513300,33.0,,,18.00,146608,,1,2000
1790303668,2026-09-25T02:34:28Z,95156,1790208587,6.1.187-android14-11-SAGA,49646d1b0cd1,cc_governor,cc_governor,206002,94224,388210,548285,182180,53,70082,36324,159324,209195,89251,4519,adios,0,adios,0,adios,0,52.6,47.0,,34.0,49.0,38.7,23,3715000,-339300,34.0,,,20.05,416836,,1,2000
1790303720,2026-09-25T02:35:20Z,95209,1790208587,6.1.187-android14-11-SAGA,49646d1b0cd1,cc_governor,cc_governor,255,1044,1841,3047,1579,0,54,77,319,414,265,15,adios,0,adios,0,adios,0,40.4,42.0,,34.0,44.0,36.5,23,3723000,-438800,33.0,,,17.97,243128,,1,2000
1790303756,2026-09-25T02:35:56Z,95244,1790208587,6.1.187-android14-11-SAGA,49646d1b0cd1,cc_governor,cc_governor,24528,2734,38936,50363,14368,44,17675,2428,28910,34391,11242,290,adios,0,adios,0,adios,0,53.0,58.8,50.5,34.0,56.4,41.4,23,3684000,-1262800,34.0,,,19.67,104516,,1,2000
1790303793,2026-09-25T02:36:33Z,95281,1790208587,6.1.187-android14-11-SAGA,49646d1b0cd1,cc_governor,cc_governor,43059,3701,77519,99858,34473,64,23569,3051,47628,54772,24071,659,adios,0,adios,0,adios,0,45.6,45.7,,34.0,49.2,39.5,22,3703000,-652400,34.0,,,19.04,114664,,1,2000
1790303829,2026-09-25T02:37:09Z,95318,1790208587,6.1.187-android14-11-SAGA,49646d1b0cd1,cc_governor,cc_governor,61954,6247,115187,150147,53249,70,26501,4427,61974,70938,35488,1046,adios,0,adios,0,adios,0,46.3,49.1,,35.0,48.6,39.7,22,3711000,-543800,35.0,,,18.32,101156,,1,2000
1790303865,2026-09-25T02:37:45Z,95354,1790208587,6.1.187-android14-11-SAGA,49646d1b0cd1,cc_governor,cc_governor,80107,8390,153201,199675,73076,71,27716,5498,74200,84641,46498,1391,adios,0,adios,0,adios,0,45.2,48.4,46.2,35.0,63.8,41.3,22,3647000,-1660100,35.0,,,21.87,133212,,1,2000
1790303902,2026-09-25T02:38:22Z,95391,1790208587,6.1.187-android14-11-SAGA,49646d1b0cd1,cc_governor,cc_governor,99868,10059,192140,252540,92270,96,38544,6466,100284,112815,61740,1849,adios,0,adios,0,adios,0,50.9,47.8,,35.0,49.2,40.7,22,3702000,-698200,35.0,,,20.19,90424,,1,2000
1790303938,2026-09-25T02:38:58Z,95427,1790208587,6.1.187-android14-11-SAGA,49646d1b0cd1,cc_governor,cc_governor,119355,17423,224850,304079,105510,100,45556,10691,118396,135869,72857,2176,adios,0,adios,0,adios,0,49.1,50.0,,35.0,52.1,41.4,22,3690000,-535800,35.0,,,20.60,92864,,1,2000
1790303975,2026-09-25T02:39:35Z,95463,1790208587,6.1.187-android14-11-SAGA,49646d1b0cd1,cc_governor,cc_governor,142594,22512,263474,357929,120860,108,55580,13352,141112,162453,85551,2560,adios,0,adios,0,adios,0,52.0,53.6,48.9,36.0,55.5,42.2,22,3707000,-616400,36.0,,,20.57,104240,,1,2000
1790304010,2026-09-25T02:40:10Z,95498,1790208587,6.1.187-android14-11-SAGA,49646d1b0cd1,cc_governor,cc_governor,161308,30787,294100,404652,132787,109,61134,18511,156175,183819,95041,2840,adios,0,adios,0,adios,0,48.3,48.9,,36.0,51.5,41.5,22,3715000,-587100,36.0,,,20.59,147644,,1,2000
1790304045,2026-09-25T02:40:45Z,95534,1790208587,6.1.187-android14-11-SAGA,49646d1b0cd1,cc_governor,cc_governor,183609,40533,326533,455643,142914,112,67626,27508,172471,210013,104845,3136,adios,0,adios,0,adios,0,49.4,49.2,,36.0,51.6,41.7,22,3704000,-581000,36.0,,,19.58,88524,,1,2000
1790304080,2026-09-25T02:41:20Z,95569,1790208587,6.1.187-android14-11-SAGA,49646d1b0cd1,cc_governor,cc_governor,211989,55816,359090,510020,147098,116,74127,42969,183493,237407,109304,3440,adios,0,adios,0,adios,0,49.8,52.8,49.0,36.0,52.6,42.0,21,3696000,-618200,36.0,,,19.01,101176,,1,2000
1790304116,2026-09-25T02:41:56Z,95604,1790208587,6.1.187-android14-11-SAGA,49646d1b0cd1,cc_governor,cc_governor,227405,62875,388264,554602,160843,119,80909,48237,200709,261372,119800,3749,adios,0,adios,0,adios,0,49.6,50.2,,36.0,52.0,42.0,21,3708000,-546200,37.0,,,19.57,107352,,1,2000
1790304152,2026-09-25T02:42:32Z,95640,1790208587,6.1.187-android14-11-SAGA,49646d1b0cd1,cc_governor,cc_governor,245945,80983,410318,599697,164364,120,83991,63308,206799,283201,122808,4061,adios,0,adios,0,adios,0,49.7,48.1,,37.0,51.9,41.5,21,3700000,-551700,37.0,,,19.31,116864,,1,2000
1790304186,2026-09-25T02:43:06Z,95675,1790208587,6.1.187-android14-11-SAGA,49646d1b0cd1,cc_governor,cc_governor,264610,97928,432891,643477,168298,121,86916,77491,212885,304111,125980,4343,adios,0,adios,0,adios,0,47.8,48.6,,37.0,52.2,41.5,21,3698000,-513300,37.0,,,19.43,139244,,1,2000
1790304221,2026-09-25T02:43:41Z,95710,1790208587,6.1.187-android14-11-SAGA,49646d1b0cd1,cc_governor,cc_governor,283998,115039,456062,688167,172057,124,90083,91948,219118,325346,129049,4633,adios,0,adios,0,adios,0,48.5,48.7,,37.0,51.1,41.5,21,3681000,-714100,37.0,,,19.35,113100,,1,2000
1790304256,2026-09-25T02:44:16Z,95744,1790208587,6.1.187-android14-11-SAGA,49646d1b0cd1,cc_governor,cc_governor,303780,130396,481095,732784,177306,124,93539,104827,227135,346859,133596,4925,adios,0,adios,0,adios,0,48.1,48.1,,37.0,50.9,41.6,21,3702000,-617600,37.0,,,19.13,106512,,1,2000
1790304291,2026-09-25T02:44:51Z,95779,1790208587,6.1.187-android14-11-SAGA,49646d1b0cd1,cc_governor,cc_governor,323080,144542,507098,777328,183978,126,98034,116282,237747,369911,139713,5199,adios,0,adios,0,adios,0,49.6,51.2,,37.0,53.2,41.9,21,3702000,-932600,37.0,,,19.17,123628,,1,2000
1790304326,2026-09-25T02:45:26Z,95814,1790208587,6.1.187-android14-11-SAGA,49646d1b0cd1,cc_governor,cc_governor,340190,162406,527350,819838,187157,128,100565,130904,243021,390270,142456,5477,adios,0,adios,0,adios,0,48.7,48.1,,37.0,52.8,41.7,21,3705000,-555400,37.0,,,18.47,122776,,1,2000
1790304361,2026-09-25T02:46:01Z,95849,1790208587,6.1.187-android14-11-SAGA,49646d1b0cd1,cc_governor,cc_governor,358944,179360,549870,863592,190918,130,103759,145135,249582,411647,145823,5752,adios,0,adios,0,adios,0,48.2,48.3,45.4,37.0,52.5,41.7,21,3702000,-750700,37.0,,,18.78,105656,,1,2000
1790304396,2026-09-25T02:46:36Z,95884,1790208587,6.1.187-android14-11-SAGA,49646d1b0cd1,cc_governor,cc_governor,377679,199265,569531,907436,191847,130,107291,161528,254028,433401,146716,6044,adios,0,adios,0,adios,0,49.9,49.0,,37.0,54.2,42.1,20,3693000,-419900,37.0,,,18.46,144636,,1,2000
1790304431,2026-09-25T02:47:11Z,95919,1790208587,6.1.187-android14-11-SAGA,49646d1b0cd1,cc_governor,cc_governor,396696,215845,592804,951816,196108,134,110532,175311,260613,454444,150081,6332,adios,0,adios,0,adios,0,48.2,49.2,,37.0,52.8,41.8,20,3710000,-407100,37.0,,,18.56,139088,,1,2000
1790304466,2026-09-25T02:47:46Z,95954,1790208587,6.1.187-android14-11-SAGA,49646d1b0cd1,cc_governor,cc_governor,417215,233218,616866,997709,199645,136,112897,189659,266026,474647,153126,6622,adios,0,adios,0,adios,0,48.1,48.4,,37.0,52.1,41.8,20,3682000,-773900,37.0,,,18.53,135160,,1,2000
1790304501,2026-09-25T02:48:21Z,95989,1790208587,6.1.187-android14-11-SAGA,49646d1b0cd1,cc_governor,cc_governor,436812,249780,640488,1042270,203673,138,116009,203433,272626,495500,156617,6903,adios,0,adios,0,adios,0,48.6,48.7,,37.0,52.0,41.8,20,3698000,-766600,37.0,,,18.35,123804,,1,2000
1790304536,2026-09-25T02:48:56Z,96024,1790208587,6.1.187-android14-11-SAGA,49646d1b0cd1,cc_governor,cc_governor,456186,268775,661362,1086551,205168,139,118475,219247,276427,515635,157952,7196,adios,0,adios,0,adios,0,48.1,49.4,46.0,37.0,52.9,41.8,20,3698000,-576700,37.0,,,19.33,117520,,1,2000
1790304571,2026-09-25T02:49:31Z,96059,1790208587,6.1.187-android14-11-SAGA,49646d1b0cd1,cc_governor,cc_governor,476462,287448,683424,1131629,206944,140,121080,234760,280560,535813,159480,7498,adios,0,adios,0,adios,0,47.6,48.5,,37.0,51.6,42.1,20,3673000,-913000,37.0,,,19.09,116468,,1,2000
1790304606,2026-09-25T02:50:06Z,96094,1790208587,6.1.187-android14-11-SAGA,49646d1b0cd1,cc_governor,cc_governor,498192,299286,713461,1177924,215254,150,128795,244469,296234,562368,167432,7805,adios,0,adios,0,adios,0,50.8,52.2,,38.0,52.8,42.6,20,3698000,-833100,38.0,,,20.36,109976,,1,2000
1790304641,2026-09-25T02:50:41Z,96129,1790208587,6.1.187-android14-11-SAGA,49646d1b0cd1,cc_governor,cc_governor,519092,311622,741995,1223067,222893,150,136241,255163,310361,588187,174117,8102,adios,0,adios,0,adios,0,50.4,50.4,,38.0,53.6,42.9,20,3695000,-431500,38.0,,,20.58,86112,,1,2000
1790304676,2026-09-25T02:51:16Z,96164,1790208587,6.1.187-android14-11-SAGA,49646d1b0cd1,cc_governor,cc_governor,537376,326803,765736,1266515,228359,152,142277,267609,321112,612224,178835,8402,adios,0,adios,0,adios,0,49.3,49.6,,38.0,53.2,42.8,20,3701000,-322200,38.0,,,20.17,104600,,1,2000
1790304711,2026-09-25T02:51:51Z,96199,1790208587,6.1.187-android14-11-SAGA,49646d1b0cd1,cc_governor,cc_governor,556592,341104,790772,1310696,234171,155,145237,274493,327060,625505,181823,8705,adios,0,adios,0,adios,0,47.7,49.6,,38.0,50.6,41.9,19,3708000,-592600,37.0,,,19.37,139284,,1,2000
1790304746,2026-09-25T02:52:26Z,96234,1790208587,6.1.187-android14-11-SAGA,49646d1b0cd1,cc_governor,cc_governor,571656,359647,808119,1350918,236465,156,146607,282417,329315,635918,182713,8978,adios,0,adios,0,adios,0,46.8,47.0,,37.0,50.2,41.6,19,3706000,-402800,37.0,,,19.15,129924,,1,2000
1790304781,2026-09-25T02:53:01Z,96270,1790208587,6.1.187-android14-11-SAGA,49646d1b0cd1,cc_governor,cc_governor,589285,376438,829648,1394041,240335,157,148129,290202,332545,647221,184415,9268,adios,0,adios,0,adios,0,47.1,48.8,45.3,37.0,51.6,41.7,19,3707000,-681700,37.0,,,17.80,127516,,1,2000
1790304816,2026-09-25T02:53:36Z,96305,1790208587,6.1.187-android14-11-SAGA,49646d1b0cd1,cc_governor,cc_governor,605579,391874,851296,1436013,245717,157,149400,296915,335966,657475,186566,9547,adios,0,adios,0,adios,0,47.2,47.2,45.4,37.0,51.2,41.6,19,3710000,-319800,37.0,,,18.12,99452,,1,2000
1790304851,2026-09-25T02:54:11Z,96340,1790208587,6.1.187-android14-11-SAGA,49646d1b0cd1,cc_governor,cc_governor,623452,406705,874829,1479024,251356,158,151067,303819,339852,668586,188785,9835,adios,0,adios,0,adios,0,47.6,47.9,,37.0,50.3,41.8,19,3691000,-418700,37.0,,,18.02,125784,,1,2000
1790304887,2026-09-25T02:54:47Z,96375,1790208587,6.1.187-android14-11-SAGA,49646d1b0cd1,cc_governor,cc_governor,638104,426056,890786,1518961,252651,159,152474,312324,341780,679216,189306,10124,adios,0,adios,0,adios,0,47.4,47.8,,38.0,51.0,41.8,19,3698000,-304500,38.0,,,17.78,116636,,1,2000
1790304922,2026-09-25T02:55:22Z,96410,1790208587,6.1.187-android14-11-SAGA,49646d1b0cd1,cc_governor,cc_governor,652669,445475,906547,1558682,253858,161,153787,320815,343645,689791,189858,10402,adios,0,adios,0,adios,0,47.4,47.4,,38.0,51.6,41.9,19,3706000,-419900,38.0,,,18.35,101504,,1,2000
1790304957,2026-09-25T02:55:57Z,96445,1790208587,6.1.187-android14-11-SAGA,49646d1b0cd1,cc_governor,cc_governor,668585,464479,923775,1599705,255149,163,155029,329373,345378,700411,190349,10690,adios,0,adios,0,adios,0,47.4,49.5,,38.0,51.1,41.9,19,3673000,-629200,38.0,,,18.31,157440,,1,2000
1790304992,2026-09-25T02:56:32Z,96480,1790208587,6.1.187-android14-11-SAGA,49646d1b0cd1,cc_governor,cc_governor,685586,479524,946492,1642365,260903,165,156246,336046,348916,710776,192670,10966,adios,0,adios,0,adios,0,47.3,49.1,,38.0,52.3,41.9,19,3700000,-395500,38.0,,,18.19,133108,,1,2000
1790305027,2026-09-25T02:57:07Z,96515,1790208587,6.1.187-android14-11-SAGA,49646d1b0cd1,cc_governor,cc_governor,702512,495063,968445,1684753,265904,167,157498,342894,352228,721161,194730,11251,adios,0,adios,0,adios,0,47.8,47.9,,38.0,50.1,41.9,19,3672000,-904500,38.0,,,17.47,136844,,1,2000
1790305062,2026-09-25T02:57:42Z,96550,1790208587,6.1.187-android14-11-SAGA,49646d1b0cd1,cc_governor,cc_governor,718744,513257,987037,1726496,268282,168,158781,350919,354535,731651,195754,11531,adios,0,adios,0,adios,0,48.0,53.1,,38.0,50.5,42.1,19,3705000,-501700,38.0,,,18.37,121784,,1,2000
1790305097,2026-09-25T02:58:17Z,96586,1790208587,6.1.187-android14-11-SAGA,49646d1b0cd1,cc_governor,cc_governor,734150,530281,1006466,1767790,272316,170,160565,358155,358201,742755,197636,11822,adios,0,adios,0,adios,0,47.4,48.6,46.7,38.0,50.5,42.1,19,3692000,-581000,38.0,,,18.00,132272,,1,2000
1790305133,2026-09-25T02:58:53Z,96621,1790208587,6.1.187-android14-11-SAGA,49646d1b0cd1,cc_governor,cc_governor,751416,547171,1026994,1809899,275566,172,161629,365458,360679,752696,199050,12109,adios,0,adios,0,adios,0,47.8,47.9,45.8,38.0,51.1,42.1,18,3689000,-476000,38.0,,,17.39,99500,,1,2000
1790305168,2026-09-25T02:59:28Z,96656,1790208587,6.1.187-android14-11-SAGA,49646d1b0cd1,cc_governor,cc_governor,767675,563186,1047884,1851415,280182,173,162747,372330,363759,762873,201012,12412,adios,0,adios,0,adios,0,47.9,47.7,,38.0,51.1,42.2,18,3690000,-775100,38.0,,,17.43,134292,,1,2000
