ts_unix,ts_iso,uptime_s,boot_id,kernel_ver,build_hash,gov_policy0,gov_policy4,cc0_streak,cc0_instant,cc0_confirmed,cc0_total,cc0_topapp_conf,cc0_warp_conf,cc4_streak,cc4_instant,cc4_confirmed,cc4_total,cc4_topapp_conf,cc4_warp_conf,adios_sda_sched,adios_sda_io_pressure,adios_sdb_sched,adios_sdb_io_pressure,adios_sdc_sched,adios_sdc_io_pressure,thermal_cpu0_c,thermal_cpu1_c,thermal_gpu_c,thermal_batt_c,thermal_soc_max_c,thermal_skin_c,battery_pct,battery_uv,battery_ua,battery_temp_c,foreground_pkg,foreground_uid,loadavg_1m,mem_free_kb,sched_nr_running,bore_warp_enabled,bore_warp_us
1790391613,2026-09-26T03:00:13Z,183101,1790208587,6.1.187-android14-11-SAGA,49646d1b0cd1,cc_governor,cc_governor,26520,514209,231225,803608,204705,2666,22365,109608,70051,192131,47691,44969,adios,0,adios,0,adios,0,47.0,45.4,,33.0,50.8,37.5,28,3887000,720200,33.0,,,18.09,149672,,1,2000
1790391647,2026-09-26T03:00:47Z,183135,1790208587,6.1.187-android14-11-SAGA,49646d1b0cd1,cc_governor,cc_governor,26520,514453,231313,803945,204793,2666,24567,113450,75236,204213,50673,45088,adios,0,adios,0,adios,0,50.1,48.1,,33.0,53.3,39.3,29,3872000,494900,33.0,,,24.53,118308,,1,2000
1790391681,2026-09-26T03:01:21Z,183169,1790208587,6.1.187-android14-11-SAGA,49646d1b0cd1,cc_governor,cc_governor,26520,514730,231437,804350,204917,2666,25327,118670,78972,216354,53649,45212,adios,0,adios,0,adios,0,49.2,47.1,,34.0,53.4,39.4,29,3860000,528500,34.0,,,25.68,113824,,1,2000
1790391715,2026-09-26T03:01:55Z,183204,1790208587,6.1.187-android14-11-SAGA,49646d1b0cd1,cc_governor,cc_governor,26520,514952,231527,804664,205007,2666,25651,121689,80539,221712,54888,45321,adios,0,adios,0,adios,0,50.0,46.8,,34.0,54.2,39.3,29,3871000,490100,34.0,,,27.18,107240,,1,2000
1790391750,2026-09-26T03:02:30Z,183238,1790208587,6.1.187-android14-11-SAGA,49646d1b0cd1,cc_governor,cc_governor,26522,515231,231677,805099,205155,2666,25903,124489,82422,228341,56522,45459,adios,0,adios,0,adios,0,48.6,47.3,,34.0,52.4,39.6,29,3887000,527300,34.0,,,28.40,92364,,1,2000
1790391784,2026-09-26T03:03:04Z,183272,1790208587,6.1.187-android14-11-SAGA,49646d1b0cd1,cc_governor,cc_governor,26522,515464,231805,805469,205283,2666,26107,127388,84208,235080,58101,45577,adios,0,adios,0,adios,0,49.9,48.0,,34.0,54.1,39.9,29,3875000,549900,34.0,,,27.92,98936,,1,2000
1790391818,2026-09-26T03:03:38Z,183307,1790208587,6.1.187-android14-11-SAGA,49646d1b0cd1,cc_governor,cc_governor,26522,515621,231929,805752,205407,2666,26415,130092,86146,241071,59731,45711,adios,0,adios,0,adios,0,49.4,47.9,,35.0,54.0,40.1,29,3883000,545000,35.0,,,28.72,109752,,1,2000
1790391853,2026-09-26T03:04:13Z,183342,1790208587,6.1.187-android14-11-SAGA,49646d1b0cd1,cc_governor,cc_governor,26522,515774,232085,806064,205563,2666,27358,132493,89757,249088,62408,45853,adios,0,adios,0,adios,0,50.8,50.5,,35.0,54.4,40.8,30,3869000,469900,35.0,,,29.73,101260,,1,2000
1790391888,2026-09-26T03:04:48Z,183376,1790208587,6.1.187-android14-11-SAGA,49646d1b0cd1,cc_governor,cc_governor,26526,516126,232432,806768,205906,2666,28473,136214,93534,261229,65069,45998,adios,0,adios,0,adios,0,51.4,50.7,,35.0,59.3,41.5,30,3857000,333800,35.0,,,28.84,114276,,1,2000
1790391922,2026-09-26T03:05:22Z,183410,1790208587,6.1.187-android14-11-SAGA,49646d1b0cd1,cc_governor,cc_governor,26548,516336,233010,807584,206462,2667,29562,138247,98577,273884,69015,46165,adios,0,adios,0,adios,0,50.8,49.1,,35.0,55.7,41.2,30,3863000,242300,35.0,,,27.98,502808,,1,2000
1790391956,2026-09-26T03:05:56Z,183445,1790208587,6.1.187-android14-11-SAGA,49646d1b0cd1,cc_governor,cc_governor,26548,516529,233171,807940,206623,2667,29913,141406,101756,280901,71841,46322,adios,0,adios,0,adios,0,50.4,48.5,,36.0,53.7,40.8,30,3876000,585900,36.0,,,28.26,739208,,1,2000
1790391991,2026-09-26T03:06:31Z,183479,1790208587,6.1.187-android14-11-SAGA,49646d1b0cd1,cc_governor,cc_governor,26548,516603,233247,808090,206699,2667,29979,143895,103350,285445,73378,46458,adios,0,adios,0,adios,0,49.4,48.1,,36.0,54.0,40.7,30,3875000,589600,36.0,,,28.60,389204,,1,2000
1790392025,2026-09-26T03:07:05Z,183513,1790208587,6.1.187-android14-11-SAGA,49646d1b0cd1,cc_governor,cc_governor,26548,516689,233264,808194,206716,2667,30198,146781,105165,291368,74967,46595,adios,0,adios,0,adios,0,51.7,49.9,,36.0,58.2,41.4,30,3875000,-5400,36.0,,,30.85,118372,,1,2000
1790392059,2026-09-26T03:07:39Z,183548,1790208587,6.1.187-android14-11-SAGA,49646d1b0cd1,cc_governor,cc_governor,26554,516856,233344,808442,206790,2667,30956,150570,108175,299332,77219,46798,adios,0,adios,0,adios,0,50.3,48.8,,36.0,55.3,41.3,31,3875000,534600,36.0,,,29.87,120064,,1,2000
1790392094,2026-09-26T03:08:14Z,183582,1790208587,6.1.187-android14-11-SAGA,49646d1b0cd1,cc_governor,cc_governor,26554,517057,233368,808668,206814,2667,31241,153403,109715,304501,78474,46973,adios,0,adios,0,adios,0,51.5,49.9,,36.0,54.2,40.9,31,3871000,230700,36.0,,,29.38,78564,,1,2000
1790392128,2026-09-26T03:08:48Z,183616,1790208587,6.1.187-android14-11-SAGA,49646d1b0cd1,cc_governor,cc_governor,26554,517285,233386,808916,206832,2667,31507,157444,110552,310721,79045,47103,adios,0,adios,0,adios,0,50.9,50.2,,36.0,54.5,41.2,31,3888000,478500,36.0,,,28.73,529484,,1,2000
1790392163,2026-09-26T03:09:23Z,183651,1790208587,6.1.187-android14-11-SAGA,49646d1b0cd1,cc_governor,cc_governor,26555,517517,233483,809245,206928,2667,31733,161051,112534,318129,80806,47236,adios,0,adios,0,adios,0,51.1,50.5,,36.0,56.9,41.5,31,3864000,409500,36.0,,,27.45,170608,,1,2000
1790392197,2026-09-26T03:09:57Z,183686,1790208587,6.1.187-android14-11-SAGA,49646d1b0cd1,cc_governor,cc_governor,26555,517753,233602,809601,207047,2667,32014,163414,114269,323228,82255,47362,adios,0,adios,0,adios,0,50.9,49.0,,36.0,55.9,41.3,31,3876000,555400,36.0,,,28.09,412148,,1,2000
1790392232,2026-09-26T03:10:32Z,183720,1790208587,6.1.187-android14-11-SAGA,49646d1b0cd1,cc_governor,cc_governor,26555,518071,233690,810011,207135,2667,32136,167029,115239,328812,83103,47509,adios,0,adios,0,adios,0,51.2,50.4,,36.0,55.3,41.5,31,3879000,602400,36.0,,,27.64,505200,,1,2000
1790392266,2026-09-26T03:11:06Z,183754,1790208587,6.1.187-android14-11-SAGA,49646d1b0cd1,cc_governor,cc_governor,26555,518413,233738,810401,207183,2667,32252,170256,116013,334064,83761,47618,adios,0,adios,0,adios,0,51.1,49.2,,36.0,55.2,41.2,31,3874000,607900,36.0,,,28.26,137828,,1,2000
1790392300,2026-09-26T03:11:40Z,183789,1790208587,6.1.187-android14-11-SAGA,49646d1b0cd1,cc_governor,cc_governor,26557,518873,233869,811001,207312,2667,32677,173033,117762,340167,85085,47761,adios,0,adios,0,adios,1,51.5,50.5,,36.0,54.8,41.5,32,3876000,598700,36.0,,,28.39,118604,,1,2000
1790392334,2026-09-26T03:12:14Z,183823,1790208587,6.1.187-android14-11-SAGA,49646d1b0cd1,cc_governor,cc_governor,26558,519348,234453,812068,207899,2667,34195,176506,121578,351517,87383,47890,adios,0,adios,0,adios,12,53.6,50.5,,36.0,56.3,42.5,32,3876000,651200,36.0,,,26.95,106964,,1,2000
1790392369,2026-09-26T03:12:49Z,183857,1790208587,6.1.187-android14-11-SAGA,49646d1b0cd1,cc_governor,cc_governor,26866,521214,236834,816655,209968,2673,34713,178092,124393,358404,89680,48026,adios,0,adios,0,adios,0,47.3,46.7,,36.0,49.9,41.1,32,3876000,408300,36.0,,,23.64,1320096,,1,2000
1790392404,2026-09-26T03:13:24Z,183892,1790208587,6.1.187-android14-11-SAGA,49646d1b0cd1,cc_governor,cc_governor,27199,524753,241307,825376,214108,2686,35914,179215,127014,362366,91100,48443,adios,0,adios,0,adios,0,42.1,42.8,,36.0,46.3,39.4,32,3895000,804400,36.0,,,20.71,260904,,1,2000
1790392439,2026-09-26T03:13:59Z,183928,1790208587,6.1.187-android14-11-SAGA,49646d1b0cd1,cc_governor,cc_governor,27257,528966,242680,831386,215436,2698,35914,179761,127593,363519,91683,48831,adios,0,adios,0,adios,0,41.5,41.9,,36.0,45.1,38.6,32,3898000,786700,36.0,,,18.42,222076,,1,2000
1790392475,2026-09-26T03:14:35Z,183964,1790208587,6.1.187-android14-11-SAGA,49646d1b0cd1,cc_governor,cc_governor,27316,533929,244150,838374,216834,2706,35935,180875,127801,364924,91866,49238,adios,0,adios,0,adios,0,41.1,41.7,,36.0,44.3,38.2,33,3897000,814800,36.0,,,17.24,97560,,1,2000
1790392510,2026-09-26T03:15:10Z,183999,1790208587,6.1.187-android14-11-SAGA,49646d1b0cd1,cc_governor,cc_governor,27405,537462,246310,844560,218905,2717,35937,181326,128522,366153,92585,49606,adios,0,adios,0,adios,0,40.4,41.2,,36.0,43.8,37.8,33,3892000,925900,36.0,,,16.12,101112,,1,2000
1790392546,2026-09-26T03:15:46Z,184034,1790208587,6.1.187-android14-11-SAGA,49646d1b0cd1,cc_governor,cc_governor,27419,541861,247119,850233,219700,2730,35937,182367,128563,367282,92626,49987,adios,0,adios,0,adios,0,40.3,40.8,,35.0,43.6,37.5,33,3901000,866000,35.0,,,15.40,94552,,1,2000
1790392581,2026-09-26T03:16:21Z,184069,1790208587,6.1.187-android14-11-SAGA,49646d1b0cd1,cc_governor,cc_governor,27441,546777,247742,856233,220318,2741,35937,183432,128616,368422,92685,50358,adios,0,adios,0,adios,0,40.2,40.5,,35.0,44.2,37.2,33,3905000,917300,35.0,,,15.15,104144,,1,2000
1790392616,2026-09-26T03:16:56Z,184105,1790208587,6.1.187-android14-11-SAGA,49646d1b0cd1,cc_governor,cc_governor,27496,549705,250418,862261,222922,2756,35950,183702,129523,369674,93573,50740,adios,0,adios,0,adios,0,39.7,40.0,,35.0,43.7,37.0,33,3907000,876400,35.0,,,14.80,103148,,1,2000
1790392652,2026-09-26T03:17:32Z,184140,1790208587,6.1.187-android14-11-SAGA,49646d1b0cd1,cc_governor,cc_governor,27828,557429,252611,872973,224783,2772,38269,184760,132257,373529,93988,51178,adios,0,adios,0,adios,0,40.2,40.4,,35.0,44.5,37.1,34,3900000,773900,35.0,,,14.79,92488,,1,2000
1790392687,2026-09-26T03:18:07Z,184175,1790208587,6.1.187-android14-11-SAGA,49646d1b0cd1,cc_governor,cc_governor,27844,562351,253078,878783,225234,2785,38269,185839,132283,374664,94014,51558,adios,0,adios,0,adios,0,39.6,40.0,,35.0,43.7,36.9,34,3910000,926500,35.0,,,14.57,83636,,1,2000
1790392722,2026-09-26T03:18:42Z,184210,1790208587,6.1.187-android14-11-SAGA,49646d1b0cd1,cc_governor,cc_governor,27890,566041,254958,884831,227078,2798,38269,186158,133041,375765,94778,51930,adios,0,adios,0,adios,0,39.4,40.2,,34.0,42.6,36.7,34,3902000,895300,35.0,,,14.54,98936,,1,2000
1790392757,2026-09-26T03:19:17Z,184246,1790208587,6.1.187-android14-11-SAGA,49646d1b0cd1,cc_governor,cc_governor,27911,569993,256438,890741,228539,2813,38269,186908,133382,376878,95116,52310,adios,0,adios,0,adios,0,39.4,40.1,,35.0,42.6,36.6,34,3910000,902100,34.0,,,14.46,76124,,1,2000
1790392793,2026-09-26T03:19:53Z,184281,1790208587,6.1.187-android14-11-SAGA,49646d1b0cd1,cc_governor,cc_governor,27940,573927,258390,897088,230464,2828,38269,187592,133835,378073,95572,52708,adios,0,adios,0,adios,0,39.4,40.8,,34.0,42.6,36.6,35,3895000,903300,34.0,,,14.65,88412,,1,2000
1790392828,2026-09-26T03:20:28Z,184317,1790208587,6.1.187-android14-11-SAGA,49646d1b0cd1,cc_governor,cc_governor,27964,577601,260189,903034,232238,2838,38274,188252,134313,379228,96043,53088,adios,0,adios,0,adios,0,39.2,43.4,,34.0,43.7,36.5,35,3911000,908200,34.0,,,14.58,101424,,1,2000
1790392864,2026-09-26T03:21:04Z,184352,1790208587,6.1.187-android14-11-SAGA,49646d1b0cd1,cc_governor,cc_governor,28151,580451,263573,909819,235422,2856,38860,188874,135793,381643,96933,53476,adios,0,adios,0,adios,0,39.4,39.7,,34.0,43.4,36.6,35,3899000,609100,34.0,,,14.48,111940,,1,2000
1790392899,2026-09-26T03:21:39Z,184387,1790208587,6.1.187-android14-11-SAGA,49646d1b0cd1,cc_governor,cc_governor,28234,583410,266307,916029,238073,2867,38874,189851,136101,383065,97227,53854,adios,0,adios,0,adios,0,39.2,39.6,,34.0,42.7,36.5,35,3908000,899000,34.0,,,14.50,177952,,1,2000
1790392934,2026-09-26T03:22:14Z,184423,1790208587,6.1.187-android14-11-SAGA,49646d1b0cd1,cc_governor,cc_governor,28283,588561,266709,922068,238426,2883,38875,190996,136135,384338,97260,54224,adios,0,adios,0,adios,0,39.0,41.4,,34.0,42.8,36.5,35,3912000,786700,34.0,,,14.58,88248,,1,2000
1790392970,2026-09-26T03:22:50Z,184458,1790208587,6.1.187-android14-11-SAGA,49646d1b0cd1,cc_governor,cc_governor,28414,591575,269970,928851,241556,2897,39082,191822,136822,385960,97740,54608,adios,0,adios,0,adios,0,39.0,39.5,,34.0,42.2,36.4,36,3917000,921000,34.0,,,14.76,121384,,1,2000
1790393005,2026-09-26T03:23:25Z,184494,1790208587,6.1.187-android14-11-SAGA,49646d1b0cd1,cc_governor,cc_governor,29474,595797,272016,935520,242542,2909,39147,192878,136992,387210,97845,55005,adios,0,adios,0,adios,0,38.7,39.5,,34.0,42.1,36.3,36,3909000,950300,34.0,,,14.50,138108,,1,2000
1790393041,2026-09-26T03:24:01Z,184529,1790208587,6.1.187-android14-11-SAGA,49646d1b0cd1,cc_governor,cc_governor,29490,600553,272597,941291,243107,2920,39147,193931,137066,388365,97919,55390,adios,0,adios,0,adios,0,38.7,39.4,,34.0,43.3,36.2,36,3911000,813500,34.0,,,14.49,130140,,1,2000
1790393076,2026-09-26T03:24:36Z,184564,1790208587,6.1.187-android14-11-SAGA,49646d1b0cd1,cc_governor,cc_governor,29544,603937,274897,947412,245371,2932,39147,194105,138005,389504,98859,55777,adios,0,adios,0,adios,0,38.6,41.1,,34.0,42.3,36.2,36,3911000,866000,34.0,,,14.43,126028,,1,2000
1790393112,2026-09-26T03:25:12Z,184600,1790208587,6.1.187-android14-11-SAGA,49646d1b0cd1,cc_governor,cc_governor,29601,608204,276701,953899,247113,2946,39148,195060,138247,390741,99103,56183,adios,0,adios,0,adios,0,39.0,41.3,,34.0,42.3,36.2,37,3913000,820300,34.0,,,14.40,111936,,1,2000
1790393148,2026-09-26T03:25:48Z,184636,1790208587,6.1.187-android14-11-SAGA,49646d1b0cd1,cc_governor,cc_governor,29611,612430,277764,959612,248165,2952,39148,196015,138418,391884,99275,56578,adios,0,adios,0,adios,0,38.5,40.9,,34.0,43.6,36.1,37,3918000,822700,34.0,,,14.45,129940,,1,2000
1790393183,2026-09-26T03:26:23Z,184671,1790208587,6.1.187-android14-11-SAGA,49646d1b0cd1,cc_governor,cc_governor,29625,616893,278641,965367,249016,2963,39148,196918,138643,393030,99495,56960,adios,0,adios,0,adios,0,38.7,39.1,,34.0,42.6,36.1,37,3915000,965500,34.0,,,14.48,128840,,1,2000
1790393218,2026-09-26T03:26:58Z,184707,1790208587,6.1.187-android14-11-SAGA,49646d1b0cd1,cc_governor,cc_governor,29675,620878,279874,971041,250199,2971,39149,197974,138709,394177,99560,57353,adios,0,adios,0,adios,0,38.9,40.3,,34.0,41.4,36.0,37,3923000,869700,34.0,,,14.73,121676,,1,2000
1790393254,2026-09-26T03:27:34Z,184742,1790208587,6.1.187-android14-11-SAGA,49646d1b0cd1,cc_governor,cc_governor,29689,625992,280442,977222,250753,2983,39149,199058,138729,395307,99580,57750,adios,0,adios,0,adios,0,38.8,40.4,,34.0,43.1,36.1,37,3923000,916100,34.0,,,14.63,91676,,1,2000
1790393289,2026-09-26T03:28:09Z,184777,1790208587,6.1.187-android14-11-SAGA,49646d1b0cd1,cc_governor,cc_governor,29733,628971,283433,983629,253712,2994,39149,199608,139353,396533,100209,58130,adios,0,adios,0,adios,0,38.7,39.3,,34.0,41.8,36.0,38,3922000,899000,34.0,,,14.76,101376,,1,2000
1790393324,2026-09-26T03:28:44Z,184812,1790208587,6.1.187-android14-11-SAGA,49646d1b0cd1,cc_governor,cc_governor,29795,631749,286128,989548,256333,3005,39149,199738,140327,397666,101178,58508,adios,0,adios,0,adios,0,38.7,39.2,,34.0,41.9,36.0,38,3925000,861200,34.0,,,14.58,111900,,1,2000
1790393360,2026-09-26T03:29:20Z,184848,1790208587,6.1.187-android14-11-SAGA,49646d1b0cd1,cc_governor,cc_governor,29816,633695,288949,994675,259142,3019,39149,200686,140492,398820,101347,58879,adios,0,adios,0,adios,0,38.5,39.4,,34.0,41.9,35.9,38,3924000,853200,34.0,,,14.54,104972,,1,2000
1790393395,2026-09-26T03:29:55Z,184883,1790208587,6.1.187-android14-11-SAGA,49646d1b0cd1,cc_governor,cc_governor,29841,637126,290570,1000164,260729,3027,39149,201470,140801,399946,101652,59268,adios,0,adios,0,adios,0,38.7,39.0,,34.0,41.8,35.9,38,3918000,723800,34.0,,,14.54,105960,,1,2000
1790393431,2026-09-26T03:30:31Z,184919,1790208587,6.1.187-android14-11-SAGA,49646d1b0cd1,cc_governor,cc_governor,29894,641923,291693,1006544,261813,3040,39151,202518,141030,401308,101884,59646,adios,0,adios,0,adios,0,39.4,40.0,,34.0,42.3,36.0,39,3919000,834300,34.0,,,14.63,157140,,1,2000
1790393466,2026-09-26T03:31:06Z,184954,1790208587,6.1.187-android14-11-SAGA,49646d1b0cd1,cc_governor,cc_governor,29940,645778,293563,1012698,263623,3051,39151,202713,141910,402412,102759,60030,adios,0,adios,0,adios,0,38.8,39.4,,34.0,41.8,35.9,39,3925000,896600,34.0,,,14.70,158644,,1,2000
1790393501,2026-09-26T03:31:41Z,184989,1790208587,6.1.187-android14-11-SAGA,49646d1b0cd1,cc_governor,cc_governor,30011,649405,295755,1018954,265744,3071,39182,202998,142849,403671,103667,60391,adios,0,adios,0,adios,0,38.9,39.2,,34.0,42.4,35.9,39,3929000,859300,34.0,,,14.48,152684,,1,2000
1790393536,2026-09-26T03:32:16Z,185025,1790208587,6.1.187-android14-11-SAGA,49646d1b0cd1,cc_governor,cc_governor,30041,653500,296798,1024482,266757,3084,39182,204044,142914,404809,103732,60754,adios,0,adios,0,adios,0,38.6,38.7,,34.0,41.8,35.9,39,3927000,904500,34.0,,,14.43,155152,,1,2000
1790393572,2026-09-26T03:32:52Z,185060,1790208587,6.1.187-android14-11-SAGA,49646d1b0cd1,cc_governor,cc_governor,30060,658282,297281,1030104,267221,3098,39182,205144,142936,405959,103754,61139,adios,0,adios,0,adios,0,38.5,38.9,,34.0,42.0,35.9,39,3929000,792200,34.0,,,14.40,159252,,1,2000
1790393607,2026-09-26T03:33:27Z,185095,1790208587,6.1.187-android14-11-SAGA,49646d1b0cd1,cc_governor,cc_governor,30165,663308,298255,1036552,268090,3113,39182,206251,142986,407157,103804,61535,adios,0,adios,0,adios,0,38.5,39.5,,34.0,41.6,35.9,40,3929000,882500,34.0,,,14.73,153696,,1,2000
1790393642,2026-09-26T03:34:02Z,185131,1790208587,6.1.187-android14-11-SAGA,49646d1b0cd1,cc_governor,cc_governor,30175,666449,300006,1041792,269842,3129,39182,207235,143102,408285,103925,61913,adios,0,adios,0,adios,0,38.6,40.9,,34.0,43.4,35.9,40,3921000,750700,34.0,,,14.80,145876,,1,2000
1790393678,2026-09-26T03:34:38Z,185166,1790208587,6.1.187-android14-11-SAGA,49646d1b0cd1,cc_governor,cc_governor,30215,668666,303198,1047583,272983,3143,39182,207363,144077,409410,104895,62292,adios,0,adios,0,adios,0,38.7,39.3,,34.0,41.9,35.8,40,3928000,831200,34.0,,,14.61,131388,,1,2000
1790393713,2026-09-26T03:35:13Z,185201,1790208587,6.1.187-android14-11-SAGA,49646d1b0cd1,cc_governor,cc_governor,30284,673223,304143,1053476,273859,3155,39182,208304,144244,410548,105062,62674,adios,0,adios,0,adios,0,38.6,39.1,,34.0,42.6,35.8,40,3926000,758600,34.0,,,14.64,102068,,1,2000
1790393749,2026-09-26T03:35:49Z,185237,1790208587,6.1.187-android14-11-SAGA,49646d1b0cd1,cc_governor,cc_governor,30321,677890,305010,1059446,274698,3166,39182,209171,144502,411698,105323,63064,adios,0,adios,0,adios,0,38.5,39.1,,34.0,43.0,36.0,41,3926000,895300,34.0,,,14.62,103432,,1,2000
1790393784,2026-09-26T03:36:24Z,185272,1790208587,6.1.187-android14-11-SAGA,49646d1b0cd1,cc_governor,cc_governor,30371,681758,307075,1065847,276715,3186,39182,209460,145377,412910,106200,63437,adios,0,adios,0,adios,0,39.2,39.0,,34.0,42.1,35.8,41,3929000,821500,34.0,,,14.59,100076,,1,2000
1790393819,2026-09-26T03:36:59Z,185308,1790208587,6.1.187-android14-11-SAGA,49646d1b0cd1,cc_governor,cc_governor,30451,683736,310553,1071814,280111,3197,39198,209592,146416,414105,107222,63811,adios,0,adios,0,adios,0,38.5,39.7,,34.0,45.8,35.9,41,3917000,845300,34.0,,,14.55,154304,,1,2000
1790393854,2026-09-26T03:37:35Z,185343,1790208587,6.1.187-android14-11-SAGA,49646d1b0cd1,cc_governor,cc_governor,30472,687910,311948,1077875,281476,3210,39198,210524,146647,415351,107449,64186,adios,0,adios,0,adios,0,38.5,38.8,,34.0,42.5,35.8,41,3938000,942900,34.0,,,14.39,145108,,1,2000
1790393890,2026-09-26T03:38:10Z,185378,1790208587,6.1.187-android14-11-SAGA,49646d1b0cd1,cc_governor,cc_governor,30498,692414,312581,1083460,282099,3225,39198,211566,146703,416482,107508,64582,adios,0,adios,0,adios,0,38.3,39.0,,34.0,41.4,35.8,41,3938000,874000,34.0,,,14.44,132752,,1,2000
1790393925,2026-09-26T03:38:45Z,185414,1790208587,6.1.187-android14-11-SAGA,49646d1b0cd1,cc_governor,cc_governor,30556,696310,314423,1089591,283867,3239,39200,212460,146980,417684,107780,64973,adios,0,adios,0,adios,0,38.6,38.7,,34.0,42.4,35.8,42,3936000,854400,34.0,,,14.48,139800,,1,2000
1790393961,2026-09-26T03:39:21Z,185449,1790208587,6.1.187-android14-11-SAGA,49646d1b0cd1,cc_governor,cc_governor,30574,700900,315150,1095284,284576,3251,39200,213523,147009,418800,107809,65359,adios,0,adios,0,adios,0,38.3,38.9,,34.0,41.8,35.8,42,3935000,844100,34.0,,,14.49,132592,,1,2000
1790393996,2026-09-26T03:39:56Z,185484,1790208587,6.1.187-android14-11-SAGA,49646d1b0cd1,cc_governor,cc_governor,30590,705057,316081,1100766,285500,3266,39200,214608,147077,419975,107882,65761,adios,0,adios,0,adios,0,38.5,39.7,,34.0,43.4,35.8,42,3939000,922200,34.0,,,14.35,112508,,1,2000
1790394031,2026-09-26T03:40:31Z,185520,1790208587,6.1.187-android14-11-SAGA,49646d1b0cd1,cc_governor,cc_governor,30675,705739,320568,1106422,289893,3280,39200,214671,148106,421103,108906,66132,adios,0,adios,0,adios,0,38.7,39.1,,34.0,41.6,35.7,42,3941000,845300,34.0,,,14.31,101836,,1,2000
1790394067,2026-09-26T03:41:07Z,185556,1790208587,6.1.187-android14-11-SAGA,49646d1b0cd1,cc_governor,cc_governor,30750,710080,321703,1112348,290953,3292,39271,215827,148236,422475,108965,66514,adios,0,adios,0,adios,0,39.6,41.9,,34.0,42.7,35.9,42,3935000,878900,34.0,,,14.49,132320,,1,2000
1790394102,2026-09-26T03:41:42Z,185591,1790208587,6.1.187-android14-11-SAGA,49646d1b0cd1,cc_governor,cc_governor,30837,713116,325094,1119426,294257,3304,39288,216199,149120,423770,109832,66897,adios,0,adios,0,adios,0,38.5,39.0,,34.0,44.5,35.8,43,3932000,731800,34.0,,,14.81,134404,,1,2000
1790394138,2026-09-26T03:42:18Z,185626,1790208587,6.1.187-android14-11-SAGA,49646d1b0cd1,cc_governor,cc_governor,31091,717997,327162,1126977,296073,3323,39908,217618,149875,426105,109973,67289,adios,0,adios,0,adios,0,38.8,39.3,,34.0,42.1,36.0,43,3941000,822700,34.0,,,14.71,84852,,1,2000
1790394173,2026-09-26T03:42:53Z,185661,1790208587,6.1.187-android14-11-SAGA,49646d1b0cd1,cc_governor,cc_governor,31119,721550,329450,1133312,298341,3335,39908,217801,150805,427245,110902,67670,adios,0,adios,0,adios,0,38.6,39.4,,34.0,42.8,35.8,43,3943000,877600,34.0,,,14.47,94644,,1,2000
1790394208,2026-09-26T03:43:28Z,185696,1790208587,6.1.187-android14-11-SAGA,49646d1b0cd1,cc_governor,cc_governor,31142,724161,332416,1139308,301299,3346,39909,217929,151768,428357,111864,68055,adios,0,adios,0,adios,0,39.0,39.0,,34.0,42.4,35.8,43,3934000,698200,34.0,,,14.47,91804,,1,2000
1790394243,2026-09-26T03:44:03Z,185732,1790208587,6.1.187-android14-11-SAGA,49646d1b0cd1,cc_governor,cc_governor,31160,728886,333422,1145432,302262,3358,39909,218990,151871,429561,111962,68442,adios,0,adios,0,adios,0,38.6,39.0,,34.0,41.6,35.8,44,3927000,770200,34.0,,,14.45,86108,,1,2000
1790394279,2026-09-26T03:44:39Z,185767,1790208587,6.1.187-android14-11-SAGA,49646d1b0cd1,cc_governor,cc_governor,31500,734349,335293,1153239,303810,3368,40187,220244,152294,431304,112112,68823,adios,0,adios,0,adios,0,39.0,39.6,,34.0,42.1,35.9,44,3947000,869700,34.0,,,14.77,91048,,1,2000
1790394314,2026-09-26T03:45:14Z,185802,1790208587,6.1.187-android14-11-SAGA,49646d1b0cd1,cc_governor,cc_governor,31516,738823,336317,1159194,304811,3378,40187,221172,152515,432474,112332,69217,adios,0,adios,0,adios,0,38.8,39.7,,34.0,42.3,35.8,44,3939000,795800,34.0,,,14.65,81892,,1,2000
1790394349,2026-09-26T03:45:49Z,185838,1790208587,6.1.187-android14-11-SAGA,49646d1b0cd1,cc_governor,cc_governor,32114,742417,339043,1166029,306929,3387,40255,222095,153027,434110,112772,69625,adios,0,adios,0,adios,0,38.8,39.2,,34.0,41.9,35.8,44,3945000,897800,34.0,,,14.58,145548,,1,2000
1790394385,2026-09-26T03:46:25Z,185874,1790208587,6.1.187-android14-11-SAGA,49646d1b0cd1,cc_governor,cc_governor,32162,747575,339615,1172225,307453,3399,40255,223209,153048,435271,112793,70013,adios,0,adios,0,adios,0,38.5,38.8,,34.0,41.7,35.8,44,3940000,717700,34.0,,,14.80,135932,,1,2000
1790394421,2026-09-26T03:47:01Z,185909,1790208587,6.1.187-android14-11-SAGA,49646d1b0cd1,cc_governor,cc_governor,32190,752457,340518,1178468,308328,3412,40255,224343,153073,436472,112818,70416,adios,0,adios,0,adios,0,38.5,39.1,,34.0,41.8,35.7,45,3946000,787900,34.0,,,14.74,139548,,1,2000
1790394456,2026-09-26T03:47:36Z,185944,1790208587,6.1.187-android14-11-SAGA,49646d1b0cd1,cc_governor,cc_governor,32250,757310,341008,1184253,308758,3425,40344,225472,153190,437744,112846,70798,adios,0,adios,0,adios,0,38.4,39.0,,34.0,41.9,35.7,45,3950000,877600,34.0,,,14.57,130704,,1,2000
1790394491,2026-09-26T03:48:11Z,185980,1790208587,6.1.187-android14-11-SAGA,49646d1b0cd1,cc_governor,cc_governor,32382,762408,342390,1191218,310022,3441,40404,226381,153625,439131,113224,71185,adios,0,adios,0,adios,0,38.8,39.5,,34.0,41.6,35.9,45,3952000,836700,34.0,,,14.64,131136,,1,2000
1790394527,2026-09-26T03:48:47Z,186015,1790208587,6.1.187-android14-11-SAGA,49646d1b0cd1,cc_governor,cc_governor,32403,766033,344283,1197189,311880,3457,40404,226756,154340,440244,113936,71581,adios,0,adios,0,adios,0,38.4,38.9,,34.0,42.2,35.7,45,3938000,922200,34.0,,,14.59,136296,,1,2000
1790394562,2026-09-26T03:49:22Z,186050,1790208587,6.1.187-android14-11-SAGA,49646d1b0cd1,cc_governor,cc_governor,32438,770994,345590,1203987,313152,3471,40407,227908,154393,441487,113986,71959,adios,0,adios,0,adios,0,38.7,39.4,,34.0,42.7,35.8,46,3955000,957000,34.0,,,14.67,121480,,1,2000
1790394597,2026-09-26T03:49:57Z,186086,1790208587,6.1.187-android14-11-SAGA,49646d1b0cd1,cc_governor,cc_governor,32452,775651,346119,1209648,313676,3480,40407,228989,154457,442654,114056,72348,adios,0,adios,0,adios,0,38.5,38.8,,34.0,42.0,35.7,46,3952000,733000,34.0,,,14.53,128680,,1,2000
1790394633,2026-09-26T03:50:33Z,186121,1790208587,6.1.187-android14-11-SAGA,49646d1b0cd1,cc_governor,cc_governor,32494,779107,348220,1215716,315726,3490,40408,229499,155042,443775,114634,72727,adios,0,adios,0,adios,0,38.8,38.8,,34.0,41.4,35.7,46,3953000,816000,34.0,,,14.57,112980,,1,2000
1790394668,2026-09-26T03:51:08Z,186156,1790208587,6.1.187-android14-11-SAGA,49646d1b0cd1,cc_governor,cc_governor,32534,783925,348816,1221553,316282,3504,40411,230587,155065,444912,114654,73109,adios,0,adios,0,adios,0,38.4,38.7,,34.0,42.5,35.7,46,3959000,905700,34.0,,,14.62,109228,,1,2000
1790394704,2026-09-26T03:51:44Z,186192,1790208587,6.1.187-android14-11-SAGA,49646d1b0cd1,cc_governor,cc_governor,32578,785619,352793,1227742,320215,3517,40437,230863,156004,446157,115567,73513,adios,0,adios,0,adios,0,38.0,39.4,,34.0,41.4,35.7,46,3946000,862400,34.0,,,14.55,136152,,1,2000
1790394739,2026-09-26T03:52:19Z,186228,1790208587,6.1.187-android14-11-SAGA,49646d1b0cd1,cc_governor,cc_governor,32631,790535,353960,1234297,321329,3532,40440,231984,156063,447366,115623,73894,adios,0,adios,0,adios,0,38.2,38.7,,34.0,41.9,35.7,47,3963000,634700,34.0,,,14.45,137828,,1,2000
1790394775,2026-09-26T03:52:55Z,186263,1790208587,6.1.187-android14-11-SAGA,49646d1b0cd1,cc_governor,cc_governor,32643,795182,354542,1239934,321899,3546,40440,233098,156099,448543,115659,74282,adios,0,adios,0,adios,0,38.5,39.2,,34.0,41.5,35.7,47,3959000,883700,34.0,,,14.41,131392,,1,2000
1790394810,2026-09-26T03:53:30Z,186298,1790208587,6.1.187-android14-11-SAGA,49646d1b0cd1,cc_governor,cc_governor,32672,798694,356611,1245992,323939,3558,40440,233485,156843,449706,116403,74666,adios,0,adios,0,adios,0,38.3,39.3,,34.0,41.6,35.6,47,3964000,891700,34.0,,,14.71,123648,,1,2000
1790394845,2026-09-26T03:54:05Z,186334,1790208587,6.1.187-android14-11-SAGA,49646d1b0cd1,cc_governor,cc_governor,32764,803569,357279,1252065,324525,3568,40442,234570,156899,450909,116459,75055,adios,0,adios,0,adios,0,38.5,40.3,,34.0,42.7,35.7,47,3957000,747000,34.0,,,14.71,108492,,1,2000
1790394880,2026-09-26T03:54:40Z,186369,1790208587,6.1.187-android14-11-SAGA,49646d1b0cd1,cc_governor,cc_governor,32833,806898,359601,1258212,326768,3578,40442,234773,157840,452093,117398,75435,adios,0,adios,0,adios,0,38.6,45.4,,34.0,42.6,35.8,48,3961000,876400,34.0,,,14.98,124712,,1,2000
1790394916,2026-09-26T03:55:16Z,186404,1790208587,6.1.187-android14-11-SAGA,49646d1b0cd1,cc_governor,cc_governor,32899,811313,361056,1264556,328166,3593,40446,235356,158422,453342,117981,75818,adios,0,adios,0,adios,0,38.3,39.1,,33.0,42.0,35.7,48,3966000,876400,34.0,,,14.75,132220,,1,2000
1790394951,2026-09-26T03:55:51Z,186439,1790208587,6.1.187-android14-11-SAGA,49646d1b0cd1,cc_governor,cc_governor,32922,814725,363244,1270648,330337,3605,40446,235572,159288,454453,118845,76214,adios,0,adios,0,adios,0,38.2,38.7,,33.0,41.4,35.6,48,3967000,913000,34.0,,,14.50,124268,,1,2000
1790394986,2026-09-26T03:56:26Z,186474,1790208587,6.1.187-android14-11-SAGA,49646d1b0cd1,cc_governor,cc_governor,32925,819676,363616,1276412,330691,3624,40446,236657,159306,455588,118860,76597,adios,0,adios,0,adios,0,38.5,40.2,,34.0,41.5,35.6,48,3965000,819000,34.0,,,14.39,116484,,1,2000
1790395022,2026-09-26T03:57:02Z,186510,1790208587,6.1.187-android14-11-SAGA,49646d1b0cd1,cc_governor,cc_governor,32970,824319,364731,1282648,331761,3636,40446,237774,159377,456796,118931,76991,adios,0,adios,0,adios,0,38.2,39.0,,34.0,41.6,35.6,48,3968000,745800,34.0,,,14.40,112556,,1,2000
1790395057,2026-09-26T03:57:37Z,186546,1790208587,6.1.187-android14-11-SAGA,49646d1b0cd1,cc_governor,cc_governor,33000,828407,366315,1288813,333315,3656,40446,238823,159458,457955,119012,77364,adios,0,adios,0,adios,0,38.4,40.2,,34.0,42.8,35.7,49,3966000,850800,34.0,,,14.38,111316,,1,2000
1790395093,2026-09-26T03:58:13Z,186581,1790208587,6.1.187-android14-11-SAGA,49646d1b0cd1,cc_governor,cc_governor,33027,833307,366829,1294694,333802,3673,40446,239931,159477,459103,119031,77727,adios,0,adios,0,adios,0,38.2,39.9,,34.0,42.1,35.6,49,3970000,878900,34.0,,,14.43,95452,,1,2000
1790395128,2026-09-26T03:58:48Z,186617,1790208587,6.1.187-android14-11-SAGA,49646d1b0cd1,cc_governor,cc_governor,33055,838034,367355,1300397,334300,3688,40446,241032,159503,460252,119057,78120,adios,0,adios,0,adios,0,38.3,38.5,,34.0,41.3,35.6,49,3973000,911800,34.0,,,14.59,98220,,1,2000
1790395164,2026-09-26T03:59:24Z,186652,1790208587,6.1.187-android14-11-SAGA,49646d1b0cd1,cc_governor,cc_governor,33095,842129,368502,1306106,335407,3702,40446,242117,159553,461413,119107,78499,adios,0,adios,0,adios,0,38.1,39.0,,34.0,41.1,35.6,49,3971000,806200,34.0,,,14.72,120208,,1,2000
1790395199,2026-09-26T03:59:59Z,186687,1790208587,6.1.187-android14-11-SAGA,49646d1b0cd1,cc_governor,cc_governor,33123,846154,369545,1311566,336422,3713,40446,243162,159604,462526,119158,78893,adios,0,adios,0,adios,0,38.5,39.5,,34.0,41.4,35.7,49,3971000,758600,34.0,,,14.56,95752,,1,2000
1790395234,2026-09-26T04:00:34Z,186723,1790208587,6.1.187-android14-11-SAGA,49646d1b0cd1,cc_governor,cc_governor,33418,850186,373094,1319725,339676,3727,41154,244290,160546,464674,119392,79280,adios,0,adios,0,adios,0,38.2,40.1,,34.0,41.9,35.7,50,3978000,886200,34.0,,,14.39,108852,,1,2000
1790395270,2026-09-26T04:01:10Z,186758,1790208587,6.1.187-android14-11-SAGA,49646d1b0cd1,cc_governor,cc_governor,33447,853933,374744,1325554,341297,3740,41154,245323,160629,465817,119475,79664,adios,0,adios,0,adios,0,38.5,39.0,,34.0,41.8,35.6,50,3977000,881300,34.0,,,14.58,96008,,1,2000
1790395305,2026-09-26T04:01:45Z,186793,1790208587,6.1.187-android14-11-SAGA,49646d1b0cd1,cc_governor,cc_governor,33504,858193,376020,1331525,342524,3748,41154,246202,160953,467046,119803,80067,adios,0,adios,0,adios,0,38.5,40.3,,34.0,42.3,35.6,50,3982000,900800,34.0,,,14.60,106392,,1,2000
1790395341,2026-09-26T04:02:21Z,186829,1790208587,6.1.187-android14-11-SAGA,49646d1b0cd1,cc_governor,cc_governor,33620,860658,379862,1338368,346242,3763,41154,246365,161963,468375,120809,80456,adios,0,adios,0,adios,0,38.7,38.9,,34.0,42.4,35.8,50,3974000,821500,34.0,,,14.91,102328,,1,2000
1790395376,2026-09-26T04:02:56Z,186864,1790208587,6.1.187-android14-11-SAGA,49646d1b0cd1,cc_governor,cc_governor,33644,864782,381255,1344345,347620,3773,41155,247432,162065,469577,120915,80835,adios,0,adios,0,adios,0,38.7,39.3,,34.0,41.3,35.7,51,3980000,811100,34.0,,,14.59,98264,,1,2000
1790395411,2026-09-26T04:03:31Z,186900,1790208587,6.1.187-android14-11-SAGA,49646d1b0cd1,cc_governor,cc_governor,33689,868760,382928,1350445,349252,3782,41155,248058,162591,470760,121440,81223,adios,0,adios,0,adios,0,38.8,38.8,,34.0,41.9,35.7,51,3982000,894100,34.0,,,14.47,80916,,1,2000
1790395447,2026-09-26T04:04:07Z,186935,1790208587,6.1.187-android14-11-SAGA,49646d1b0cd1,cc_governor,cc_governor,33701,871886,385173,1356304,351471,3793,41155,248218,163510,471866,122355,81619,adios,0,adios,0,adios,0,38.4,38.7,,34.0,42.7,35.7,51,3979000,800700,34.0,,,14.61,90988,,1,2000
1790395482,2026-09-26T04:04:42Z,186970,1790208587,6.1.187-android14-11-SAGA,49646d1b0cd1,cc_governor,cc_governor,33768,875487,386866,1362032,353108,3803,41155,249232,163610,473017,122458,82014,adios,0,adios,0,adios,0,38.5,38.7,,34.0,42.2,35.6,51,3982000,859900,34.0,,,14.60,84632,,1,2000
1790395517,2026-09-26T04:05:17Z,187006,1790208587,6.1.187-android14-11-SAGA,49646d1b0cd1,cc_governor,cc_governor,33927,879618,388592,1368396,354665,3819,41159,250079,163926,474238,122767,82392,adios,0,adios,0,adios,0,38.7,40.1,,34.0,41.9,35.7,51,3984000,731800,34.0,,,14.80,99376,,1,2000
1790395553,2026-09-26T04:05:53Z,187041,1790208587,6.1.187-android14-11-SAGA,49646d1b0cd1,cc_governor,cc_governor,33953,883757,389962,1374365,356009,3828,41163,251163,164008,475451,122845,82793,adios,0,adios,0,adios,0,38.4,38.8,,34.0,42.8,35.7,52,3988000,808700,34.0,,,14.52,104704,,1,2000
1790395588,2026-09-26T04:06:28Z,187076,1790208587,6.1.187-android14-11-SAGA,49646d1b0cd1,cc_governor,cc_governor,33964,888550,390512,1380125,356548,3837,41163,252280,164033,476627,122870,83164,adios,0,adios,0,adios,0,38.2,39.2,,34.0,42.0,35.6,52,3991000,914900,34.0,,,14.61,100196,,1,2000
1790395623,2026-09-26T04:07:03Z,187112,1790208587,6.1.187-android14-11-SAGA,49646d1b0cd1,cc_governor,cc_governor,34006,893402,391093,1385950,357087,3847,41168,253446,164058,477855,122890,83567,adios,0,adios,0,adios,0,38.2,38.4,,34.0,41.6,35.6,52,3983000,902100,34.0,,,14.63,90080,,1,2000
1790395659,2026-09-26T04:07:39Z,187147,1790208587,6.1.187-android14-11-SAGA,49646d1b0cd1,cc_governor,cc_governor,34041,896301,393787,1392009,359746,3859,41168,253937,164725,479049,123557,83951,adios,0,adios,0,adios,0,38.2,38.6,,34.0,41.8,35.6,52,3988000,899600,34.0,,,14.63,93184,,1,2000
1790395694,2026-09-26T04:08:14Z,187183,1790208587,6.1.187-android14-11-SAGA,49646d1b0cd1,cc_governor,cc_governor,34052,900941,394342,1397689,360290,3869,41168,255045,164753,480204,123585,84339,adios,0,adios,0,adios,0,38.1,38.9,,34.0,42.1,35.6,52,3988000,803200,34.0,,,14.73,84832,,1,2000
1790395730,2026-09-26T04:08:50Z,187218,1790208587,6.1.187-android14-11-SAGA,49646d1b0cd1,cc_governor,cc_governor,34077,905900,395744,1407134,361667,3881,41173,255931,165024,481444,123851,84719,adios,0,adios,0,adios,81,39.2,39.4,,34.0,43.1,36.1,53,3984000,858100,33.0,,,14.70,124768,,1,2000
1790395765,2026-09-26T04:09:25Z,187254,1790208587,6.1.187-android14-11-SAGA,49646d1b0cd1,cc_governor,cc_governor,34095,911658,396034,1417376,361939,3892,41173,257069,165028,482629,123855,85104,adios,0,adios,0,adios,0,39.2,39.7,,34.0,42.5,36.2,53,3982000,786700,34.0,,,14.54,111208,,1,2000
1790395801,2026-09-26T04:10:01Z,187289,1790208587,6.1.187-android14-11-SAGA,49646d1b0cd1,cc_governor,cc_governor,34121,916985,397164,1428101,363043,3900,41173,257792,165440,483810,124267,85515,adios,0,adios,0,adios,8,39.8,39.8,,34.0,43.1,36.3,53,3979000,578600,34.0,,,14.70,109984,,1,2000
1790395836,2026-09-26T04:10:36Z,187324,1790208587,6.1.187-android14-11-SAGA,49646d1b0cd1,cc_governor,cc_governor,34134,922547,397780,1438730,363646,3910,41173,258964,165455,485042,124282,85919,adios,0,adios,0,adios,0,39.8,40.3,,34.0,43.8,36.7,53,3980000,541300,34.0,,,14.57,86684,,1,2000
1790395871,2026-09-26T04:11:11Z,187360,1790208587,6.1.187-android14-11-SAGA,49646d1b0cd1,cc_governor,cc_governor,34153,928131,398088,1448521,363935,3924,41173,260108,165459,486256,124286,86297,adios,0,adios,0,adios,0,39.6,40.0,,34.0,42.9,36.4,53,3986000,556600,34.0,,,14.55,93228,,1,2000
1790395907,2026-09-26T04:11:47Z,187395,1790208587,6.1.187-android14-11-SAGA,49646d1b0cd1,cc_governor,cc_governor,34195,933810,398645,1458396,364450,3941,41173,261332,165469,487552,124296,86696,adios,0,adios,0,adios,0,39.3,40.1,,34.0,44.0,36.4,54,3985000,597500,34.0,,,14.75,109996,,1,2000
1790395942,2026-09-26T04:12:22Z,187431,1790208587,6.1.187-android14-11-SAGA,49646d1b0cd1,cc_governor,cc_governor,34217,938797,399418,1468073,365201,3950,41173,262426,165497,488741,124324,87078,adios,0,adios,0,adios,0,39.6,40.1,,34.0,42.7,36.5,54,3989000,866000,34.0,,,14.50,113824,,1,2000
1790395978,2026-09-26T04:12:58Z,187466,1790208587,6.1.187-android14-11-SAGA,49646d1b0cd1,cc_governor,cc_governor,34263,944120,400525,1478444,366262,3963,41174,263254,165901,490072,124727,87466,adios,0,adios,0,adios,0,39.9,44.7,,34.0,44.6,36.7,54,3986000,657900,34.0,,,14.48,91612,,1,2000
1790396013,2026-09-26T04:13:33Z,187502,1790208587,6.1.187-android14-11-SAGA,49646d1b0cd1,cc_governor,cc_governor,34286,949381,400971,1488590,366685,3976,41174,264424,165917,491406,124743,87855,adios,0,adios,0,adios,0,39.6,40.6,,34.0,42.5,36.6,54,3994000,520600,34.0,,,14.65,122248,,1,2000
1790396049,2026-09-26T04:14:09Z,187537,1790208587,6.1.187-android14-11-SAGA,49646d1b0cd1,cc_governor,cc_governor,34310,953701,402194,1498965,367895,3984,41174,265486,165996,492678,124826,88261,adios,0,adios,0,adios,0,40.1,41.0,,34.0,43.4,36.8,54,3999000,794600,34.0,,,14.58,84736,,1,2000
1790396084,2026-09-26T04:14:44Z,187573,1790208587,6.1.187-android14-11-SAGA,49646d1b0cd1,cc_governor,cc_governor,34348,958190,403569,1509776,369221,4000,41174,266522,166120,494026,124946,88654,adios,0,adios,0,adios,0,40.6,40.7,,34.0,44.7,37.1,55,3994000,816000,34.0,,,14.70,79140,,1,2000
1790396120,2026-09-26T04:15:20Z,187608,1790208587,6.1.187-android14-11-SAGA,49646d1b0cd1,cc_governor,cc_governor,34384,962726,404459,1520117,370075,4015,41174,267627,166146,495372,124972,89037,adios,0,adios,0,adios,0,40.2,41.7,,34.0,44.5,37.2,55,3997000,747000,34.0,,,14.81,119728,,1,2000
1790396155,2026-09-26T04:15:55Z,187643,1790208587,6.1.187-android14-11-SAGA,49646d1b0cd1,cc_governor,cc_governor,34405,968082,404480,1526783,370075,4035,41174,268794,166146,496779,124972,89433,adios,0,adios,0,adios,0,39.1,41.5,,34.0,42.1,36.4,55,3999000,784300,34.0,,,14.53,204072,,1,2000
1790396190,2026-09-26T04:16:30Z,187679,1790208587,6.1.187-android14-11-SAGA,49646d1b0cd1,cc_governor,cc_governor,34464,970787,407289,1532734,372836,4046,41174,269608,166460,497973,125291,89820,adios,0,adios,0,adios,0,39.4,40.7,,34.0,42.7,36.3,55,4005000,888000,34.0,,,14.38,188312,,1,2000
1790396226,2026-09-26T04:17:06Z,187714,1790208587,6.1.187-android14-11-SAGA,49646d1b0cd1,cc_governor,cc_governor,34495,973247,410413,1538726,375918,4057,41185,269775,167445,499169,126263,90208,adios,0,adios,0,adios,0,39.1,39.5,,34.0,41.9,36.2,55,4010000,905700,34.0,,,14.37,190332,,1,2000
1790396261,2026-09-26T04:17:41Z,187749,1790208587,6.1.187-android14-11-SAGA,49646d1b0cd1,cc_governor,cc_governor,34537,976466,412908,1544873,378371,4069,41185,270400,167969,500386,126784,90596,adios,0,adios,0,adios,0,38.7,41.7,,34.0,41.9,36.1,56,4006000,899000,34.0,,,14.85,204932,,1,2000
1790396297,2026-09-26T04:18:17Z,187785,1790208587,6.1.187-android14-11-SAGA,49646d1b0cd1,cc_governor,cc_governor,34553,980782,413987,1550695,379434,4080,41185,271527,168013,501596,126828,91011,adios,0,adios,0,adios,0,38.6,39.6,,34.0,43.2,36.0,56,4004000,615200,34.0,,,14.67,196592,,1,2000
1790396332,2026-09-26T04:18:52Z,187821,1790208587,6.1.187-android14-11-SAGA,49646d1b0cd1,cc_governor,cc_governor,34569,985587,414456,1556392,379887,4086,41185,272617,168034,502732,126849,91411,adios,0,adios,0,adios,0,38.5,38.9,,34.0,43.1,36.0,56,4010000,686000,34.0,,,14.66,200708,,1,2000
1790396368,2026-09-26T04:19:28Z,187856,1790208587,6.1.187-android14-11-SAGA,49646d1b0cd1,cc_governor,cc_governor,34587,990378,414983,1562175,380396,4098,41185,273692,168062,503862,126877,91789,adios,0,adios,0,adios,0,38.5,38.8,,34.0,42.0,35.9,56,4014000,737900,34.0,,,14.53,195428,,1,2000
1790396403,2026-09-26T04:20:03Z,187891,1790208587,6.1.187-android14-11-SAGA,49646d1b0cd1,cc_governor,cc_governor,34613,994040,416846,1568173,382245,4106,41185,274056,168814,505023,127634,92194,adios,0,adios,0,adios,0,38.7,39.8,,34.0,42.4,35.9,56,4014000,841600,34.0,,,14.52,191764,,1,2000
1790396438,2026-09-26T04:20:38Z,187927,1790208587,6.1.187-android14-11-SAGA,49646d1b0cd1,cc_governor,cc_governor,34768,996470,420885,1575130,386131,4121,41469,274762,169862,506833,128397,92571,adios,0,adios,0,adios,0,40.4,41.6,,34.0,41.9,36.1,57,4011000,806200,34.0,,,14.66,126824,,1,2000
1790396474,2026-09-26T04:21:14Z,187962,1790208587,6.1.187-android14-11-SAGA,49646d1b0cd1,cc_governor,cc_governor,34806,997921,424798,1581035,390009,4142,41494,275059,170764,508109,129274,92944,adios,0,adios,0,adios,0,38.6,39.1,,34.0,41.7,35.9,57,4018000,876400,34.0,,,14.58,102040,,1,2000
1790396509,2026-09-26T04:21:49Z,187997,1790208587,6.1.187-android14-11-SAGA,49646d1b0cd1,cc_governor,cc_governor,34903,1000094,428140,1587026,393237,4157,41502,275466,171519,509353,130017,93325,adios,0,adios,0,adios,0,38.7,39.8,,34.0,43.5,35.9,57,4011000,845300,34.0,,,14.48,105624,,1,2000
1790396544,2026-09-26T04:22:24Z,188033,1790208587,6.1.187-android14-11-SAGA,49646d1b0cd1,cc_governor,cc_governor,34908,1004668,428919,1592843,394011,4173,41502,276539,171551,510498,130049,93689,adios,0,adios,0,adios,0,38.7,40.5,,34.0,42.1,35.8,57,4016000,738500,34.0,,,14.67,103824,,1,2000
1790396580,2026-09-26T04:23:00Z,188068,1790208587,6.1.187-android14-11-SAGA,49646d1b0cd1,cc_governor,cc_governor,34943,1007354,431469,1598523,396544,4185,41505,277519,171737,511707,130237,94083,adios,0,adios,0,adios,0,38.7,39.2,,34.0,41.7,35.8,57,4017000,859300,34.0,,,14.66,118200,,1,2000
1790396615,2026-09-26T04:23:35Z,188104,1790208587,6.1.187-android14-11-SAGA,49646d1b0cd1,cc_governor,cc_governor,35013,1011130,434107,1605379,399104,4204,41505,277825,172584,512883,131083,94470,adios,0,adios,0,adios,0,38.6,39.4,,34.0,43.5,35.9,58,4023000,802000,34.0,,,14.84,122576,,1,2000
1790396650,2026-09-26T04:24:10Z,188139,1790208587,6.1.187-android14-11-SAGA,49646d1b0cd1,cc_governor,cc_governor,35048,1014474,436433,1611518,401385,4213,41506,278007,173510,514022,132004,94855,adios,0,adios,0,adios,0,38.3,38.8,,34.0,42.8,35.8,58,4027000,911800,34.0,,,14.55,120848,,1,2000
1790396686,2026-09-26T04:24:46Z,188174,1790208587,6.1.187-android14-11-SAGA,49646d1b0cd1,cc_governor,cc_governor,35063,1016805,438901,1616708,403847,4227,41506,278984,173682,515208,132179,95212,adios,0,adios,0,adios,0,38.6,39.7,,34.0,41.9,35.8,58,4018000,689600,34.0,,,14.47,117172,,1,2000
1790396721,2026-09-26T04:25:21Z,188209,1790208587,6.1.187-android14-11-SAGA,49646d1b0cd1,cc_governor,cc_governor,35085,1020642,440795,1622906,405710,4239,41506,279176,174569,516326,133063,95582,adios,0,adios,0,adios,0,38.3,40.6,,34.0,43.5,35.8,58,4031000,886200,34.0,,,14.34,108928,,1,2000
1790396756,2026-09-26T04:25:56Z,188245,1790208587,6.1.187-android14-11-SAGA,49646d1b0cd1,cc_governor,cc_governor,35100,1025550,441158,1628600,406067,4257,41506,280233,174617,517456,133115,95961,adios,0,adios,0,adios,0,38.8,39.4,,34.0,44.3,35.8,58,4027000,693300,34.0,,,14.58,136244,,1,2000
1790396791,2026-09-26T04:26:31Z,188280,1790208587,6.1.187-android14-11-SAGA,49646d1b0cd1,cc_governor,cc_governor,35136,1028560,444421,1635319,409285,4269,41506,280413,175617,518681,134111,96349,adios,0,adios,0,adios,0,38.1,39.5,,34.0,41.8,35.8,59,4033000,738500,34.0,,,14.62,126596,,1,2000
1790396827,2026-09-26T04:27:07Z,188315,1790208587,6.1.187-android14-11-SAGA,49646d1b0cd1,cc_governor,cc_governor,35187,1032124,446241,1641107,411054,4278,41510,281122,176110,519928,134600,96735,adios,0,adios,0,adios,0,38.6,38.8,,34.0,42.5,35.8,59,4032000,864800,34.0,,,15.10,131840,,1,2000
1790396862,2026-09-26T04:27:42Z,188351,1790208587,6.1.187-android14-11-SAGA,49646d1b0cd1,cc_governor,cc_governor,35209,1036255,447242,1646677,412033,4291,41510,282155,176159,521043,134649,97122,adios,0,adios,0,adios,0,38.3,40.2,,34.0,43.6,35.8,59,4030000,687200,34.0,,,15.19,136036,,1,2000
1790396898,2026-09-26T04:28:18Z,188386,1790208587,6.1.187-android14-11-SAGA,49646d1b0cd1,cc_governor,cc_governor,35229,1039981,448760,1652327,413531,4308,41510,283218,176238,522214,134728,97520,adios,0,adios,0,adios,0,38.4,38.6,,34.0,42.4,35.8,59,4041000,908200,34.0,,,14.98,122360,,1,2000
1790396933,2026-09-26T04:28:54Z,188422,1790208587,6.1.187-android14-11-SAGA,49646d1b0cd1,cc_governor,cc_governor,35249,1043795,450407,1658231,415170,4320,41510,284003,176571,523352,135067,97913,adios,0,adios,0,adios,0,38.5,39.2,,34.0,41.4,35.8,59,4038000,712800,34.0,,,14.84,128388,,1,2000
1790396969,2026-09-26T04:29:29Z,188457,1790208587,6.1.187-android14-11-SAGA,49646d1b0cd1,cc_governor,cc_governor,35336,1047382,452881,1664705,417545,4333,41512,284425,177337,524583,135825,98296,adios,0,adios,0,adios,0,38.5,40.6,,34.0,42.4,35.8,60,4039000,789100,34.0,,,14.55,131744,,1,2000
1790397004,2026-09-26T04:30:04Z,188492,1790208587,6.1.187-android14-11-SAGA,49646d1b0cd1,cc_governor,cc_governor,35361,1052139,453373,1670369,418012,4355,41512,285503,177372,525719,135860,98682,adios,0,adios,0,adios,0,38.5,38.8,,34.0,42.6,35.7,60,4040000,764700,34.0,,,14.37,125344,,1,2000
1790397040,2026-09-26T04:30:40Z,188528,1790208587,6.1.187-android14-11-SAGA,49646d1b0cd1,cc_governor,cc_governor,35381,1056909,453906,1676076,418525,4368,41512,286574,177396,526845,135884,99069,adios,0,adios,0,adios,0,38.5,38.9,,34.0,41.6,35.7,60,4045000,900800,34.0,,,14.49,131576,,1,2000
1790397075,2026-09-26T04:31:15Z,188563,1790208587,6.1.187-android14-11-SAGA,49646d1b0cd1,cc_governor,cc_governor,35397,1061708,454397,1681827,419000,4377,41513,287648,177429,527983,135916,99467,adios,0,adios,0,adios,0,38.5,38.5,,34.0,42.0,35.7,60,4044000,791600,34.0,,,14.76,127636,,1,2000
1790397110,2026-09-26T04:31:50Z,188599,1790208587,6.1.187-android14-11-SAGA,49646d1b0cd1,cc_governor,cc_governor,35460,1064985,456779,1687896,421319,4388,41541,288191,178074,529198,136533,99845,adios,0,adios,0,adios,0,38.2,38.9,,34.0,42.0,35.7,60,4050000,758600,34.0,,,14.58,134296,,1,2000
1790397145,2026-09-26T04:32:25Z,188634,1790208587,6.1.187-android14-11-SAGA,49646d1b0cd1,cc_governor,cc_governor,35509,1068542,459450,1694635,423941,4398,41542,288628,178811,530402,137269,100222,adios,0,adios,0,adios,0,38.3,38.7,,34.0,41.8,35.8,61,4042000,942900,34.0,,,14.71,127508,,1,2000
1790397181,2026-09-26T04:33:01Z,188669,1790208587,6.1.187-android14-11-SAGA,49646d1b0cd1,cc_governor,cc_governor,35524,1073308,459966,1700320,424438,4410,41542,289722,178832,531545,137290,100609,adios,0,adios,0,adios,0,38.7,39.9,,34.0,41.9,35.7,61,4047000,757400,34.0,,,14.75,128152,,1,2000
1790397216,2026-09-26T04:33:36Z,188705,1790208587,6.1.187-android14-11-SAGA,49646d1b0cd1,cc_governor,cc_governor,35536,1078106,460462,1706030,424926,4429,41542,290823,178853,532682,137311,100990,adios,0,adios,0,adios,0,38.1,39.1,,34.0,41.6,35.7,61,4051000,786700,34.0,,,14.79,127932,,1,2000
1790397252,2026-09-26T04:34:12Z,188741,1790208587,6.1.187-android14-11-SAGA,49646d1b0cd1,cc_governor,cc_governor,35557,1083311,460970,1712187,425413,4441,41545,291899,178884,533817,137339,101392,adios,0,adios,0,adios,0,38.6,39.6,,34.0,41.5,35.7,61,4051000,761100,34.0,,,14.61,130868,,1,2000
1790397288,2026-09-26T04:34:48Z,188776,1790208587,6.1.187-android14-11-SAGA,49646d1b0cd1,cc_governor,cc_governor,35606,1088095,461506,1717966,425900,4455,41545,292987,178909,534963,137364,101798,adios,0,adios,0,adios,0,38.2,39.0,,34.0,42.0,35.7,61,4057000,889200,34.0,,,14.68,127688,,1,2000
1790397323,2026-09-26T04:35:23Z,188811,1790208587,6.1.187-android14-11-SAGA,49646d1b0cd1,cc_governor,cc_governor,35625,1093183,461833,1723855,426208,4469,41545,294089,178922,536091,137377,102159,adios,0,adios,0,adios,0,38.3,40.3,,34.0,42.8,35.8,62,4059000,818400,34.0,,,14.54,114016,,1,2000
1790397358,2026-09-26T04:35:58Z,188847,1790208587,6.1.187-android14-11-SAGA,49646d1b0cd1,cc_governor,cc_governor,35648,1097261,463661,1730247,428022,4479,41545,294406,179757,537264,138217,102530,adios,0,adios,0,adios,0,38.5,40.5,,34.0,42.5,35.7,62,4060000,799500,34.0,,,14.46,108772,,1,2000
1790397394,2026-09-26T04:36:34Z,188882,1790208587,6.1.187-android14-11-SAGA,49646d1b0cd1,cc_governor,cc_governor,35685,1100902,465708,1736390,430023,4489,41545,294749,180537,538415,138992,102924,adios,0,adios,0,adios,0,38.3,38.8,,34.0,41.7,35.7,62,4064000,861200,34.0,,,14.41,117988,,1,2000
1790397429,2026-09-26T04:37:09Z,188917,1790208587,6.1.187-android14-11-SAGA,49646d1b0cd1,cc_governor,cc_governor,35727,1105768,466244,1742213,430517,4502,41559,295918,180572,539661,139013,103327,adios,0,adios,0,adios,0,38.3,39.5,,34.0,42.1,35.7,62,4068000,930100,34.0,,,14.46,135692,,1,2000
1790397464,2026-09-26T04:37:44Z,188953,1790208587,6.1.187-android14-11-SAGA,49646d1b0cd1,cc_governor,cc_governor,35741,1110528,466767,1747911,431026,4516,41559,297006,180596,540811,139037,103715,adios,0,adios,0,adios,0,38.2,38.9,,34.0,42.9,35.7,62,4059000,706100,34.0,,,14.70,134760,,1,2000
1790397499,2026-09-26T04:38:19Z,188988,1790208587,6.1.187-android14-11-SAGA,49646d1b0cd1,cc_governor,cc_governor,35753,1115268,467273,1753527,431520,4530,41559,298094,180619,541944,139060,104055,adios,0,adios,0,adios,0,38.2,39.1,,34.0,42.6,35.7,62,4067000,927700,34.0,,,14.47,128588,,1,2000
1790397535,2026-09-26T04:38:55Z,189023,1790208587,6.1.187-android14-11-SAGA,49646d1b0cd1,cc_governor,cc_governor,35775,1119856,468243,1759472,432468,4547,41559,299213,180648,543124,139089,104433,adios,0,adios,0,adios,0,38.7,40.5,,34.0,42.3,35.7,63,4075000,864800,34.0,,,14.48,134600,,1,2000
1790397571,2026-09-26T04:39:31Z,189059,1790208587,6.1.187-android14-11-SAGA,49646d1b0cd1,cc_governor,cc_governor,35830,1124799,468791,1765433,432961,4557,41559,300341,180678,544330,139119,104823,adios,0,adios,0,adios,0,38.4,39.4,,34.0,42.2,35.7,63,4071000,868500,34.0,,,14.57,143040,,1,2000
1790397606,2026-09-26T04:40:06Z,189094,1790208587,6.1.187-android14-11-SAGA,49646d1b0cd1,cc_governor,cc_governor,35877,1128692,470477,1771505,434607,4570,41559,300783,181333,545463,139779,105194,adios,0,adios,0,adios,0,40.2,39.0,,34.0,42.0,35.7,63,4071000,776300,34.0,,,14.61,143308,,1,2000
1790397641,2026-09-26T04:40:41Z,189130,1790208587,6.1.187-android14-11-SAGA,49646d1b0cd1,cc_governor,cc_governor,35909,1132742,471945,1777457,436036,4581,41560,301465,181773,546626,140213,105589,adios,0,adios,0,adios,0,38.3,38.7,,34.0,42.7,35.7,63,4073000,707300,34.0,,,14.82,138996,,1,2000
1790397677,2026-09-26T04:41:17Z,189165,1790208587,6.1.187-android14-11-SAGA,49646d1b0cd1,cc_governor,cc_governor,35939,1137180,472835,1783210,436896,4594,41560,302504,181823,547740,140263,105965,adios,0,adios,0,adios,0,38.5,39.8,,34.0,42.2,35.7,63,4076000,859300,34.0,,,14.62,134536,,1,2000
1790397712,2026-09-26T04:41:52Z,189200,1790208587,6.1.187-android14-11-SAGA,49646d1b0cd1,cc_governor,cc_governor,36024,1141359,474573,1789559,438549,4610,41590,303563,181998,549007,140408,106363,adios,0,adios,0,adios,0,38.3,40.0,,34.0,44.3,35.8,64,4073000,883700,34.0,,,14.50,148556,,1,2000
1790397748,2026-09-26T04:42:28Z,189236,1790208587,6.1.187-android14-11-SAGA,49646d1b0cd1,cc_governor,cc_governor,36068,1146329,475188,1795604,439120,4624,41590,304682,182039,550194,140449,106740,adios,0,adios,0,adios,0,38.0,39.1,,34.0,43.3,35.7,64,4080000,863600,34.0,,,14.48,147388,,1,2000
1790397783,2026-09-26T04:43:03Z,189271,1790208587,6.1.187-android14-11-SAGA,49646d1b0cd1,cc_governor,cc_governor,36089,1151130,475645,1801288,439556,4636,41590,305758,182064,551314,140474,107114,adios,0,adios,0,adios,0,38.3,39.0,,34.0,42.5,35.7,64,4080000,733000,34.0,,,14.48,148072,,1,2000
1790397818,2026-09-26T04:43:38Z,189307,1790208587,6.1.187-android14-11-SAGA,49646d1b0cd1,cc_governor,cc_governor,36098,1155889,476151,1806946,440053,4651,41590,306843,182095,552468,140505,107484,adios,0,adios,0,adios,0,38.6,40.0,,34.0,43.0,35.7,64,4085000,866000,34.0,,,14.35,141016,,1,2000
1790397854,2026-09-26T04:44:14Z,189342,1790208587,6.1.187-android14-11-SAGA,49646d1b0cd1,cc_governor,cc_governor,36228,1161111,476815,1813245,440587,4667,41627,307921,182187,553693,140560,107860,adios,0,adios,0,adios,0,39.0,40.0,,34.0,41.3,35.7,64,4089000,880100,34.0,,,14.40,152792,,1,2000
1790397889,2026-09-26T04:44:49Z,189378,1790208587,6.1.187-android14-11-SAGA,49646d1b0cd1,cc_governor,cc_governor,36283,1164606,479622,1820025,443348,4675,41627,308160,183146,554927,141524,108245,adios,0,adios,0,adios,0,38.4,38.8,,34.0,41.8,35.7,65,4092000,706100,34.0,,,14.54,133472,,1,2000
1790397925,2026-09-26T04:45:25Z,189413,1790208587,6.1.187-android14-11-SAGA,49646d1b0cd1,cc_governor,cc_governor,36297,1169274,480322,1825826,444025,4688,41627,309232,183218,556096,141591,108638,adios,0,adios,0,adios,0,38.2,38.7,,34.0,41.7,35.7,65,4088000,747000,34.0,,,14.58,142900,,1,2000
1790397960,2026-09-26T04:46:00Z,189448,1790208587,6.1.187-android14-11-SAGA,49646d1b0cd1,cc_governor,cc_governor,36322,1174064,480864,1831642,444542,4699,41627,310357,183240,557271,141613,109040,adios,0,adios,0,adios,0,38.4,39.0,,34.0,41.5,35.7,65,4091000,770200,34.0,,,14.98,141208,,1,2000
1790397995,2026-09-26T04:46:35Z,189484,1790208587,6.1.187-android14-11-SAGA,49646d1b0cd1,cc_governor,cc_governor,36331,1178930,481412,1837485,445081,4715,41629,311436,183272,558416,141643,109428,adios,0,adios,0,adios,0,38.5,40.4,,34.0,42.0,35.7,65,4088000,722600,34.0,,,14.77,134168,,1,2000
1790398031,2026-09-26T04:47:11Z,189519,1790208587,6.1.187-android14-11-SAGA,49646d1b0cd1,cc_governor,cc_governor,36362,1183005,482560,1843165,446198,4729,41640,312531,183376,559648,141736,109813,adios,0,adios,0,adios,0,38.6,38.7,,34.0,41.6,35.7,65,4091000,802000,34.0,,,14.72,122724,,1,2000
1790398066,2026-09-26T04:47:46Z,189555,1790208587,6.1.187-android14-11-SAGA,49646d1b0cd1,cc_governor,cc_governor,36396,1187765,483091,1848863,446695,4742,41640,313616,183407,560787,141767,110202,adios,0,adios,0,adios,0,38.6,38.7,,33.0,49.4,35.8,66,4080000,680500,34.0,,,14.64,117876,,1,2000
1790398102,2026-09-26T04:48:22Z,189590,1790208587,6.1.187-android14-11-SAGA,49646d1b0cd1,cc_governor,cc_governor,36456,1191920,485003,1855469,448547,4753,41642,314270,183963,562049,142321,110595,adios,0,adios,0,adios,0,38.4,38.7,,34.0,43.3,35.7,66,4102000,823900,34.0,,,14.52,129528,,1,2000
1790398137,2026-09-26T04:48:57Z,189625,1790208587,6.1.187-android14-11-SAGA,49646d1b0cd1,cc_governor,cc_governor,36467,1196113,486245,1861322,449795,4767,41642,314934,184384,563163,142745,110984,adios,0,adios,0,adios,0,38.5,40.3,,34.0,41.7,35.7,66,4097000,790400,34.0,,,14.56,124980,,1,2000
1790398172,2026-09-26T04:49:32Z,189661,1790208587,6.1.187-android14-11-SAGA,49646d1b0cd1,cc_governor,cc_governor,36483,1199875,488033,1867319,451550,4778,41642,315390,185014,564287,143372,111381,adios,0,adios,0,adios,0,38.1,38.6,,34.0,41.0,35.7,66,4107000,872100,34.0,,,14.47,124636,,1,2000
1790398208,2026-09-26T04:50:08Z,189697,1790208587,6.1.187-android14-11-SAGA,49646d1b0cd1,cc_governor,cc_governor,36525,1204846,488577,1873249,452052,4790,41642,316469,185035,565425,143393,111773,adios,0,adios,0,adios,0,38.4,39.2,,34.0,41.9,35.7,66,4109000,866000,34.0,,,14.45,108448,,1,2000
1790398244,2026-09-26T04:50:44Z,189732,1790208587,6.1.187-android14-11-SAGA,49646d1b0cd1,cc_governor,cc_governor,36550,1207900,490486,1878616,453936,4804,41642,317468,185150,566568,143508,112165,adios,0,adios,0,adios,0,38.5,40.5,,34.0,41.2,35.7,66,4111000,897800,34.0,,,14.49,120816,,1,2000
1790398279,2026-09-26T04:51:19Z,189768,1790208587,6.1.187-android14-11-SAGA,49646d1b0cd1,cc_governor,cc_governor,36600,1211617,492433,1884694,455833,4814,41643,318543,185247,567769,143604,112555,adios,0,adios,0,adios,0,38.1,39.1,,34.0,42.0,35.7,67,4110000,791600,33.0,,,14.53,127108,,1,2000
1790398315,2026-09-26T04:51:55Z,189803,1790208587,6.1.187-android14-11-SAGA,49646d1b0cd1,cc_governor,cc_governor,36682,1214567,495400,1891040,458718,4831,41681,318819,186198,569035,144517,112954,adios,0,adios,0,adios,0,38.3,39.0,,34.0,41.2,35.7,67,4111000,897800,34.0,,,14.50,116080,,1,2000
1790398350,2026-09-26T04:52:30Z,189838,1790208587,6.1.187-android14-11-SAGA,49646d1b0cd1,cc_governor,cc_governor,36694,1218105,497052,1896624,460358,4843,41681,319837,186289,570171,144608,113351,adios,0,adios,0,adios,0,38.3,40.3,,34.0,41.6,35.7,67,4104000,870900,34.0,,,14.49,108016,,1,2000
1790398385,2026-09-26T04:53:05Z,189874,1790208587,6.1.187-android14-11-SAGA,49646d1b0cd1,cc_governor,cc_governor,36717,1221397,498709,1901982,461992,4852,41681,320857,186378,571317,144697,113730,adios,0,adios,0,adios,0,38.2,40.3,,34.0,43.0,35.7,67,4111000,773900,34.0,,,14.51,122308,,1,2000
1790398420,2026-09-26T04:53:41Z,189909,1790208587,6.1.187-android14-11-SAGA,49646d1b0cd1,cc_governor,cc_governor,36775,1224957,500848,1908113,464090,4862,41681,321185,187188,572481,145511,114110,adios,0,adios,0,adios,0,38.3,39.5,,34.0,41.8,35.6,67,4113000,845900,34.0,,,14.49,114720,,1,2000
1790398456,2026-09-26T04:54:16Z,189944,1790208587,6.1.187-android14-11-SAGA,49646d1b0cd1,cc_governor,cc_governor,36819,1229215,502606,1914609,465787,4883,41681,321968,187550,573664,145869,114487,adios,0,adios,0,adios,0,38.6,38.9,,33.0,42.1,35.7,68,4111000,848300,33.0,,,14.43,115432,,1,2000
1790398491,2026-09-26T04:54:51Z,189980,1790208587,6.1.187-android14-11-SAGA,49646d1b0cd1,cc_governor,cc_governor,36835,1233843,503114,1920173,466279,4893,41681,323020,187573,574791,145892,114877,adios,0,adios,0,adios,0,38.6,38.9,,34.0,41.3,35.6,68,4119000,852000,34.0,,,14.55,127896,,1,2000
1790398527,2026-09-26T04:55:27Z,190016,1790208587,6.1.187-android14-11-SAGA,49646d1b0cd1,cc_governor,cc_governor,36895,1239126,503679,1926516,466784,4915,41681,324097,187607,575949,145926,115263,adios,0,adios,0,adios,0,38.4,38.8,,33.0,41.4,35.6,68,4119000,918500,34.0,,,14.45,122088,,1,2000
1790398563,2026-09-26T04:56:03Z,190051,1790208587,6.1.187-android14-11-SAGA,49646d1b0cd1,cc_governor,cc_governor,36915,1243641,504574,1932409,467659,4927,41681,325140,187655,577077,145974,115651,adios,0,adios,0,adios,0,38.2,39.4,,34.0,41.8,35.6,68,4126000,931300,34.0,,,14.73,112736,,1,2000
1790398598,2026-09-26T04:56:38Z,190086,1790208587,6.1.187-android14-11-SAGA,49646d1b0cd1,cc_governor,cc_governor,36943,1248711,504960,1938285,468017,4937,41681,326264,187678,578252,145997,116050,adios,0,adios,0,adios,0,38.3,38.9,,34.0,41.6,35.6,68,4124000,844100,34.0,,,14.68,118428,,1,2000
1790398633,2026-09-26T04:57:13Z,190122,1790208587,6.1.187-android14-11-SAGA,49646d1b0cd1,cc_governor,cc_governor,37023,1253706,505568,1944329,468545,4950,41686,327392,187720,579465,146034,116425,adios,0,adios,0,adios,0,38.4,40.0,,33.0,42.1,35.6,68,4126000,832500,34.0,,,14.67,114624,,1,2000
1790398669,2026-09-26T04:57:49Z,190157,1790208587,6.1.187-android14-11-SAGA,49646d1b0cd1,cc_governor,cc_governor,37052,1258455,506779,1950704,469727,4961,41686,328249,187983,580615,146297,116824,adios,0,adios,0,adios,0,38.1,38.8,,33.0,41.9,35.6,69,4118000,787900,33.0,,,14.50,104684,,1,2000
1790398704,2026-09-26T04:58:24Z,190192,1790208587,6.1.187-android14-11-SAGA,49646d1b0cd1,cc_governor,cc_governor,37070,1263088,507541,1956511,470481,4973,41688,329173,188164,581741,146479,117202,adios,0,adios,0,adios,0,38.4,39.1,,33.0,42.7,35.6,69,4127000,792200,34.0,,,14.42,114944,,1,2000
1790398739,2026-09-26T04:58:59Z,190228,1790208587,6.1.187-android14-11-SAGA,49646d1b0cd1,cc_governor,cc_governor,37114,1266362,509802,1962510,472701,4984,41688,329347,189114,582894,147430,117579,adios,0,adios,0,adios,0,38.5,38.7,,33.0,42.2,35.6,69,4128000,802000,33.0,,,14.46,113548,,1,2000
1790398775,2026-09-26T04:59:35Z,190263,1790208587,6.1.187-android14-11-SAGA,49646d1b0cd1,cc_governor,cc_governor,37135,1271220,510626,1968623,473506,4998,41688,330356,189225,584042,147540,117987,adios,0,adios,0,adios,0,38.6,39.6,,34.0,41.7,35.6,69,4130000,739700,33.0,,,14.41,103756,,1,2000
1790398810,2026-09-26T05:00:10Z,190298,1790208587,6.1.187-android14-11-SAGA,49646d1b0cd1,cc_governor,cc_governor,37178,1276027,511423,1974665,474245,5007,41762,331303,189499,585289,147737,118383,adios,0,adios,0,adios,0,38.4,38.4,,33.0,41.4,35.6,69,4134000,775100,34.0,,,14.50,99600,,1,2000
1790398846,2026-09-26T05:00:46Z,190334,1790208587,6.1.187-android14-11-SAGA,49646d1b0cd1,cc_governor,cc_governor,39819,1281811,516699,1986476,476878,5024,43600,332868,192593,590948,148984,118771,adios,0,adios,0,adios,0,44.6,43.7,,33.0,47.5,37.6,70,4124000,675600,34.0,,,15.23,119156,,1,2000
1790398881,2026-09-26T05:01:21Z,190370,1790208587,6.1.187-android14-11-SAGA,49646d1b0cd1,cc_governor,cc_governor,43515,1293487,524068,2008489,480553,5032,43609,333566,193030,592576,149421,119128,adios,0,adios,0,adios,0,44.7,43.5,,34.0,46.9,38.3,70,4117000,500400,34.0,,,15.46,890304,,1,2000
1790398916,2026-09-26T05:01:56Z,190405,1790208587,6.1.187-android14-11-SAGA,49646d1b0cd1,cc_governor,cc_governor,44277,1298820,525309,2015897,481051,5051,43675,334785,193163,594236,149493,119494,adios,0,adios,0,adios,0,43.6,42.7,,34.0,47.8,37.7,70,4136000,762300,34.0,,,15.87,823000,,1,2000
1790398952,2026-09-26T05:02:32Z,190440,1790208587,6.1.187-android14-11-SAGA,49646d1b0cd1,cc_governor,cc_governor,44471,1302592,527180,2022026,482709,5061,43675,335726,193421,595569,149746,119840,adios,0,adios,0,adios,0,42.9,42.5,,34.0,47.1,37.3,70,4134000,577300,34.0,,,15.64,759988,,1,2000
1790398988,2026-09-26T05:03:08Z,190476,1790208587,6.1.187-android14-11-SAGA,49646d1b0cd1,cc_governor,cc_governor,44783,1307971,528267,2029025,483484,5077,43675,336668,193685,597007,150010,120191,adios,0,adios,0,adios,0,39.7,40.5,,34.0,43.1,36.7,70,4145000,698200,34.0,,,15.57,1013848,,1,2000
1790399023,2026-09-26T05:03:43Z,190511,1790208587,6.1.187-android14-11-SAGA,49646d1b0cd1,cc_governor,cc_governor,44920,1313024,529122,2035387,484211,5090,43675,337641,193907,598268,150237,120595,adios,0,adios,0,adios,0,39.1,41.5,,34.0,43.4,36.5,70,4147000,671900,34.0,,,15.33,884240,,1,2000
1790399058,2026-09-26T05:04:18Z,190547,1790208587,6.1.187-android14-11-SAGA,49646d1b0cd1,cc_governor,cc_governor,44949,1316275,531962,2041891,487013,5103,43677,337842,194863,599472,151186,120966,adios,0,adios,0,adios,0,38.8,39.2,,34.0,42.1,36.2,71,4150000,820300,34.0,,,14.99,869812,,1,2000
1790399094,2026-09-26T05:04:54Z,190582,1790208587,6.1.187-android14-11-SAGA,49646d1b0cd1,cc_governor,cc_governor,44970,1320797,532646,2047471,487676,5119,43677,338917,194890,600591,151213,121354,adios,0,adios,0,adios,0,38.6,39.5,,34.0,43.7,36.1,71,4149000,840400,34.0,,,14.79,889828,,1,2000
1790399129,2026-09-26T05:05:29Z,190617,1790208587,6.1.187-android14-11-SAGA,49646d1b0cd1,cc_governor,cc_governor,44987,1325547,533185,2053162,488198,5131,43677,339992,194905,601714,151228,121746,adios,0,adios,0,adios,0,38.7,39.2,,34.0,42.3,36.0,71,4147000,776300,34.0,,,14.67,887816,,1,2000
1790399165,2026-09-26T05:06:05Z,190653,1790208587,6.1.187-android14-11-SAGA,49646d1b0cd1,cc_governor,cc_governor,45031,1330476,533842,2059175,488811,5145,43677,341108,194941,602897,151264,122148,adios,0,adios,0,adios,0,38.5,39.5,,34.0,41.9,35.9,71,4153000,854400,34.0,,,14.59,860048,,1,2000
1790399200,2026-09-26T05:06:40Z,190689,1790208587,6.1.187-android14-11-SAGA,49646d1b0cd1,cc_governor,cc_governor,45052,1335494,534241,2064995,489189,5152,43677,342235,194966,604064,151289,122541,adios,0,adios,0,adios,0,38.4,39.2,,34.0,42.9,35.9,71,4151000,687200,34.0,,,14.41,885400,,1,2000
1790399236,2026-09-26T05:07:16Z,190724,1790208587,6.1.187-android14-11-SAGA,49646d1b0cd1,cc_governor,cc_governor,45092,1339267,536035,2071015,490943,5159,43681,342765,195567,605225,151886,122940,adios,0,adios,0,adios,0,38.6,39.2,,34.0,43.7,35.9,72,4145000,549900,34.0,,,14.85,869260,,1,2000
1790399271,2026-09-26T05:07:51Z,190759,1790208587,6.1.187-android14-11-SAGA,49646d1b0cd1,cc_governor,cc_governor,45150,1342928,538482,2077550,493332,5175,43685,343231,196297,606461,152612,123334,adios,0,adios,0,adios,0,38.7,39.1,,34.0,42.1,35.8,72,4163000,813500,34.0,,,14.62,872776,,1,2000
1790399306,2026-09-26T05:08:26Z,190795,1790208587,6.1.187-android14-11-SAGA,49646d1b0cd1,cc_governor,cc_governor,45175,1347051,540059,2083717,494895,5187,43685,343794,196865,607620,153184,123714,adios,0,adios,0,adios,0,38.7,39.3,,34.0,42.3,35.8,72,4162000,700000,34.0,,,14.51,862676,,1,2000
1790399342,2026-09-26T05:09:02Z,190830,1790208587,6.1.187-android14-11-SAGA,49646d1b0cd1,cc_governor,cc_governor,45193,1351148,541291,2089467,496098,5200,43685,344514,197257,608760,153572,124107,adios,0,adios,0,adios,0,38.5,39.2,,34.0,42.6,35.8,72,4166000,731800,34.0,,,14.44,875888,,1,2000
1790399377,2026-09-26T05:09:37Z,190866,1790208587,6.1.187-android14-11-SAGA,49646d1b0cd1,cc_governor,cc_governor,45229,1356230,541695,2095391,496466,5215,43687,345595,197292,609900,153605,124485,adios,0,adios,0,adios,0,38.7,39.0,,34.0,41.4,35.8,72,4166000,867300,34.0,,,14.69,864876,,1,2000
1790399413,2026-09-26T05:10:13Z,190901,1790208587,6.1.187-android14-11-SAGA,49646d1b0cd1,cc_governor,cc_governor,45256,1361099,542210,2101204,496954,5224,43688,346709,197316,611078,153628,124886,adios,0,adios,0,adios,0,38.3,39.1,,34.0,42.2,35.7,72,4163000,728100,34.0,,,14.60,860328,,1,2000
1790399448,2026-09-26T05:10:48Z,190937,1790208587,6.1.187-android14-11-SAGA,49646d1b0cd1,cc_governor,cc_governor,45292,1365382,543876,2107575,498584,5231,43689,347850,197383,612317,153694,125267,adios,0,adios,0,adios,0,38.5,39.9,,34.0,42.0,35.8,73,4167000,784300,34.0,,,14.46,850788,,1,2000
1790399484,2026-09-26T05:11:24Z,190972,1790208587,6.1.187-android14-11-SAGA,49646d1b0cd1,cc_governor,cc_governor,45339,1370503,544573,2113812,499234,5242,43689,348998,197412,613515,153723,125662,adios,0,adios,0,adios,0,38.1,39.0,,34.0,42.3,35.8,73,4166000,763500,34.0,,,14.48,831176,,1,2000
1790399520,2026-09-26T05:12:00Z,191008,1790208587,6.1.187-android14-11-SAGA,49646d1b0cd1,cc_governor,cc_governor,45381,1375780,544933,2119949,499552,5251,43689,350142,197423,614696,153734,126041,adios,0,adios,0,adios,0,38.7,38.7,,34.0,41.2,35.7,73,4173000,786700,34.0,,,14.43,827780,,1,2000
1790399555,2026-09-26T05:12:35Z,191044,1790208587,6.1.187-android14-11-SAGA,49646d1b0cd1,cc_governor,cc_governor,45394,1380482,545586,2125754,500192,5266,43689,351243,197475,615884,153786,126420,adios,0,adios,0,adios,0,38.6,39.4,,34.0,42.5,35.7,73,4169000,678100,34.0,,,14.32,823272,,1,2000
1790399591,2026-09-26T05:13:11Z,191079,1790208587,6.1.187-android14-11-SAGA,49646d1b0cd1,cc_governor,cc_governor,45446,1384911,546497,2131500,501051,5279,43689,352300,197566,617046,153877,126802,adios,0,adios,0,adios,0,38.4,39.2,,34.0,42.2,35.7,73,4173000,676800,34.0,,,14.34,817088,,1,2000
1790399626,2026-09-26T05:13:46Z,191114,1790208587,6.1.187-android14-11-SAGA,49646d1b0cd1,cc_governor,cc_governor,45494,1387713,549125,2139038,503640,5291,43691,352701,198323,618237,154636,127193,adios,0,adios,0,adios,0,38.4,41.2,,34.0,43.1,35.9,74,4173000,864800,34.0,,,14.54,831816,,1,2000
1790399661,2026-09-26T05:14:21Z,191150,1790208587,6.1.187-android14-11-SAGA,49646d1b0cd1,cc_governor,cc_governor,45515,1391528,551071,2145257,505556,5310,43691,353206,198950,619399,155259,127569,adios,0,adios,0,adios,0,38.5,39.0,,34.0,42.2,35.7,74,4186000,794600,34.0,,,14.46,832444,,1,2000
1790399697,2026-09-26T05:14:57Z,191185,1790208587,6.1.187-android14-11-SAGA,49646d1b0cd1,cc_governor,cc_governor,45556,1395659,552554,2151323,507007,5318,43691,353737,199576,620584,155889,127950,adios,0,adios,0,adios,0,38.4,38.7,,34.0,42.5,35.7,74,4184000,867300,34.0,,,14.41,822420,,1,2000
1790399732,2026-09-26T05:15:32Z,191220,1790208587,6.1.187-android14-11-SAGA,49646d1b0cd1,cc_governor,cc_governor,45573,1400133,553693,2157402,508120,5329,43691,354507,199875,621691,156184,128341,adios,0,adios,0,adios,0,38.0,38.6,,34.0,41.2,35.7,74,4189000,778800,34.0,,,14.94,813800,,1,2000
1790399768,2026-09-26T05:16:08Z,191256,1790208587,6.1.187-android14-11-SAGA,49646d1b0cd1,cc_governor,cc_governor,45588,1404673,554469,2163136,508881,5339,43691,355606,199922,622863,156231,128733,adios,0,adios,0,adios,0,38.6,38.7,,34.0,42.5,35.7,74,4188000,790400,34.0,,,14.79,818384,,1,2000
1790399803,2026-09-26T05:16:43Z,191292,1790208587,6.1.187-android14-11-SAGA,49646d1b0cd1,cc_governor,cc_governor,45639,1409636,555034,2169049,509395,5350,43691,356778,199954,624080,156263,129121,adios,0,adios,0,adios,0,38.2,40.0,,33.0,41.9,35.7,74,4187000,839200,34.0,,,14.61,816124,,1,2000
1790399839,2026-09-26T05:17:19Z,191327,1790208587,6.1.187-android14-11-SAGA,49646d1b0cd1,cc_governor,cc_governor,45670,1414166,556268,2175241,510598,5364,43691,357881,200010,625276,156319,129528,adios,0,adios,0,adios,0,38.5,38.9,,34.0,43.1,35.7,75,4193000,694500,33.0,,,14.58,810800,,1,2000
1790399874,2026-09-26T05:17:54Z,191363,1790208587,6.1.187-android14-11-SAGA,49646d1b0cd1,cc_governor,cc_governor,45696,1418863,556793,2180878,511097,5373,43691,358952,200038,626398,156347,129929,adios,0,adios,0,adios,0,38.1,40.1,,33.0,41.9,35.6,75,4190000,671900,33.0,,,14.52,809740,,1,2000
1790399910,2026-09-26T05:18:30Z,191398,1790208587,6.1.187-android14-11-SAGA,49646d1b0cd1,cc_governor,cc_governor,45727,1423508,557308,2186490,511581,5392,43691,360015,200065,627521,156374,130310,adios,0,adios,0,adios,0,38.1,38.7,,34.0,42.0,35.6,75,4193000,769000,34.0,,,14.45,817668,,1,2000
1790399945,2026-09-26T05:19:05Z,191434,1790208587,6.1.187-android14-11-SAGA,49646d1b0cd1,cc_governor,cc_governor,45747,1427874,558369,2192383,512633,5401,43691,360784,200389,628634,156702,130710,adios,0,adios,0,adios,0,38.1,39.8,,34.0,41.5,35.6,75,4195000,753700,34.0,,,14.40,811664,,1,2000
1790399980,2026-09-26T05:19:40Z,191469,1790208587,6.1.187-android14-11-SAGA,49646d1b0cd1,cc_governor,cc_governor,45779,1431466,560491,2198624,514712,5416,43691,361144,201144,629769,157453,131088,adios,0,adios,0,adios,0,38.5,39.1,,33.0,42.1,35.6,75,4199000,859300,34.0,,,14.38,799956,,1,2000
1790400016,2026-09-26T05:20:16Z,191504,1790208587,6.1.187-android14-11-SAGA,49646d1b0cd1,cc_governor,cc_governor,45803,1435131,562251,2204516,516448,5434,43691,362239,201215,630972,157524,131477,adios,0,adios,0,adios,0,38.9,38.9,,33.0,42.6,35.7,76,4203000,841600,34.0,,,14.37,807196,,1,2000
1790400051,2026-09-26T05:20:51Z,191540,1790208587,6.1.187-android14-11-SAGA,49646d1b0cd1,cc_governor,cc_governor,45894,1439013,564297,2210905,518412,5446,43743,363140,201608,632298,157869,131880,adios,0,adios,0,adios,0,38.2,38.5,,34.0,42.4,35.6,76,4200000,838000,34.0,,,14.65,759712,,1,2000
1790400087,2026-09-26T05:21:27Z,191575,1790208587,6.1.187-android14-11-SAGA,49646d1b0cd1,cc_governor,cc_governor,45933,1442620,566109,2216768,520176,5456,43747,364177,201717,633466,157970,132265,adios,0,adios,0,adios,0,38.2,38.6,,33.0,41.8,35.6,76,4204000,859900,34.0,,,14.56,768388,,1,2000
1790400123,2026-09-26T05:22:03Z,191611,1790208587,6.1.187-android14-11-SAGA,49646d1b0cd1,cc_governor,cc_governor,45961,1446802,567644,2222940,521681,5471,43787,364899,202227,634732,158440,132647,adios,0,adios,0,adios,0,38.1,39.0,,33.0,41.4,35.6,76,4208000,834300,33.0,,,14.47,757872,,1,2000
1790400158,2026-09-26T05:22:38Z,191646,1790208587,6.1.187-android14-11-SAGA,49646d1b0cd1,cc_governor,cc_governor,45974,1451138,568598,2228651,522624,5487,43787,365974,202266,635872,158479,133033,adios,0,adios,0,adios,0,38.2,38.9,,33.0,42.0,35.6,76,4212000,786700,33.0,,,14.34,767852,,1,2000
1790400193,2026-09-26T05:23:13Z,191682,1790208587,6.1.187-android14-11-SAGA,49646d1b0cd1,cc_governor,cc_governor,46194,1455125,570588,2235061,524406,5501,43917,367027,202552,637247,158638,133428,adios,0,adios,0,adios,0,38.3,39.3,,33.0,41.6,35.6,76,4211000,858100,33.0,,,14.37,776132,,1,2000
1790400228,2026-09-26T05:23:48Z,191717,1790208587,6.1.187-android14-11-SAGA,49646d1b0cd1,cc_governor,cc_governor,46224,1457843,573855,2243875,527631,5515,43919,367211,203518,638540,159599,133815,adios,0,adios,0,adios,0,39.5,41.3,,33.0,44.0,36.3,77,4213000,660400,34.0,,,14.53,489048,,1,2000
1790400264,2026-09-26T05:24:24Z,191752,1790208587,6.1.187-android14-11-SAGA,49646d1b0cd1,cc_governor,cc_governor,46248,1463011,575020,2253540,528782,5530,43919,368240,203571,641946,159659,134202,adios,0,adios,0,adios,0,40.9,40.7,,34.0,43.8,36.9,77,4199000,784300,33.0,,,15.29,118836,,1,2000
1790400299,2026-09-26T05:24:59Z,191788,1790208587,6.1.187-android14-11-SAGA,49646d1b0cd1,cc_governor,cc_governor,46285,1467662,577576,2263159,531291,5553,43919,368699,204270,647762,160351,134616,adios,0,adios,0,adios,0,41.3,40.8,,34.0,43.1,37.3,77,4208000,848300,34.0,,,15.05,296500,,1,2000
1790400335,2026-09-26T05:25:35Z,191823,1790208587,6.1.187-android14-11-SAGA,49646d1b0cd1,cc_governor,cc_governor,46301,1473149,577592,2269139,531291,5564,43919,369802,204270,649107,160351,135028,adios,0,adios,0,adios,0,39.1,39.5,,34.0,42.5,36.3,77,4212000,671300,34.0,,,14.74,377244,,1,2000
1790400370,2026-09-26T05:26:10Z,191859,1790208587,6.1.187-android14-11-SAGA,49646d1b0cd1,cc_governor,cc_governor,46332,1477202,578908,2274957,532584,5582,43919,370510,204660,650246,160745,135424,adios,0,adios,0,adios,0,38.9,39.6,,34.0,42.0,36.1,77,4214000,676800,34.0,,,14.72,390396,,1,2000
1790400406,2026-09-26T05:26:46Z,191894,1790208587,6.1.187-android14-11-SAGA,49646d1b0cd1,cc_governor,cc_governor,46383,1480876,581109,2281222,534736,5595,43920,370907,205439,651453,161525,135804,adios,0,adios,0,adios,0,38.8,39.6,,34.0,42.7,36.0,77,4223000,839200,34.0,,,14.64,385976,,1,2000
1790400441,2026-09-26T05:27:21Z,191930,1790208587,6.1.187-android14-11-SAGA,49646d1b0cd1,cc_governor,cc_governor,46418,1484717,583718,2288188,537300,5609,43920,371260,206277,652673,162357,136185,adios,0,adios,0,adios,0,38.8,39.1,,34.0,42.4,35.9,78,4229000,680500,34.0,,,14.49,374952,,1,2000
1790400477,2026-09-26T05:27:57Z,191965,1790208587,6.1.187-android14-11-SAGA,49646d1b0cd1,cc_governor,cc_governor,46446,1488745,584838,2293756,538392,5624,43920,372305,206325,653784,162405,136564,adios,0,adios,0,adios,0,38.6,39.0,,34.0,42.5,35.8,78,4230000,864800,34.0,,,14.49,364692,,1,2000
1790400512,2026-09-26T05:28:32Z,192001,1790208587,6.1.187-android14-11-SAGA,49646d1b0cd1,cc_governor,cc_governor,46454,1493598,585443,2299646,538989,5638,43920,373392,206391,654947,162471,136939,adios,0,adios,0,adios,0,38.6,39.1,,34.0,42.6,35.9,78,4227000,925900,34.0,,,14.50,392716,,1,2000
1790400547,2026-09-26T05:29:07Z,192036,1790208587,6.1.187-android14-11-SAGA,49646d1b0cd1,cc_governor,cc_governor,46501,1496935,587613,2305630,541119,5651,43921,373564,207328,656094,163411,137308,adios,0,adios,0,adios,0,38.6,40.0,,34.0,42.7,35.8,78,4233000,682900,34.0,,,14.44,381128,,1,2000
1790400583,2026-09-26T05:29:43Z,192071,1790208587,6.1.187-android14-11-SAGA,49646d1b0cd1,cc_governor,cc_governor,46530,1501522,588374,2311416,541844,5662,43921,374544,207472,657240,163551,137701,adios,0,adios,0,adios,0,38.2,39.0,,34.0,42.0,35.7,78,4235000,726900,34.0,,,14.44,373464,,1,2000
1790400618,2026-09-26T05:30:18Z,192107,1790208587,6.1.187-android14-11-SAGA,49646d1b0cd1,cc_governor,cc_governor,46550,1506229,588865,2317037,542315,5674,43922,375645,207491,658384,163569,138070,adios,0,adios,0,adios,0,37.9,41.4,,34.0,41.7,35.9,79,4233000,665200,34.0,,,14.46,379052,,1,2000
1790400654,2026-09-26T05:30:54Z,192142,1790208587,6.1.187-android14-11-SAGA,49646d1b0cd1,cc_governor,cc_governor,46646,1510389,590700,2323539,544071,5682,43929,376236,208096,659614,164172,138453,adios,0,adios,0,adios,0,38.5,40.2,,34.0,41.5,35.7,79,4239000,858100,34.0,,,14.49,370772,,1,2000
1790400689,2026-09-26T05:31:29Z,192177,1790208587,6.1.187-android14-11-SAGA,49646d1b0cd1,cc_governor,cc_governor,46664,1513711,592802,2329436,546138,5698,43929,376873,208562,660737,164633,138845,adios,0,adios,0,adios,0,38.4,39.1,,34.0,41.8,35.7,79,4243000,875200,34.0,,,14.46,371972,,1,2000
1790400724,2026-09-26T05:32:04Z,192213,1790208587,6.1.187-android14-11-SAGA,49646d1b0cd1,cc_governor,cc_governor,46710,1518462,593437,2335306,546735,5710,43936,378010,208634,661974,164703,139221,adios,0,adios,0,adios,0,38.8,39.2,,34.0,42.5,35.7,79,4243000,736600,34.0,,,14.41,373964,,1,2000
1790400760,2026-09-26T05:32:40Z,192248,1790208587,6.1.187-android14-11-SAGA,49646d1b0cd1,cc_governor,cc_governor,46746,1522107,595374,2341376,548628,5725,43936,378530,209259,663142,165323,139607,adios,0,adios,0,adios,0,38.8,39.5,,34.0,43.2,35.7,79,4243000,742100,34.0,,,14.70,358376,,1,2000
1790400795,2026-09-26T05:33:16Z,192284,1790208587,6.1.187-android14-11-SAGA,49646d1b0cd1,cc_governor,cc_governor,46762,1526923,595898,2347141,549136,5738,43936,379618,209289,664285,165353,140008,adios,0,adios,0,adios,0,38.2,38.8,,34.0,41.7,35.7,79,4242000,725000,34.0,,,14.47,357884,,1,2000
1790400831,2026-09-26T05:33:51Z,192319,1790208587,6.1.187-android14-11-SAGA,49646d1b0cd1,cc_governor,cc_governor,46819,1531169,597315,2353197,550496,5749,43937,380689,209357,665460,165420,140391,adios,0,adios,0,adios,0,38.5,38.7,,34.0,41.9,35.7,80,4254000,765300,33.0,,,14.41,350720,,1,2000
1790400866,2026-09-26T05:34:26Z,192355,1790208587,6.1.187-android14-11-SAGA,49646d1b0cd1,cc_governor,cc_governor,47018,1536007,598444,2359571,551441,5766,44009,381857,209555,666843,165552,140763,adios,0,adios,0,adios,0,39.9,40.8,,34.0,43.2,35.9,80,4249000,793400,34.0,,,14.71,265248,,1,2000
1790400902,2026-09-26T05:35:02Z,192390,1790208587,6.1.187-android14-11-SAGA,49646d1b0cd1,cc_governor,cc_governor,47178,1539290,601572,2366491,554394,5776,44093,382179,210556,668196,166463,141165,adios,0,adios,0,adios,0,38.4,38.8,,34.0,42.0,35.7,80,4244000,799500,34.0,,,14.67,256476,,1,2000
1790400937,2026-09-26T05:35:37Z,192425,1790208587,6.1.187-android14-11-SAGA,49646d1b0cd1,cc_governor,cc_governor,47230,1544071,602271,2372383,555041,5787,44093,383273,210611,669373,166518,141556,adios,0,adios,0,adios,0,38.3,39.1,,34.0,41.7,35.7,80,4261000,842800,34.0,,,14.61,240924,,1,2000
1790400972,2026-09-26T05:36:12Z,192461,1790208587,6.1.187-android14-11-SAGA,49646d1b0cd1,cc_governor,cc_governor,47260,1547367,604670,2378519,557423,5801,44093,383482,211524,670519,167435,141944,adios,0,adios,0,adios,0,38.8,38.8,,33.0,42.5,35.6,80,4253000,620700,33.0,,,14.67,254520,,1,2000
1790401008,2026-09-26T05:36:48Z,192496,1790208587,6.1.187-android14-11-SAGA,49646d1b0cd1,cc_governor,cc_governor,47333,1551848,605676,2384446,558343,5810,44109,384397,211740,671665,167631,142330,adios,0,adios,0,adios,0,38.1,40.3,,34.0,41.8,35.6,80,4257000,704900,34.0,,,14.37,254716,,1,2000
1790401043,2026-09-26T05:37:23Z,192532,1790208587,6.1.187-android14-11-SAGA,49646d1b0cd1,cc_governor,cc_governor,47379,1557125,606530,2390990,559150,5826,44110,385551,211768,672874,167658,142707,adios,0,adios,0,adios,0,38.1,38.8,,34.0,42.3,35.6,81,4259000,756200,33.0,,,14.36,246972,,1,2000
1790401079,2026-09-26T05:37:59Z,192567,1790208587,6.1.187-android14-11-SAGA,49646d1b0cd1,cc_governor,cc_governor,47408,1561150,608262,2397213,560862,5839,44110,385994,212453,674014,168347,143090,adios,0,adios,0,adios,0,38.3,38.9,,33.0,42.1,35.6,81,4263000,674400,34.0,,,14.31,243356,,1,2000
1790401114,2026-09-26T05:38:34Z,192603,1790208587,6.1.187-android14-11-SAGA,49646d1b0cd1,cc_governor,cc_governor,47428,1565466,609390,2403097,561962,5849,44110,386785,212783,675170,168673,143452,adios,0,adios,0,adios,0,38.3,38.9,,34.0,41.7,35.6,81,4263000,650000,33.0,,,14.33,262168,,1,2000
1790401150,2026-09-26T05:39:10Z,192638,1790208587,6.1.187-android14-11-SAGA,49646d1b0cd1,cc_governor,cc_governor,47477,1570360,609935,2409024,562458,5861,44120,387916,212821,676368,168701,143838,adios,0,adios,0,adios,0,39.7,50.9,,33.0,64.8,38.8,81,4218000,-148900,33.0,,,15.39,98232,,1,2000
1790401187,2026-09-26T05:39:47Z,192675,1790208587,6.1.187-android14-11-SAGA,49646d1b0cd1,cc_governor,cc_governor,56320,1576352,623858,2431048,567538,5921,53075,388515,223656,688348,170581,144408,adios,0,adios,0,adios,0,38.7,39.4,,34.0,41.9,36.1,81,4268000,711600,34.0,,,15.09,87560,,1,2000
1790401222,2026-09-26T05:40:22Z,192710,1790208587,6.1.187-android14-11-SAGA,49646d1b0cd1,cc_governor,cc_governor,56401,1582148,627531,2440951,571130,5935,53076,389602,223734,689546,170658,144785,adios,0,adios,0,adios,0,38.8,39.3,,34.0,42.4,35.9,82,4278000,881300,34.0,,,14.69,91600,,1,2000
1790401257,2026-09-26T05:40:57Z,192745,1790208587,6.1.187-android14-11-SAGA,49646d1b0cd1,cc_governor,cc_governor,56433,1589755,629491,2450935,573065,5944,53076,390640,223801,690673,170730,145177,adios,0,adios,0,adios,0,38.7,39.2,,34.0,42.3,35.8,82,4269000,664000,34.0,,,14.62,80296,,1,2000
1790401292,2026-09-26T05:41:32Z,192781,1790208587,6.1.187-android14-11-SAGA,49646d1b0cd1,cc_governor,cc_governor,56497,1594895,634334,2461368,577837,5954,53076,390781,224796,691829,171720,145574,adios,0,adios,0,adios,0,38.6,38.7,,34.0,42.3,35.7,82,4276000,772700,34.0,,,14.56,95632,,1,2000
1790401327,2026-09-26T05:42:07Z,192816,1790208587,6.1.187-android14-11-SAGA,49646d1b0cd1,cc_governor,cc_governor,56606,1603760,635381,2471707,578775,5970,53084,391872,224835,692991,171751,145958,adios,0,adios,0,adios,0,38.7,39.4,,34.0,43.9,35.7,82,4280000,671900,34.0,,,14.67,86508,,1,2000
1790401363,2026-09-26T05:42:43Z,192851,1790208587,6.1.187-android14-11-SAGA,49646d1b0cd1,cc_governor,cc_governor,56645,1612184,636686,2481849,580041,5980,53084,392959,224868,694132,171784,146346,adios,0,adios,0,adios,0,38.5,38.7,,34.0,41.6,35.7,82,4278000,735400,34.0,,,14.59,80908,,1,2000
1790401399,2026-09-26T05:43:19Z,192887,1790208587,6.1.187-android14-11-SAGA,49646d1b0cd1,cc_governor,cc_governor,56665,1617329,637187,2487933,580522,5997,53084,394090,224893,695312,171809,146743,adios,0,adios,0,adios,0,38.2,38.9,,34.0,41.4,35.7,82,4286000,891700,34.0,,,14.49,79448,,1,2000
1790401434,2026-09-26T05:43:54Z,192922,1790208587,6.1.187-android14-11-SAGA,49646d1b0cd1,cc_governor,cc_governor,56712,1621480,638718,2494056,582006,6011,53093,395159,224986,696500,171893,147135,adios,0,adios,0,adios,0,38.1,39.2,,33.0,41.5,35.7,83,4280000,909400,33.0,,,14.47,75940,,1,2000
1790401469,2026-09-26T05:44:29Z,192958,1790208587,6.1.187-android14-11-SAGA,49646d1b0cd1,cc_governor,cc_governor,56751,1626588,639169,2500099,582418,6020,53093,396261,225002,697648,171909,147531,adios,0,adios,0,adios,0,38.3,38.9,,33.0,42.5,35.7,83,4289000,820300,34.0,,,14.73,72852,,1,2000
1790401505,2026-09-26T05:45:05Z,192993,1790208587,6.1.187-android14-11-SAGA,49646d1b0cd1,cc_governor,cc_governor,56769,1631217,639780,2505794,583011,6030,53093,397327,225028,698759,171935,147918,adios,0,adios,0,adios,0,38.1,39.6,,33.0,41.7,35.6,83,4288000,748200,34.0,,,14.57,141140,,1,2000
1790401540,2026-09-26T05:45:40Z,193028,1790208587,6.1.187-android14-11-SAGA,49646d1b0cd1,cc_governor,cc_governor,56807,1635896,640386,2511539,583579,6041,53093,398420,225047,699904,171954,148306,adios,0,adios,0,adios,0,38.1,40.5,,33.0,41.8,35.6,83,4289000,779400,34.0,,,14.46,127260,,1,2000
1790401575,2026-09-26T05:46:15Z,193064,1790208587,6.1.187-android14-11-SAGA,49646d1b0cd1,cc_governor,cc_governor,56842,1639767,642084,2517590,585254,6056,53093,398821,225737,701022,172648,148704,adios,0,adios,0,adios,0,38.3,39.1,,33.0,42.4,35.6,83,4296000,644500,33.0,,,14.47,123704,,1,2000
1790401610,2026-09-26T05:46:50Z,193099,1790208587,6.1.187-android14-11-SAGA,49646d1b0cd1,cc_governor,cc_governor,56948,1643379,644566,2524132,587618,6071,53248,399489,226492,702498,173244,149083,adios,0,adios,0,adios,0,38.2,39.1,,33.0,42.7,35.6,83,4296000,718900,33.0,,,14.55,120656,,1,2000
1790401646,2026-09-26T05:47:26Z,193134,1790208587,6.1.187-android14-11-SAGA,49646d1b0cd1,cc_governor,cc_governor,56996,1648311,645442,2530434,588446,6082,53250,400610,226534,703686,173284,149471,adios,0,adios,0,adios,0,38.0,39.1,,33.0,42.4,35.6,84,4301000,783000,34.0,,,14.47,119696,,1,2000
1790401681,2026-09-26T05:48:01Z,193169,1790208587,6.1.187-android14-11-SAGA,49646d1b0cd1,cc_governor,cc_governor,57020,1652728,646569,2536438,589556,6093,53250,401334,226895,704794,173648,149867,adios,0,adios,0,adios,0,38.5,39.2,,33.0,42.4,35.6,84,4299000,747000,33.0,,,14.70,107216,,1,2000
1790401717,2026-09-26T05:48:37Z,193205,1790208587,6.1.187-android14-11-SAGA,49646d1b0cd1,cc_governor,cc_governor,57043,1656605,648477,2542659,591434,6104,53250,401742,227607,705954,174357,150267,adios,0,adios,0,adios,0,38.2,39.2,,33.0,42.0,35.6,84,4305000,834300,33.0,,,14.47,107244,,1,2000
1790401752,2026-09-26T05:49:12Z,193241,1790208587,6.1.187-android14-11-SAGA,49646d1b0cd1,cc_governor,cc_governor,57081,1661758,648713,2548514,591632,6118,53251,402871,227616,707131,174365,150655,adios,0,adios,0,adios,0,38.2,38.9,,33.0,45.6,35.6,84,4309000,795800,33.0,,,14.58,128028,,1,2000
1790401788,2026-09-26T05:49:48Z,193276,1790208587,6.1.187-android14-11-SAGA,49646d1b0cd1,cc_governor,cc_governor,57129,1666518,649241,2554273,592112,6128,53251,403977,227635,708270,174384,151044,adios,0,adios,0,adios,0,38.1,38.8,,33.0,41.9,35.5,84,4312000,804400,33.0,,,14.59,127680,,1,2000
1790401823,2026-09-26T05:50:23Z,193311,1790208587,6.1.187-android14-11-SAGA,49646d1b0cd1,cc_governor,cc_governor,57158,1670293,651046,2560334,593897,6140,53252,405003,227763,709456,174515,151426,adios,0,adios,0,adios,0,38.1,39.4,,33.0,41.8,35.6,85,4309000,704900,33.0,,,14.49,108760,,1,2000
1790401858,2026-09-26T05:50:58Z,193347,1790208587,6.1.187-android14-11-SAGA,49646d1b0cd1,cc_governor,cc_governor,57231,1672876,653802,2566087,596571,6151,53255,405471,228410,710606,175155,151825,adios,0,adios,0,adios,0,37.9,38.6,,33.0,40.9,35.5,85,4318000,657900,34.0,,,14.35,118452,,1,2000
1790401894,2026-09-26T05:51:34Z,193382,1790208587,6.1.187-android14-11-SAGA,49646d1b0cd1,cc_governor,cc_governor,57253,1676888,655272,2572018,598018,6161,53257,406523,228501,711776,175244,152224,adios,0,adios,0,adios,0,38.1,39.7,,33.0,42.6,35.5,85,4319000,736600,33.0,,,14.27,104280,,1,2000
1790401929,2026-09-26T05:52:09Z,193417,1790208587,6.1.187-android14-11-SAGA,49646d1b0cd1,cc_governor,cc_governor,57280,1681680,655818,2577789,598538,6174,53265,407636,228543,712960,175278,152614,adios,0,adios,0,adios,0,38.3,38.3,,33.0,42.0,35.5,85,4321000,645100,33.0,,,14.42,93576,,1,2000
1790401965,2026-09-26T05:52:45Z,193453,1790208587,6.1.187-android14-11-SAGA,49646d1b0cd1,cc_governor,cc_governor,57297,1686766,656151,2583607,598854,6190,53265,408750,228558,714107,175293,153012,adios,0,adios,0,adios,0,38.4,39.7,,33.0,41.9,35.5,85,4319000,772700,33.0,,,14.48,110804,,1,2000
1790402000,2026-09-26T05:53:20Z,193488,1790208587,6.1.187-android14-11-SAGA,49646d1b0cd1,cc_governor,cc_governor,57358,1689170,659119,2589387,601761,6205,53265,409099,229341,715279,176076,153391,adios,0,adios,0,adios,0,38.0,38.4,,33.0,42.0,35.5,85,4323000,766600,33.0,,,14.50,113524,,1,2000
1790402036,2026-09-26T05:53:56Z,193524,1790208587,6.1.187-android14-11-SAGA,49646d1b0cd1,cc_governor,cc_governor,57414,1693785,660757,2596101,603343,6218,53265,409792,229820,716475,176555,153799,adios,0,adios,0,adios,0,38.3,40.4,,33.0,41.4,35.5,86,4324000,753700,33.0,,,14.44,108412,,1,2000
1790402071,2026-09-26T05:54:31Z,193559,1790208587,6.1.187-android14-11-SAGA,49646d1b0cd1,cc_governor,cc_governor,57440,1698634,661322,2601973,603882,6232,53266,410899,229845,717634,176579,154167,adios,0,adios,0,adios,0,38.3,38.6,,33.0,41.4,35.5,86,4326000,786700,33.0,,,14.32,113672,,1,2000
1790402106,2026-09-26T05:55:06Z,193594,1790208587,6.1.187-android14-11-SAGA,49646d1b0cd1,cc_governor,cc_governor,57478,1701981,662986,2607372,605508,6245,53267,411902,229927,718740,176660,154542,adios,0,adios,0,adios,0,38.1,38.6,,33.0,42.2,35.5,86,4322000,589600,33.0,,,14.34,103548,,1,2000
1790402141,2026-09-26T05:55:41Z,193630,1790208587,6.1.187-android14-11-SAGA,49646d1b0cd1,cc_governor,cc_governor,57501,1706433,663865,2613127,606376,6254,53267,412958,229991,719882,176729,154931,adios,0,adios,0,adios,0,38.4,39.1,,33.0,41.6,35.5,86,4330000,830000,33.0,,,14.47,91108,,1,2000
1790402177,2026-09-26T05:56:17Z,193665,1790208587,6.1.187-android14-11-SAGA,49646d1b0cd1,cc_governor,cc_governor,57530,1710015,665831,2619088,608301,6265,53267,413278,230784,721017,177517,155314,adios,0,adios,0,adios,0,38.0,38.8,,33.0,41.3,35.5,86,4335000,764700,33.0,,,14.48,109432,,1,2000
1790402212,2026-09-26T05:56:52Z,193700,1790208587,6.1.187-android14-11-SAGA,49646d1b0cd1,cc_governor,cc_governor,57590,1714875,666597,2625138,609021,6277,53267,414440,230840,722262,177577,155686,adios,0,adios,0,adios,0,38.6,39.0,,33.0,41.4,35.6,87,4331000,793400,33.0,,,14.50,93964,,1,2000
1790402247,2026-09-26T05:57:27Z,193736,1790208587,6.1.187-android14-11-SAGA,49646d1b0cd1,cc_governor,cc_governor,57612,1719164,667969,2631274,610357,6293,53267,414847,231533,723385,178266,156087,adios,0,adios,0,adios,0,38.1,39.1,,33.0,42.1,35.5,87,4338000,661600,33.0,,,14.36,100024,,1,2000
1790402283,2026-09-26T05:58:03Z,193771,1790208587,6.1.187-android14-11-SAGA,49646d1b0cd1,cc_governor,cc_governor,57641,1724452,667998,2636989,610357,6306,53267,415964,231533,724532,178266,156468,adios,0,adios,0,adios,0,38.3,38.6,,33.0,43.3,35.5,87,4337000,684800,33.0,,,14.36,98604,,1,2000
1790402318,2026-09-26T05:58:38Z,193807,1790208587,6.1.187-android14-11-SAGA,49646d1b0cd1,cc_governor,cc_governor,57661,1729995,668018,2642965,610357,6316,53267,417068,231533,725671,178266,156851,adios,0,adios,0,adios,0,37.9,38.4,,33.0,41.3,35.5,87,4339000,776300,33.0,,,14.36,101968,,1,2000
1790402354,2026-09-26T05:59:14Z,193842,1790208587,6.1.187-android14-11-SAGA,49646d1b0cd1,cc_governor,cc_governor,57689,1735632,668047,2649021,610357,6329,53267,418192,231533,726808,178266,157235,adios,0,adios,0,adios,0,38.4,38.8,,33.0,41.6,35.4,87,4343000,781800,33.0,,,14.36,101076,,1,2000
1790402389,2026-09-26T05:59:49Z,193878,1790208587,6.1.187-android14-11-SAGA,49646d1b0cd1,cc_governor,cc_governor,57727,1740334,668597,2654699,610870,6340,53267,419291,231559,727958,178292,157625,adios,0,adios,0,adios,0,37.9,39.1,,33.0,41.7,35.5,87,4347000,770200,33.0,,,14.42,97948,,1,2000
1790402425,2026-09-26T06:00:25Z,193913,1790208587,6.1.187-android14-11-SAGA,49646d1b0cd1,cc_governor,cc_governor,57904,1744483,670748,2661439,612844,6349,53489,420382,231958,729493,178469,158017,adios,0,adios,0,adios,0,38.3,38.7,,33.0,41.4,35.5,88,4345000,688400,33.0,,,14.42,101964,,1,2000
1790402460,2026-09-26T06:01:00Z,193948,1790208587,6.1.187-android14-11-SAGA,49646d1b0cd1,cc_governor,cc_governor,57921,1748753,671641,2667056,613720,6362,53489,421487,231999,730659,178510,158387,adios,0,adios,0,adios,0,38.0,38.6,,33.0,42.5,35.5,88,4351000,766600,33.0,,,14.23,96696,,1,2000
1790402495,2026-09-26T06:01:35Z,193984,1790208587,6.1.187-android14-11-SAGA,49646d1b0cd1,cc_governor,cc_governor,57966,1753597,672262,2672977,614296,6375,53489,422545,232032,731767,178543,158760,adios,0,adios,0,adios,0,38.3,38.8,,33.0,41.9,35.5,88,4355000,767800,33.0,,,14.29,117852,,1,2000
1790402531,2026-09-26T06:02:11Z,194019,1790208587,6.1.187-android14-11-SAGA,49646d1b0cd1,cc_governor,cc_governor,58037,1758263,672868,2678645,614831,6386,53489,423650,232071,732946,178582,159151,adios,0,adios,0,adios,0,40.5,41.7,,33.0,42.2,35.7,88,4351000,731800,33.0,,,14.24,121852,,1,2000
1790402566,2026-09-26T06:02:46Z,194055,1790208587,6.1.187-android14-11-SAGA,49646d1b0cd1,cc_governor,cc_governor,58232,1762522,674677,2685281,616452,6395,53492,424589,232329,734256,178842,159523,adios,0,adios,0,adios,0,38.3,38.7,,33.0,41.7,35.5,88,4359000,844100,33.0,,,14.50,107656,,1,2000
1790402601,2026-09-26T06:03:21Z,194090,1790208587,6.1.187-android14-11-SAGA,49646d1b0cd1,cc_governor,cc_governor,58282,1765527,677303,2691348,619028,6411,53494,424833,233244,735437,179754,159889,adios,0,adios,0,adios,0,39.2,38.9,,33.0,41.6,35.6,89,4363000,756200,33.0,,,14.50,127100,,1,2000
1790402637,2026-09-26T06:03:57Z,194125,1790208587,6.1.187-android14-11-SAGA,49646d1b0cd1,cc_governor,cc_governor,58309,1769012,679374,2697336,621075,6426,53494,425121,234066,736570,180578,160268,adios,0,adios,0,adios,0,38.5,38.7,,33.0,41.9,35.5,89,4361000,783000,33.0,,,14.36,116968,,1,2000
1790402672,2026-09-26T06:04:32Z,194161,1790208587,6.1.187-android14-11-SAGA,49646d1b0cd1,cc_governor,cc_governor,58343,1773204,680568,2703089,622242,6434,53494,426063,234248,737727,180758,160653,adios,0,adios,0,adios,0,38.1,39.0,,33.0,41.8,35.5,89,4366000,755000,33.0,,,14.46,123316,,1,2000
1790402708,2026-09-26T06:05:08Z,194196,1790208587,6.1.187-android14-11-SAGA,49646d1b0cd1,cc_governor,cc_governor,58384,1777321,681692,2708793,623308,6445,53494,426998,234438,738890,180944,161039,adios,0,adios,0,adios,0,37.8,38.7,,33.0,41.2,35.5,89,4364000,755000,33.0,,,14.76,120608,,1,2000
1790402743,2026-09-26T06:05:43Z,194231,1790208587,6.1.187-android14-11-SAGA,49646d1b0cd1,cc_governor,cc_governor,58396,1781942,682225,2714356,623829,6460,53494,428061,234461,739996,180967,161397,adios,0,adios,0,adios,0,38.0,38.5,,33.0,41.2,35.5,89,4369000,765300,33.0,,,14.86,117364,,1,2000
1790402778,2026-09-26T06:06:18Z,194267,1790208587,6.1.187-android14-11-SAGA,49646d1b0cd1,cc_governor,cc_governor,58423,1786820,682778,2720223,624355,6467,53494,429122,234489,741106,180995,161796,adios,0,adios,0,adios,0,38.3,38.8,,33.0,41.4,35.5,89,4373000,657300,33.0,,,14.75,111584,,1,2000
1790402814,2026-09-26T06:06:54Z,194302,1790208587,6.1.187-android14-11-SAGA,49646d1b0cd1,cc_governor,cc_governor,58491,1791637,683948,2726630,625457,6477,53496,430329,234527,742383,181031,162198,adios,0,adios,0,adios,0,38.4,38.9,,33.0,41.4,35.5,90,4380000,872800,33.0,,,14.50,96100,,1,2000
1790402849,2026-09-26T06:07:29Z,194337,1790208587,6.1.187-android14-11-SAGA,49646d1b0cd1,cc_governor,cc_governor,58506,1795760,685328,2732574,626822,6489,53496,430966,234960,743479,181464,162585,adios,0,adios,0,adios,0,38.0,38.4,,33.0,42.9,35.5,90,4380000,853200,33.0,,,14.44,115964,,1,2000
1790402884,2026-09-26T06:08:04Z,194373,1790208587,6.1.187-android14-11-SAGA,49646d1b0cd1,cc_governor,cc_governor,58550,1800390,685945,2738246,627395,6501,53498,432088,234984,744645,181486,162949,adios,0,adios,0,adios,0,38.3,38.6,,33.0,42.1,35.4,90,4376000,780600,33.0,,,14.48,110464,,1,2000
1790402920,2026-09-26T06:08:40Z,194408,1790208587,6.1.187-android14-11-SAGA,49646d1b0cd1,cc_governor,cc_governor,58585,1804718,687036,2744092,628463,6514,53498,432958,235278,745833,181783,163333,adios,0,adios,0,adios,0,38.9,38.7,,33.0,43.2,35.5,90,4382000,805600,33.0,,,14.43,105012,,1,2000
1790402955,2026-09-26T06:09:15Z,194443,1790208587,6.1.187-android14-11-SAGA,49646d1b0cd1,cc_governor,cc_governor,58609,1808329,689332,2750408,630723,6522,53498,433213,236116,746946,182618,163725,adios,0,adios,0,adios,0,38.3,39.1,,33.0,40.8,35.4,90,4387000,744600,33.0,,,14.48,102728,,1,2000
1790402991,2026-09-26T06:09:51Z,194479,1790208587,6.1.187-android14-11-SAGA,49646d1b0cd1,cc_governor,cc_governor,58672,1813098,690489,2756748,631817,6536,53498,434315,236194,748169,182696,164125,adios,0,adios,0,adios,0,38.1,39.1,,33.0,41.0,35.4,91,4380000,798300,33.0,,,14.43,108340,,1,2000
1790403026,2026-09-26T06:10:26Z,194514,1790208587,6.1.187-android14-11-SAGA,49646d1b0cd1,cc_governor,cc_governor,59756,1818355,693228,2765440,633472,6551,54338,435540,237420,750902,183082,164517,adios,0,adios,0,adios,0,38.3,38.7,,33.0,41.6,35.6,91,4383000,671900,33.0,,,14.50,149256,,1,2000
1790403061,2026-09-26T06:11:01Z,194550,1790208587,6.1.187-android14-11-SAGA,49646d1b0cd1,cc_governor,cc_governor,59772,1823131,693740,2771127,633968,6565,54338,436623,237437,752043,183099,164904,adios,0,adios,0,adios,0,38.7,39.8,,33.0,41.0,35.5,91,4383000,842800,33.0,,,14.50,141452,,1,2000
1790403097,2026-09-26T06:11:37Z,194585,1790208587,6.1.187-android14-11-SAGA,49646d1b0cd1,cc_governor,cc_governor,59820,1827121,695603,2777450,635783,6577,54339,436953,238270,753243,183931,165268,adios,0,adios,0,adios,0,38.6,38.8,,33.0,41.1,35.5,91,4392000,706100,33.0,,,14.50,161044,,1,2000
1790403132,2026-09-26T06:12:12Z,194620,1790208587,6.1.187-android14-11-SAGA,49646d1b0cd1,cc_governor,cc_governor,59867,1830711,697583,2783473,637716,6586,54356,437327,239068,754434,184712,165649,adios,0,adios,0,adios,0,37.9,39.9,,33.0,42.8,35.4,91,4390000,735400,33.0,,,14.44,156592,,1,2000
1790403167,2026-09-26T06:12:47Z,194656,1790208587,6.1.187-android14-11-SAGA,49646d1b0cd1,cc_governor,cc_governor,59883,1835256,698062,2788901,638179,6595,54356,438413,239094,755569,184738,166035,adios,0,adios,0,adios,0,38.2,38.6,,33.0,41.7,35.5,92,4396000,798300,33.0,,,14.47,150980,,1,2000
1790403203,2026-09-26T06:13:23Z,194691,1790208587,6.1.187-android14-11-SAGA,49646d1b0cd1,cc_governor,cc_governor,59954,1840002,699223,2795246,639269,6605,54358,439272,239439,756813,185081,166422,adios,0,adios,0,adios,0,37.9,40.1,,33.0,41.8,35.4,92,4397000,803200,33.0,,,14.50,142992,,1,2000
1790403238,2026-09-26T06:13:58Z,194726,1790208587,6.1.187-android14-11-SAGA,49646d1b0cd1,cc_governor,cc_governor,59993,1844060,700663,2801147,640682,6625,54359,439908,239910,757943,185557,166815,adios,0,adios,0,adios,0,38.4,38.7,,33.0,41.3,35.4,92,4398000,688400,33.0,,,14.59,140240,,1,2000
1790403273,2026-09-26T06:14:33Z,194762,1790208587,6.1.187-android14-11-SAGA,49646d1b0cd1,cc_governor,cc_governor,60042,1847447,702884,2807219,642842,6636,54363,440380,240569,759121,186206,167207,adios,0,adios,0,adios,0,40.0,39.1,,33.0,42.0,35.4,92,4403000,767800,33.0,,,14.49,158512,,1,2000
1790403309,2026-09-26T06:15:09Z,194797,1790208587,6.1.187-android14-11-SAGA,49646d1b0cd1,cc_governor,cc_governor,60095,1852444,703442,2813229,643347,6646,54363,441497,240598,760290,186235,167598,adios,0,adios,0,adios,0,37.7,38.8,,33.0,41.5,35.4,92,4401000,749500,33.0,,,14.35,152820,,1,2000
1790403344,2026-09-26T06:15:44Z,194833,1790208587,6.1.187-android14-11-SAGA,49646d1b0cd1,cc_governor,cc_governor,60113,1857151,703941,2818846,643828,6660,54363,442616,240622,761471,186259,167997,adios,0,adios,0,adios,0,38.1,38.7,,33.0,41.5,35.4,92,4407000,771400,33.0,,,14.33,143908,,1,2000
1790403380,2026-09-26T06:16:20Z,194868,1790208587,6.1.187-android14-11-SAGA,49646d1b0cd1,cc_governor,cc_governor,60140,1860199,706613,2824962,646473,6668,54364,443335,241029,762637,186665,168391,adios,0,adios,0,adios,0,38.3,38.7,,33.0,41.0,35.4,93,4402000,786700,33.0,,,14.47,146492,,1,2000
1790403415,2026-09-26T06:16:55Z,194904,1790208587,6.1.187-android14-11-SAGA,49646d1b0cd1,cc_governor,cc_governor,60180,1864868,707393,2830845,647213,6682,54373,444418,241112,763820,186739,168774,adios,0,adios,0,adios,0,37.9,40.7,,33.0,42.6,35.4,93,4410000,687200,33.0,,,14.34,145244,,1,2000
1790403451,2026-09-26T06:17:31Z,194939,1790208587,6.1.187-android14-11-SAGA,49646d1b0cd1,cc_governor,cc_governor,60200,1869014,708451,2836467,648251,6697,54373,445458,241162,764936,186789,169157,adios,0,adios,0,adios,0,38.2,40.4,,33.0,41.4,35.4,93,4410000,725700,33.0,,,14.41,131656,,1,2000
1790403486,2026-09-26T06:18:06Z,194975,1790208587,6.1.187-android14-11-SAGA,49646d1b0cd1,cc_governor,cc_governor,60249,1873880,709040,2842356,648791,6707,54373,446577,241200,766125,186827,169547,adios,0,adios,0,adios,0,38.1,38.4,,33.0,42.2,35.4,93,4414000,845300,33.0,,,14.44,126996,,1,2000
1790403522,2026-09-26T06:18:42Z,195010,1790208587,6.1.187-android14-11-SAGA,49646d1b0cd1,cc_governor,cc_governor,60271,1878468,710005,2848348,649734,6719,54373,447648,241222,767248,186849,169941,adios,0,adios,0,adios,0,37.8,38.9,,33.0,42.0,35.4,93,4414000,803200,33.0,,,14.40,145072,,1,2000
1790403557,2026-09-26T06:19:17Z,195045,1790208587,6.1.187-android14-11-SAGA,49646d1b0cd1,cc_governor,cc_governor,60328,1882352,712136,2854818,651822,6730,54376,448021,242004,768435,187633,170328,adios,0,adios,0,adios,0,38.6,38.8,,33.0,41.7,35.5,94,4423000,839200,33.0,,,14.38,140364,,1,2000
1790403592,2026-09-26T06:19:52Z,195081,1790208587,6.1.187-android14-11-SAGA,49646d1b0cd1,cc_governor,cc_governor,60386,1886753,713214,2860784,652840,6740,54376,448812,242383,769626,188010,170723,adios,0,adios,0,adios,0,38.2,38.6,,33.0,40.9,35.4,94,4422000,742100,33.0,,,14.37,137032,,1,2000
1790403628,2026-09-26T06:20:28Z,195116,1790208587,6.1.187-android14-11-SAGA,49646d1b0cd1,cc_governor,cc_governor,60435,1890605,715025,2866913,654589,6752,54376,449477,242862,770794,188486,171119,adios,0,adios,0,adios,0,38.0,38.7,,33.0,41.9,35.4,94,4423000,665200,33.0,,,14.42,135484,,1,2000
1790403663,2026-09-26T06:21:03Z,195152,1790208587,6.1.187-android14-11-SAGA,49646d1b0cd1,cc_governor,cc_governor,60500,1894188,717146,2873085,656646,6763,54437,450554,243096,772144,188659,171501,adios,0,adios,0,adios,0,38.2,38.8,,33.0,42.6,35.4,94,4415000,573100,33.0,,,14.53,94252,,1,2000
1790403699,2026-09-26T06:21:39Z,195187,1790208587,6.1.187-android14-11-SAGA,49646d1b0cd1,cc_governor,cc_governor,60601,1898240,718684,2879121,658083,6773,54437,451612,243206,773343,188769,171889,adios,0,adios,0,adios,0,39.1,39.0,,33.0,41.6,35.4,94,4424000,770200,33.0,,,14.43,107124,,1,2000
1790403734,2026-09-26T06:22:14Z,195223,1790208587,6.1.187-android14-11-SAGA,49646d1b0cd1,cc_governor,cc_governor,60689,1903497,719269,2885353,658580,6786,54490,452700,243285,774547,188795,172271,adios,0,adios,0,adios,0,37.9,38.7,,33.0,41.4,35.4,94,4429000,844100,33.0,,,14.40,87876,,1,2000
1790403770,2026-09-26T06:22:50Z,195258,1790208587,6.1.187-android14-11-SAGA,49646d1b0cd1,cc_governor,cc_governor,60743,1907984,720520,2891534,659777,6798,54490,453792,243333,775714,188843,172661,adios,0,adios,0,adios,0,38.4,38.7,,33.0,41.0,35.4,95,4426000,654900,33.0,,,14.54,93956,,1,2000
1790403805,2026-09-26T06:23:25Z,195293,1790208587,6.1.187-android14-11-SAGA,49646d1b0cd1,cc_governor,cc_governor,61396,1912018,722470,2897942,661087,6808,54529,454721,243583,776914,189059,173057,adios,0,adios,0,adios,0,38.0,40.2,,33.0,41.9,35.4,95,4433000,686000,33.0,,,14.67,86924,,1,2000
1790403840,2026-09-26T06:24:00Z,195328,1790208587,6.1.187-android14-11-SAGA,49646d1b0cd1,cc_governor,cc_governor,61417,1913995,725719,2903628,664313,6821,54529,454832,244606,778078,190082,173442,adios,0,adios,0,adios,0,38.0,40.2,,33.0,42.1,35.4,95,4429000,596300,33.0,,,14.60,94948,,1,2000
1790403875,2026-09-26T06:24:35Z,195364,1790208587,6.1.187-android14-11-SAGA,49646d1b0cd1,cc_governor,cc_governor,61460,1918592,726417,2909389,664957,6839,54529,455869,244689,779224,190160,173814,adios,0,adios,0,adios,0,38.3,39.0,,33.0,41.0,35.4,95,4434000,779400,33.0,,,14.71,97008,,1,2000
1790403911,2026-09-26T06:25:11Z,195399,1790208587,6.1.187-android14-11-SAGA,49646d1b0cd1,cc_governor,cc_governor,61474,1923188,726956,2914976,665482,6851,54529,456927,244716,780335,190187,174198,adios,0,adios,0,adios,0,38.0,38.6,,33.0,41.4,35.4,95,4442000,736600,33.0,,,14.45,89140,,1,2000
1790403947,2026-09-26T06:25:47Z,195435,1790208587,6.1.187-android14-11-SAGA,49646d1b0cd1,cc_governor,cc_governor,61531,1927713,728860,2921887,667340,6862,54542,458022,244857,781599,190319,174590,adios,0,adios,0,adios,0,38.9,39.0,,33.0,41.7,35.4,96,4439000,617600,33.0,,,14.50,97924,,1,2000
1790403982,2026-09-26T06:26:22Z,195470,1790208587,6.1.187-android14-11-SAGA,49646d1b0cd1,cc_governor,cc_governor,61565,1931590,730279,2927631,668714,6873,54542,458848,245138,782730,190596,174980,adios,0,adios,0,adios,0,38.0,38.8,,33.0,42.5,35.4,96,4442000,711000,33.0,,,14.36,90172,,1,2000
1790404017,2026-09-26T06:26:57Z,195506,1790208587,6.1.187-android14-11-SAGA,49646d1b0cd1,cc_governor,cc_governor,61595,1934361,732964,2933592,671378,6886,54542,459303,245804,783876,191267,175343,adios,0,adios,0,adios,0,38.0,39.1,,33.0,41.6,35.4,96,4445000,792200,33.0,,,14.90,98684,,1,2000
1790404052,2026-09-26T06:27:33Z,195541,1790208587,6.1.187-android14-11-SAGA,49646d1b0cd1,cc_governor,cc_governor,61647,1938324,734350,2939448,672703,6903,54542,459951,246271,785023,191729,175723,adios,0,adios,0,adios,0,38.3,38.6,,33.0,41.6,35.4,96,4444000,678100,33.0,,,14.64,105152,,1,2000
1790404088,2026-09-26T06:28:08Z,195576,1790208587,6.1.187-android14-11-SAGA,49646d1b0cd1,cc_governor,cc_governor,61670,1942639,735653,2945489,673990,6922,54542,461028,246352,786203,191812,176113,adios,0,adios,0,adios,0,38.5,38.8,,33.0,42.2,35.6,97,4442000,693300,33.0,,,14.44,129712,,1,2000
1790404123,2026-09-26T06:28:43Z,195611,1790208587,6.1.187-android14-11-SAGA,49646d1b0cd1,cc_governor,cc_governor,61714,1946285,737623,2951600,675909,6934,54544,461467,247035,787360,192491,176489,adios,0,adios,0,adios,0,38.6,38.4,,33.0,42.0,35.4,97,4447000,706100,33.0,,,14.64,122312,,1,2000
1790404158,2026-09-26T06:29:18Z,195647,1790208587,6.1.187-android14-11-SAGA,49646d1b0cd1,cc_governor,cc_governor,61763,1951070,738319,2957508,676556,6947,54544,462575,247074,788533,192530,176887,adios,0,adios,0,adios,0,38.1,38.4,,33.0,40.9,35.4,97,4451000,616400,33.0,,,14.55,114960,,1,2000
1790404194,2026-09-26T06:29:54Z,195682,1790208587,6.1.187-android14-11-SAGA,49646d1b0cd1,cc_governor,cc_governor,67651,1957058,748481,2975220,680840,6980,64723,466180,260763,806133,196043,177252,adios,0,adios,0,adios,0,41.8,47.6,,33.0,57.5,38.4,97,4410000,269100,33.0,,,15.80,132420,,1,2000
1790404230,2026-09-26T06:30:30Z,195718,1790208587,6.1.187-android14-11-SAGA,49646d1b0cd1,cc_governor,cc_governor,81020,1966534,767118,3008039,686098,7024,102044,472800,301566,858015,199499,177626,adios,0,adios,0,adios,0,53.1,52.3,,34.0,57.2,41.2,97,4425000,630400,34.0,,,17.04,113972,,1,2000
1790404267,2026-09-26T06:31:07Z,195755,1790208587,6.1.187-android14-11-SAGA,49646d1b0cd1,cc_governor,cc_governor,86217,1970884,779383,3030147,693172,7088,109344,476117,312655,872833,203321,178010,adios,0,adios,0,adios,17,47.1,45.2,,34.0,53.0,38.9,97,4425000,371000,34.0,,,16.29,86408,,1,2000
1790404302,2026-09-26T06:31:42Z,195790,1790208587,6.1.187-android14-11-SAGA,49646d1b0cd1,cc_governor,cc_governor,86724,1973159,788017,3044036,701259,7101,109463,476340,314403,875032,204926,178371,adios,0,adios,0,adios,0,43.0,41.1,,34.0,43.9,37.4,98,4449000,738500,34.0,,,15.71,123956,,1,2000
1790404337,2026-09-26T06:32:17Z,195826,1790208587,6.1.187-android14-11-SAGA,49646d1b0cd1,cc_governor,cc_governor,86944,1978098,788861,3050309,701917,7120,109477,477439,314438,876196,204961,178769,adios,0,adios,0,adios,0,39.5,41.1,,34.0,42.6,36.8,98,4451000,731800,34.0,,,15.11,117232,,1,2000
1790404373,2026-09-26T06:32:53Z,195861,1790208587,6.1.187-android14-11-SAGA,49646d1b0cd1,cc_governor,cc_governor,86965,1982746,789341,3055926,702376,7133,109477,478557,314464,877376,204987,179140,adios,0,adios,0,adios,0,39.3,39.4,,34.0,43.1,36.5,98,4456000,704900,34.0,,,14.81,107204,,1,2000
1790404408,2026-09-26T06:33:28Z,195896,1790208587,6.1.187-android14-11-SAGA,49646d1b0cd1,cc_governor,cc_governor,87005,1987573,789854,3061710,702849,7152,109477,479658,314494,878533,205017,179529,adios,0,adios,0,adios,0,39.1,39.6,,34.0,43.1,36.3,98,4458000,721400,34.0,,,14.73,112364,,1,2000
1790404443,2026-09-26T06:34:03Z,195932,1790208587,6.1.187-android14-11-SAGA,49646d1b0cd1,cc_governor,cc_governor,87022,1991255,791474,3067513,704466,7169,109479,480419,314828,879646,205352,179913,adios,0,adios,0,adios,0,38.8,39.4,,34.0,43.3,36.1,98,4456000,755000,34.0,,,14.61,113108,,1,2000
1790404479,2026-09-26T06:34:39Z,195967,1790208587,6.1.187-android14-11-SAGA,49646d1b0cd1,cc_governor,cc_governor,87059,1994068,794682,3073983,707623,7187,109479,480720,315657,880811,206178,180292,adios,0,adios,0,adios,0,38.6,38.9,,34.0,41.8,36.0,99,4457000,716500,34.0,,,14.79,93532,,1,2000
1790404514,2026-09-26T06:35:14Z,196002,1790208587,6.1.187-android14-11-SAGA,49646d1b0cd1,cc_governor,cc_governor,87113,1998802,795351,3079851,708238,7199,109479,481737,315745,881941,206266,180668,adios,0,adios,0,adios,0,38.7,38.9,,34.0,42.8,35.9,99,4459000,758600,34.0,,,14.79,75232,,1,2000
1790404549,2026-09-26T06:35:49Z,196037,1790208587,6.1.187-android14-11-SAGA,49646d1b0cd1,cc_governor,cc_governor,87134,2002831,796696,3085693,709573,7212,109479,482333,316265,883078,206790,181053,adios,0,adios,0,adios,0,39.1,39.7,,34.0,43.1,35.8,99,4460000,723800,34.0,,,14.86,113384,,1,2000
1790404585,2026-09-26T06:36:25Z,196073,1790208587,6.1.187-android14-11-SAGA,49646d1b0cd1,cc_governor,cc_governor,87180,2007893,797365,3092017,710185,7228,109479,483328,316399,884232,206920,181465,adios,0,adios,0,adios,0,38.4,38.4,,34.0,42.3,35.7,99,4459000,725000,34.0,,,14.75,105136,,1,2000
1790404620,2026-09-26T06:37:00Z,196109,1790208587,6.1.187-android14-11-SAGA,49646d1b0cd1,cc_governor,cc_governor,87225,2012018,799255,3098543,712030,7239,109494,484228,316759,885526,207265,181840,adios,0,adios,0,adios,0,38.5,40.7,,34.0,41.8,35.7,100,4461000,694500,34.0,,,14.67,70476,,1,2000
1790404656,2026-09-26T06:37:36Z,196144,1790208587,6.1.187-android14-11-SAGA,49646d1b0cd1,cc_governor,cc_governor,87250,2017229,799569,3104533,712319,7249,109499,485348,316783,886703,207284,182235,adios,0,adios,0,adios,0,38.6,39.0,,34.0,41.9,35.6,100,4461000,671300,34.0,,,14.60,94628,,1,2000
1790404691,2026-09-26T06:38:11Z,196180,1790208587,6.1.187-android14-11-SAGA,49646d1b0cd1,cc_governor,cc_governor,87273,2020801,801027,3110048,713754,7258,109499,486415,316849,887895,207350,182627,adios,0,adios,0,adios,0,38.5,38.6,,33.0,41.8,35.6,100,4460000,634700,33.0,,,14.50,95896,,1,2000
1790404727,2026-09-26T06:38:47Z,196215,1790208587,6.1.187-android14-11-SAGA,49646d1b0cd1,cc_governor,cc_governor,87301,2025541,801528,3115764,714227,7271,109499,487484,316881,889022,207382,183024,adios,0,adios,0,adios,0,38.6,38.7,,33.0,42.5,35.5,100,4460000,640800,33.0,,,14.27,104248,,1,2000
1790404762,2026-09-26T06:39:22Z,196250,1790208587,6.1.187-android14-11-SAGA,49646d1b0cd1,cc_governor,cc_governor,87325,2029145,803428,3121758,716115,7279,109499,488047,317442,890167,207948,183429,adios,0,adios,0,adios,0,38.2,38.6,,33.0,41.1,35.5,100,4458000,609100,33.0,,,14.39,97208,,1,2000
1790404797,2026-09-26T06:39:57Z,196285,1790208587,6.1.187-android14-11-SAGA,49646d1b0cd1,cc_governor,cc_governor,87342,2033147,804738,3127593,717396,7297,109499,488711,317910,891334,208411,183817,adios,0,adios,0,adios,0,38.1,38.5,,33.0,43.1,35.4,100,4456000,611500,33.0,,,14.61,87452,,1,2000
1790404832,2026-09-26T06:40:33Z,196321,1790208587,6.1.187-android14-11-SAGA,49646d1b0cd1,cc_governor,cc_governor,87372,2037536,805822,3133476,718450,7310,109499,489784,317965,892500,208466,184211,adios,0,adios,0,adios,0,38.3,39.0,,33.0,42.4,35.4,100,4461000,598700,33.0,,,14.90,92912,,1,2000
1790404868,2026-09-26T06:41:08Z,196356,1790208587,6.1.187-android14-11-SAGA,49646d1b0cd1,cc_governor,cc_governor,87384,2041935,806601,3139087,719217,7328,109499,490829,318006,893615,208507,184586,adios,0,adios,0,adios,0,38.2,38.7,,33.0,42.8,35.4,100,4460000,590800,33.0,,,14.66,85040,,1,2000
1790404904,2026-09-26T06:41:44Z,196392,1790208587,6.1.187-android14-11-SAGA,49646d1b0cd1,cc_governor,cc_governor,87459,2047707,806923,3145658,719464,7339,109499,492005,318017,894827,208518,184989,adios,0,adios,0,adios,0,38.1,38.4,,33.0,42.1,35.4,100,4461000,577300,33.0,,,14.60,111240,,1,2000
1790404939,2026-09-26T06:42:19Z,196428,1790208587,6.1.187-android14-11-SAGA,49646d1b0cd1,cc_governor,cc_governor,87472,2052392,807435,3151307,719963,7349,109499,493077,318049,895987,208550,185373,adios,0,adios,0,adios,0,38.0,38.1,,33.0,41.3,35.3,100,4460000,561500,33.0,,,14.70,105648,,1,2000
1790404975,2026-09-26T06:42:55Z,196463,1790208587,6.1.187-android14-11-SAGA,49646d1b0cd1,cc_governor,cc_governor,87482,2057007,808073,3156999,720591,7360,109499,494105,318158,897139,208663,185762,adios,0,adios,0,adios,0,37.5,38.8,,33.0,42.0,35.3,100,4461000,554100,33.0,,,14.47,96820,,1,2000
1790405010,2026-09-26T06:43:30Z,196498,1790208587,6.1.187-android14-11-SAGA,49646d1b0cd1,cc_governor,cc_governor,87570,2060390,810391,3163168,722833,7378,109499,494242,319115,898251,209619,186146,adios,0,adios,0,adios,0,38.0,38.3,,33.0,41.4,35.2,100,4460000,542600,33.0,,,14.56,106880,,1,2000
1790405045,2026-09-26T06:44:05Z,196534,1790208587,6.1.187-android14-11-SAGA,49646d1b0cd1,cc_governor,cc_governor,87581,2064959,811133,3168933,723552,7392,109499,495217,319224,899362,209725,186542,adios,0,adios,0,adios,0,37.8,39.4,,33.0,41.4,35.3,100,4460000,532200,33.0,,,14.49,115012,,1,2000
1790405081,2026-09-26T06:44:41Z,196569,1790208587,6.1.187-android14-11-SAGA,49646d1b0cd1,cc_governor,cc_governor,87612,2070050,811709,3175097,724097,7402,109499,496293,319250,900493,209751,186934,adios,0,adios,0,adios,0,37.7,39.5,,33.0,41.3,35.2,100,4460000,523600,33.0,,,14.65,99824,,1,2000
1790405116,2026-09-26T06:45:16Z,196605,1790208587,6.1.187-android14-11-SAGA,49646d1b0cd1,cc_governor,cc_governor,87735,2074837,812355,3180977,724620,7413,109555,497394,319339,901709,209788,187315,adios,0,adios,0,adios,0,38.9,40.3,,33.0,41.5,35.2,100,4461000,516900,33.0,,,14.65,97876,,1,2000
1790405151,2026-09-26T06:45:51Z,196640,1790208587,6.1.187-android14-11-SAGA,49646d1b0cd1,cc_governor,cc_governor,87767,2077778,814869,3186869,727101,7427,109555,497546,320264,902811,210709,187681,adios,0,adios,0,adios,0,37.8,38.4,,33.0,40.8,35.2,100,4461000,498000,33.0,,,14.64,97048,,1,2000
1790405187,2026-09-26T06:46:27Z,196675,1790208587,6.1.187-android14-11-SAGA,49646d1b0cd1,cc_governor,cc_governor,87829,2082544,815447,3192633,727618,7439,109557,498650,320302,903977,210745,188064,adios,0,adios,0,adios,0,37.6,38.9,,33.0,45.8,35.1,100,4461000,491300,33.0,,,14.51,86628,,1,2000
1790405223,2026-09-26T06:47:03Z,196711,1790208587,6.1.187-android14-11-SAGA,49646d1b0cd1,cc_governor,cc_governor,87868,2087210,816583,3198933,728726,7449,109557,499373,320757,905177,211204,188441,adios,0,adios,0,adios,0,37.5,38.3,,33.0,41.3,35.1,100,4461000,483300,33.0,,,14.51,88508,,1,2000
1790405258,2026-09-26T06:47:38Z,196746,1790208587,6.1.187-android14-11-SAGA,49646d1b0cd1,cc_governor,cc_governor,87885,2090794,818284,3204684,730399,7462,109557,499925,321309,906310,211752,188810,adios,0,adios,0,adios,0,37.7,38.4,,33.0,41.4,35.1,100,4461000,474800,33.0,,,14.57,79044,,1,2000
1790405294,2026-09-26T06:48:14Z,196782,1790208587,6.1.187-android14-11-SAGA,49646d1b0cd1,cc_governor,cc_governor,87925,2095537,818810,3210402,730885,7471,109557,501008,321324,907424,211767,189200,adios,0,adios,0,adios,0,37.5,38.2,,33.0,41.7,35.1,100,4460000,466900,33.0,,,14.62,98032,,1,2000
1790405329,2026-09-26T06:48:49Z,196817,1790208587,6.1.187-android14-11-SAGA,49646d1b0cd1,cc_governor,cc_governor,87959,2099674,819728,3215924,731769,7489,109557,502033,321414,908566,211857,189578,adios,0,adios,0,adios,0,37.7,38.3,,33.0,43.2,35.1,100,4461000,451600,33.0,,,14.56,89224,,1,2000
1790405364,2026-09-26T06:49:24Z,196853,1790208587,6.1.187-android14-11-SAGA,49646d1b0cd1,cc_governor,cc_governor,87978,2104765,820269,3221986,732291,7501,109557,503121,321439,909702,211882,189960,adios,0,adios,0,adios,0,37.6,38.3,,33.0,42.1,35.0,100,4461000,458300,33.0,,,14.45,85152,,1,2000
1790405400,2026-09-26T06:50:00Z,196888,1790208587,6.1.187-android14-11-SAGA,49646d1b0cd1,cc_governor,cc_governor,87989,2109274,820742,3227334,732753,7516,109557,504197,321468,910825,211911,190356,adios,0,adios,0,adios,0,37.8,39.4,,33.0,41.3,35.0,100,4460000,438800,33.0,,,14.45,88340,,1,2000
1790405435,2026-09-26T06:50:35Z,196923,1790208587,6.1.187-android14-11-SAGA,49646d1b0cd1,cc_governor,cc_governor,88006,2112962,822337,3233055,734331,7533,109557,505205,321558,911939,212001,190733,adios,0,adios,0,adios,0,37.7,38.1,,33.0,41.6,35.0,100,4460000,427200,33.0,,,14.38,76576,,1,2000
1790405470,2026-09-26T06:51:10Z,196959,1790208587,6.1.187-android14-11-SAGA,49646d1b0cd1,cc_governor,cc_governor,88019,2116429,824401,3239020,736399,7547,109557,505412,322425,913036,212873,191123,adios,0,adios,0,adios,0,37.9,38.5,,33.0,42.0,35.0,100,4461000,424800,33.0,,,14.63,86020,,1,2000
1790405506,2026-09-26T06:51:46Z,196994,1790208587,6.1.187-android14-11-SAGA,49646d1b0cd1,cc_governor,cc_governor,88080,2119183,827386,3245375,739305,7559,109618,505731,323341,914313,213723,191501,adios,0,adios,0,adios,0,38.4,38.3,,33.0,43.2,35.0,100,4460000,411900,33.0,,,14.48,109808,,1,2000
1790405541,2026-09-26T06:52:22Z,197030,1790208587,6.1.187-android14-11-SAGA,49646d1b0cd1,cc_governor,cc_governor,88113,2124573,827726,3251543,739613,7576,109618,506923,323355,915576,213737,191906,adios,0,adios,0,adios,0,37.5,38.1,,33.0,41.3,35.0,100,4460000,409500,33.0,,,14.50,96432,,1,2000
1790405577,2026-09-26T06:52:57Z,197065,1790208587,6.1.187-android14-11-SAGA,49646d1b0cd1,cc_governor,cc_governor,88138,2128734,828779,3257192,740653,7590,109618,507958,323430,916715,213818,192295,adios,0,adios,0,adios,0,37.7,38.4,,33.0,41.1,35.0,100,4461000,402800,33.0,,,14.64,98884,,1,2000
1790405612,2026-09-26T06:53:32Z,197101,1790208587,6.1.187-android14-11-SAGA,49646d1b0cd1,cc_governor,cc_governor,88172,2131984,831240,3263375,743068,7602,109618,508203,324301,917859,214683,192665,adios,0,adios,0,adios,0,37.9,38.0,,33.0,40.7,34.9,100,4461000,400300,33.0,,,14.73,91188,,1,2000
1790405648,2026-09-26T06:54:08Z,197136,1790208587,6.1.187-android14-11-SAGA,49646d1b0cd1,cc_governor,cc_governor,88181,2136566,831853,3268976,743672,7618,109618,509273,324332,918986,214714,193060,adios,0,adios,0,adios,0,37.7,37.9,,33.0,41.3,34.9,100,4461000,395500,33.0,,,14.61,96832,,1,2000
1790405683,2026-09-26T06:54:43Z,197171,1790208587,6.1.187-android14-11-SAGA,49646d1b0cd1,cc_governor,cc_governor,88221,2140589,833273,3274820,745076,7627,109618,509992,324751,920141,215139,193440,adios,0,adios,0,adios,0,38.0,37.9,,33.0,41.0,34.9,100,4461000,390600,33.0,,,14.56,91464,,1,2000
1790405718,2026-09-26T06:55:18Z,197206,1790208587,6.1.187-android14-11-SAGA,49646d1b0cd1,cc_governor,cc_governor,88284,2144181,835269,3280820,746985,7639,109618,510442,325435,921297,215817,193833,adios,0,adios,0,adios,0,37.7,38.0,,33.0,42.0,34.9,100,4461000,373500,33.0,,,14.55,96184,,1,2000
1790405753,2026-09-26T06:55:53Z,197242,1790208587,6.1.187-android14-11-SAGA,49646d1b0cd1,cc_governor,cc_governor,88301,2148608,836041,3286415,747740,7655,109618,511485,325468,922392,215850,194229,adios,0,adios,0,adios,0,37.6,41.1,,33.0,40.8,34.9,100,4461000,379000,33.0,,,14.77,99040,,1,2000
1790405789,2026-09-26T06:56:29Z,197277,1790208587,6.1.187-android14-11-SAGA,49646d1b0cd1,cc_governor,cc_governor,88343,2153679,836634,3292489,748291,7666,109620,512586,325497,923552,215877,194629,adios,0,adios,0,adios,0,37.5,38.9,,33.0,41.2,34.9,100,4462000,373500,33.0,,,14.67,106300,,1,2000
1790405824,2026-09-26T06:57:04Z,197313,1790208587,6.1.187-android14-11-SAGA,49646d1b0cd1,cc_governor,cc_governor,88368,2158789,837209,3298658,748841,7677,109628,513700,325560,924751,215932,195019,adios,0,adios,0,adios,0,37.8,38.5,,33.0,40.6,34.9,100,4461000,363700,33.0,,,14.72,101280,,1,2000
1790405860,2026-09-26T06:57:40Z,197349,1790208587,6.1.187-android14-11-SAGA,49646d1b0cd1,cc_governor,cc_governor,88385,2164183,837412,3304700,749027,7692,109628,514838,325573,925915,215945,195405,adios,0,adios,0,adios,0,37.4,38.2,,33.0,42.0,34.9,100,4461000,355800,33.0,,,14.56,92896,,1,2000
1790405896,2026-09-26T06:58:16Z,197384,1790208587,6.1.187-android14-11-SAGA,49646d1b0cd1,cc_governor,cc_governor,88398,2168629,838260,3310410,749873,7706,109628,515916,325648,927080,216026,195779,adios,0,adios,0,adios,0,37.2,38.6,,33.0,41.0,34.9,100,4461000,345400,33.0,,,14.39,83024,,1,2000
1790405931,2026-09-26T06:58:51Z,197419,1790208587,6.1.187-android14-11-SAGA,49646d1b0cd1,cc_governor,cc_governor,88434,2171917,840511,3316352,752089,7714,109628,516061,326592,928201,216968,196165,adios,0,adios,0,adios,0,37.4,41.2,,33.0,41.2,34.9,100,4462000,345400,33.0,,,14.42,85932,,1,2000
1790405966,2026-09-26T06:59:26Z,197455,1790208587,6.1.187-android14-11-SAGA,49646d1b0cd1,cc_governor,cc_governor,88475,2176310,841533,3322238,753058,7727,109631,516944,326841,929359,217210,196535,adios,0,adios,0,adios,0,37.2,38.8,,33.0,41.2,34.8,100,4461000,339300,33.0,,,14.44,78960,,1,2000
1790406002,2026-09-26T07:00:02Z,197490,1790208587,6.1.187-android14-11-SAGA,49646d1b0cd1,cc_governor,cc_governor,88618,2181129,842169,3328219,753551,7734,109866,518087,327103,930808,217237,196918,adios,0,adios,0,adios,0,37.7,38.9,,33.0,41.1,34.9,100,4461000,335600,33.0,,,14.39,85532,,1,2000
1790406037,2026-09-26T07:00:37Z,197525,1790208587,6.1.187-android14-11-SAGA,49646d1b0cd1,cc_governor,cc_governor,88645,2186000,842701,3334060,754056,7743,109878,519197,327139,931979,217261,197289,adios,0,adios,0,adios,0,37.6,38.2,,33.0,41.5,34.8,100,4461000,333800,33.0,,,14.37,84116,,1,2000
1790406072,2026-09-26T07:01:12Z,197561,1790208587,6.1.187-android14-11-SAGA,49646d1b0cd1,cc_governor,cc_governor,88804,2190371,844108,3340370,755304,7751,109878,520274,327202,933262,217324,197671,adios,0,adios,0,adios,0,37.8,38.2,,33.0,40.8,34.9,100,4461000,322200,33.0,,,14.43,91344,,1,2000
1790406108,2026-09-26T07:01:48Z,197596,1790208587,6.1.187-android14-11-SAGA,49646d1b0cd1,cc_governor,cc_governor,88848,2195262,844709,3346257,755861,7762,109897,521407,327248,934469,217351,198063,adios,0,adios,0,adios,0,37.9,39.7,,33.0,43.1,34.8,100,4461000,319800,33.0,,,14.53,102240,,1,2000
1790406143,2026-09-26T07:02:23Z,197632,1790208587,6.1.187-android14-11-SAGA,49646d1b0cd1,cc_governor,cc_governor,88871,2199565,845802,3352123,756946,7773,109897,522199,327591,935646,217698,198439,adios,0,adios,0,adios,0,37.2,38.0,,33.0,41.7,34.8,100,4461000,321000,33.0,,,14.50,94464,,1,2000
1790406179,2026-09-26T07:02:59Z,197667,1790208587,6.1.187-android14-11-SAGA,49646d1b0cd1,cc_governor,cc_governor,88894,2203271,847799,3358313,758905,7786,109897,522534,328348,936761,218451,198834,adios,0,adios,0,adios,0,37.5,38.0,,33.0,42.7,34.8,100,4461000,322200,33.0,,,14.57,94112,,1,2000
1790406214,2026-09-26T07:03:34Z,197703,1790208587,6.1.187-android14-11-SAGA,49646d1b0cd1,cc_governor,cc_governor,88908,2207684,848658,3363981,759750,7797,109897,523609,328393,937895,218496,199224,adios,0,adios,0,adios,0,37.5,37.9,,33.0,41.3,34.8,100,4461000,312500,33.0,,,14.32,82784,,1,2000
1790406250,2026-09-26T07:04:10Z,197738,1790208587,6.1.187-android14-11-SAGA,49646d1b0cd1,cc_governor,cc_governor,88930,2211961,849581,3369610,760651,7809,109898,524693,328447,939063,218549,199603,adios,0,adios,0,adios,0,37.2,37.7,,33.0,40.8,34.8,100,4461000,298400,33.0,,,14.34,101676,,1,2000
1790406285,2026-09-26T07:04:45Z,197774,1790208587,6.1.187-android14-11-SAGA,49646d1b0cd1,cc_governor,cc_governor,88978,2216780,850115,3375381,761137,7819,109898,525780,328476,940240,218578,200001,adios,0,adios,0,adios,0,37.1,38.2,,33.0,41.1,34.8,100,4461000,297200,33.0,,,14.35,113560,,1,2000
1790406321,2026-09-26T07:05:21Z,197809,1790208587,6.1.187-android14-11-SAGA,49646d1b0cd1,cc_governor,cc_governor,88994,2222050,850486,3381458,761492,7834,109898,526848,328499,941350,218601,200380,adios,0,adios,0,adios,0,37.5,38.1,,33.0,41.3,34.8,100,4460000,296000,33.0,,,14.27,108268,,1,2000
1790406356,2026-09-26T07:05:56Z,197844,1790208587,6.1.187-android14-11-SAGA,49646d1b0cd1,cc_governor,cc_governor,89015,2226755,851015,3387088,762000,7848,109898,527925,328534,942483,218636,200772,adios,0,adios,0,adios,0,37.3,38.2,,33.0,41.6,34.8,100,4461000,288000,33.0,,,14.50,102008,,1,2000
1790406391,2026-09-26T07:06:31Z,197880,1790208587,6.1.187-android14-11-SAGA,49646d1b0cd1,cc_governor,cc_governor,89042,2230498,852893,3393203,763861,7854,109898,528286,329265,943588,219371,201171,adios,0,adios,0,adios,0,37.7,38.5,,33.0,40.4,34.8,100,4462000,286800,33.0,,,14.59,93656,,1,2000
1790406427,2026-09-26T07:07:07Z,197915,1790208587,6.1.187-android14-11-SAGA,49646d1b0cd1,cc_governor,cc_governor,89092,2233984,854730,3399011,765638,7868,109898,529035,329654,944763,219756,201555,adios,0,adios,0,adios,0,37.3,37.9,,33.0,40.2,34.7,100,4461000,280100,33.0,,,14.69,104716,,1,2000
1790406462,2026-09-26T07:07:42Z,197950,1790208587,6.1.187-android14-11-SAGA,49646d1b0cd1,cc_governor,cc_governor,89110,2238781,855271,3404766,766161,7877,109898,530131,329680,945906,219782,201946,adios,0,adios,0,adios,0,38.1,37.8,,33.0,41.3,34.8,100,4461000,272800,33.0,,,14.76,99328,,1,2000
1790406498,2026-09-26T07:08:18Z,197986,1790208587,6.1.187-android14-11-SAGA,49646d1b0cd1,cc_governor,cc_governor,89159,2243666,856145,3411004,766994,7895,109898,531215,329751,947079,219857,202333,adios,0,adios,0,adios,0,37.8,39.0,,33.0,40.3,34.7,100,4461000,281300,33.0,,,14.69,100596,,1,2000
1790406533,2026-09-26T07:08:53Z,198022,1790208587,6.1.187-android14-11-SAGA,49646d1b0cd1,cc_governor,cc_governor,89186,2247865,857526,3417021,768340,7911,109898,531859,330205,948210,220307,202715,adios,0,adios,0,adios,0,37.4,39.6,,33.0,40.9,34.7,100,4461000,266100,33.0,,,14.76,97352,,1,2000
1790406569,2026-09-26T07:09:29Z,198057,1790208587,6.1.187-android14-11-SAGA,49646d1b0cd1,cc_governor,cc_governor,89265,2252339,858762,3423154,769497,7926,110001,532630,330692,949490,220691,203116,adios,0,adios,0,adios,0,37.9,38.5,,33.0,42.8,34.9,100,4462000,264800,33.0,,,14.74,89064,,1,2000
1790406604,2026-09-26T07:10:04Z,198092,1790208587,6.1.187-android14-11-SAGA,49646d1b0cd1,cc_governor,cc_governor,89350,2256526,860661,3429654,771327,7938,110008,533470,331122,950798,221118,203492,adios,0,adios,0,adios,0,37.5,38.6,,33.0,40.5,34.8,100,4461000,263600,33.0,,,14.41,74632,,1,2000
1790406639,2026-09-26T07:10:39Z,198128,1790208587,6.1.187-android14-11-SAGA,49646d1b0cd1,cc_governor,cc_governor,89366,2260170,862643,3435752,773277,7950,110008,533846,331881,951966,221873,203871,adios,0,adios,0,adios,0,37.5,37.6,,33.0,40.9,34.7,100,4461000,262400,33.0,,,14.39,99112,,1,2000
1790406675,2026-09-26T07:11:15Z,198163,1790208587,6.1.187-android14-11-SAGA,49646d1b0cd1,cc_governor,cc_governor,89394,2265372,863032,3441761,773638,7969,110008,534935,331901,953121,221893,204249,adios,0,adios,0,adios,0,37.5,38.5,,33.0,40.9,34.7,100,4461000,256300,33.0,,,14.38,121220,,1,2000
1790406710,2026-09-26T07:11:50Z,198198,1790208587,6.1.187-android14-11-SAGA,49646d1b0cd1,cc_governor,cc_governor,89446,2270621,863417,3447820,773971,7983,110060,536047,332022,954378,221962,204625,adios,0,adios,0,adios,0,37.2,37.4,,33.0,40.7,34.7,100,4462000,249600,33.0,,,14.42,117008,,1,2000
1790406746,2026-09-26T07:12:26Z,198234,1790208587,6.1.187-android14-11-SAGA,49646d1b0cd1,cc_governor,cc_governor,89521,2274738,865389,3454372,775868,7994,110075,537122,332154,955630,222079,205019,adios,0,adios,0,adios,0,37.2,37.9,,33.0,40.4,34.7,100,4444000,0,33.0,,,14.54,100172,,1,2000
1790406781,2026-09-26T07:13:01Z,198269,1790208587,6.1.187-android14-11-SAGA,49646d1b0cd1,cc_governor,cc_governor,89533,2279988,865651,3460307,776118,8011,110075,538225,332169,956776,222094,205377,adios,0,adios,0,adios,0,37.3,37.7,,33.0,40.3,34.6,100,4441000,1800,33.0,,,14.38,107832,,1,2000
1790406817,2026-09-26T07:13:37Z,198305,1790208587,6.1.187-android14-11-SAGA,49646d1b0cd1,cc_governor,cc_governor,89563,2284725,866343,3466177,776780,8028,110075,539327,332201,957927,222126,205773,adios,0,adios,0,adios,0,37.3,37.7,,33.0,40.5,34.6,100,4440000,0,33.0,,,14.35,110360,,1,2000
1790406852,2026-09-26T07:14:12Z,198341,1790208587,6.1.187-android14-11-SAGA,49646d1b0cd1,cc_governor,cc_governor,89573,2289443,866947,3471913,777374,8042,110075,540397,332229,959055,222154,206153,adios,0,adios,0,adios,0,37.5,38.7,,33.0,40.3,34.6,100,4439000,4200,33.0,,,14.47,102528,,1,2000
1790406887,2026-09-26T07:14:47Z,198376,1790208587,6.1.187-android14-11-SAGA,49646d1b0cd1,cc_governor,cc_governor,89593,2293309,868597,3477847,779017,8054,110075,540808,332912,960171,222840,206543,adios,0,adios,0,adios,0,37.1,38.3,,33.0,41.2,34.6,100,4439000,1800,33.0,,,14.57,90860,,1,2000
1790406923,2026-09-26T07:15:23Z,198411,1790208587,6.1.187-android14-11-SAGA,49646d1b0cd1,cc_governor,cc_governor,89619,2297447,869857,3483686,780238,8067,110075,541507,333316,961303,223241,206911,adios,0,adios,0,adios,0,37.3,37.6,,32.0,40.4,34.5,100,4439000,5400,32.0,,,14.48,90668,,1,2000
1790406958,2026-09-26T07:15:58Z,198447,1790208587,6.1.187-android14-11-SAGA,49646d1b0cd1,cc_governor,cc_governor,89637,2301817,870649,3489209,781012,8077,110075,542582,333348,962432,223273,207308,adios,0,adios,0,adios,0,37.3,37.8,,32.0,41.7,34.5,100,4438000,600,32.0,,,14.81,102464,,1,2000
1790406994,2026-09-26T07:16:34Z,198482,1790208587,6.1.187-android14-11-SAGA,49646d1b0cd1,cc_governor,cc_governor,89672,2306668,871184,3495023,781512,8091,110075,543680,333384,963594,223309,207678,adios,0,adios,0,adios,0,37.3,37.8,,32.0,40.6,34.5,100,4437000,6700,32.0,,,14.61,91648,,1,2000
1790407029,2026-09-26T07:17:09Z,198517,1790208587,6.1.187-android14-11-SAGA,49646d1b0cd1,cc_governor,cc_governor,89687,2311494,871705,3500717,782018,8104,110075,544818,333410,964773,223335,208050,adios,0,adios,0,adios,0,37.0,38.4,,32.0,40.9,34.5,100,4437000,1800,32.0,,,14.42,87748,,1,2000
1790407065,2026-09-26T07:17:45Z,198553,1790208587,6.1.187-android14-11-SAGA,49646d1b0cd1,cc_governor,cc_governor,89702,2316176,872176,3506282,782474,8116,110075,545897,333438,965895,223363,208429,adios,0,adios,0,adios,0,37.1,37.4,,32.0,40.2,34.5,100,4437000,600,32.0,,,14.54,100260,,1,2000
1790407100,2026-09-26T07:18:20Z,198588,1790208587,6.1.187-android14-11-SAGA,49646d1b0cd1,cc_governor,cc_governor,89713,2320780,872926,3512021,783221,8133,110075,546808,333616,967003,223547,208789,adios,0,adios,0,adios,0,37.3,37.8,,32.0,40.8,34.5,100,4436000,1800,32.0,,,14.60,95552,,1,2000
1790407136,2026-09-26T07:18:56Z,198624,1790208587,6.1.187-android14-11-SAGA,49646d1b0cd1,cc_governor,cc_governor,89764,2323830,875588,3518203,785824,8147,110075,547008,334562,968177,224487,209166,adios,0,adios,0,adios,0,37.2,38.5,,32.0,40.2,34.5,100,4436000,0,32.0,,,14.76,86912,,1,2000
1790407171,2026-09-26T07:19:31Z,198659,1790208587,6.1.187-android14-11-SAGA,49646d1b0cd1,cc_governor,cc_governor,89927,2327378,878381,3525057,788466,8165,110232,547930,335161,969879,224932,209540,adios,0,adios,0,adios,0,37.4,37.9,,32.0,41.0,34.6,100,4436000,3000,32.0,,,14.86,133380,,1,2000
1790407206,2026-09-26T07:20:06Z,198695,1790208587,6.1.187-android14-11-SAGA,49646d1b0cd1,cc_governor,cc_governor,89964,2331284,879510,3530499,789560,8173,110232,548946,335282,971071,225055,209908,adios,0,adios,0,adios,0,37.2,37.7,,32.0,40.2,34.5,100,4435000,1800,32.0,,,14.90,132816,,1,2000
1790407242,2026-09-26T07:20:42Z,198730,1790208587,6.1.187-android14-11-SAGA,49646d1b0cd1,cc_governor,cc_governor,89982,2335997,880628,3536771,790646,8190,110297,549977,335560,972457,225230,210316,adios,0,adios,0,adios,0,42.2,38.2,,32.0,42.2,34.7,100,4435000,600,32.0,,,15.10,116128,,1,2000
1790407277,2026-09-26T07:21:17Z,198765,1790208587,6.1.187-android14-11-SAGA,49646d1b0cd1,cc_governor,cc_governor,90130,2337888,884869,3543438,794747,8204,110680,550182,337050,974283,226370,210708,adios,0,adios,0,adios,0,37.4,37.4,,32.0,41.3,34.5,100,4435000,0,32.0,,,14.69,104732,,1,2000
1790407312,2026-09-26T07:21:52Z,198801,1790208587,6.1.187-android14-11-SAGA,49646d1b0cd1,cc_governor,cc_governor,90165,2341529,886617,3549287,796452,8213,110688,550942,337496,975523,226808,211111,adios,0,adios,0,adios,0,37.4,37.6,,32.0,41.0,34.5,100,4435000,1800,32.0,,,14.52,114612,,1,2000
1790407348,2026-09-26T07:22:28Z,198836,1790208587,6.1.187-android14-11-SAGA,49646d1b0cd1,cc_governor,cc_governor,90192,2346080,887715,3555367,797533,8227,110688,551566,337982,976648,227298,211503,adios,0,adios,0,adios,0,37.2,37.7,,32.0,41.2,34.5,100,4434000,5400,32.0,,,14.58,104428,,1,2000
1790407383,2026-09-26T07:23:03Z,198871,1790208587,6.1.187-android14-11-SAGA,49646d1b0cd1,cc_governor,cc_governor,90219,2348498,890597,3561102,800391,8239,110688,552016,338618,977762,227934,211874,adios,0,adios,0,adios,0,37.0,39.4,,32.0,42.2,34.5,100,4434000,600,32.0,,,14.49,94976,,1,2000
1790407418,2026-09-26T07:23:38Z,198906,1790208587,6.1.187-android14-11-SAGA,49646d1b0cd1,cc_governor,cc_governor,90251,2352326,892384,3567132,802133,8253,110688,552420,339319,978893,228631,212264,adios,0,adios,0,adios,0,36.9,38.1,,32.0,42.0,34.5,100,4434000,600,32.0,,,14.65,101088,,1,2000
1790407454,2026-09-26T07:24:14Z,198942,1790208587,6.1.187-android14-11-SAGA,49646d1b0cd1,cc_governor,cc_governor,90275,2357174,892879,3572888,802604,8262,110688,553516,339351,980048,228663,212661,adios,0,adios,0,adios,0,37.1,37.5,,32.0,40.5,34.5,100,4434000,3000,32.0,,,14.58,94612,,1,2000
1790407489,2026-09-26T07:24:49Z,198977,1790208587,6.1.187-android14-11-SAGA,49646d1b0cd1,cc_governor,cc_governor,90681,2361047,896392,3580869,805711,8279,110800,554705,339782,981708,228982,213045,adios,0,adios,0,adios,0,37.5,37.8,,32.0,40.7,34.6,100,4434000,600,32.0,,,14.67,107688,,1,2000
1790407524,2026-09-26T07:25:24Z,199013,1790208587,6.1.187-android14-11-SAGA,49646d1b0cd1,cc_governor,cc_governor,90692,2365897,896874,3586624,806182,8286,110800,555834,339815,982928,229015,213438,adios,0,adios,0,adios,0,37.3,37.7,,32.0,42.3,34.5,100,4433000,5400,32.0,,,14.59,113704,,1,2000
1790407560,2026-09-26T07:26:00Z,199048,1790208587,6.1.187-android14-11-SAGA,49646d1b0cd1,cc_governor,cc_governor,90713,2370638,897387,3592290,806674,8301,110800,556937,339845,984096,229045,213806,adios,0,adios,0,adios,0,37.2,37.7,,32.0,40.7,34.5,100,4434000,1800,32.0,,,14.57,119516,,1,2000
1790407595,2026-09-26T07:26:35Z,199083,1790208587,6.1.187-android14-11-SAGA,49646d1b0cd1,cc_governor,cc_governor,90730,2374257,899450,3598397,808732,8313,110800,557183,340735,985255,229939,214175,adios,0,adios,0,adios,0,37.1,38.5,,32.0,40.0,34.5,100,4434000,0,32.0,,,14.40,111464,,1,2000
1790407630,2026-09-26T07:27:10Z,199119,1790208587,6.1.187-android14-11-SAGA,49646d1b0cd1,cc_governor,cc_governor,90760,2378555,900425,3604110,809665,8324,110800,558084,340978,986423,230178,214555,adios,0,adios,0,adios,0,37.2,37.7,,32.0,41.5,34.5,100,4433000,600,32.0,,,14.43,116584,,1,2000
1790407666,2026-09-26T07:27:46Z,199154,1790208587,6.1.187-android14-11-SAGA,49646d1b0cd1,cc_governor,cc_governor,90765,2383213,900916,3609720,810151,8335,110800,559194,341002,987588,230202,214938,adios,0,adios,0,adios,0,37.4,38.0,,32.0,40.0,34.4,100,4433000,3000,32.0,,,14.56,109440,,1,2000
1790407701,2026-09-26T07:28:21Z,199189,1790208587,6.1.187-android14-11-SAGA,49646d1b0cd1,cc_governor,cc_governor,90785,2388050,901443,3615504,810658,8351,110800,560305,341026,988745,230226,215332,adios,0,adios,0,adios,0,36.9,37.6,,32.0,40.3,34.4,100,4432000,1800,32.0,,,14.47,113984,,1,2000
1790407736,2026-09-26T07:28:56Z,199225,1790208587,6.1.187-android14-11-SAGA,49646d1b0cd1,cc_governor,cc_governor,90810,2393249,901944,3621604,811134,8364,110812,561438,341057,989944,230245,215710,adios,0,adios,0,adios,0,37.3,37.3,,32.0,40.4,34.4,100,4433000,1800,32.0,,,14.70,103896,,1,2000
1790407772,2026-09-26T07:29:32Z,199260,1790208587,6.1.187-android14-11-SAGA,49646d1b0cd1,cc_governor,cc_governor,90828,2397419,903058,3627276,812230,8383,110812,562507,341124,991102,230312,216100,adios,0,adios,0,adios,0,37.4,39.4,,32.0,40.9,34.4,100,4433000,4200,32.0,,,14.61,100960,,1,2000
1790407807,2026-09-26T07:30:07Z,199296,1790208587,6.1.187-android14-11-SAGA,49646d1b0cd1,cc_governor,cc_governor,90854,2401452,904387,3633110,813547,8396,110812,563244,341518,992255,230711,216489,adios,0,adios,0,adios,0,37.1,38.1,,32.0,42.1,34.4,100,4432000,600,32.0,,,14.74,97176,,1,2000
1790407842,2026-09-26T07:30:42Z,199331,1790208587,6.1.187-android14-11-SAGA,49646d1b0cd1,cc_governor,cc_governor,90892,2404811,906376,3638838,815484,8416,110812,563808,342017,993345,231205,216849,adios,0,adios,0,adios,0,37.2,37.8,,32.0,41.7,34.4,100,4432000,600,32.0,,,14.61,94120,,1,2000
1790407878,2026-09-26T07:31:18Z,199366,1790208587,6.1.187-android14-11-SAGA,49646d1b0cd1,cc_governor,cc_governor,90906,2409617,906911,3644577,816005,8432,110812,564887,342042,994473,231230,217244,adios,0,adios,0,adios,0,37.0,37.7,,32.0,40.7,34.4,100,4432000,0,32.0,,,14.50,93104,,1,2000
1790407913,2026-09-26T07:31:53Z,199402,1790208587,6.1.187-android14-11-SAGA,49646d1b0cd1,cc_governor,cc_governor,90934,2413952,907862,3650251,816928,8443,110890,565954,342212,995741,231322,217654,adios,0,adios,0,adios,0,37.1,37.5,,32.0,40.4,34.4,100,4432000,1800,32.0,,,14.58,105636,,1,2000
1790407949,2026-09-26T07:32:29Z,199437,1790208587,6.1.187-android14-11-SAGA,49646d1b0cd1,cc_governor,cc_governor,90971,2418954,908374,3656178,817403,8451,110890,567094,342242,996932,231352,218046,adios,0,adios,0,adios,0,37.1,37.6,,32.0,40.3,34.4,100,4432000,5400,32.0,,,14.66,99724,,1,2000
1790407984,2026-09-26T07:33:04Z,199472,1790208587,6.1.187-android14-11-SAGA,49646d1b0cd1,cc_governor,cc_governor,91001,2423547,909008,3661781,818007,8462,110890,568203,342268,998082,231378,218434,adios,0,adios,0,adios,0,36.9,37.6,,32.0,40.8,34.4,100,4432000,600,32.0,,,14.65,103696,,1,2000
1790408020,2026-09-26T07:33:40Z,199508,1790208587,6.1.187-android14-11-SAGA,49646d1b0cd1,cc_governor,cc_governor,91014,2428142,909643,3667388,818629,8474,110890,569282,342292,999203,231402,218824,adios,0,adios,0,adios,0,36.8,37.7,,32.0,40.8,34.4,100,4432000,600,32.0,,,14.77,94060,,1,2000
1790408055,2026-09-26T07:34:15Z,199543,1790208587,6.1.187-android14-11-SAGA,49646d1b0cd1,cc_governor,cc_governor,91050,2431973,911339,3673412,820303,8481,110890,569720,342969,1000345,232085,219209,adios,0,adios,0,adios,0,37.1,37.9,,32.0,40.5,34.4,100,4432000,600,32.0,,,14.72,97180,,1,2000
1790408091,2026-09-26T07:34:51Z,199579,1790208587,6.1.187-android14-11-SAGA,49646d1b0cd1,cc_governor,cc_governor,91077,2436071,912720,3679311,821641,8492,110891,570489,343351,1001517,232460,219611,adios,0,adios,0,adios,0,36.7,37.6,,32.0,40.8,34.4,100,4431000,5400,32.0,,,14.56,88240,,1,2000
1790408126,2026-09-26T07:35:26Z,199614,1790208587,6.1.187-android14-11-SAGA,49646d1b0cd1,cc_governor,cc_governor,91103,2441025,913233,3685210,822130,8499,110891,571571,343380,1002659,232489,220004,adios,0,adios,0,adios,0,37.2,37.5,,32.0,39.8,34.4,100,4431000,5400,32.0,,,14.47,93200,,1,2000
1790408161,2026-09-26T07:36:01Z,199650,1790208587,6.1.187-android14-11-SAGA,49646d1b0cd1,cc_governor,cc_governor,91123,2445548,913814,3690722,822691,8512,110891,572659,343410,1003799,232519,220375,adios,0,adios,0,adios,0,36.9,37.4,,32.0,41.9,34.4,100,4431000,0,32.0,,,14.34,83776,,1,2000
1790408197,2026-09-26T07:36:37Z,199685,1790208587,6.1.187-android14-11-SAGA,49646d1b0cd1,cc_governor,cc_governor,91151,2449897,915092,3696706,823941,8526,110891,573738,343463,1004964,232572,220767,adios,0,adios,0,adios,0,37.2,37.4,,32.0,40.9,34.4,100,4431000,5400,32.0,,,14.41,110608,,1,2000
1790408232,2026-09-26T07:37:12Z,199721,1790208587,6.1.187-android14-11-SAGA,49646d1b0cd1,cc_governor,cc_governor,91163,2454559,915705,3702378,824542,8537,110891,574850,343504,1006143,232613,221147,adios,0,adios,0,adios,0,37.0,39.0,,32.0,41.2,34.4,100,4431000,600,32.0,,,14.80,109772,,1,2000
1790408268,2026-09-26T07:37:48Z,199756,1790208587,6.1.187-android14-11-SAGA,49646d1b0cd1,cc_governor,cc_governor,91190,2458967,916648,3708169,825469,8550,110891,575732,343769,1007309,232883,221537,adios,0,adios,0,adios,0,37.1,39.0,,32.0,40.3,34.4,100,4431000,1800,32.0,,,14.79,108056,,1,2000
1790408303,2026-09-26T07:38:23Z,199791,1790208587,6.1.187-android14-11-SAGA,49646d1b0cd1,cc_governor,cc_governor,91220,2462365,918846,3714217,827629,8561,110891,575994,344617,1008446,233726,221921,adios,0,adios,0,adios,0,37.1,37.6,,32.0,40.6,34.4,100,4431000,-1800,32.0,,,14.77,108840,,1,2000
1790408338,2026-09-26T07:38:58Z,199827,1790208587,6.1.187-android14-11-SAGA,49646d1b0cd1,cc_governor,cc_governor,91235,2467147,919379,3719946,828144,8569,110891,577070,344643,1009585,233752,222294,adios,0,adios,0,adios,0,37.0,38.7,,32.0,40.2,34.4,100,4431000,3000,32.0,,,14.81,107972,,1,2000
1790408374,2026-09-26T07:39:34Z,199862,1790208587,6.1.187-android14-11-SAGA,49646d1b0cd1,cc_governor,cc_governor,91253,2471966,919912,3725746,828659,8578,110891,578148,344676,1010723,233785,222694,adios,0,adios,0,adios,0,37.0,37.7,,32.0,41.2,34.4,100,4431000,4200,32.0,,,15.16,108656,,1,2000
1790408409,2026-09-26T07:40:09Z,199898,1790208587,6.1.187-android14-11-SAGA,49646d1b0cd1,cc_governor,cc_governor,91279,2476452,920995,3731729,829716,8586,110891,579251,344729,1011920,233838,223071,adios,0,adios,0,adios,0,36.9,37.7,,32.0,41.2,34.4,100,4431000,4200,32.0,,,15.24,124112,,1,2000
1790408445,2026-09-26T07:40:45Z,199933,1790208587,6.1.187-android14-11-SAGA,49646d1b0cd1,cc_governor,cc_governor,91289,2481231,921527,3737443,830238,8600,110891,580300,344757,1013021,233866,223452,adios,0,adios,0,adios,0,37.1,37.7,,32.0,40.3,34.4,100,4431000,0,32.0,,,15.30,124640,,1,2000
1790408480,2026-09-26T07:41:20Z,199969,1790208587,6.1.187-android14-11-SAGA,49646d1b0cd1,cc_governor,cc_governor,91298,2485751,922303,3743110,831005,8614,110891,581336,344846,1014178,233955,223838,adios,0,adios,0,adios,0,37.3,38.0,,32.0,41.7,34.4,100,4431000,3000,32.0,,,14.94,105808,,1,2000
1790408515,2026-09-26T07:41:55Z,200004,1790208587,6.1.187-android14-11-SAGA,49646d1b0cd1,cc_governor,cc_governor,91335,2489923,923781,3749248,832466,8629,110891,581829,345480,1015321,234594,224218,adios,0,adios,0,adios,0,37.2,37.8,,32.0,39.8,34.4,100,4431000,600,32.0,,,14.66,116028,,1,2000
1790408551,2026-09-26T07:42:31Z,200039,1790208587,6.1.187-android14-11-SAGA,49646d1b0cd1,cc_governor,cc_governor,91360,2494106,925180,3755303,833820,8640,110891,582503,345909,1016450,235018,224611,adios,0,adios,0,adios,0,37.1,38.0,,32.0,41.6,34.4,100,4430000,3000,32.0,,,14.53,110916,,1,2000
1790408586,2026-09-26T07:43:06Z,200074,1790208587,6.1.187-android14-11-SAGA,49646d1b0cd1,cc_governor,cc_governor,91373,2498726,925716,3760904,834343,8648,110891,583575,345939,1017568,235048,224994,adios,0,adios,0,adios,0,36.8,37.2,,32.0,40.8,34.4,100,4430000,3000,32.0,,,14.45,102012,,1,2000
1790408621,2026-09-26T07:43:41Z,200110,1790208587,6.1.187-android14-11-SAGA,49646d1b0cd1,cc_governor,cc_governor,91385,2503416,926198,3766468,834813,8658,110891,584651,345961,1018689,235070,225385,adios,0,adios,0,adios,0,36.9,37.5,,32.0,41.3,34.4,100,4430000,3000,32.0,,,14.38,98192,,1,2000
1790408657,2026-09-26T07:44:17Z,200145,1790208587,6.1.187-android14-11-SAGA,49646d1b0cd1,cc_governor,cc_governor,91546,2508646,926873,3772801,835327,8672,111035,585794,346135,1020043,235100,225770,adios,0,adios,0,adios,0,37.0,37.4,,32.0,40.7,34.5,100,4430000,3000,32.0,,,14.55,107992,,1,2000
1790408692,2026-09-26T07:44:52Z,200181,1790208587,6.1.187-android14-11-SAGA,49646d1b0cd1,cc_governor,cc_governor,91551,2513388,927390,3778467,835839,8684,111035,586885,346161,1021183,235126,226164,adios,0,adios,0,adios,0,36.9,37.9,,32.0,40.9,34.4,100,4430000,5400,32.0,,,14.56,102164,,1,2000
1790408728,2026-09-26T07:45:28Z,200216,1790208587,6.1.187-android14-11-SAGA,49646d1b0cd1,cc_governor,cc_governor,91586,2518119,928235,3784454,836657,8698,111036,587906,346293,1022361,235260,226563,adios,0,adios,0,adios,0,37.5,37.4,,32.0,40.2,34.4,100,4430000,4200,32.0,,,14.47,97052,,1,2000
1790408763,2026-09-26T07:46:03Z,200252,1790208587,6.1.187-android14-11-SAGA,49646d1b0cd1,cc_governor,cc_governor,91627,2521435,930439,3790494,838827,8710,111036,588101,347239,1023532,236207,226945,adios,0,adios,0,adios,0,37.1,39.0,,32.0,41.0,34.4,100,4430000,5400,32.0,,,14.61,93136,,1,2000
1790408799,2026-09-26T07:46:39Z,200287,1790208587,6.1.187-android14-11-SAGA,49646d1b0cd1,cc_governor,cc_governor,91648,2526127,931057,3796253,839409,8724,111036,589188,347310,1024709,236274,227335,adios,0,adios,0,adios,0,36.9,37.2,,32.0,40.5,34.4,100,4430000,4200,32.0,,,14.58,98664,,1,2000
1790408834,2026-09-26T07:47:14Z,200323,1790208587,6.1.187-android14-11-SAGA,49646d1b0cd1,cc_governor,cc_governor,91664,2530224,932172,3801957,840508,8739,111052,590258,347448,1025930,236396,227735,adios,0,adios,0,adios,0,37.1,37.5,,32.0,40.7,34.4,100,4429000,5400,32.0,,,14.56,100916,,1,2000
1790408870,2026-09-26T07:47:50Z,200358,1790208587,6.1.187-android14-11-SAGA,49646d1b0cd1,cc_governor,cc_governor,91675,2534997,932687,3807665,841012,8750,111052,591347,347479,1027068,236427,228126,adios,0,adios,0,adios,0,37.0,37.9,,32.0,40.5,34.4,100,4430000,3000,32.0,,,14.47,94168,,1,2000
1790408905,2026-09-26T07:48:25Z,200393,1790208587,6.1.187-android14-11-SAGA,49646d1b0cd1,cc_governor,cc_governor,91702,2539875,933221,3813521,841519,8767,111052,592430,347503,1028194,236451,228509,adios,0,adios,0,adios,0,37.2,39.3,,32.0,40.6,34.4,100,4430000,600,32.0,,,14.34,93100,,1,2000
1790408940,2026-09-26T07:49:00Z,200429,1790208587,6.1.187-android14-11-SAGA,49646d1b0cd1,cc_governor,cc_governor,91717,2544646,933778,3819250,842061,8781,111052,593515,347525,1029324,236473,228876,adios,0,adios,0,adios,0,36.9,38.4,,32.0,41.3,34.4,100,4429000,3000,32.0,,,14.51,105732,,1,2000
1790408976,2026-09-26T07:49:36Z,200464,1790208587,6.1.187-android14-11-SAGA,49646d1b0cd1,cc_governor,cc_governor,91739,2547309,936343,3824892,844617,8794,111052,594044,348115,1030461,237067,229255,adios,0,adios,0,adios,0,37.4,37.6,,32.0,41.0,34.4,100,4430000,0,32.0,,,14.45,76652,,1,2000
1790409011,2026-09-26T07:50:11Z,200499,1790208587,6.1.187-android14-11-SAGA,49646d1b0cd1,cc_governor,cc_governor,91768,2550915,938122,3830704,846364,8804,111052,594538,348748,1031603,237699,229657,adios,0,adios,0,adios,0,37.3,37.8,,32.0,40.3,34.4,100,4429000,1800,32.0,,,14.41,93212,,1,2000
1790409047,2026-09-26T07:50:47Z,200535,1790208587,6.1.187-android14-11-SAGA,49646d1b0cd1,cc_governor,cc_governor,91795,2553321,941163,3836591,849368,8819,111052,595092,349368,1032803,238316,230054,adios,0,adios,0,adios,0,37.3,37.5,,32.0,40.6,34.4,100,4429000,6700,32.0,,,14.60,84096,,1,2000
1790409082,2026-09-26T07:51:22Z,200570,1790208587,6.1.187-android14-11-SAGA,49646d1b0cd1,cc_governor,cc_governor,91833,2556424,943609,3842589,851786,8839,111052,595481,350051,1033902,239004,230429,adios,0,adios,0,adios,0,37.2,38.1,,32.0,40.3,34.4,100,4430000,3000,32.0,,,14.60,103996,,1,2000
1790409117,2026-09-26T07:51:57Z,200606,1790208587,6.1.187-android14-11-SAGA,49646d1b0cd1,cc_governor,cc_governor,91865,2560435,945341,3848803,853476,8856,111053,595885,350812,1035091,239759,230814,adios,0,adios,0,adios,0,37.0,37.6,,32.0,42.2,34.4,100,4429000,4200,32.0,,,14.68,112876,,1,2000
1790409153,2026-09-26T07:52:33Z,200641,1790208587,6.1.187-android14-11-SAGA,49646d1b0cd1,cc_governor,cc_governor,91880,2565212,946013,3854648,854133,8865,111053,596986,350857,1036257,239804,231198,adios,0,adios,0,adios,0,37.0,37.8,,32.0,40.2,34.4,100,4429000,600,32.0,,,14.46,106224,,1,2000
1790409188,2026-09-26T07:53:08Z,200676,1790208587,6.1.187-android14-11-SAGA,49646d1b0cd1,cc_governor,cc_governor,91902,2568455,947692,3859983,855790,8876,111053,598023,350959,1037422,239906,231592,adios,0,adios,0,adios,0,36.9,37.6,,32.0,41.0,34.4,100,4429000,3000,32.0,,,14.42,101108,,1,2000
1790409223,2026-09-26T07:53:43Z,200712,1790208587,6.1.187-android14-11-SAGA,49646d1b0cd1,cc_governor,cc_governor,91910,2573071,948475,3865799,856565,8888,111053,599094,350985,1038546,239932,231986,adios,0,adios,0,adios,0,37.4,38.5,,32.0,42.0,34.4,100,4429000,4200,32.0,,,14.53,95488,,1,2000
1790409259,2026-09-26T07:54:19Z,200747,1790208587,6.1.187-android14-11-SAGA,49646d1b0cd1,cc_governor,cc_governor,91932,2576624,950556,3871920,858631,8903,111053,599381,351804,1039680,240755,232374,adios,0,adios,0,adios,0,37.0,37.8,,32.0,40.2,34.4,100,4429000,7900,32.0,,,14.45,113960,,1,2000
1790409294,2026-09-26T07:54:54Z,200782,1790208587,6.1.187-android14-11-SAGA,49646d1b0cd1,cc_governor,cc_governor,91962,2580833,951619,3877589,859657,8915,111053,600196,352104,1040815,241051,232764,adios,0,adios,0,adios,0,37.1,38.9,,32.0,40.5,34.4,100,4429000,1800,32.0,,,14.47,103492,,1,2000
1790409329,2026-09-26T07:55:29Z,200818,1790208587,6.1.187-android14-11-SAGA,49646d1b0cd1,cc_governor,cc_governor,91974,2585578,952156,3883293,860182,8929,111053,601275,352130,1041941,241077,233139,adios,0,adios,0,adios,0,37.2,37.3,,32.0,41.7,34.4,100,4429000,0,32.0,,,14.42,93188,,1,2000
1790409365,2026-09-26T07:56:05Z,200854,1790208587,6.1.187-android14-11-SAGA,49646d1b0cd1,cc_governor,cc_governor,91994,2590730,952663,3889350,860669,8946,111053,602364,352159,1043072,241106,233501,adios,0,adios,0,adios,0,36.8,38.5,,32.0,40.5,34.4,100,4429000,600,32.0,,,14.48,95680,,1,2000
1790409401,2026-09-26T07:56:41Z,200889,1790208587,6.1.187-android14-11-SAGA,49646d1b0cd1,cc_governor,cc_governor,92014,2595410,953172,3894949,861158,8957,111053,603471,352190,1044230,241137,233890,adios,0,adios,0,adios,0,36.9,37.2,,32.0,40.7,34.4,100,4429000,3000,32.0,,,14.68,104236,,1,2000
1790409436,2026-09-26T07:57:16Z,200924,1790208587,6.1.187-android14-11-SAGA,49646d1b0cd1,cc_governor,cc_governor,92029,2600147,953875,3900857,861861,8966,111070,604614,352265,1045474,241201,234301,adios,0,adios,0,adios,0,37.1,37.5,,32.0,40.8,34.4,100,4429000,-600,32.0,,,14.59,94612,,1,2000
1790409471,2026-09-26T07:57:51Z,200960,1790208587,6.1.187-android14-11-SAGA,49646d1b0cd1,cc_governor,cc_governor,92056,2604020,955473,3906774,863433,8978,111070,605171,352832,1046619,241768,234692,adios,0,adios,0,adios,0,37.3,37.5,,32.0,40.3,34.4,100,4429000,600,32.0,,,14.56,86924,,1,2000
1790409507,2026-09-26T07:58:27Z,200995,1790208587,6.1.187-android14-11-SAGA,49646d1b0cd1,cc_governor,cc_governor,92079,2607647,957383,3912731,865304,8990,111070,605516,353571,1047727,242501,235092,adios,0,adios,0,adios,0,37.3,38.9,,32.0,39.9,34.4,100,4429000,600,32.0,,,14.47,96864,,1,2000
1790409542,2026-09-26T07:59:02Z,201030,1790208587,6.1.187-android14-11-SAGA,49646d1b0cd1,cc_governor,cc_governor,92088,2612339,957890,3918337,865802,9000,111070,606602,353597,1048868,242527,235470,adios,0,adios,0,adios,0,36.9,38.4,,32.0,40.2,34.4,100,4429000,1800,32.0,,,14.41,88468,,1,2000
1790409577,2026-09-26T07:59:37Z,201066,1790208587,6.1.187-android14-11-SAGA,49646d1b0cd1,cc_governor,cc_governor,92118,2617070,958429,3924067,866311,9008,111070,607714,353618,1050028,242548,235866,adios,0,adios,0,adios,0,36.6,37.2,,32.0,40.7,34.4,100,4429000,0,32.0,,,14.44,83836,,1,2000
1790409613,2026-09-26T08:00:13Z,201101,1790208587,6.1.187-android14-11-SAGA,49646d1b0cd1,cc_governor,cc_governor,92726,2619725,962645,3931479,869926,9022,111731,608713,354617,1052210,242890,236264,adios,0,adios,0,adios,0,37.4,37.4,,32.0,40.5,34.5,100,4428000,5400,32.0,,,14.41,148792,,1,2000
1790409648,2026-09-26T08:00:48Z,201137,1790208587,6.1.187-android14-11-SAGA,49646d1b0cd1,cc_governor,cc_governor,92739,2624715,963147,3937398,870408,9035,111731,609678,354732,1053357,243001,236644,adios,0,adios,0,adios,0,37.0,37.4,,32.0,40.9,34.4,100,4429000,4200,32.0,,,14.38,138576,,1,2000
1790409684,2026-09-26T08:01:24Z,201172,1790208587,6.1.187-android14-11-SAGA,49646d1b0cd1,cc_governor,cc_governor,92782,2628373,965188,3943521,872406,9043,111731,610111,355411,1054491,243680,237035,adios,0,adios,0,adios,0,37.2,38.6,,32.0,40.1,34.4,100,4428000,0,32.0,,,14.79,128896,,1,2000
1790409719,2026-09-26T08:01:59Z,201208,1790208587,6.1.187-android14-11-SAGA,49646d1b0cd1,cc_governor,cc_governor,92802,2632214,966613,3949191,873816,9055,111738,611117,355571,1055679,243838,237411,adios,0,adios,0,adios,0,37.5,37.8,,32.0,41.9,34.4,100,4429000,3000,32.0,,,14.52,136036,,1,2000
1790409755,2026-09-26T08:02:35Z,201243,1790208587,6.1.187-android14-11-SAGA,49646d1b0cd1,cc_governor,cc_governor,92811,2636541,967702,3955000,874891,9066,111738,611905,355874,1056797,244136,237793,adios,0,adios,0,adios,0,37.1,37.7,,32.0,41.2,34.4,100,4429000,600,32.0,,,14.54,128148,,1,2000
1790409790,2026-09-26T08:03:10Z,201278,1790208587,6.1.187-android14-11-SAGA,49646d1b0cd1,cc_governor,cc_governor,92827,2640290,969553,3961016,876726,9074,111738,612486,356460,1057999,244722,238172,adios,0,adios,0,adios,0,37.0,37.4,,32.0,41.6,34.4,100,4429000,5400,32.0,,,14.53,122528,,1,2000
1790409825,2026-09-26T08:03:45Z,201314,1790208587,6.1.187-android14-11-SAGA,49646d1b0cd1,cc_governor,cc_governor,92881,2645270,970219,3967026,877334,9092,111742,613574,356528,1059186,244786,238575,adios,0,adios,0,adios,0,36.9,37.8,,32.0,41.0,34.4,100,4428000,5400,32.0,,,14.45,115364,,1,2000
1790409861,2026-09-26T08:04:21Z,201349,1790208587,6.1.187-android14-11-SAGA,49646d1b0cd1,cc_governor,cc_governor,92906,2650166,970901,3973107,878008,9106,111742,614640,356608,1060357,244869,238975,adios,0,adios,0,adios,0,36.9,38.6,,32.0,43.5,34.9,100,4428000,3000,32.0,,,14.46,91664,,1,2000
1790409896,2026-09-26T08:04:56Z,201384,1790208587,6.1.187-android14-11-SAGA,49646d1b0cd1,cc_governor,cc_governor,94021,2653848,977253,3983863,883232,9120,112501,614991,358854,1063177,246353,239401,adios,0,adios,0,adios,0,37.8,38.0,,32.0,42.3,34.7,100,4427000,1800,32.0,,,14.63,112116,,1,2000
1790409931,2026-09-26T08:05:31Z,201420,1790208587,6.1.187-android14-11-SAGA,49646d1b0cd1,cc_governor,cc_governor,94055,2658369,978087,3989598,884032,9135,112501,616049,358893,1064344,246392,239781,adios,0,adios,0,adios,0,37.1,37.7,,32.0,41.0,34.6,100,4428000,3000,32.0,,,14.51,119408,,1,2000
1790409967,2026-09-26T08:06:07Z,201455,1790208587,6.1.187-android14-11-SAGA,49646d1b0cd1,cc_governor,cc_governor,94142,2663938,978933,3996404,884790,9149,112537,617275,358969,1065661,246432,240147,adios,0,adios,0,adios,0,36.9,37.6,,32.0,40.4,34.6,100,4428000,1800,32.0,,,14.44,104816,,1,2000
1790410003,2026-09-26T08:06:43Z,201491,1790208587,6.1.187-android14-11-SAGA,49646d1b0cd1,cc_governor,cc_governor,94266,2671465,979056,4004621,884790,9164,112581,618653,359016,1067117,246439,240541,adios,0,adios,0,adios,0,38.3,39.2,,32.0,42.1,35.0,100,4429000,600,32.0,,,14.66,101876,,1,2000
1790410038,2026-09-26T08:07:18Z,201526,1790208587,6.1.187-android14-11-SAGA,49646d1b0cd1,cc_governor,cc_governor,94426,2673432,983447,4011422,889031,9177,112613,618742,360250,1068471,247641,240924,adios,0,adios,0,adios,0,37.5,38.1,,32.0,42.0,34.7,100,4429000,0,32.0,,,14.70,88568,,1,2000
1790410073,2026-09-26T08:07:53Z,201561,1790208587,6.1.187-android14-11-SAGA,49646d1b0cd1,cc_governor,cc_governor,94470,2676460,986170,4017553,891700,9188,112613,618908,361195,1069608,248582,241315,adios,0,adios,0,adios,0,37.4,40.0,,33.0,41.6,34.6,100,4428000,1800,32.0,,,14.64,97880,,1,2000
1790410108,2026-09-26T08:08:28Z,201597,1790208587,6.1.187-android14-11-SAGA,49646d1b0cd1,cc_governor,cc_governor,94535,2682442,986235,4024004,891700,9206,112636,620093,361218,1070836,248582,241708,adios,0,adios,0,adios,0,38.0,40.8,,32.0,41.4,34.8,100,4428000,1800,32.0,,,14.62,115788,,1,2000
1790410144,2026-09-26T08:09:04Z,201632,1790208587,6.1.187-android14-11-SAGA,49646d1b0cd1,cc_governor,cc_governor,94577,2687246,987012,4029990,892435,9220,112637,621033,361405,1072024,248768,242113,adios,0,adios,0,adios,0,37.0,37.8,,32.0,40.9,34.6,100,4427000,3000,32.0,,,14.50,132428,,1,2000
1790410179,2026-09-26T08:09:39Z,201667,1790208587,6.1.187-android14-11-SAGA,49646d1b0cd1,cc_governor,cc_governor,94592,2691040,988272,4035366,893690,9229,112637,622027,361496,1073144,248865,242505,adios,0,adios,0,adios,0,36.9,38.7,,32.0,40.8,34.5,100,4428000,6700,32.0,,,14.71,121464,,1,2000
1790410214,2026-09-26T08:10:14Z,201702,1790208587,6.1.187-android14-11-SAGA,49646d1b0cd1,cc_governor,cc_governor,94617,2693130,991489,4041035,896872,9244,112637,622135,362474,1074259,249837,242903,adios,0,adios,0,adios,0,37.1,39.9,,32.0,40.9,34.5,100,4427000,3000,32.0,,,14.72,121224,,1,2000
1790410249,2026-09-26T08:10:49Z,201738,1790208587,6.1.187-android14-11-SAGA,49646d1b0cd1,cc_governor,cc_governor,94637,2697881,992050,4046726,897413,9258,112637,623222,362502,1075396,249865,243289,adios,0,adios,0,adios,0,36.8,37.5,,32.0,40.9,34.5,100,4429000,-600,32.0,,,14.56,110560,,1,2000
1790410285,2026-09-26T08:11:25Z,201773,1790208587,6.1.187-android14-11-SAGA,49646d1b0cd1,cc_governor,cc_governor,94664,2701818,993359,4052374,898705,9265,112637,624247,362592,1076532,249959,243689,adios,0,adios,0,adios,0,37.0,39.2,,32.0,41.4,34.5,100,4427000,1800,32.0,,,14.57,110436,,1,2000
1790410321,2026-09-26T08:12:01Z,201809,1790208587,6.1.187-android14-11-SAGA,49646d1b0cd1,cc_governor,cc_governor,94727,2705785,995069,4058523,900342,9279,112638,624836,363222,1077781,250584,244083,adios,0,adios,0,adios,0,37.2,37.6,,32.0,40.1,34.5,100,4428000,4200,32.0,,,14.48,127116,,1,2000
1790410356,2026-09-26T08:12:36Z,201844,1790208587,6.1.187-android14-11-SAGA,49646d1b0cd1,cc_governor,cc_governor,94739,2708291,996929,4063273,902203,9288,112638,625772,363354,1078862,250720,244481,adios,0,adios,0,adios,0,37.2,39.1,,32.0,41.4,34.5,100,4428000,-600,32.0,,,14.39,119156,,1,2000
1790410391,2026-09-26T08:13:11Z,201880,1790208587,6.1.187-android14-11-SAGA,49646d1b0cd1,cc_governor,cc_governor,94768,2708850,1000863,4068144,906108,9298,112638,625801,364392,1079946,251763,244864,adios,0,adios,0,adios,0,37.2,37.5,,32.0,40.8,34.5,100,4427000,600,32.0,,,14.95,115620,,1,2000
1790410426,2026-09-26T08:13:46Z,201915,1790208587,6.1.187-android14-11-SAGA,49646d1b0cd1,cc_governor,cc_governor,94798,2711746,1003199,4073788,908399,9315,112638,625946,365314,1081034,252676,245228,adios,0,adios,0,adios,0,36.6,37.7,,32.0,40.6,34.4,100,4427000,3000,32.0,,,14.61,138360,,1,2000
1790410462,2026-09-26T08:14:22Z,201950,1790208587,6.1.187-android14-11-SAGA,49646d1b0cd1,cc_governor,cc_governor,94813,2714576,1004767,4078536,909954,9328,112638,626934,365399,1082144,252761,245614,adios,0,adios,0,adios,0,37.0,38.1,,32.0,40.0,34.4,100,4427000,600,32.0,,,14.47,132976,,1,2000
1790410497,2026-09-26T08:14:57Z,201985,1790208587,6.1.187-android14-11-SAGA,49646d1b0cd1,cc_governor,cc_governor,94826,2718953,1005209,4083777,910382,9347,112638,627985,365418,1083228,252780,245967,adios,0,adios,0,adios,0,36.8,37.4,,32.0,40.8,34.4,100,4427000,4200,32.0,,,14.48,124916,,1,2000
1790410532,2026-09-26T08:15:32Z,202021,1790208587,6.1.187-android14-11-SAGA,49646d1b0cd1,cc_governor,cc_governor,94866,2719904,1008951,4088895,914085,9358,112640,628411,366071,1084339,253431,246348,adios,0,adios,0,adios,0,37.1,37.8,,32.0,40.9,34.4,100,4427000,600,32.0,,,14.35,128536,,1,2000
1790410568,2026-09-26T08:16:08Z,202056,1790208587,6.1.187-android14-11-SAGA,49646d1b0cd1,cc_governor,cc_governor,94922,2724189,1010270,4094946,915348,9377,112670,629505,366226,1085603,253556,246728,adios,0,adios,0,adios,0,37.2,37.4,,32.0,40.4,34.4,100,4427000,1800,32.0,,,14.41,77588,,1,2000
1790410603,2026-09-26T08:16:43Z,202091,1790208587,6.1.187-android14-11-SAGA,49646d1b0cd1,cc_governor,cc_governor,94938,2728033,1011076,4099959,916138,9395,112670,630542,366268,1086715,253598,247105,adios,0,adios,0,adios,0,36.8,38.5,,32.0,41.9,34.4,100,4427000,1800,32.0,,,14.55,87312,,1,2000
1790410639,2026-09-26T08:17:19Z,202127,1790208587,6.1.187-android14-11-SAGA,49646d1b0cd1,cc_governor,cc_governor,94958,2731921,1012204,4105396,917257,9409,112675,631596,366359,1087866,253689,247491,adios,0,adios,0,adios,0,36.8,37.5,,32.0,42.0,34.4,100,4427000,6700,32.0,,,14.68,83748,,1,2000
1790410674,2026-09-26T08:17:54Z,202162,1790208587,6.1.187-android14-11-SAGA,49646d1b0cd1,cc_governor,cc_governor,94978,2733126,1015580,4110424,920602,9420,112675,631675,367351,1088965,254676,247860,adios,0,adios,0,adios,0,37.0,37.4,,32.0,40.1,34.4,100,4428000,600,32.0,,,14.54,77824,,1,2000
1790410709,2026-09-26T08:18:29Z,202198,1790208587,6.1.187-android14-11-SAGA,49646d1b0cd1,cc_governor,cc_governor,94996,2737434,1016177,4115777,921181,9429,112675,632709,367379,1090051,254704,248256,adios,0,adios,0,adios,0,37.1,37.9,,32.0,40.5,34.4,100,4427000,0,32.0,,,14.60,75296,,1,2000
1790410745,2026-09-26T08:19:05Z,202233,1790208587,6.1.187-android14-11-SAGA,49646d1b0cd1,cc_governor,cc_governor,95010,2740151,1017819,4120539,922808,9445,112675,633689,367465,1091147,254790,248635,adios,0,adios,0,adios,0,36.8,37.4,,32.0,39.8,34.4,100,4427000,1800,32.0,,,14.65,99280,,1,2000
1790410780,2026-09-26T08:19:40Z,202269,1790208587,6.1.187-android14-11-SAGA,49646d1b0cd1,cc_governor,cc_governor,95022,2745473,1017830,4126249,922808,9455,112675,634775,367465,1092282,254790,249024,adios,0,adios,0,adios,0,36.9,37.3,,32.0,41.0,34.4,100,4427000,4200,32.0,,,14.52,114356,,1,2000
1790410816,2026-09-26T08:20:16Z,202304,1790208587,6.1.187-android14-11-SAGA,49646d1b0cd1,cc_governor,cc_governor,95031,2750424,1017839,4131618,922808,9467,112675,635861,367465,1093399,254790,249427,adios,0,adios,0,adios,0,37.1,37.8,,32.0,42.3,34.4,100,4427000,0,32.0,,,14.29,123668,,1,2000
1790410851,2026-09-26T08:20:51Z,202339,1790208587,6.1.187-android14-11-SAGA,49646d1b0cd1,cc_governor,cc_governor,95089,2753658,1019682,4137048,924600,9475,112709,636785,367781,1094657,255076,249817,adios,0,adios,0,adios,0,37.4,37.9,,32.0,41.4,34.5,100,4427000,1800,32.0,,,14.64,110208,,1,2000
1790410886,2026-09-26T08:21:26Z,202375,1790208587,6.1.187-android14-11-SAGA,49646d1b0cd1,cc_governor,cc_governor,95154,2756591,1021793,4142658,926639,9495,112709,637550,368155,1095850,255446,250183,adios,0,adios,0,adios,0,37.0,37.7,,32.0,40.9,34.4,100,4427000,5400,32.0,,,14.71,101128,,1,2000
1790410922,2026-09-26T08:22:02Z,202410,1790208587,6.1.187-android14-11-SAGA,49646d1b0cd1,cc_governor,cc_governor,95202,2760464,1023151,4148354,927961,9506,112716,638112,368751,1097030,256039,250564,adios,0,adios,0,adios,0,37.0,37.7,,32.0,40.6,34.4,100,4427000,600,32.0,,,14.66,109376,,1,2000
1790410957,2026-09-26T08:22:37Z,202446,1790208587,6.1.187-android14-11-SAGA,49646d1b0cd1,cc_governor,cc_governor,95224,2764145,1024497,4153831,929273,9520,112716,638978,369011,1098194,256295,250973,adios,0,adios,0,adios,0,36.9,37.4,,32.0,39.8,34.4,100,4427000,5400,32.0,,,14.65,113228,,1,2000
1790410993,2026-09-26T08:23:13Z,202481,1790208587,6.1.187-android14-11-SAGA,49646d1b0cd1,cc_governor,cc_governor,95290,2767667,1025867,4159199,930577,9533,112833,640037,369206,1099473,256373,251348,adios,0,adios,0,adios,0,37.2,37.6,,32.0,40.8,34.4,100,4427000,4200,32.0,,,14.44,113600,,1,2000
1790411028,2026-09-26T08:23:48Z,202516,1790208587,6.1.187-android14-11-SAGA,49646d1b0cd1,cc_governor,cc_governor,95305,2772113,1026272,4164451,930967,9545,112833,641110,369236,1100606,256403,251731,adios,0,adios,0,adios,0,37.0,37.6,,32.0,39.9,34.3,100,4427000,3000,32.0,,,14.50,106312,,1,2000
1790411063,2026-09-26T08:24:23Z,202552,1790208587,6.1.187-android14-11-SAGA,49646d1b0cd1,cc_governor,cc_governor,95311,2776616,1026671,4169776,931360,9558,112833,642160,369270,1101724,256437,252097,adios,0,adios,0,adios,0,36.9,38.1,,32.0,40.5,34.3,100,4427000,5400,32.0,,,14.49,100060,,1,2000
1790411099,2026-09-26T08:24:59Z,202587,1790208587,6.1.187-android14-11-SAGA,49646d1b0cd1,cc_governor,cc_governor,95315,2781071,1027103,4175071,931788,9568,112833,643230,369296,1102841,256463,252462,adios,0,adios,0,adios,0,36.9,37.4,,32.0,40.2,34.3,100,4427000,4200,32.0,,,14.49,108788,,1,2000
1790411134,2026-09-26T08:25:34Z,202622,1790208587,6.1.187-android14-11-SAGA,49646d1b0cd1,cc_governor,cc_governor,95332,2785487,1027666,4180501,932334,9574,112833,644241,369400,1103978,256572,252856,adios,0,adios,0,adios,0,37.1,37.2,,32.0,40.4,34.3,100,4427000,1800,32.0,,,14.35,110620,,1,2000
1790411169,2026-09-26T08:26:09Z,202658,1790208587,6.1.187-android14-11-SAGA,49646d1b0cd1,cc_governor,cc_governor,95366,2788042,1030209,4186041,934857,9586,112833,644362,370328,1105047,257499,253229,adios,0,adios,0,adios,0,37.1,37.4,,32.0,40.8,34.3,100,4427000,4200,32.0,,,14.46,119712,,1,2000
1790411205,2026-09-26T08:26:45Z,202693,1790208587,6.1.187-android14-11-SAGA,49646d1b0cd1,cc_governor,cc_governor,95370,2792244,1030885,4191388,935515,9599,112834,645347,370456,1106184,257622,253621,adios,0,adios,0,adios,0,37.1,37.6,,32.0,40.1,34.3,100,4427000,5400,32.0,,,14.73,120872,,1,2000
1790411240,2026-09-26T08:27:20Z,202728,1790208587,6.1.187-android14-11-SAGA,49646d1b0cd1,cc_governor,cc_governor,95406,2797057,1031368,4197079,935962,9613,112834,646430,370465,1107300,257631,254000,adios,0,adios,0,adios,0,36.9,37.6,,32.0,40.2,34.3,100,4427000,3000,32.0,,,14.73,118840,,1,2000
1790411276,2026-09-26T08:27:56Z,202764,1790208587,6.1.187-android14-11-SAGA,49646d1b0cd1,cc_governor,cc_governor,95424,2801637,1031782,4202468,936358,9626,112835,647531,370493,1108459,257658,254380,adios,0,adios,0,adios,0,36.8,37.3,,32.0,40.4,34.3,100,4427000,600,32.0,,,14.61,111508,,1,2000
1790411311,2026-09-26T08:28:31Z,202800,1790208587,6.1.187-android14-11-SAGA,49646d1b0cd1,cc_governor,cc_governor,95441,2806045,1032194,4207709,936753,9639,112835,648611,370518,1109588,257683,254761,adios,0,adios,0,adios,0,36.4,37.4,,32.0,40.0,34.3,100,4427000,1800,32.0,,,14.50,106352,,1,2000
1790411347,2026-09-26T08:29:07Z,202835,1790208587,6.1.187-android14-11-SAGA,49646d1b0cd1,cc_governor,cc_governor,95447,2810431,1032577,4212873,937130,9646,112835,649661,370551,1110703,257716,255159,adios,0,adios,0,adios,0,36.7,37.3,,32.0,40.6,34.3,100,4427000,1800,32.0,,,14.44,112204,,1,2000
1790411382,2026-09-26T08:29:42Z,202870,1790208587,6.1.187-android14-11-SAGA,49646d1b0cd1,cc_governor,cc_governor,95463,2814164,1033873,4218328,938417,9660,112835,650266,371069,1111861,258240,255549,adios,0,adios,0,adios,0,37.0,37.5,,32.0,40.2,34.3,100,4427000,1800,32.0,,,14.30,122712,,1,2000
1790411417,2026-09-26T08:30:17Z,202905,1790208587,6.1.187-android14-11-SAGA,49646d1b0cd1,cc_governor,cc_governor,95478,2816688,1036129,4223564,940666,9673,112835,650701,371733,1112981,258902,255935,adios,0,adios,0,adios,0,37.1,37.6,,32.0,40.5,34.3,100,4427000,5400,32.0,,,14.39,110668,,1,2000
1790411452,2026-09-26T08:30:52Z,202941,1790208587,6.1.187-android14-11-SAGA,49646d1b0cd1,cc_governor,cc_governor,95497,2820010,1037893,4229030,942396,9684,112835,651055,372415,1114041,259580,256314,adios,0,adios,0,adios,0,37.2,37.6,,32.0,41.4,34.3,100,4427000,600,32.0,,,14.45,105780,,1,2000
1790411488,2026-09-26T08:31:28Z,202976,1790208587,6.1.187-android14-11-SAGA,49646d1b0cd1,cc_governor,cc_governor,95545,2825591,1038287,4235502,942742,9694,112836,652219,372434,1115250,259598,256701,adios,0,adios,0,adios,0,36.9,37.5,,32.0,39.9,34.3,100,4427000,3000,32.0,,,14.38,98136,,1,2000
1790411523,2026-09-26T08:32:03Z,203011,1790208587,6.1.187-android14-11-SAGA,49646d1b0cd1,cc_governor,cc_governor,95569,2829906,1038805,4240727,943236,9702,112876,653356,372511,1116482,259635,257078,adios,0,adios,0,adios,0,36.9,37.5,,32.0,40.0,34.3,100,4427000,600,32.0,,,14.53,85716,,1,2000
1790411558,2026-09-26T08:32:38Z,203047,1790208587,6.1.187-android14-11-SAGA,49646d1b0cd1,cc_governor,cc_governor,95583,2834152,1039386,4245997,943803,9709,112876,654403,372533,1117571,259657,257479,adios,0,adios,0,adios,0,37.2,37.3,,32.0,40.8,34.3,100,4427000,0,32.0,,,14.45,100040,,1,2000
1790411594,2026-09-26T08:33:14Z,203083,1790208587,6.1.187-android14-11-SAGA,49646d1b0cd1,cc_governor,cc_governor,95608,2837340,1040832,4251048,945224,9724,112876,655413,372616,1118687,259740,257835,adios,0,adios,0,adios,0,37.0,37.6,,32.0,40.0,34.3,100,4427000,7900,32.0,,,14.61,73776,,1,2000
1790411629,2026-09-26T08:33:49Z,203118,1790208587,6.1.187-android14-11-SAGA,49646d1b0cd1,cc_governor,cc_governor,95667,2840468,1042983,4256810,947326,9738,112876,655660,373487,1119822,260614,258210,adios,0,adios,0,adios,0,36.9,37.7,,32.0,40.0,34.3,100,4427000,3000,32.0,,,14.58,107412,,1,2000
1790411665,2026-09-26T08:34:25Z,203153,1790208587,6.1.187-android14-11-SAGA,49646d1b0cd1,cc_governor,cc_governor,95676,2844381,1044035,4262262,948359,9748,112876,656481,373733,1120908,260857,258615,adios,0,adios,0,adios,0,37.1,37.5,,32.0,40.8,34.3,100,4427000,1800,32.0,,,14.53,97528,,1,2000
1790411700,2026-09-26T08:35:00Z,203189,1790208587,6.1.187-android14-11-SAGA,49646d1b0cd1,cc_governor,cc_governor,95686,2849266,1044409,4268012,948723,9765,112876,657544,373758,1122010,260882,258985,adios,0,adios,0,adios,0,36.8,37.9,,32.0,42.0,34.3,100,4427000,1800,32.0,,,14.48,91344,,1,2000
1790411736,2026-09-26T08:35:36Z,203224,1790208587,6.1.187-android14-11-SAGA,49646d1b0cd1,cc_governor,cc_governor,95692,2853670,1044845,4273295,949153,9776,112876,658582,373782,1123096,260906,259358,adios,0,adios,0,adios,0,36.8,37.5,,32.0,40.9,34.3,100,4427000,1800,32.0,,,14.40,95132,,1,2000
1790411771,2026-09-26T08:36:11Z,203259,1790208587,6.1.187-android14-11-SAGA,49646d1b0cd1,cc_governor,cc_governor,95700,2857987,1045252,4278440,949552,9791,112876,659666,373807,1124220,260931,259751,adios,0,adios,0,adios,0,37.1,37.7,,32.0,41.0,34.3,100,4427000,4200,32.0,,,14.77,86524,,1,2000
1790411806,2026-09-26T08:36:46Z,203295,1790208587,6.1.187-android14-11-SAGA,49646d1b0cd1,cc_governor,cc_governor,95711,2861776,1046301,4283680,950590,9803,112876,660727,373863,1125363,260987,260132,adios,0,adios,0,adios,0,36.9,37.7,,32.0,41.1,34.3,100,4427000,4200,32.0,,,14.59,112176,,1,2000
1790411842,2026-09-26T08:37:22Z,203330,1790208587,6.1.187-android14-11-SAGA,49646d1b0cd1,cc_governor,cc_governor,95728,2864991,1048432,4289459,952717,9817,112891,660912,374857,1126593,261971,260514,adios,0,adios,0,adios,0,36.7,37.3,,32.0,40.1,34.3,100,4427000,4200,32.0,,,14.95,106376,,1,2000
1790411877,2026-09-26T08:37:57Z,203365,1790208587,6.1.187-android14-11-SAGA,49646d1b0cd1,cc_governor,cc_governor,96227,2867909,1052625,4297243,956407,9825,113451,661242,376627,1128917,263180,260908,adios,0,adios,0,adios,0,37.2,37.7,,32.0,41.9,34.5,100,4427000,3000,32.0,,,14.77,90256,,1,2000
1790411912,2026-09-26T08:38:33Z,203401,1790208587,6.1.187-android14-11-SAGA,49646d1b0cd1,cc_governor,cc_governor,96282,2871726,1054547,4303460,958265,9835,113459,661522,377514,1130111,264055,261299,adios,0,adios,0,adios,0,36.8,37.8,,32.0,41.1,34.4,100,4427000,0,32.0,,,14.66,82028,,1,2000
1790411948,2026-09-26T08:39:08Z,203436,1790208587,6.1.187-android14-11-SAGA,49646d1b0cd1,cc_governor,cc_governor,96298,2875586,1055537,4308752,959239,9846,113459,662504,377595,1131194,264136,261675,adios,0,adios,0,adios,0,37.2,37.5,,32.0,40.8,34.3,100,4427000,3000,32.0,,,14.59,85100,,1,2000
1790411983,2026-09-26T08:39:43Z,203471,1790208587,6.1.187-android14-11-SAGA,49646d1b0cd1,cc_governor,cc_governor,96324,2878918,1057470,4314397,961146,9857,113459,662730,378457,1132308,264998,262069,adios,0,adios,0,adios,0,36.9,37.9,,32.0,40.5,34.3,100,4427000,4200,32.0,,,14.46,78468,,1,2000
1790412018,2026-09-26T08:40:18Z,203507,1790208587,6.1.187-android14-11-SAGA,49646d1b0cd1,cc_governor,cc_governor,96341,2882752,1058313,4319486,961972,9870,113459,663744,378509,1133395,265050,262469,adios,0,adios,0,adios,0,36.6,37.4,,32.0,39.7,34.3,100,4427000,1800,32.0,,,14.52,86320,,1,2000
1790412054,2026-09-26T08:40:54Z,203542,1790208587,6.1.187-android14-11-SAGA,49646d1b0cd1,cc_governor,cc_governor,96356,2886660,1059101,4324586,962754,9882,113459,664767,378592,1134526,265137,262836,adios,0,adios,0,adios,0,36.8,37.5,,32.0,41.3,34.3,100,4427000,1800,32.0,,,14.59,71196,,1,2000
1790412089,2026-09-26T08:41:29Z,203577,1790208587,6.1.187-android14-11-SAGA,49646d1b0cd1,cc_governor,cc_governor,96378,2889797,1061274,4330348,964906,9897,113459,664908,379538,1135649,266081,263224,adios,0,adios,0,adios,0,36.9,37.4,,32.0,40.0,34.3,100,4427000,600,32.0,,,14.49,110764,,1,2000
1790412124,2026-09-26T08:42:04Z,203613,1790208587,6.1.187-android14-11-SAGA,49646d1b0cd1,cc_governor,cc_governor,96409,2893576,1062676,4335952,966267,9909,113487,665603,380043,1136890,266556,263616,adios,0,adios,0,adios,0,37.1,37.7,,32.0,40.1,34.3,100,4426000,5400,32.0,,,14.43,99884,,1,2000
1790412160,2026-09-26T08:42:40Z,203648,1790208587,6.1.187-android14-11-SAGA,49646d1b0cd1,cc_governor,cc_governor,96424,2898142,1063093,4341353,966669,9919,113487,666710,380061,1138030,266574,263992,adios,0,adios,0,adios,0,36.9,37.5,,32.0,40.6,34.3,100,4426000,3000,32.0,,,14.32,104132,,1,2000
1790412195,2026-09-26T08:43:15Z,203684,1790208587,6.1.187-android14-11-SAGA,49646d1b0cd1,cc_governor,cc_governor,96436,2902805,1063502,4346907,967066,9930,113487,667789,380093,1139163,266606,264374,adios,0,adios,0,adios,0,36.8,38.1,,32.0,41.2,34.3,100,4426000,0,32.0,,,14.40,102580,,1,2000
1790412231,2026-09-26T08:43:51Z,203720,1790208587,6.1.187-android14-11-SAGA,49646d1b0cd1,cc_governor,cc_governor,96484,2907456,1063959,4352432,967475,9945,113487,668937,380114,1140351,266627,264774,adios,0,adios,0,adios,0,36.8,38.8,,32.0,39.6,34.3,100,4427000,1800,32.0,,,14.36,115112,,1,2000
1790412267,2026-09-26T08:44:27Z,203755,1790208587,6.1.187-android14-11-SAGA,49646d1b0cd1,cc_governor,cc_governor,96491,2911907,1064354,4357688,967863,9951,113487,669979,380141,1141448,266654,265175,adios,0,adios,0,adios,0,37.0,39.1,,32.0,41.1,34.3,100,4426000,5400,32.0,,,14.57,108232,,1,2000
1790412302,2026-09-26T08:45:02Z,203790,1790208587,6.1.187-android14-11-SAGA,49646d1b0cd1,cc_governor,cc_governor,96507,2916083,1065048,4362944,968554,9966,113487,670872,380351,1142567,266868,265566,adios,0,adios,0,adios,0,36.8,37.5,,32.0,40.7,34.3,100,4427000,600,32.0,,,14.63,103168,,1,2000
1790412337,2026-09-26T08:45:37Z,203825,1790208587,6.1.187-android14-11-SAGA,49646d1b0cd1,cc_governor,cc_governor,96526,2919243,1067103,4368552,970589,9979,113487,671065,381264,1143694,267780,265943,adios,0,adios,0,adios,0,37.0,37.5,,32.0,40.0,34.3,100,4427000,600,32.0,,,14.81,92176,,1,2000
1790412373,2026-09-26T08:46:13Z,203861,1790208587,6.1.187-android14-11-SAGA,49646d1b0cd1,cc_governor,cc_governor,96533,2923480,1067593,4373683,971060,9990,113488,672096,381322,1144810,267834,266329,adios,0,adios,0,adios,0,36.7,37.7,,32.0,40.5,34.3,100,4427000,3000,32.0,,,14.74,101056,,1,2000
1790412408,2026-09-26T08:46:48Z,203896,1790208587,6.1.187-android14-11-SAGA,49646d1b0cd1,cc_governor,cc_governor,96668,2928483,1068083,4379592,971414,10006,113580,673255,381436,1146108,267856,266699,adios,0,adios,0,adios,0,37.0,37.4,,32.0,40.2,34.3,100,4427000,3000,32.0,,,14.57,107920,,1,2000
1790412443,2026-09-26T08:47:23Z,203931,1790208587,6.1.187-android14-11-SAGA,49646d1b0cd1,cc_governor,cc_governor,96689,2931659,1069967,4385095,973278,10021,113580,673561,382192,1147194,268612,267085,adios,0,adios,0,adios,0,36.7,37.1,,32.0,40.3,34.3,100,4426000,600,32.0,,,14.47,112792,,1,2000
1790412479,2026-09-26T08:47:59Z,203967,1790208587,6.1.187-android14-11-SAGA,49646d1b0cd1,cc_governor,cc_governor,96700,2935988,1070380,4390238,973680,10033,113580,674639,382214,1148325,268634,267469,adios,0,adios,0,adios,0,36.7,38.9,,32.0,40.2,34.3,100,4427000,4200,32.0,,,14.44,110336,,1,2000
1790412514,2026-09-26T08:48:34Z,204002,1790208587,6.1.187-android14-11-SAGA,49646d1b0cd1,cc_governor,cc_governor,96709,2940421,1070855,4395525,974146,10045,113580,675708,382244,1149442,268664,267846,adios,0,adios,0,adios,0,37.2,37.3,,32.0,41.6,34.3,100,4426000,600,32.0,,,14.41,101132,,1,2000
1790412550,2026-09-26T08:49:10Z,204038,1790208587,6.1.187-android14-11-SAGA,49646d1b0cd1,cc_governor,cc_governor,96760,2944173,1072378,4401173,975629,10055,113580,676365,382767,1150638,269193,268244,adios,0,adios,0,adios,0,36.8,37.5,,32.0,40.8,34.3,100,4426000,5400,32.0,,,14.47,108200,,1,2000
1790412585,2026-09-26T08:49:45Z,204073,1790208587,6.1.187-android14-11-SAGA,49646d1b0cd1,cc_governor,cc_governor,96784,2944976,1076179,4406197,979395,10075,113580,676422,383739,1151696,270159,268626,adios,0,adios,0,adios,0,37.2,38.9,,32.0,39.9,34.3,100,4426000,4200,32.0,,,14.42,96352,,1,2000
1790412620,2026-09-26T08:50:20Z,204109,1790208587,6.1.187-android14-11-SAGA,49646d1b0cd1,cc_governor,cc_governor,96798,2950024,1076249,4411697,979461,10091,113580,677540,383767,1152867,270196,269021,adios,0,adios,0,adios,0,37.0,37.2,,32.0,40.5,34.3,100,4426000,4200,32.0,,,14.62,101248,,1,2000
1790412656,2026-09-26T08:50:56Z,204144,1790208587,6.1.187-android14-11-SAGA,49646d1b0cd1,cc_governor,cc_governor,96830,2951384,1079683,4416866,982867,10098,113580,677810,384579,1153969,271002,269398,adios,0,adios,0,adios,0,37.1,38.0,,32.0,42.6,34.3,100,4426000,1800,32.0,,,14.76,110520,,1,2000
1790412691,2026-09-26T08:51:31Z,204179,1790208587,6.1.187-android14-11-SAGA,49646d1b0cd1,cc_governor,cc_governor,96882,2951384,1084254,4421834,987382,10106,113580,677810,385663,1155086,272087,269775,adios,0,adios,0,adios,0,37.1,37.6,,32.0,40.2,34.3,100,4427000,0,32.0,,,14.84,102292,,1,2000
1790412726,2026-09-26T08:52:06Z,204214,1790208587,6.1.187-android14-11-SAGA,49646d1b0cd1,cc_governor,cc_governor,96905,2955045,1085984,4427619,989079,10118,113580,678064,386556,1156261,272976,270166,adios,0,adios,0,adios,0,37.0,37.4,,32.0,40.7,34.2,100,4426000,3000,32.0,,,15.03,89604,,1,2000
1790412761,2026-09-26T08:52:41Z,204250,1790208587,6.1.187-android14-11-SAGA,49646d1b0cd1,cc_governor,cc_governor,96929,2957838,1087664,4432463,990746,10133,113580,679046,386684,1157388,273108,270540,adios,0,adios,0,adios,0,36.8,37.6,,32.0,40.8,34.3,100,4426000,4200,32.0,,,14.81,84544,,1,2000
1790412797,2026-09-26T08:53:17Z,204285,1790208587,6.1.187-android14-11-SAGA,49646d1b0cd1,cc_governor,cc_governor,96944,2960015,1090461,4437818,993517,10146,113580,679169,387653,1158501,274073,270925,adios,0,adios,0,adios,0,37.7,37.7,,32.0,40.6,34.3,100,4427000,-600,32.0,,,14.53,104284,,1,2000
1790412832,2026-09-26T08:53:52Z,204320,1790208587,6.1.187-android14-11-SAGA,49646d1b0cd1,cc_governor,cc_governor,96966,2962298,1092423,4442437,995468,10158,113580,680099,387778,1159588,274203,271302,adios,0,adios,0,adios,0,37.2,37.4,,32.0,40.0,34.3,100,4426000,1800,32.0,,,14.43,105796,,1,2000
1790412868,2026-09-26T08:54:28Z,204356,1790208587,6.1.187-android14-11-SAGA,49646d1b0cd1,cc_governor,cc_governor,96997,2964973,1095164,4448300,998167,10170,113580,680256,388750,1160753,275170,271684,adios,0,adios,0,adios,0,36.9,37.2,,32.0,41.2,34.3,100,4426000,3000,32.0,,,14.54,96840,,1,2000
1790412903,2026-09-26T08:55:03Z,204391,1790208587,6.1.187-android14-11-SAGA,49646d1b0cd1,cc_governor,cc_governor,97012,2968527,1096228,4453322,999224,10184,113580,681280,388829,1161868,275253,272071,adios,0,adios,0,adios,0,37.4,37.1,,32.0,40.5,34.3,100,4426000,600,32.0,,,14.46,90256,,1,2000
1790412938,2026-09-26T08:55:38Z,204427,1790208587,6.1.187-android14-11-SAGA,49646d1b0cd1,cc_governor,cc_governor,97045,2970474,1099193,4458635,1002148,10201,113580,681392,389800,1162982,276220,272449,adios,0,adios,0,adios,0,36.7,37.0,,32.0,40.8,34.2,100,4426000,5400,32.0,,,14.51,80040,,1,2000
1790412974,2026-09-26T08:56:14Z,204462,1790208587,6.1.187-android14-11-SAGA,49646d1b0cd1,cc_governor,cc_governor,97063,2974593,1100295,4464316,1003241,10215,113580,682094,390176,1164090,276599,272846,adios,0,adios,0,adios,0,37.0,38.3,,32.0,41.0,34.3,100,4425000,4200,32.0,,,14.42,99272,,1,2000
1790413009,2026-09-26T08:56:49Z,204497,1790208587,6.1.187-android14-11-SAGA,49646d1b0cd1,cc_governor,cc_governor,97092,2977699,1102376,4469931,1005298,10228,113593,682429,391009,1165286,277419,273225,adios,0,adios,0,adios,0,36.9,37.4,,32.0,40.6,34.3,100,4426000,4200,32.0,,,14.58,81032,,1,2000
1790413044,2026-09-26T08:57:24Z,204532,1790208587,6.1.187-android14-11-SAGA,49646d1b0cd1,cc_governor,cc_governor,97113,2978974,1105805,4475021,1008701,10242,113594,682494,392030,1166392,278438,273606,adios,0,adios,0,adios,0,36.7,37.6,,32.0,40.8,34.2,100,4426000,0,32.0,,,14.70,87232,,1,2000
1790413079,2026-09-26T08:57:59Z,204568,1790208587,6.1.187-android14-11-SAGA,49646d1b0cd1,cc_governor,cc_governor,97141,2980082,1109310,4480025,1012169,10253,113594,682574,393003,1167468,279409,273996,adios,0,adios,0,adios,0,36.9,37.2,,32.0,41.2,34.2,100,4425000,5400,32.0,,,14.47,75064,,1,2000
1790413115,2026-09-26T08:58:35Z,204603,1790208587,6.1.187-android14-11-SAGA,49646d1b0cd1,cc_governor,cc_governor,97164,2983465,1110636,4485106,1013489,10263,113594,683577,393093,1168580,279502,274388,adios,0,adios,0,adios,0,36.8,39.0,,32.0,40.2,34.2,100,4426000,3000,32.0,,,14.42,101476,,1,2000
1790413150,2026-09-26T08:59:10Z,204638,1790208587,6.1.187-android14-11-SAGA,49646d1b0cd1,cc_governor,cc_governor,97185,2987034,1112187,4490676,1015010,10276,113594,683996,393771,1169704,280181,274780,adios,0,adios,0,adios,0,37.1,39.0,,32.0,40.2,34.2,100,4426000,0,32.0,,,14.46,94796,,1,2000
1790413186,2026-09-26T08:59:46Z,204674,1790208587,6.1.187-android14-11-SAGA,49646d1b0cd1,cc_governor,cc_governor,97197,2991245,1113139,4496328,1015942,10294,113594,684777,394075,1170818,280481,275166,adios,0,adios,0,adios,0,36.7,38.1,,32.0,40.3,34.2,100,4425000,600,32.0,,,14.46,86920,,1,2000
1790413221,2026-09-26T09:00:21Z,204709,1790208587,6.1.187-android14-11-SAGA,49646d1b0cd1,cc_governor,cc_governor,97339,2996420,1113452,4502206,1016113,10304,113730,685964,394221,1172185,280491,275554,adios,0,adios,0,adios,0,37.0,37.5,,32.0,40.3,34.2,100,4426000,1800,32.0,,,14.42,100148,,1,2000
1790413256,2026-09-26T09:00:56Z,204745,1790208587,6.1.187-android14-11-SAGA,49646d1b0cd1,cc_governor,cc_governor,97342,3000169,1114428,4507403,1017099,10322,113730,686996,394307,1173324,280580,275930,adios,0,adios,0,adios,0,37.1,37.4,,32.0,40.2,34.2,100,4426000,6700,32.0,,,14.38,85568,,1,2000
1790413292,2026-09-26T09:01:32Z,204780,1790208587,6.1.187-android14-11-SAGA,49646d1b0cd1,cc_governor,cc_governor,97378,3001625,1117742,4512598,1020364,10334,113730,687086,395281,1174424,281551,276298,adios,0,adios,0,adios,0,36.9,37.3,,32.0,39.7,34.2,100,4426000,600,32.0,,,14.37,81644,,1,2000
1790413327,2026-09-26T09:02:07Z,204816,1790208587,6.1.187-android14-11-SAGA,49646d1b0cd1,cc_governor,cc_governor,97445,3006121,1118178,4517943,1020733,10351,113734,688204,395313,1175606,281579,276679,adios,0,adios,0,adios,0,36.6,38.1,,32.0,40.1,34.2,100,4426000,5400,32.0,,,14.38,96908,,1,2000
1790413363,2026-09-26T09:02:43Z,204851,1790208587,6.1.187-android14-11-SAGA,49646d1b0cd1,cc_governor,cc_governor,97494,3010361,1119304,4523815,1021810,10367,113734,689253,395398,1176834,281664,277048,adios,0,adios,0,adios,0,36.7,37.7,,32.0,39.9,34.2,100,4425000,1800,32.0,,,14.49,185268,,1,2000
1790413398,2026-09-26T09:03:18Z,204886,1790208587,6.1.187-android14-11-SAGA,49646d1b0cd1,cc_governor,cc_governor,97512,3014633,1119883,4529072,1022371,10379,113734,690321,395427,1177956,281693,277431,adios,0,adios,0,adios,0,36.9,37.9,,32.0,40.8,34.2,100,4425000,4200,32.0,,,14.48,179896,,1,2000
1790413433,2026-09-26T09:03:53Z,204922,1790208587,6.1.187-android14-11-SAGA,49646d1b0cd1,cc_governor,cc_governor,97546,3018819,1120591,4534360,1023051,10392,113734,691221,395614,1179063,281885,277813,adios,0,adios,0,adios,0,36.4,37.2,,32.0,40.8,34.2,100,4426000,1800,32.0,,,14.40,187144,,1,2000
1790413468,2026-09-26T09:04:28Z,204957,1790208587,6.1.187-android14-11-SAGA,49646d1b0cd1,cc_governor,cc_governor,97572,3021533,1122996,4539911,1025434,10406,113734,691383,396564,1180200,282835,278195,adios,0,adios,0,adios,0,36.9,37.5,,32.0,41.4,34.1,100,4425000,3000,32.0,,,14.62,183628,,1,2000
1790413504,2026-09-26T09:05:04Z,204993,1790208587,6.1.187-android14-11-SAGA,49646d1b0cd1,cc_governor,cc_governor,97606,3025208,1124152,4545181,1026546,10421,113734,692387,396663,1181326,282929,278578,adios,0,adios,0,adios,0,36.6,38.5,,32.0,40.1,34.1,100,4425000,4200,32.0,,,14.78,174052,,1,2000
1790413540,2026-09-26T09:05:40Z,205028,1790208587,6.1.187-android14-11-SAGA,49646d1b0cd1,cc_governor,cc_governor,97612,3029523,1124610,4550395,1026998,10429,113734,693434,396690,1182431,282956,278953,adios,0,adios,0,adios,0,36.5,37.6,,32.0,41.0,34.1,100,4426000,600,32.0,,,14.59,183696,,1,2000
1790413575,2026-09-26T09:06:15Z,205064,1790208587,6.1.187-android14-11-SAGA,49646d1b0cd1,cc_governor,cc_governor,97630,3033844,1125217,4555729,1027587,10441,113734,694493,396735,1183561,283001,279327,adios,0,adios,0,adios,0,36.7,37.2,,32.0,39.3,34.1,100,4425000,3000,32.0,,,14.49,180420,,1,2000
1790413611,2026-09-26T09:06:51Z,205099,1790208587,6.1.187-android14-11-SAGA,49646d1b0cd1,cc_governor,cc_governor,97654,3038605,1125677,4561327,1028023,10446,113734,695652,396759,1184774,283025,279721,adios,0,adios,0,adios,0,36.5,39.1,,32.0,40.1,34.1,100,4426000,1800,32.0,,,14.57,168744,,1,2000
1790413646,2026-09-26T09:07:26Z,205134,1790208587,6.1.187-android14-11-SAGA,49646d1b0cd1,cc_governor,cc_governor,97669,3042959,1126132,4566552,1028463,10462,113734,696736,396790,1185916,283056,280076,adios,0,adios,0,adios,0,37.2,37.1,,32.0,40.3,34.1,100,4426000,0,32.0,,,14.52,178656,,1,2000
1790413681,2026-09-26T09:08:01Z,205170,1790208587,6.1.187-android14-11-SAGA,49646d1b0cd1,cc_governor,cc_governor,97703,3045575,1128291,4571726,1030601,10470,113734,697201,397421,1187034,283692,280459,adios,0,adios,0,adios,0,36.8,37.4,,32.0,39.7,34.1,100,4425000,3000,32.0,,,14.67,170068,,1,2000
1790413717,2026-09-26T09:08:37Z,205205,1790208587,6.1.187-android14-11-SAGA,49646d1b0cd1,cc_governor,cc_governor,97733,3049218,1129689,4577151,1031956,10485,113734,697782,397917,1188129,284183,280850,adios,0,adios,0,adios,0,36.7,37.9,,32.0,40.4,34.1,100,4426000,-600,32.0,,,14.45,176684,,1,2000
1790413752,2026-09-26T09:09:12Z,205240,1790208587,6.1.187-android14-11-SAGA,49646d1b0cd1,cc_governor,cc_governor,97739,3053610,1130075,4582384,1032336,10497,113734,698851,397940,1189244,284206,281227,adios,0,adios,0,adios,0,36.4,37.1,,32.0,40.2,34.1,100,4426000,0,32.0,,,14.38,173160,,1,2000
1790413787,2026-09-26T09:09:47Z,205276,1790208587,6.1.187-android14-11-SAGA,49646d1b0cd1,cc_governor,cc_governor,97767,3058138,1130523,4587771,1032756,10515,113734,699924,397969,1190367,284235,281604,adios,0,adios,0,adios,0,36.8,36.9,,32.0,40.2,34.1,100,4426000,1800,32.0,,,14.37,164928,,1,2000
1790413823,2026-09-26T09:10:23Z,205312,1790208587,6.1.187-android14-11-SAGA,49646d1b0cd1,cc_governor,cc_governor,98373,3062788,1132536,4594909,1034174,10529,114370,701439,398687,1192671,284322,282013,adios,0,adios,0,adios,0,37.3,37.8,,32.0,44.5,34.4,100,4426000,600,32.0,,,14.47,144040,,1,2000
1790413859,2026-09-26T09:10:59Z,205347,1790208587,6.1.187-android14-11-SAGA,49646d1b0cd1,cc_governor,cc_governor,98383,3066068,1134281,4600349,1035898,10546,114370,701810,399421,1193804,285051,282387,adios,0,adios,0,adios,0,36.5,39.1,,32.0,39.6,34.2,100,4426000,600,32.0,,,14.50,147404,,1,2000
1790413894,2026-09-26T09:11:34Z,205382,1790208587,6.1.187-android14-11-SAGA,49646d1b0cd1,cc_governor,cc_governor,98406,3070444,1134919,4605758,1036524,10555,114370,702763,399582,1194943,285216,282789,adios,0,adios,0,adios,0,36.8,38.6,,32.0,40.4,34.2,100,4426000,600,32.0,,,14.36,139996,,1,2000
1790413929,2026-09-26T09:12:09Z,205418,1790208587,6.1.187-android14-11-SAGA,49646d1b0cd1,cc_governor,cc_governor,98428,3073617,1136985,4611448,1038573,10565,114400,702957,400563,1196141,286167,283175,adios,0,adios,0,adios,0,36.6,37.2,,32.0,39.5,34.1,100,4426000,4200,32.0,,,14.39,141544,,1,2000
1790413965,2026-09-26T09:12:45Z,205453,1790208587,6.1.187-android14-11-SAGA,49646d1b0cd1,cc_governor,cc_governor,98435,3077368,1137948,4616587,1039527,10576,114400,703919,400714,1197272,286320,283560,adios,0,adios,0,adios,0,36.9,37.1,,32.0,39.9,34.1,100,4426000,600,32.0,,,14.47,143552,,1,2000
1790414000,2026-09-26T09:13:20Z,205488,1790208587,6.1.187-android14-11-SAGA,49646d1b0cd1,cc_governor,cc_governor,98460,3079087,1140943,4621721,1042483,10591,114401,704022,401669,1198356,287268,283934,adios,0,adios,0,adios,0,37.0,38.1,,32.0,40.7,34.1,100,4425000,4200,32.0,,,14.42,136016,,1,2000
1790414035,2026-09-26T09:13:55Z,205524,1790208587,6.1.187-android14-11-SAGA,49646d1b0cd1,cc_governor,cc_governor,98472,3083659,1141245,4626947,1042786,10598,114401,705055,401713,1199454,287315,284323,adios,0,adios,0,adios,0,36.9,37.4,,32.0,40.5,34.1,100,4425000,5400,32.0,,,14.51,137096,,1,2000
1790414070,2026-09-26T09:14:30Z,205559,1790208587,6.1.187-android14-11-SAGA,49646d1b0cd1,cc_governor,cc_governor,98502,3085799,1144284,4632566,1045782,10606,114401,705180,402682,1200563,288281,284708,adios,0,adios,0,adios,0,36.7,37.3,,32.0,40.0,34.1,100,4426000,1800,32.0,,,14.52,132004,,1,2000
1790414106,2026-09-26T09:15:06Z,205594,1790208587,6.1.187-android14-11-SAGA,49646d1b0cd1,cc_governor,cc_governor,98681,3089147,1146764,4638874,1048083,10616,114435,706062,403149,1202011,288714,285102,adios,0,adios,0,adios,0,37.4,37.3,,32.0,41.2,34.2,100,4425000,4200,32.0,,,14.37,112876,,1,2000
1790414142,2026-09-26T09:15:42Z,205630,1790208587,6.1.187-android14-11-SAGA,49646d1b0cd1,cc_governor,cc_governor,98693,3093333,1147520,4644221,1048827,10626,114435,707167,403196,1203184,288761,285494,adios,0,adios,0,adios,0,36.6,37.9,,32.0,42.5,34.1,100,4425000,1800,32.0,,,14.44,118492,,1,2000
1790414177,2026-09-26T09:16:17Z,205665,1790208587,6.1.187-android14-11-SAGA,49646d1b0cd1,cc_governor,cc_governor,98715,3097680,1147977,4649475,1049262,10639,114435,708243,403227,1204307,288792,285865,adios,0,adios,0,adios,0,36.4,39.0,,32.0,40.6,34.1,100,4426000,600,32.0,,,14.39,112192,,1,2000
1790414212,2026-09-26T09:16:52Z,205701,1790208587,6.1.187-android14-11-SAGA,49646d1b0cd1,cc_governor,cc_governor,98744,3101484,1149051,4654749,1050315,10647,114435,709306,403304,1205467,288874,286242,adios,0,adios,0,adios,0,36.9,37.2,,32.0,40.5,34.2,100,4425000,1800,32.0,,,14.44,111836,,1,2000
1790414248,2026-09-26T09:17:28Z,205736,1790208587,6.1.187-android14-11-SAGA,49646d1b0cd1,cc_governor,cc_governor,98770,3101549,1153369,4659491,1054599,10662,114435,709329,404319,1206528,289884,286624,adios,0,adios,0,adios,0,37.0,37.3,,32.0,40.5,34.1,100,4426000,3000,32.0,,,14.63,111628,,1,2000
1790414283,2026-09-26T09:18:03Z,205771,1790208587,6.1.187-android14-11-SAGA,49646d1b0cd1,cc_governor,cc_governor,98794,3105297,1154839,4665092,1056044,10671,114435,710383,404401,1207699,289966,287031,adios,0,adios,0,adios,0,36.7,37.3,,32.0,40.2,34.1,100,4425000,3000,32.0,,,14.64,110428,,1,2000
1790414318,2026-09-26T09:18:38Z,205807,1790208587,6.1.187-android14-11-SAGA,49646d1b0cd1,cc_governor,cc_governor,98803,3109097,1155635,4670051,1056845,10683,114435,711414,404474,1208823,290042,287433,adios,0,adios,0,adios,0,36.8,37.2,,32.0,40.0,34.2,100,4426000,5400,32.0,,,14.66,113860,,1,2000
1790414354,2026-09-26T09:19:14Z,205842,1790208587,6.1.187-android14-11-SAGA,49646d1b0cd1,cc_governor,cc_governor,98848,3111255,1158532,4675539,1059684,10698,114435,711527,405425,1209910,290990,287810,adios,0,adios,0,adios,0,36.6,37.6,,32.0,40.2,34.1,100,4425000,4200,32.0,,,14.59,101372,,1,2000
1790414389,2026-09-26T09:19:49Z,205877,1790208587,6.1.187-android14-11-SAGA,49646d1b0cd1,cc_governor,cc_governor,98863,3115818,1158805,4680772,1059942,10707,114435,712601,405443,1211021,291008,288200,adios,0,adios,0,adios,0,37.0,37.4,,32.0,40.4,34.1,100,4426000,5400,32.0,,,14.83,106012,,1,2000
1790414424,2026-09-26T09:20:24Z,205913,1790208587,6.1.187-android14-11-SAGA,49646d1b0cd1,cc_governor,cc_governor,98892,3119698,1159838,4686071,1060958,10723,114435,713628,405526,1212147,291095,288589,adios,0,adios,0,adios,0,36.7,37.5,,32.0,40.5,34.2,100,4425000,4200,32.0,,,14.84,102404,,1,2000
1790414460,2026-09-26T09:21:00Z,205949,1790208587,6.1.187-android14-11-SAGA,49646d1b0cd1,cc_governor,cc_governor,99036,3123526,1161866,4692359,1062830,10737,114488,714489,405960,1213479,291472,288971,adios,0,adios,0,adios,0,36.9,39.2,,32.0,40.2,34.2,100,4425000,-600,32.0,,,14.63,116248,,1,2000
1790414496,2026-09-26T09:21:36Z,205984,1790208587,6.1.187-android14-11-SAGA,49646d1b0cd1,cc_governor,cc_governor,99054,3127948,1162568,4697915,1063514,10753,114488,715559,406020,1214640,291532,289353,adios,0,adios,0,adios,0,36.8,38.3,,32.0,40.1,34.2,100,4425000,0,32.0,,,14.65,88352,,1,2000
1790414531,2026-09-26T09:22:11Z,206019,1790208587,6.1.187-android14-11-SAGA,49646d1b0cd1,cc_governor,cc_governor,99178,3131717,1164041,4703553,1064863,10768,114587,716445,406435,1215981,291848,289714,adios,0,adios,0,adios,0,36.9,37.2,,32.0,41.3,34.1,100,4425000,600,32.0,,,14.58,115892,,1,2000
1790414567,2026-09-26T09:22:47Z,206055,1790208587,6.1.187-android14-11-SAGA,49646d1b0cd1,cc_governor,cc_governor,99189,3136175,1164475,4708876,1065286,10782,114587,717513,406460,1217101,291873,290100,adios,0,adios,0,adios,0,36.8,37.6,,32.0,40.5,34.1,100,4425000,0,32.0,,,14.64,110252,,1,2000
1790414602,2026-09-26T09:23:22Z,206090,1790208587,6.1.187-android14-11-SAGA,49646d1b0cd1,cc_governor,cc_governor,100026,3137716,1168163,4714469,1068150,10788,114630,718121,407056,1218322,292430,290482,adios,0,adios,0,adios,0,36.9,37.2,,32.0,41.3,34.1,100,4425000,3000,32.0,,,14.51,110664,,1,2000
1790414637,2026-09-26T09:23:57Z,206125,1790208587,6.1.187-android14-11-SAGA,49646d1b0cd1,cc_governor,cc_governor,100056,3140113,1170647,4719772,1070591,10799,114630,718271,407988,1219429,293358,290868,adios,0,adios,0,adios,0,36.5,37.1,,32.0,40.2,34.1,100,4425000,4200,32.0,,,14.52,101520,,1,2000
1790414672,2026-09-26T09:24:32Z,206161,1790208587,6.1.187-android14-11-SAGA,49646d1b0cd1,cc_governor,cc_governor,100075,3143657,1171811,4724882,1071745,10810,114630,719153,408224,1220565,293596,291251,adios,0,adios,0,adios,0,36.6,39.2,,32.0,40.4,34.1,100,4425000,3000,32.0,,,14.96,94108,,1,2000
1790414708,2026-09-26T09:25:08Z,206196,1790208587,6.1.187-android14-11-SAGA,49646d1b0cd1,cc_governor,cc_governor,100094,3146245,1174198,4730276,1074112,10830,114630,719317,409146,1221676,294521,291626,adios,0,adios,0,adios,0,36.6,36.9,,32.0,40.5,34.1,100,4426000,1800,32.0,,,14.70,120520,,1,2000
1790414743,2026-09-26T09:25:43Z,206231,1790208587,6.1.187-android14-11-SAGA,49646d1b0cd1,cc_governor,cc_governor,100113,3150719,1174669,4735650,1074556,10839,114630,720369,409190,1222801,294560,292020,adios,0,adios,0,adios,0,36.4,37.3,,32.0,39.7,34.1,100,4425000,7900,32.0,,,14.73,128368,,1,2000
1790414779,2026-09-26T09:26:19Z,206267,1790208587,6.1.187-android14-11-SAGA,49646d1b0cd1,cc_governor,cc_governor,100181,3155546,1175160,4741422,1074979,10851,114630,721471,409217,1223952,294587,292411,adios,0,adios,0,adios,0,36.8,37.9,,32.0,40.3,34.1,100,4425000,1800,32.0,,,14.57,127408,,1,2000
1790414814,2026-09-26T09:26:54Z,206303,1790208587,6.1.187-android14-11-SAGA,49646d1b0cd1,cc_governor,cc_governor,100198,3160100,1175598,4746797,1075400,10862,114630,722589,409235,1225117,294605,292797,adios,0,adios,0,adios,0,36.9,37.5,,32.0,40.1,34.1,100,4425000,5400,32.0,,,14.37,111380,,1,2000
1790414850,2026-09-26T09:27:30Z,206338,1790208587,6.1.187-android14-11-SAGA,49646d1b0cd1,cc_governor,cc_governor,100219,3164770,1175884,4752224,1075665,10869,114630,723667,409246,1226232,294616,293185,adios,0,adios,0,adios,0,36.5,37.1,,32.0,40.1,34.1,100,4426000,600,32.0,,,14.52,103732,,1,2000
1790414885,2026-09-26T09:28:05Z,206374,1790208587,6.1.187-android14-11-SAGA,49646d1b0cd1,cc_governor,cc_governor,100230,3169103,1176288,4757362,1076058,10882,114630,724725,409273,1227336,294643,293561,adios,0,adios,0,adios,0,36.8,38.5,,32.0,39.6,34.1,100,4425000,600,32.0,,,14.58,127964,,1,2000
1790414920,2026-09-26T09:28:40Z,206409,1790208587,6.1.187-android14-11-SAGA,49646d1b0cd1,cc_governor,cc_governor,100246,3172681,1177768,4762893,1077530,10889,114631,725193,409880,1228439,295253,293952,adios,0,adios,0,adios,0,36.7,37.3,,32.0,40.2,34.1,100,4426000,-600,32.0,,,14.56,119612,,1,2000
1790414956,2026-09-26T09:29:16Z,206444,1790208587,6.1.187-android14-11-SAGA,49646d1b0cd1,cc_governor,cc_governor,100263,3176329,1179114,4768349,1078851,10897,114633,725830,410337,1229556,295704,294329,adios,0,adios,0,adios,0,36.9,37.3,,32.0,40.6,34.1,100,4426000,600,32.0,,,14.68,116616,,1,2000
1790414991,2026-09-26T09:29:51Z,206480,1790208587,6.1.187-android14-11-SAGA,49646d1b0cd1,cc_governor,cc_governor,100276,3180847,1179532,4773700,1079256,10914,114633,726893,410367,1230666,295734,294685,adios,0,adios,0,adios,0,36.9,37.6,,32.0,39.7,34.1,100,4425000,4200,32.0,,,14.65,104628,,1,2000
1790415027,2026-09-26T09:30:27Z,206515,1790208587,6.1.187-android14-11-SAGA,49646d1b0cd1,cc_governor,cc_governor,100295,3184375,1180721,4778792,1080426,10927,114633,727935,410417,1231775,295784,295070,adios,0,adios,0,adios,0,37.1,38.7,,32.0,41.8,34.1,100,4425000,1800,32.0,,,14.62,101792,,1,2000
1790415062,2026-09-26T09:31:02Z,206550,1790208587,6.1.187-android14-11-SAGA,49646d1b0cd1,cc_governor,cc_governor,100318,3188663,1181244,4784016,1080926,10938,114633,728971,410451,1232902,295818,295457,adios,0,adios,0,adios,0,36.5,38.8,,32.0,40.2,34.1,100,4425000,1800,32.0,,,14.69,119568,,1,2000
1790415098,2026-09-26T09:31:38Z,206586,1790208587,6.1.187-android14-11-SAGA,49646d1b0cd1,cc_governor,cc_governor,100352,3193515,1181860,4789930,1081508,10951,114634,730088,410488,1234073,295854,295847,adios,0,adios,0,adios,0,36.4,38.4,,32.0,40.8,34.1,100,4425000,3000,32.0,,,14.54,108888,,1,2000
1790415133,2026-09-26T09:32:13Z,206622,1790208587,6.1.187-android14-11-SAGA,49646d1b0cd1,cc_governor,cc_governor,100432,3197873,1182464,4795289,1082032,10961,114651,731225,410536,1235275,295885,296220,adios,0,adios,0,adios,0,36.5,37.4,,32.0,40.3,34.1,100,4425000,4200,32.0,,,14.62,103776,,1,2000
1790415169,2026-09-26T09:32:49Z,206657,1790208587,6.1.187-android14-11-SAGA,49646d1b0cd1,cc_governor,cc_governor,100446,3202056,1183156,4800563,1082710,10971,114651,732246,410614,1236396,295963,296581,adios,0,adios,0,adios,0,36.6,37.2,,32.0,40.6,34.1,100,4425000,3000,32.0,,,14.51,118428,,1,2000
1790415204,2026-09-26T09:33:24Z,206692,1790208587,6.1.187-android14-11-SAGA,49646d1b0cd1,cc_governor,cc_governor,100467,3205215,1185218,4806245,1084762,10988,114651,732411,411521,1237487,296876,296949,adios,0,adios,0,adios,0,36.8,38.6,,32.0,40.2,34.1,100,4425000,600,32.0,,,14.36,107048,,1,2000
1790415239,2026-09-26T09:33:59Z,206727,1790208587,6.1.187-android14-11-SAGA,49646d1b0cd1,cc_governor,cc_governor,100487,3209508,1186171,4812014,1085684,11003,114652,733328,411688,1238648,297036,297307,adios,0,adios,0,adios,0,36.6,38.7,,32.0,40.1,34.1,100,4425000,600,32.0,,,14.67,79084,,1,2000
1790415274,2026-09-26T09:34:34Z,206763,1790208587,6.1.187-android14-11-SAGA,49646d1b0cd1,cc_governor,cc_governor,100495,3214088,1186561,4817390,1086063,11016,114652,734385,411710,1239747,297058,297682,adios,0,adios,0,adios,0,36.6,37.1,,32.0,41.2,34.1,100,4425000,5400,32.0,,,14.84,115012,,1,2000
1790415310,2026-09-26T09:35:10Z,206798,1790208587,6.1.187-android14-11-SAGA,49646d1b0cd1,cc_governor,cc_governor,100510,3218090,1187295,4822571,1086785,11028,114652,735457,411756,1240916,297104,298081,adios,0,adios,0,adios,0,36.6,36.9,,32.0,41.5,34.1,100,4425000,1800,32.0,,,14.52,123124,,1,2000
1790415345,2026-09-26T09:35:45Z,206834,1790208587,6.1.187-android14-11-SAGA,49646d1b0cd1,cc_governor,cc_governor,100525,3221441,1188470,4827476,1087945,11040,114652,736468,411823,1242019,297171,298467,adios,0,adios,0,adios,0,36.8,37.1,,32.0,39.9,34.1,100,4425000,1800,32.0,,,14.50,122220,,1,2000
1790415381,2026-09-26T09:36:21Z,206869,1790208587,6.1.187-android14-11-SAGA,49646d1b0cd1,cc_governor,cc_governor,100545,3226585,1188490,4833060,1087945,11050,114652,737556,411823,1243131,297171,298847,adios,0,adios,0,adios,0,36.9,37.6,,32.0,41.2,34.1,100,4425000,600,32.0,,,14.44,115276,,1,2000
1790415416,2026-09-26T09:36:56Z,206905,1790208587,6.1.187-android14-11-SAGA,49646d1b0cd1,cc_governor,cc_governor,100584,3229783,1190377,4838580,1089810,11064,114662,738249,412338,1244357,297681,299224,adios,0,adios,0,adios,0,37.0,39.3,,32.0,40.8,34.1,100,4425000,1800,32.0,,,14.54,100540,,1,2000
1790415452,2026-09-26T09:37:32Z,206940,1790208587,6.1.187-android14-11-SAGA,49646d1b0cd1,cc_governor,cc_governor,100615,3232782,1192622,4844254,1092017,11074,114662,738419,413260,1245472,298603,299618,adios,0,adios,0,adios,0,36.4,37.2,,32.0,41.8,34.1,100,4425000,1800,32.0,,,14.53,114828,,1,2000
1790415487,2026-09-26T09:38:07Z,206975,1790208587,6.1.187-android14-11-SAGA,49646d1b0cd1,cc_governor,cc_governor,100675,3232782,1197016,4849019,1096353,11087,114664,738419,414353,1246581,299693,300003,adios,0,adios,0,adios,0,36.7,37.7,,32.0,39.9,34.1,100,4426000,6700,32.0,,,14.45,108088,,1,2000
1790415522,2026-09-26T09:38:42Z,207011,1790208587,6.1.187-android14-11-SAGA,49646d1b0cd1,cc_governor,cc_governor,100686,3237724,1197181,4854523,1096495,11098,114664,739485,414417,1247732,299753,300394,adios,0,adios,0,adios,0,36.8,37.6,,32.0,40.1,34.1,100,4425000,1800,32.0,,,14.46,94708,,1,2000
1790415558,2026-09-26T09:39:18Z,207046,1790208587,6.1.187-android14-11-SAGA,49646d1b0cd1,cc_governor,cc_governor,100706,3243239,1197201,4860437,1096495,11112,114664,740600,414417,1248867,299753,300777,adios,0,adios,0,adios,0,36.5,37.4,,32.0,40.2,34.1,100,4425000,600,32.0,,,14.48,87768,,1,2000
1790415593,2026-09-26T09:39:53Z,207081,1790208587,6.1.187-android14-11-SAGA,49646d1b0cd1,cc_governor,cc_governor,100724,3247677,1197598,4865670,1096874,11122,114664,741672,414442,1249989,299778,301164,adios,0,adios,0,adios,0,37.0,37.2,,32.0,39.3,34.1,100,4425000,600,32.0,,,14.57,114364,,1,2000
1790415628,2026-09-26T09:40:28Z,207117,1790208587,6.1.187-android14-11-SAGA,49646d1b0cd1,cc_governor,cc_governor,100741,3251624,1198430,4870873,1097689,11131,114664,742753,414480,1251135,299816,301551,adios,0,adios,0,adios,0,36.5,37.4,,32.0,40.3,34.1,100,4425000,600,32.0,,,14.51,109436,,1,2000
1790415664,2026-09-26T09:41:04Z,207152,1790208587,6.1.187-android14-11-SAGA,49646d1b0cd1,cc_governor,cc_governor,100753,3253759,1201071,4876051,1100329,11143,114664,743008,415297,1252224,300638,301925,adios,0,adios,0,adios,0,37.0,36.8,,32.0,40.3,34.1,100,4425000,0,32.0,,,14.87,99228,,1,2000
1790415699,2026-09-26T09:41:39Z,207187,1790208587,6.1.187-android14-11-SAGA,49646d1b0cd1,cc_governor,cc_governor,101124,3257144,1204202,4883208,1103078,11157,114691,743842,415798,1253612,301107,302318,adios,0,adios,0,adios,0,36.7,37.7,,32.0,41.4,34.2,100,4425000,3000,32.0,,,14.85,87680,,1,2000
1790415735,2026-09-26T09:42:15Z,207223,1790208587,6.1.187-android14-11-SAGA,49646d1b0cd1,cc_governor,cc_governor,101170,3260703,1206186,4889258,1105016,11176,114711,744176,416639,1254819,301928,302711,adios,0,adios,0,adios,0,37.2,38.4,,32.0,41.8,34.2,100,4425000,600,32.0,,,14.74,101176,,1,2000
1790415770,2026-09-26T09:42:50Z,207259,1790208587,6.1.187-android14-11-SAGA,49646d1b0cd1,cc_governor,cc_governor,101179,3265082,1206595,4894477,1105416,11186,114711,745217,416658,1255903,301947,303100,adios,0,adios,0,adios,0,36.6,37.0,,32.0,39.6,34.1,100,4425000,1800,32.0,,,14.54,89400,,1,2000
1790415806,2026-09-26T09:43:26Z,207294,1790208587,6.1.187-android14-11-SAGA,49646d1b0cd1,cc_governor,cc_governor,101198,3269609,1207006,4899848,1105808,11193,114711,746288,416685,1257036,301974,303478,adios,0,adios,0,adios,0,36.7,37.1,,32.0,40.2,34.2,100,4425000,-600,32.0,,,14.93,93408,,1,2000
1790415841,2026-09-26T09:44:01Z,207330,1790208587,6.1.187-android14-11-SAGA,49646d1b0cd1,cc_governor,cc_governor,101209,3274028,1207415,4905096,1106206,11200,114711,747332,416710,1258116,301999,303853,adios,0,adios,0,adios,0,36.4,38.4,,32.0,40.3,34.1,100,4425000,3000,32.0,,,14.83,102076,,1,2000
1790415877,2026-09-26T09:44:37Z,207365,1790208587,6.1.187-android14-11-SAGA,49646d1b0cd1,cc_governor,cc_governor,101226,3278043,1208484,4910581,1107268,11214,114711,748053,417072,1259213,302364,304233,adios,0,adios,0,adios,0,36.7,37.1,,32.0,40.3,34.1,100,4425000,0,32.0,,,14.68,93764,,1,2000
1790415912,2026-09-26T09:45:12Z,207400,1790208587,6.1.187-android14-11-SAGA,49646d1b0cd1,cc_governor,cc_governor,101250,3280648,1210798,4915975,1109548,11223,114711,748385,417797,1260351,303086,304620,adios,0,adios,0,adios,0,36.5,37.7,,32.0,41.1,34.1,100,4425000,1800,32.0,,,14.51,103780,,1,2000
1790415947,2026-09-26T09:45:47Z,207436,1790208587,6.1.187-android14-11-SAGA,49646d1b0cd1,cc_governor,cc_governor,101401,3285459,1211341,4921709,1109940,11239,114945,749514,418059,1261782,303114,305007,adios,0,adios,0,adios,0,36.8,37.1,,32.0,41.3,34.1,100,4425000,1800,32.0,,,14.44,130436,,1,2000
1790415983,2026-09-26T09:46:23Z,207471,1790208587,6.1.187-android14-11-SAGA,49646d1b0cd1,cc_governor,cc_governor,101406,3289835,1211737,4926876,1110331,11250,114945,750599,418081,1262917,303136,305393,adios,0,adios,0,adios,0,36.8,37.0,,32.0,40.3,34.1,100,4425000,4200,32.0,,,14.49,125428,,1,2000
1790416018,2026-09-26T09:46:58Z,207507,1790208587,6.1.187-android14-11-SAGA,49646d1b0cd1,cc_governor,cc_governor,101411,3294355,1212142,4932246,1110731,11260,114945,751674,418112,1264047,303167,305772,adios,0,adios,0,adios,0,36.9,39.0,,32.0,39.7,34.1,100,4425000,600,32.0,,,14.43,137324,,1,2000
1790416054,2026-09-26T09:47:34Z,207542,1790208587,6.1.187-android14-11-SAGA,49646d1b0cd1,cc_governor,cc_governor,101438,3298319,1213326,4937895,1111888,11277,114946,752751,418176,1265218,303230,306144,adios,0,adios,0,adios,0,36.6,38.6,,32.0,39.9,34.1,100,4425000,3000,32.0,,,14.39,116648,,1,2000
1790416089,2026-09-26T09:48:10Z,207578,1790208587,6.1.187-android14-11-SAGA,49646d1b0cd1,cc_governor,cc_governor,101459,3302633,1213830,4943154,1112371,11286,114946,753777,418235,1266328,303289,306525,adios,0,adios,0,adios,0,36.6,37.0,,32.0,42.4,34.1,100,4425000,4200,32.0,,,14.68,133568,,1,2000
1790416125,2026-09-26T09:48:45Z,207613,1790208587,6.1.187-android14-11-SAGA,49646d1b0cd1,cc_governor,cc_governor,101489,3303348,1217455,4947990,1115966,11299,114946,753954,419127,1267415,304181,306905,adios,0,adios,0,adios,0,36.9,37.1,,32.0,39.7,34.1,100,4425000,3000,32.0,,,14.90,126680,,1,2000
1790416160,2026-09-26T09:49:20Z,207649,1790208587,6.1.187-android14-11-SAGA,49646d1b0cd1,cc_governor,cc_governor,101510,3305594,1219524,4952684,1118028,11312,114947,754903,419277,1268540,304334,307281,adios,0,adios,0,adios,0,36.8,37.4,,32.0,39.8,34.1,100,4425000,1800,32.0,,,14.76,130052,,1,2000
1790416195,2026-09-26T09:49:55Z,207684,1790208587,6.1.187-android14-11-SAGA,49646d1b0cd1,cc_governor,cc_governor,101542,3308581,1222044,4958617,1120502,11324,114947,755069,420208,1269663,305261,307664,adios,0,adios,0,adios,0,36.6,37.2,,32.0,40.2,34.1,100,4425000,6700,32.0,,,14.55,124164,,1,2000
1790416231,2026-09-26T09:50:31Z,207719,1790208587,6.1.187-android14-11-SAGA,49646d1b0cd1,cc_governor,cc_governor,101553,3311750,1223484,4963603,1121938,11338,114947,756028,420324,1270752,305380,308036,adios,0,adios,0,adios,0,37.0,37.7,,32.0,40.2,34.1,100,4425000,3000,32.0,,,14.47,116316,,1,2000
1790416266,2026-09-26T09:51:06Z,207755,1790208587,6.1.187-android14-11-SAGA,49646d1b0cd1,cc_governor,cc_governor,101579,3315046,1225469,4969347,1123890,11352,114947,756212,421245,1271876,306298,308415,adios,0,adios,0,adios,0,36.8,37.1,,32.0,39.9,34.1,100,4425000,600,32.0,,,14.55,128688,,1,2000
1790416302,2026-09-26T09:51:42Z,207790,1790208587,6.1.187-android14-11-SAGA,49646d1b0cd1,cc_governor,cc_governor,101600,3319702,1226013,4975010,1124413,11363,114949,757314,421285,1273038,306336,308803,adios,0,adios,0,adios,0,36.9,38.5,,32.0,39.5,34.1,100,4425000,1800,32.0,,,14.69,115692,,1,2000
1790416337,2026-09-26T09:52:17Z,207825,1790208587,6.1.187-android14-11-SAGA,49646d1b0cd1,cc_governor,cc_governor,101611,3324106,1226397,4980220,1124786,11378,114949,758372,421309,1274164,306360,309188,adios,0,adios,0,adios,0,36.4,36.9,,32.0,40.2,34.1,100,4425000,1800,32.0,,,15.91,124004,,1,2000
1790416373,2026-09-26T09:52:53Z,207861,1790208587,6.1.187-android14-11-SAGA,49646d1b0cd1,cc_governor,cc_governor,101643,3328337,1227346,4985852,1125712,11396,114949,759237,421564,1275298,306620,309574,adios,0,adios,0,adios,0,36.8,37.5,,32.0,40.2,34.1,100,4424000,3000,32.0,,,15.23,126256,,1,2000
1790416408,2026-09-26T09:53:28Z,207897,1790208587,6.1.187-android14-11-SAGA,49646d1b0cd1,cc_governor,cc_governor,101675,3330984,1229799,4991396,1128124,11410,114950,759524,422349,1276390,307399,309947,adios,0,adios,0,adios,0,36.7,37.9,,32.0,39.5,34.1,100,4425000,3000,32.0,,,14.84,117592,,1,2000
1790416444,2026-09-26T09:54:04Z,207932,1790208587,6.1.187-android14-11-SAGA,49646d1b0cd1,cc_governor,cc_governor,101688,3334775,1230819,4996666,1129145,11422,114950,760540,422439,1277508,307493,310324,adios,0,adios,0,adios,0,36.6,37.0,,32.0,41.8,34.1,100,4425000,4200,32.0,,,14.71,122276,,1,2000
1790416479,2026-09-26T09:54:39Z,207967,1790208587,6.1.187-android14-11-SAGA,49646d1b0cd1,cc_governor,cc_governor,101859,3339094,1232705,5003356,1130855,11431,115074,761634,422743,1278935,307675,310705,adios,0,adios,0,adios,0,37.4,37.9,,32.0,42.1,34.3,100,4425000,3000,32.0,,,14.55,115464,,1,2000
1790416514,2026-09-26T09:55:14Z,208003,1790208587,6.1.187-android14-11-SAGA,49646d1b0cd1,cc_governor,cc_governor,101876,3343398,1233281,5008674,1131405,11442,115074,762676,422825,1280073,307751,311094,adios,0,adios,0,adios,0,36.7,37.6,,32.0,39.5,34.2,100,4425000,-600,32.0,,,14.47,103884,,1,2000
1790416550,2026-09-26T09:55:50Z,208038,1790208587,6.1.187-android14-11-SAGA,49646d1b0cd1,cc_governor,cc_governor,101893,3346513,1234749,5013695,1132869,11451,115074,763677,422924,1281196,307855,311475,adios,0,adios,0,adios,0,36.7,37.7,,32.0,40.5,34.2,100,4424000,1800,32.0,,,14.34,108084,,1,2000
1790416585,2026-09-26T09:56:25Z,208073,1790208587,6.1.187-android14-11-SAGA,49646d1b0cd1,cc_governor,cc_governor,101897,3350490,1235595,5018953,1133698,11467,115074,764498,423194,1282313,308120,311840,adios,0,adios,0,adios,0,36.7,38.1,,32.0,40.2,34.1,100,4425000,0,32.0,,,14.47,102548,,1,2000
1790416621,2026-09-26T09:57:01Z,208109,1790208587,6.1.187-android14-11-SAGA,49646d1b0cd1,cc_governor,cc_governor,101916,3355029,1236065,5024372,1134149,11478,115074,765642,423217,1283509,308143,312231,adios,0,adios,0,adios,0,36.9,37.2,,32.0,39.7,34.1,100,4424000,3000,32.0,,,14.42,103120,,1,2000
1790416656,2026-09-26T09:57:36Z,208144,1790208587,6.1.187-android14-11-SAGA,49646d1b0cd1,cc_governor,cc_governor,101939,3359877,1236459,5030013,1134520,11491,115076,766704,423258,1284635,308182,312607,adios,0,adios,0,adios,0,36.7,37.3,,32.0,40.2,34.1,100,4425000,1800,32.0,,,14.39,100508,,1,2000
1790416692,2026-09-26T09:58:12Z,208180,1790208587,6.1.187-android14-11-SAGA,49646d1b0cd1,cc_governor,cc_governor,101973,3363600,1238012,5035737,1136044,11500,115076,767298,423784,1285780,308710,312999,adios,0,adios,0,adios,0,36.7,37.2,,32.0,40.4,34.1,100,4425000,4200,32.0,,,14.30,123280,,1,2000
1790416727,2026-09-26T09:58:47Z,208215,1790208587,6.1.187-android14-11-SAGA,49646d1b0cd1,cc_governor,cc_governor,101989,3367283,1239347,5041185,1137358,11509,115076,767885,424282,1286901,309206,313389,adios,0,adios,0,adios,0,36.8,37.5,,32.0,40.2,34.1,100,4425000,1800,32.0,,,14.33,115640,,1,2000
1790416763,2026-09-26T09:59:23Z,208251,1790208587,6.1.187-android14-11-SAGA,49646d1b0cd1,cc_governor,cc_governor,102012,3371807,1239742,5046503,1137730,11517,115076,768978,424306,1288033,309230,313774,adios,0,adios,0,adios,0,37.0,38.4,,32.0,39.9,34.1,100,4425000,600,32.0,,,14.34,102788,,1,2000
1790416798,2026-09-26T09:59:58Z,208287,1790208587,6.1.187-android14-11-SAGA,49646d1b0cd1,cc_governor,cc_governor,102023,3376198,1240142,5051667,1138119,11529,115077,770009,424330,1289111,309253,314146,adios,0,adios,0,adios,0,36.7,40.5,,32.0,42.2,34.3,100,4425000,3000,32.0,,,14.42,124628,,1,2000
1790416833,2026-09-26T10:00:33Z,208322,1790208587,6.1.187-android14-11-SAGA,49646d1b0cd1,cc_governor,cc_governor,102300,3379398,1242894,5058088,1140594,11543,115260,770444,425344,1290650,310084,314524,adios,0,adios,0,adios,0,36.7,39.0,,32.0,40.2,34.2,100,4425000,4200,32.0,,,14.52,125860,,1,2000
1790416869,2026-09-26T10:01:09Z,208357,1790208587,6.1.187-android14-11-SAGA,49646d1b0cd1,cc_governor,cc_governor,102320,3383919,1243522,5063632,1141202,11555,115261,771523,425390,1291798,310129,314910,adios,0,adios,0,adios,0,36.8,37.5,,32.0,40.5,34.2,100,4425000,600,32.0,,,14.60,127084,,1,2000
1790416904,2026-09-26T10:01:44Z,208393,1790208587,6.1.187-android14-11-SAGA,49646d1b0cd1,cc_governor,cc_governor,102342,3388342,1244112,5069052,1141771,11565,115287,772524,425529,1292962,310247,315306,adios,0,adios,0,adios,0,37.0,38.0,,32.0,40.4,34.1,100,4424000,1800,32.0,,,14.50,122248,,1,2000
1790416939,2026-09-26T10:02:20Z,208428,1790208587,6.1.187-android14-11-SAGA,49646d1b0cd1,cc_governor,cc_governor,102373,3391288,1246345,5074670,1143972,11580,115287,772668,426463,1294061,311176,315683,adios,0,adios,0,adios,0,36.8,37.7,,32.0,41.2,34.1,100,4424000,4200,32.0,,,14.43,115524,,1,2000
1790416975,2026-09-26T10:02:55Z,208463,1790208587,6.1.187-android14-11-SAGA,49646d1b0cd1,cc_governor,cc_governor,102395,3395627,1246833,5079903,1144438,11588,115287,773736,426485,1295177,311198,316072,adios,0,adios,0,adios,0,36.4,37.3,,32.0,40.6,34.1,100,4425000,3000,32.0,,,14.45,116336,,1,2000
1790417011,2026-09-26T10:03:31Z,208499,1790208587,6.1.187-android14-11-SAGA,49646d1b0cd1,cc_governor,cc_governor,102445,3400101,1247498,5085458,1145053,11602,115287,774838,426516,1296333,311229,316461,adios,0,adios,0,adios,0,36.8,37.1,,32.0,41.2,34.1,100,4425000,3000,32.0,,,14.39,98696,,1,2000
1790417046,2026-09-26T10:04:06Z,208534,1790208587,6.1.187-android14-11-SAGA,49646d1b0cd1,cc_governor,cc_governor,102513,3402869,1249878,5091035,1147365,11609,115288,775064,427399,1297465,312111,316837,adios,0,adios,0,adios,0,36.5,37.4,,32.0,40.3,34.2,100,4425000,5400,32.0,,,14.41,109200,,1,2000
1790417081,2026-09-26T10:04:41Z,208570,1790208587,6.1.187-android14-11-SAGA,49646d1b0cd1,cc_governor,cc_governor,102527,3407834,1250087,5096628,1147560,11623,115288,776147,427411,1298574,312123,317210,adios,0,adios,0,adios,0,36.9,38.5,,32.0,39.9,34.1,100,4425000,0,32.0,,,14.44,97784,,1,2000
1790417117,2026-09-26T10:05:17Z,208605,1790208587,6.1.187-android14-11-SAGA,49646d1b0cd1,cc_governor,cc_governor,102537,3412517,1250589,5102238,1148052,11633,115288,777189,427445,1299683,312157,317591,adios,0,adios,0,adios,0,36.8,37.8,,32.0,40.3,34.1,100,4424000,3000,32.0,,,14.44,97504,,1,2000
1790417152,2026-09-26T10:05:52Z,208641,1790208587,6.1.187-android14-11-SAGA,49646d1b0cd1,cc_governor,cc_governor,102564,3415449,1252602,5107574,1150050,11644,115288,777719,427998,1300783,312714,317971,adios,0,adios,0,adios,0,36.6,37.2,,32.0,40.0,34.1,100,4425000,3000,32.0,,,14.33,91044,,1,2000
1790417188,2026-09-26T10:06:28Z,208676,1790208587,6.1.187-android14-11-SAGA,49646d1b0cd1,cc_governor,cc_governor,102580,3419078,1254048,5113061,1151468,11655,115288,778233,428565,1301885,313277,318367,adios,0,adios,0,adios,0,36.6,36.9,,32.0,39.8,34.1,100,4424000,1800,32.0,,,14.44,102144,,1,2000
1790417223,2026-09-26T10:07:03Z,208711,1790208587,6.1.187-android14-11-SAGA,49646d1b0cd1,cc_governor,cc_governor,102591,3423676,1254456,5118448,1151865,11667,115288,779370,428594,1303075,313306,318748,adios,0,adios,0,adios,0,36.8,36.8,,32.0,41.0,34.1,100,4425000,600,32.0,,,14.46,96048,,1,2000
1790417258,2026-09-26T10:07:38Z,208747,1790208587,6.1.187-android14-11-SAGA,49646d1b0cd1,cc_governor,cc_governor,102600,3428160,1254854,5123716,1152254,11679,115288,780455,428624,1304214,313336,319137,adios,0,adios,0,adios,0,36.3,36.9,,32.0,39.5,34.1,100,4425000,3000,32.0,,,14.42,82624,,1,2000
1790417294,2026-09-26T10:08:14Z,208782,1790208587,6.1.187-android14-11-SAGA,49646d1b0cd1,cc_governor,cc_governor,102610,3432519,1255234,5128880,1152624,11691,115290,781514,428652,1305327,313362,319521,adios,0,adios,0,adios,0,36.6,37.2,,32.0,41.1,34.1,100,4425000,600,32.0,,,14.66,90100,,1,2000
1790417330,2026-09-26T10:08:50Z,208818,1790208587,6.1.187-android14-11-SAGA,49646d1b0cd1,cc_governor,cc_governor,102628,3436976,1255869,5134398,1153241,11705,115290,782580,428698,1306462,313408,319935,adios,0,adios,0,adios,0,36.4,37.1,,32.0,40.5,34.1,100,4425000,1800,32.0,,,14.50,79940,,1,2000
1790417365,2026-09-26T10:09:25Z,208854,1790208587,6.1.187-android14-11-SAGA,49646d1b0cd1,cc_governor,cc_governor,102646,3441273,1256659,5139875,1154026,11716,115291,783541,428859,1307609,313571,320311,adios,0,adios,0,adios,0,36.6,37.2,,32.0,40.7,34.1,100,4425000,1800,32.0,,,14.42,93100,,1,2000
1790417401,2026-09-26T10:10:01Z,208889,1790208587,6.1.187-android14-11-SAGA,49646d1b0cd1,cc_governor,cc_governor,102668,3444285,1258936,5145593,1156277,11729,115291,783695,429815,1308738,314528,320674,adios,0,adios,0,adios,0,36.9,37.2,,32.0,39.9,34.1,100,4425000,1800,32.0,,,14.57,80396,,1,2000
1790417436,2026-09-26T10:10:36Z,208924,1790208587,6.1.187-android14-11-SAGA,49646d1b0cd1,cc_governor,cc_governor,102688,3448574,1259615,5150955,1156927,11742,115291,784667,429907,1309832,314616,321056,adios,0,adios,0,adios,0,36.5,37.0,,32.0,40.4,34.1,100,4425000,4200,32.0,,,14.47,80332,,1,2000
1790417471,2026-09-26T10:11:11Z,208960,1790208587,6.1.187-android14-11-SAGA,49646d1b0cd1,cc_governor,cc_governor,102699,3453079,1260053,5156338,1157354,11749,115291,785747,429940,1310975,314649,321451,adios,0,adios,0,adios,0,36.7,36.9,,32.0,41.2,34.1,100,4425000,600,32.0,,,14.69,93768,,1,2000
1790417507,2026-09-26T10:11:47Z,208995,1790208587,6.1.187-android14-11-SAGA,49646d1b0cd1,cc_governor,cc_governor,102753,3457742,1260588,5161954,1157835,11760,115291,786868,429969,1312144,314678,321825,adios,0,adios,0,adios,0,36.5,38.0,,32.0,39.7,34.1,100,4425000,600,32.0,,,14.54,88912,,1,2000
1790417542,2026-09-26T10:12:22Z,209031,1790208587,6.1.187-android14-11-SAGA,49646d1b0cd1,cc_governor,cc_governor,102759,3462136,1261008,5167145,1158249,11772,115291,787954,429999,1313284,314708,322211,adios,0,adios,0,adios,0,36.7,36.9,,32.0,40.3,34.1,100,4424000,3000,32.0,,,14.65,80900,,1,2000
1790417578,2026-09-26T10:12:58Z,209066,1790208587,6.1.187-android14-11-SAGA,49646d1b0cd1,cc_governor,cc_governor,102800,3466861,1261446,5172703,1158646,11780,115332,789074,430072,1314508,314740,322607,adios,0,adios,0,adios,0,36.8,38.7,,32.0,40.3,34.2,100,4425000,1800,32.0,,,14.52,99116,,1,2000
1790417613,2026-09-26T10:13:33Z,209102,1790208587,6.1.187-android14-11-SAGA,49646d1b0cd1,cc_governor,cc_governor,102846,3470906,1262905,5178633,1160067,11795,115332,789642,430607,1315628,315281,323004,adios,0,adios,0,adios,0,36.8,38.9,,32.0,39.2,34.1,100,4425000,3000,32.0,,,14.45,90932,,1,2000
1790417649,2026-09-26T10:14:09Z,209137,1790208587,6.1.187-android14-11-SAGA,49646d1b0cd1,cc_governor,cc_governor,102854,3474580,1264288,5184134,1161434,11810,115332,790221,431151,1316772,315819,323384,adios,0,adios,0,adios,0,36.9,37.1,,32.0,40.6,34.1,100,4424000,4200,32.0,,,14.48,76052,,1,2000
1790417684,2026-09-26T10:14:44Z,209173,1790208587,6.1.187-android14-11-SAGA,49646d1b0cd1,cc_governor,cc_governor,102864,3479097,1264704,5189522,1161840,11821,115332,791292,431174,1317883,315842,323784,adios,0,adios,0,adios,0,36.7,37.4,,32.0,40.5,34.1,100,4425000,6700,32.0,,,14.50,99764,,1,2000
1790417720,2026-09-26T10:15:20Z,209208,1790208587,6.1.187-android14-11-SAGA,49646d1b0cd1,cc_governor,cc_governor,125897,3485185,1292948,5228575,1167048,11867,133682,793372,452126,1341727,318452,324218,adios,0,adios,0,adios,0,43.0,44.3,,32.0,46.1,36.9,100,4423000,1800,32.0,,,19.09,94884,,1,2000
1790417755,2026-09-26T10:15:55Z,209243,1790208587,6.1.187-android14-11-SAGA,49646d1b0cd1,cc_governor,cc_governor,154081,3496460,1328000,5281703,1173919,11874,139048,796261,460678,1353698,321630,324596,adios,0,adios,0,adios,0,42.6,42.8,,33.0,48.3,37.7,100,4423000,4200,33.0,,,18.92,232988,,1,2000
1790417791,2026-09-26T10:16:31Z,209279,1790208587,6.1.187-android14-11-SAGA,49646d1b0cd1,cc_governor,cc_governor,160848,3502927,1341491,5302684,1180633,11891,142941,797947,466794,1363285,323853,324980,adios,0,adios,0,adios,0,42.1,42.1,,33.0,48.3,36.8,100,4424000,600,33.0,,,17.91,163196,,1,2000
1790417826,2026-09-26T10:17:06Z,209314,1790208587,6.1.187-android14-11-SAGA,49646d1b0cd1,cc_governor,cc_governor,167511,3513087,1350915,5323339,1183416,11899,144830,800712,469365,1369327,324540,325344,adios,0,adios,0,adios,0,42.4,42.5,,33.0,45.5,36.7,100,4424000,0,33.0,,,17.07,112624,,1,2000
1790417861,2026-09-26T10:17:41Z,209350,1790208587,6.1.187-android14-11-SAGA,49646d1b0cd1,cc_governor,cc_governor,168430,3522143,1355197,5337401,1186765,11911,144832,801705,470334,1371664,325502,325709,adios,0,adios,0,adios,0,42.1,42.4,,33.0,44.7,36.6,100,4424000,1800,33.0,,,16.61,98940,,1,2000
1790417897,2026-09-26T10:18:17Z,209385,1790208587,6.1.187-android14-11-SAGA,49646d1b0cd1,cc_governor,cc_governor,169472,3534111,1356852,5351732,1187380,11927,144840,803629,470381,1373915,325541,326063,adios,0,adios,0,adios,0,42.0,42.5,,33.0,44.8,36.6,100,4424000,3000,33.0,,,16.40,85120,,1,2000
1790417932,2026-09-26T10:18:52Z,209420,1790208587,6.1.187-android14-11-SAGA,49646d1b0cd1,cc_governor,cc_governor,170746,3546292,1359556,5367287,1188808,11937,144841,806047,470508,1376719,325667,326432,adios,0,adios,0,adios,0,42.3,42.5,,33.0,46.7,36.7,100,4424000,600,33.0,,,16.05,128648,,1,2000
1790417968,2026-09-26T10:19:28Z,209456,1790208587,6.1.187-android14-11-SAGA,49646d1b0cd1,cc_governor,cc_governor,172115,3557990,1363031,5383213,1190913,11951,145200,808523,471143,1380522,325943,326804,adios,0,adios,0,adios,0,42.4,43.7,,33.0,46.0,36.7,100,4424000,1800,33.0,,,15.85,169432,,1,2000
1790418003,2026-09-26T10:20:03Z,209492,1790208587,6.1.187-android14-11-SAGA,49646d1b0cd1,cc_governor,cc_governor,172763,3568729,1365095,5396566,1192361,11959,145200,810235,471314,1382508,326117,327154,adios,0,adios,0,adios,0,41.8,44.2,,33.0,47.3,36.6,100,4424000,600,33.0,,,15.70,117468,,1,2000
1790418039,2026-09-26T10:20:39Z,209527,1790208587,6.1.187-android14-11-SAGA,49646d1b0cd1,cc_governor,cc_governor,173491,3577980,1367643,5408990,1194152,11973,145214,811913,471560,1384569,326346,327521,adios,0,adios,0,adios,0,42.1,41.5,,33.0,45.0,36.5,100,4424000,3000,33.0,,,15.79,140588,,1,2000
1790418074,2026-09-26T10:21:14Z,209563,1790208587,6.1.187-android14-11-SAGA,49646d1b0cd1,cc_governor,cc_governor,177446,3581544,1378574,5424527,1201128,11985,145668,812940,474479,1389969,328811,327881,adios,0,adios,0,adios,0,43.0,42.0,,33.0,45.2,36.9,100,4424000,6700,33.0,,,15.79,145052,,1,2000
1790418110,2026-09-26T10:21:50Z,209598,1790208587,6.1.187-android14-11-SAGA,49646d1b0cd1,cc_governor,cc_governor,178005,3589271,1380637,5434938,1202632,12000,145696,814831,474790,1392297,329094,328254,adios,0,adios,0,adios,0,42.3,41.3,,33.0,46.0,36.6,100,4424000,4200,33.0,,,15.73,130376,,1,2000
1790418145,2026-09-26T10:22:25Z,209634,1790208587,6.1.187-android14-11-SAGA,49646d1b0cd1,cc_governor,cc_governor,178486,3597682,1381578,5444883,1203091,12012,145696,816725,474872,1394495,329176,328611,adios,0,adios,0,adios,0,42.1,43.8,,33.0,46.9,36.7,100,4425000,600,33.0,,,15.88,185372,,1,2000
1790418181,2026-09-26T10:23:01Z,209669,1790208587,6.1.187-android14-11-SAGA,49646d1b0cd1,cc_governor,cc_governor,190761,3605048,1396399,5468172,1205651,12030,151286,819929,481508,1405783,330227,328958,adios,0,adios,0,adios,0,42.8,42.0,,33.0,45.7,36.9,100,4424000,3000,33.0,,,16.42,140896,,1,2000
1790418216,2026-09-26T10:23:36Z,209704,1790208587,6.1.187-android14-11-SAGA,49646d1b0cd1,cc_governor,cc_governor,191368,3610265,1400302,5477919,1208934,12046,151300,821061,482079,1407934,330779,329343,adios,0,adios,0,adios,0,38.7,39.7,,33.0,41.8,35.9,100,4425000,5400,33.0,,,15.66,101348,,1,2000
1790418251,2026-09-26T10:24:11Z,209740,1790208587,6.1.187-android14-11-SAGA,49646d1b0cd1,cc_governor,cc_governor,191398,3614448,1401343,5483703,1209961,12058,151350,822029,482333,1409210,330983,329709,adios,0,adios,0,adios,0,38.1,38.8,,33.0,42.5,35.6,100,4424000,3000,33.0,,,15.24,99012,,1,2000
1790418287,2026-09-26T10:24:47Z,209776,1790208587,6.1.187-android14-11-SAGA,49646d1b0cd1,cc_governor,cc_governor,191536,3619261,1402361,5490038,1210825,12082,151441,823144,482474,1410501,331033,330080,adios,0,adios,0,adios,0,38.0,38.8,,33.0,41.2,35.4,100,4424000,5400,33.0,,,14.85,85872,,1,2000
1790418323,2026-09-26T10:25:23Z,209811,1790208587,6.1.187-android14-11-SAGA,49646d1b0cd1,cc_governor,cc_governor,191553,3623363,1403468,5495758,1211932,12106,151441,824168,482555,1411645,331116,330451,adios,0,adios,0,adios,0,38.1,39.4,,33.0,41.0,35.2,100,4425000,3000,33.0,,,14.63,102808,,1,2000
1790418358,2026-09-26T10:25:58Z,209846,1790208587,6.1.187-android14-11-SAGA,49646d1b0cd1,cc_governor,cc_governor,191568,3626958,1405029,5501426,1213461,12128,151441,824865,482934,1412750,331493,330826,adios,0,adios,0,adios,0,37.7,39.6,,33.0,42.0,35.1,100,4424000,1800,33.0,,,14.59,120000,,1,2000
1790418393,2026-09-26T10:26:33Z,209882,1790208587,6.1.187-android14-11-SAGA,49646d1b0cd1,cc_governor,cc_governor,191576,3631824,1405393,5507169,1213817,12148,151441,825905,482983,1413869,331542,331203,adios,0,adios,0,adios,0,37.5,38.4,,33.0,40.7,35.0,100,4425000,3000,33.0,,,14.72,121020,,1,2000
1790418429,2026-09-26T10:27:09Z,209917,1790208587,6.1.187-android14-11-SAGA,49646d1b0cd1,cc_governor,cc_governor,191598,3635147,1407493,5513110,1215895,12164,151441,826277,483737,1415018,332296,331596,adios,0,adios,0,adios,0,37.3,38.6,,33.0,41.3,35.0,100,4424000,5400,33.0,,,14.64,97168,,1,2000
1790418464,2026-09-26T10:27:44Z,209952,1790208587,6.1.187-android14-11-SAGA,49646d1b0cd1,cc_governor,cc_governor,191619,3640148,1407731,5518881,1216112,12183,151441,827385,483754,1416166,332313,331980,adios,0,adios,0,adios,0,37.4,38.1,,33.0,40.8,34.9,100,4424000,3000,33.0,,,14.44,108828,,1,2000
1790418499,2026-09-26T10:28:19Z,209988,1790208587,6.1.187-android14-11-SAGA,49646d1b0cd1,cc_governor,cc_governor,191626,3644703,1408175,5524418,1216549,12198,151441,828486,483775,1417323,332334,332371,adios,0,adios,0,adios,0,37.2,37.9,,33.0,40.8,34.8,100,4424000,600,33.0,,,14.69,101416,,1,2000
1790418535,2026-09-26T10:28:55Z,210023,1790208587,6.1.187-android14-11-SAGA,49646d1b0cd1,cc_governor,cc_governor,192398,3649045,1412103,5533345,1219719,12216,152423,829638,486473,1421510,334054,332760,adios,0,adios,0,adios,0,40.9,40.1,,33.0,42.3,35.6,100,4424000,0,33.0,,,14.83,94628,,1,2000
1790418570,2026-09-26T10:29:30Z,210058,1790208587,6.1.187-android14-11-SAGA,49646d1b0cd1,cc_governor,cc_governor,192428,3653489,1413096,5539325,1220668,12241,152423,830398,486802,1422640,334379,333142,adios,0,adios,0,adios,0,37.5,38.0,,33.0,41.5,34.9,100,4424000,1800,33.0,,,14.67,82452,,1,2000
1790418606,2026-09-26T10:30:06Z,210094,1790208587,6.1.187-android14-11-SAGA,49646d1b0cd1,cc_governor,cc_governor,196743,3657531,1421167,5552766,1224399,12265,154090,831213,490175,1427271,336106,333538,adios,0,adios,0,adios,0,41.7,42.1,39.7,33.0,44.8,36.4,100,4383000,-941700,33.0,,,16.95,152184,,1,2000
1790418641,2026-09-26T10:30:41Z,210129,1790208587,6.1.187-android14-11-SAGA,49646d1b0cd1,cc_governor,cc_governor,220495,3670520,1451552,5601441,1231043,12288,156411,835801,494876,1436634,338465,333925,adios,0,adios,0,adios,0,41.9,41.5,,33.0,45.0,36.6,100,4418000,-859300,33.0,,,17.27,124272,,1,2000
1790418676,2026-09-26T10:31:16Z,210164,1790208587,6.1.187-android14-11-SAGA,49646d1b0cd1,cc_governor,cc_governor,235850,3677429,1473787,5635495,1237937,12304,165509,838044,507601,1452292,342092,334364,adios,0,adios,0,adios,0,38.9,39.7,,33.0,42.2,36.1,100,4422000,-600,33.0,,,16.74,348828,,1,2000
1790418711,2026-09-26T10:31:51Z,210200,1790208587,6.1.187-android14-11-SAGA,49646d1b0cd1,cc_governor,cc_governor,235863,3682684,1474399,5641844,1238536,12322,165529,839146,507675,1453505,342146,334742,adios,0,adios,0,adios,0,38.4,38.7,,33.0,41.4,35.5,100,4423000,3000,33.0,,,15.67,332260,,1,2000
1790418747,2026-09-26T10:32:27Z,210235,1790208587,6.1.187-android14-11-SAGA,49646d1b0cd1,cc_governor,cc_governor,235889,3687627,1475030,5648055,1239141,12340,165530,840278,507700,1454683,342170,335133,adios,0,adios,0,adios,0,38.1,38.7,,33.0,41.6,35.3,100,4423000,3000,33.0,,,15.01,338180,,1,2000
1790418782,2026-09-26T10:33:02Z,210270,1790208587,6.1.187-android14-11-SAGA,49646d1b0cd1,cc_governor,cc_governor,235903,3692039,1475756,5653717,1239861,12362,165530,841301,507757,1455785,342231,335500,adios,0,adios,0,adios,0,37.6,38.3,,33.0,41.1,35.1,100,4423000,1800,33.0,,,14.85,328344,,1,2000
1790418817,2026-09-26T10:33:37Z,210306,1790208587,6.1.187-android14-11-SAGA,49646d1b0cd1,cc_governor,cc_governor,235923,3696349,1476596,5659452,1240673,12383,165530,842287,507839,1456875,342309,335885,adios,0,adios,0,adios,0,37.9,39.8,,33.0,41.3,35.0,100,4423000,3000,33.0,,,14.69,318040,,1,2000
1790418852,2026-09-26T10:34:12Z,210341,1790208587,6.1.187-android14-11-SAGA,49646d1b0cd1,cc_governor,cc_governor,236070,3699724,1478796,5665563,1242726,12403,165530,842648,508577,1458014,343047,336279,adios,0,adios,0,adios,0,37.6,38.0,,33.0,40.8,34.9,100,4423000,3000,33.0,,,14.78,322128,,1,2000
1790418888,2026-09-26T10:34:48Z,210376,1790208587,6.1.187-android14-11-SAGA,49646d1b0cd1,cc_governor,cc_governor,236084,3704715,1479006,5671245,1242922,12422,165530,843719,508588,1459119,343058,336671,adios,0,adios,0,adios,0,37.4,38.0,,33.0,41.7,34.8,100,4423000,1800,33.0,,,14.88,315528,,1,2000
1790418924,2026-09-26T10:35:24Z,210412,1790208587,6.1.187-android14-11-SAGA,49646d1b0cd1,cc_governor,cc_governor,236150,3708966,1480417,5677473,1244278,12443,165533,844809,508740,1460390,343211,337055,adios,0,adios,0,adios,0,37.6,38.2,,33.0,41.2,34.9,100,4423000,3000,33.0,,,14.65,302128,,1,2000
1790418959,2026-09-26T10:35:59Z,210447,1790208587,6.1.187-android14-11-SAGA,49646d1b0cd1,cc_governor,cc_governor,236172,3712912,1481702,5683235,1245548,12466,165534,845483,509129,1461484,343600,337435,adios,0,adios,0,adios,0,37.7,39.8,,33.0,41.9,34.8,100,4424000,1800,33.0,,,14.52,304320,,1,2000
1790418994,2026-09-26T10:36:34Z,210482,1790208587,6.1.187-android14-11-SAGA,49646d1b0cd1,cc_governor,cc_governor,236340,3717701,1483027,5689943,1246687,12482,165715,846164,509781,1462850,344066,337813,adios,0,adios,0,adios,0,37.3,37.6,,33.0,40.8,34.7,100,4423000,4200,33.0,,,14.51,290324,,1,2000
1790419029,2026-09-26T10:37:09Z,210518,1790208587,6.1.187-android14-11-SAGA,49646d1b0cd1,cc_governor,cc_governor,236383,3722430,1483695,5695858,1247312,12499,165716,847226,509845,1463996,344129,338200,adios,0,adios,0,adios,0,37.2,39.2,,33.0,41.1,34.6,100,4423000,1800,33.0,,,14.50,287140,,1,2000
1790419065,2026-09-26T10:37:45Z,210553,1790208587,6.1.187-android14-11-SAGA,49646d1b0cd1,cc_governor,cc_governor,236402,3727153,1484155,5701561,1247753,12519,165717,848272,509884,1465096,344167,338602,adios,0,adios,0,adios,0,37.0,37.7,,33.0,40.7,34.6,100,4424000,6700,33.0,,,14.49,276052,,1,2000
1790419100,2026-09-26T10:38:20Z,210589,1790208587,6.1.187-android14-11-SAGA,49646d1b0cd1,cc_governor,cc_governor,236484,3732068,1484905,5707767,1248433,12540,165766,849345,510100,1466469,344339,339009,adios,0,adios,0,adios,0,37.5,37.8,,33.0,41.6,34.6,100,4423000,3000,33.0,,,14.69,252788,,1,2000
1790419135,2026-09-26T10:38:55Z,210624,1790208587,6.1.187-android14-11-SAGA,49646d1b0cd1,cc_governor,cc_governor,236508,3736273,1486106,5713696,1249598,12555,165766,850022,510526,1467599,344760,339403,adios,0,adios,0,adios,0,37.0,37.6,,32.0,41.2,34.5,100,4424000,600,32.0,,,14.68,252528,,1,2000
1790419171,2026-09-26T10:39:31Z,210659,1790208587,6.1.187-android14-11-SAGA,49646d1b0cd1,cc_governor,cc_governor,236545,3741017,1486733,5719584,1250188,12573,165766,851099,510549,1468722,344783,339800,adios,0,adios,0,adios,0,37.2,37.3,,32.0,41.9,34.5,100,4423000,600,32.0,,,14.99,256276,,1,2000
1790419206,2026-09-26T10:40:06Z,210694,1790208587,6.1.187-android14-11-SAGA,49646d1b0cd1,cc_governor,cc_governor,236555,3745993,1486941,5725287,1250386,12593,165766,852193,510559,1469850,344793,340182,adios,0,adios,0,adios,0,37.2,37.6,,32.0,41.2,34.6,100,4423000,600,32.0,,,14.76,268756,,1,2000
1790419242,2026-09-26T10:40:42Z,210730,1790208587,6.1.187-android14-11-SAGA,49646d1b0cd1,cc_governor,cc_governor,236880,3750622,1489137,5732757,1252257,12617,165778,853014,511134,1471293,345356,340569,adios,0,adios,0,adios,0,37.1,38.4,,32.0,40.7,34.5,100,4424000,600,32.0,,,15.16,253004,,1,2000
1790419277,2026-09-26T10:41:17Z,210766,1790208587,6.1.187-android14-11-SAGA,49646d1b0cd1,cc_governor,cc_governor,236892,3755325,1489623,5738495,1252731,12636,165778,854054,511153,1472382,345375,340945,adios,0,adios,0,adios,0,36.7,38.0,,32.0,40.4,34.4,100,4423000,3000,32.0,,,14.92,244068,,1,2000
1790419312,2026-09-26T10:41:52Z,210801,1790208587,6.1.187-android14-11-SAGA,49646d1b0cd1,cc_governor,cc_governor,236909,3760487,1489868,5744416,1252959,12656,165778,855196,511170,1473576,345392,341313,adios,0,adios,0,adios,0,36.9,37.3,,32.0,40.6,34.4,100,4424000,0,32.0,,,14.75,243600,,1,2000
1790419348,2026-09-26T10:42:28Z,210836,1790208587,6.1.187-android14-11-SAGA,49646d1b0cd1,cc_governor,cc_governor,236938,3763613,1491868,5750076,1254939,12676,165778,855799,511688,1474729,345915,341686,adios,0,adios,0,adios,0,36.9,37.6,,32.0,40.9,34.4,100,4423000,1800,32.0,,,14.50,245588,,1,2000
1790419383,2026-09-26T10:43:03Z,210871,1790208587,6.1.187-android14-11-SAGA,49646d1b0cd1,cc_governor,cc_governor,236957,3768328,1492403,5755826,1255446,12699,165778,856734,511817,1475818,346039,342074,adios,0,adios,0,adios,0,37.0,37.6,,32.0,40.2,34.4,100,4423000,600,32.0,,,14.65,246828,,1,2000
1790419418,2026-09-26T10:43:38Z,210907,1790208587,6.1.187-android14-11-SAGA,49646d1b0cd1,cc_governor,cc_governor,236969,3773334,1492594,5761523,1255625,12722,165778,857797,511822,1476914,346044,342444,adios,0,adios,0,adios,0,36.9,38.1,,32.0,40.4,34.3,100,4424000,4200,32.0,,,14.76,242104,,1,2000
1790419454,2026-09-26T10:44:14Z,210942,1790208587,6.1.187-android14-11-SAGA,49646d1b0cd1,cc_governor,cc_governor,237040,3778060,1493415,5767599,1256375,12738,165779,858891,511860,1478072,346081,342820,adios,0,adios,0,adios,0,36.8,39.1,,32.0,40.3,34.3,100,4423000,1800,32.0,,,14.81,251420,,1,2000
1790419489,2026-09-26T10:44:49Z,210977,1790208587,6.1.187-android14-11-SAGA,49646d1b0cd1,cc_governor,cc_governor,237065,3782352,1494294,5773299,1257229,12756,165779,859934,511911,1479189,346132,343201,adios,0,adios,0,adios,0,37.1,37.7,,32.0,40.1,34.3,100,4424000,3000,32.0,,,14.53,226348,,1,2000
1790419524,2026-09-26T10:45:24Z,211013,1790208587,6.1.187-android14-11-SAGA,49646d1b0cd1,cc_governor,cc_governor,237097,3786596,1495414,5779214,1258322,12770,165781,860971,512010,1480346,346232,343610,adios,0,adios,0,adios,0,37.2,37.8,,32.0,40.4,34.3,100,4424000,-600,32.0,,,14.45,221528,,1,2000
1790419560,2026-09-26T10:46:00Z,211049,1790208587,6.1.187-android14-11-SAGA,49646d1b0cd1,cc_governor,cc_governor,237140,3790783,1496525,5785114,1259385,12793,165783,861984,512175,1481566,346392,344003,adios,0,adios,0,adios,0,37.5,37.5,,32.0,40.4,34.3,100,4423000,4200,32.0,,,14.41,240368,,1,2000
1790419595,2026-09-26T10:46:35Z,211084,1790208587,6.1.187-android14-11-SAGA,49646d1b0cd1,cc_governor,cc_governor,237154,3795038,1497703,5791083,1260549,12813,165783,862600,512635,1482673,346852,344376,adios,0,adios,0,adios,0,37.0,37.2,,32.0,40.7,34.3,100,4423000,4200,32.0,,,14.50,233760,,1,2000
1790419631,2026-09-26T10:47:11Z,211119,1790208587,6.1.187-android14-11-SAGA,49646d1b0cd1,cc_governor,cc_governor,237168,3800070,1497923,5796755,1260755,12826,165785,863724,512643,1483838,346858,344769,adios,0,adios,0,adios,0,36.8,37.4,,32.0,40.6,34.2,100,4424000,1800,32.0,,,14.56,215884,,1,2000
1790419666,2026-09-26T10:47:46Z,211154,1790208587,6.1.187-android14-11-SAGA,49646d1b0cd1,cc_governor,cc_governor,237187,3804525,1498499,5802294,1261326,12841,165785,864790,512700,1484985,346925,345152,adios,0,adios,0,adios,0,36.8,38.5,,32.0,40.2,34.2,100,4424000,3000,32.0,,,14.72,234248,,1,2000
1790419701,2026-09-26T10:48:21Z,211190,1790208587,6.1.187-android14-11-SAGA,49646d1b0cd1,cc_governor,cc_governor,237259,3809515,1498955,5808258,1261696,12855,165874,865801,512904,1486223,347030,345528,adios,0,adios,0,adios,0,36.9,37.2,,32.0,40.0,34.2,100,4423000,4200,32.0,,,14.83,217492,,1,2000
1790419737,2026-09-26T10:48:57Z,211225,1790208587,6.1.187-android14-11-SAGA,49646d1b0cd1,cc_governor,cc_governor,237272,3814120,1499431,5813826,1262159,12863,165874,866887,512954,1487375,347080,345914,adios,0,adios,0,adios,0,36.7,37.6,,32.0,40.2,34.2,100,4423000,4200,32.0,,,14.92,210384,,1,2000
1790419772,2026-09-26T10:49:32Z,211260,1790208587,6.1.187-android14-11-SAGA,49646d1b0cd1,cc_governor,cc_governor,237290,3818102,1500370,5819233,1263080,12873,165874,867952,513010,1488524,347136,346282,adios,0,adios,0,adios,0,37.0,37.2,,32.0,40.3,34.2,100,4424000,4200,32.0,,,14.87,223880,,1,2000
1790419807,2026-09-26T10:50:07Z,211296,1790208587,6.1.187-android14-11-SAGA,49646d1b0cd1,cc_governor,cc_governor,237300,3822487,1500975,5824697,1263686,12884,165875,868821,513254,1489661,347384,346659,adios,0,adios,0,adios,0,36.7,37.4,,32.0,40.0,34.2,100,4423000,1800,32.0,,,14.71,229820,,1,2000
1790419843,2026-09-26T10:50:43Z,211331,1790208587,6.1.187-android14-11-SAGA,49646d1b0cd1,cc_governor,cc_governor,237307,3826359,1502175,5830280,1264868,12901,165875,869568,513622,1490807,347747,347024,adios,0,adios,0,adios,0,36.7,37.4,,32.0,40.7,34.2,100,4424000,3000,32.0,,,14.81,218688,,1,2000
1790419879,2026-09-26T10:51:19Z,211367,1790208587,6.1.187-android14-11-SAGA,49646d1b0cd1,cc_governor,cc_governor,245759,3832428,1517388,5853768,1271627,12969,170783,871649,521147,1501282,350364,347504,adios,0,adios,0,adios,0,41.5,41.2,,32.0,44.3,35.8,100,4423000,3000,32.0,,,16.85,181024,,1,2000
1790419914,2026-09-26T10:51:54Z,211402,1790208587,6.1.187-android14-11-SAGA,49646d1b0cd1,cc_governor,cc_governor,255900,3842672,1529859,5877482,1273949,12989,174510,874717,525857,1510027,351347,347868,adios,0,adios,0,adios,0,41.2,42.9,,32.0,43.9,35.8,100,4424000,-600,32.0,,,16.79,84476,,1,2000
1790419949,2026-09-26T10:52:29Z,211438,1790208587,6.1.187-android14-11-SAGA,49646d1b0cd1,cc_governor,cc_governor,256691,3851590,1531329,5888605,1274637,13009,174518,876605,525901,1512200,351383,348238,adios,0,adios,0,adios,0,40.8,40.5,,33.0,44.6,35.8,100,4423000,600,33.0,,,16.28,104268,,1,2000
1790419985,2026-09-26T10:53:05Z,211473,1790208587,6.1.187-android14-11-SAGA,49646d1b0cd1,cc_governor,cc_governor,257281,3859604,1532763,5898764,1275482,13019,174519,878360,526014,1514402,351495,348613,adios,0,adios,0,adios,0,40.7,40.3,,33.0,43.9,35.8,100,4423000,600,33.0,,,15.93,83720,,1,2000
1790420020,2026-09-26T10:53:40Z,211509,1790208587,6.1.187-android14-11-SAGA,49646d1b0cd1,cc_governor,cc_governor,258105,3868254,1536549,5911827,1278435,13030,174521,879939,526767,1517013,352246,348982,adios,0,adios,0,adios,0,41.4,41.1,,33.0,44.8,36.0,100,4423000,1800,33.0,,,15.68,199176,,1,2000
1790420056,2026-09-26T10:54:16Z,211544,1790208587,6.1.187-android14-11-SAGA,49646d1b0cd1,cc_governor,cc_governor,259136,3878721,1537914,5924385,1278775,13039,174523,882169,526802,1519511,352279,349350,adios,0,adios,0,adios,2,41.3,41.7,,33.0,44.9,36.2,100,4423000,4200,33.0,,,16.02,146720,,1,2000
1790420091,2026-09-26T10:54:51Z,211579,1790208587,6.1.187-android14-11-SAGA,49646d1b0cd1,cc_governor,cc_governor,259980,3887014,1539275,5934555,1279282,13046,174572,884106,526940,1521786,352368,349735,adios,0,adios,0,adios,0,41.5,40.8,,33.0,46.0,36.0,100,4424000,1800,33.0,,,15.98,137372,,1,2000
1790420127,2026-09-26T10:55:27Z,211615,1790208587,6.1.187-android14-11-SAGA,49646d1b0cd1,cc_governor,cc_governor,260533,3895381,1540335,5944483,1279802,13061,174580,885875,527033,1523775,352453,350078,adios,0,adios,0,adios,0,41.2,40.8,,33.0,44.5,36.0,100,4423000,4200,33.0,,,15.93,148240,,1,2000
1790420162,2026-09-26T10:56:02Z,211650,1790208587,6.1.187-android14-11-SAGA,49646d1b0cd1,cc_governor,cc_governor,261024,3902087,1543082,5954454,1282054,13067,174589,887503,527339,1525820,352750,350440,adios,0,adios,0,adios,0,41.0,41.4,,33.0,44.7,36.0,100,4423000,3000,33.0,,,15.85,127104,,1,2000
1790420198,2026-09-26T10:56:38Z,211686,1790208587,6.1.187-android14-11-SAGA,49646d1b0cd1,cc_governor,cc_governor,261515,3911094,1543985,5964894,1282468,13077,174590,889403,527406,1527933,352816,350802,adios,0,adios,0,adios,0,41.4,41.1,,33.0,44.2,36.1,100,4423000,0,33.0,,,15.83,128964,,1,2000
1790420233,2026-09-26T10:57:13Z,211722,1790208587,6.1.187-android14-11-SAGA,49646d1b0cd1,cc_governor,cc_governor,261964,3919760,1544950,5975117,1282986,13088,174593,891395,527463,1530114,352870,351169,adios,0,adios,0,adios,0,41.6,41.4,,33.0,45.9,36.1,100,4423000,1800,33.0,,,15.95,109896,,1,2000
1790420269,2026-09-26T10:57:49Z,211757,1790208587,6.1.187-android14-11-SAGA,49646d1b0cd1,cc_governor,cc_governor,269364,3928153,1553581,5993043,1284132,13106,177755,894396,531019,1537642,353264,351535,adios,0,adios,0,adios,0,44.1,42.8,,33.0,47.2,36.5,100,4424000,4200,33.0,,,16.37,126976,,1,2000
1790420304,2026-09-26T10:58:24Z,211793,1790208587,6.1.187-android14-11-SAGA,49646d1b0cd1,cc_governor,cc_governor,275529,3932307,1564522,6009051,1288993,13131,178849,895671,533505,1541700,354656,351883,adios,0,adios,0,adios,0,38.7,38.8,,33.0,41.8,35.5,100,4423000,4200,33.0,,,16.02,177788,,1,2000
1790420340,2026-09-26T10:59:00Z,211828,1790208587,6.1.187-android14-11-SAGA,49646d1b0cd1,cc_governor,cc_governor,275539,3936904,1564973,6014569,1289434,13156,178849,896777,533525,1542869,354676,352264,adios,0,adios,0,adios,0,37.6,38.8,,33.0,42.0,35.1,100,4424000,4200,33.0,,,15.49,179176,,1,2000
1790420375,2026-09-26T10:59:35Z,211864,1790208587,6.1.187-android14-11-SAGA,49646d1b0cd1,cc_governor,cc_governor,275547,3941824,1565347,6020365,1289800,13177,178849,897843,533546,1544009,354697,352649,adios,0,adios,0,adios,0,37.6,38.5,,33.0,41.2,34.9,100,4424000,1800,33.0,,,15.23,188484,,1,2000
1790420411,2026-09-26T11:00:11Z,211899,1790208587,6.1.187-android14-11-SAGA,49646d1b0cd1,cc_governor,cc_governor,275782,3946735,1566509,6026943,1290727,13192,179117,898983,533957,1545614,354840,353044,adios,0,adios,0,adios,0,37.5,39.0,,33.0,40.9,34.9,100,4423000,4200,33.0,,,14.85,210484,,1,2000
1790420446,2026-09-26T11:00:46Z,211934,1790208587,6.1.187-android14-11-SAGA,49646d1b0cd1,cc_governor,cc_governor,275812,3950766,1567906,6032893,1292094,13214,179117,899503,534552,1546752,355435,353426,adios,0,adios,0,adios,0,37.2,37.7,,33.0,40.3,34.7,100,4423000,1800,33.0,,,14.77,201184,,1,2000
1790420481,2026-09-26T11:01:21Z,211970,1790208587,6.1.187-android14-11-SAGA,49646d1b0cd1,cc_governor,cc_governor,275837,3955222,1568711,6038608,1292874,13233,179117,900455,534688,1547865,355571,353807,adios,0,adios,0,adios,0,37.5,37.9,,33.0,41.8,34.6,100,4424000,3000,33.0,,,14.61,203388,,1,2000
1790420517,2026-09-26T11:01:57Z,212005,1790208587,6.1.187-android14-11-SAGA,49646d1b0cd1,cc_governor,cc_governor,275875,3960180,1569305,6044679,1293430,13252,179125,901574,534725,1549045,355600,354201,adios,0,adios,0,adios,0,37.2,38.0,,33.0,42.3,34.6,100,4424000,3000,33.0,,,14.52,204704,,1,2000
1790420553,2026-09-26T11:02:33Z,212041,1790208587,6.1.187-android14-11-SAGA,49646d1b0cd1,cc_governor,cc_governor,275903,3964951,1569705,6050293,1293802,13268,179125,902674,534740,1550200,355615,354594,adios,0,adios,0,adios,0,37.0,39.4,,33.0,40.8,34.5,100,4423000,5400,33.0,,,14.77,193824,,1,2000
1790420588,2026-09-26T11:03:08Z,212076,1790208587,6.1.187-android14-11-SAGA,49646d1b0cd1,cc_governor,cc_governor,275912,3969650,1570080,6055813,1294168,13290,179125,903745,534763,1551320,355638,354985,adios,0,adios,0,adios,0,37.1,38.8,,32.0,40.4,34.5,100,4423000,600,32.0,,,14.57,202000,,1,2000
1790420623,2026-09-26T11:03:43Z,212112,1790208587,6.1.187-android14-11-SAGA,49646d1b0cd1,cc_governor,cc_governor,275928,3974568,1570436,6061540,1294508,13311,179125,904820,534788,1552444,355663,355372,adios,0,adios,0,adios,0,37.0,37.7,,32.0,45.1,34.7,100,4423000,4200,32.0,,,14.89,97676,,1,2000
1790420659,2026-09-26T11:04:19Z,212147,1790208587,6.1.187-android14-11-SAGA,49646d1b0cd1,cc_governor,cc_governor,276123,3979582,1571645,6068382,1295538,13333,179125,905591,535248,1553833,356127,355745,adios,0,adios,0,adios,0,37.2,38.7,,32.0,40.9,34.5,100,4424000,3000,32.0,,,14.65,119800,,1,2000
1790420694,2026-09-26T11:04:54Z,212182,1790208587,6.1.187-android14-11-SAGA,49646d1b0cd1,cc_governor,cc_governor,276141,3984273,1572150,6074041,1296009,13351,179125,906550,535380,1554955,356255,356131,adios,0,adios,0,adios,0,36.6,37.7,,32.0,40.4,34.4,100,4423000,4200,32.0,,,14.52,123152,,1,2000
1790420729,2026-09-26T11:05:30Z,212218,1790208587,6.1.187-android14-11-SAGA,49646d1b0cd1,cc_governor,cc_governor,276155,3989283,1572367,6079740,1296211,13367,179125,907630,535389,1556073,356264,356531,adios,0,adios,0,adios,0,37.1,37.5,,32.0,40.4,34.4,100,4423000,1800,32.0,,,14.50,117364,,1,2000
1790420765,2026-09-26T11:06:05Z,212253,1790208587,6.1.187-android14-11-SAGA,49646d1b0cd1,cc_governor,cc_governor,276184,3993829,1572892,6085264,1296708,13387,179125,908670,535423,1557186,356298,356928,adios,0,adios,0,adios,0,37.1,37.3,,32.0,40.8,34.4,100,4423000,0,32.0,,,14.48,110212,,1,2000
1790420800,2026-09-26T11:06:40Z,212289,1790208587,6.1.187-android14-11-SAGA,49646d1b0cd1,cc_governor,cc_governor,276198,3998553,1573460,6091073,1297262,13405,179125,909764,535449,1558345,356324,357334,adios,0,adios,0,adios,0,36.8,37.2,,32.0,40.1,34.3,100,4423000,3000,32.0,,,14.48,113672,,1,2000
1790420836,2026-09-26T11:07:16Z,212325,1790208587,6.1.187-android14-11-SAGA,49646d1b0cd1,cc_governor,cc_governor,276267,4003574,1573924,6097034,1297657,13424,179126,910907,535472,1559539,356346,357741,adios,0,adios,0,adios,0,36.9,38.3,,32.0,40.4,34.3,100,4424000,4200,32.0,,,14.59,118728,,1,2000
1790420872,2026-09-26T11:07:52Z,212360,1790208587,6.1.187-android14-11-SAGA,49646d1b0cd1,cc_governor,cc_governor,276283,4008338,1574540,6102902,1298269,13449,179126,911854,535607,1560634,356485,358121,adios,0,adios,0,adios,0,37.5,37.8,,32.0,41.0,34.3,100,4423000,1800,32.0,,,14.41,118404,,1,2000
1790420907,2026-09-26T11:08:27Z,212395,1790208587,6.1.187-android14-11-SAGA,49646d1b0cd1,cc_governor,cc_governor,276313,4012589,1575736,6108859,1299423,13470,179126,912449,536103,1561745,356977,358497,adios,0,adios,0,adios,0,36.9,37.3,,32.0,39.9,34.3,100,4423000,0,32.0,,,14.64,112156,,1,2000
1790420942,2026-09-26T11:09:02Z,212431,1790208587,6.1.187-android14-11-SAGA,49646d1b0cd1,cc_governor,cc_governor,276325,4017149,1576190,6114373,1299865,13489,179126,913546,536132,1562893,357006,358904,adios,0,adios,0,adios,0,36.7,37.2,,32.0,41.4,34.3,100,4423000,4200,32.0,,,14.63,115020,,1,2000
1790420978,2026-09-26T11:09:38Z,212466,1790208587,6.1.187-android14-11-SAGA,49646d1b0cd1,cc_governor,cc_governor,276344,4021333,1577404,6120274,1301057,13503,179126,914202,536549,1563979,357423,359298,adios,0,adios,0,adios,0,36.9,37.1,,32.0,39.7,34.2,100,4423000,1800,32.0,,,14.49,106336,,1,2000
1790421013,2026-09-26T11:10:13Z,212501,1790208587,6.1.187-android14-11-SAGA,49646d1b0cd1,cc_governor,cc_governor,276356,4025996,1577836,6125846,1301480,13513,179126,915250,536574,1565075,357448,359711,adios,0,adios,0,adios,0,36.5,36.9,,32.0,40.3,34.3,100,4423000,1800,32.0,,,14.59,108580,,1,2000
1790421048,2026-09-26T11:10:48Z,212537,1790208587,6.1.187-android14-11-SAGA,49646d1b0cd1,cc_governor,cc_governor,276374,4031068,1578023,6131585,1301649,13525,179126,916319,536583,1566174,357457,360119,adios,0,adios,0,adios,0,36.9,37.4,,32.0,40.8,34.2,100,4423000,1800,32.0,,,14.49,100104,,1,2000
1790421084,2026-09-26T11:11:24Z,212572,1790208587,6.1.187-android14-11-SAGA,49646d1b0cd1,cc_governor,cc_governor,276401,4035713,1578665,6137334,1302273,13539,179126,917382,536645,1567319,357524,360516,adios,0,adios,0,adios,0,37.2,37.7,,32.0,40.0,34.3,100,4424000,3000,32.0,,,14.55,102716,,1,2000
1790421119,2026-09-26T11:11:59Z,212608,1790208587,6.1.187-android14-11-SAGA,49646d1b0cd1,cc_governor,cc_governor,276429,4040332,1579704,6143450,1303275,13563,179195,918334,536956,1568606,357761,360891,adios,0,adios,0,adios,0,37.1,37.4,,32.0,40.4,34.3,100,4423000,4200,32.0,,,14.52,108580,,1,2000
1790421155,2026-09-26T11:12:35Z,212644,1790208587,6.1.187-android14-11-SAGA,49646d1b0cd1,cc_governor,cc_governor,276442,4044973,1580427,6149272,1303985,13583,179195,919409,537013,1569761,357818,361277,adios,0,adios,0,adios,0,36.7,37.4,,32.0,41.0,34.2,100,4423000,-600,32.0,,,14.45,98212,,1,2000
1790421190,2026-09-26T11:13:10Z,212679,1790208587,6.1.187-android14-11-SAGA,49646d1b0cd1,cc_governor,cc_governor,276457,4049272,1581340,6154921,1304896,13599,179195,920098,537393,1570855,358203,361653,adios,0,adios,0,adios,0,37.2,37.7,,32.0,39.5,34.2,100,4423000,600,32.0,,,14.60,98444,,1,2000
1790421226,2026-09-26T11:13:46Z,212714,1790208587,6.1.187-android14-11-SAGA,49646d1b0cd1,cc_governor,cc_governor,276469,4053626,1582228,6160624,1305759,13622,179195,920847,537727,1571957,358532,362044,adios,0,adios,0,adios,0,37.2,37.6,,32.0,39.8,34.2,100,4423000,3000,32.0,,,14.55,89328,,1,2000
1790421261,2026-09-26T11:14:21Z,212750,1790208587,6.1.187-android14-11-SAGA,49646d1b0cd1,cc_governor,cc_governor,276483,4058626,1582434,6166260,1305951,13638,179195,921924,537735,1573059,358540,362439,adios,0,adios,0,adios,0,37.0,37.3,,32.0,40.2,34.2,100,4423000,3000,32.0,,,14.59,90904,,1,2000
1790421297,2026-09-26T11:14:57Z,212785,1790208587,6.1.187-android14-11-SAGA,49646d1b0cd1,cc_governor,cc_governor,276498,4063738,1582602,6171987,1306104,13649,179195,923028,537744,1574209,358549,362854,adios,0,adios,0,adios,0,36.6,37.1,,32.0,40.4,34.2,100,4423000,3000,32.0,,,14.48,93368,,1,2000
1790421332,2026-09-26T11:15:32Z,212821,1790208587,6.1.187-android14-11-SAGA,49646d1b0cd1,cc_governor,cc_governor,276516,4068715,1582961,6177792,1306445,13672,179195,924097,537758,1575309,358563,363228,adios,0,adios,0,adios,0,36.4,37.7,,32.0,40.0,34.2,100,4423000,5400,32.0,,,14.62,95592,,1,2000
1790421368,2026-09-26T11:16:08Z,212856,1790208587,6.1.187-android14-11-SAGA,49646d1b0cd1,cc_governor,cc_governor,276535,4073535,1583307,6183384,1306772,13687,179195,925249,537780,1576494,358585,363614,adios,0,adios,0,adios,0,36.5,37.2,,32.0,40.5,34.2,100,4423000,1800,32.0,,,14.50,88572,,1,2000
1790421403,2026-09-26T11:16:43Z,212891,1790208587,6.1.187-android14-11-SAGA,49646d1b0cd1,cc_governor,cc_governor,276543,4078535,1583541,6189102,1306998,13706,179195,926359,537794,1577653,358599,364014,adios,0,adios,0,adios,0,36.9,37.3,,32.0,41.2,34.2,100,4423000,1800,32.0,,,14.65,94956,,1,2000
1790421438,2026-09-26T11:17:18Z,212927,1790208587,6.1.187-android14-11-SAGA,49646d1b0cd1,cc_governor,cc_governor,276584,4082585,1584961,6195070,1308377,13732,179199,926829,538447,1578795,359248,364404,adios,0,adios,0,adios,0,36.8,37.1,,32.0,41.1,34.2,100,4423000,0,32.0,,,14.60,90992,,1,2000
1790421474,2026-09-26T11:17:54Z,212963,1790208587,6.1.187-android14-11-SAGA,49646d1b0cd1,cc_governor,cc_governor,276612,4087456,1585442,6200826,1308830,13752,179199,927913,538464,1579927,359265,364781,adios,0,adios,0,adios,0,36.6,37.1,,32.0,40.0,34.2,100,4423000,600,32.0,,,14.49,115444,,1,2000
1790421510,2026-09-26T11:18:30Z,212998,1790208587,6.1.187-android14-11-SAGA,49646d1b0cd1,cc_governor,cc_governor,276623,4092240,1585852,6206420,1309229,13777,179200,928970,538483,1581023,359283,365162,adios,0,adios,0,adios,0,37.3,37.5,,32.0,40.7,34.2,100,4424000,1800,32.0,,,14.60,107540,,1,2000
1790421545,2026-09-26T11:19:05Z,213034,1790208587,6.1.187-android14-11-SAGA,49646d1b0cd1,cc_governor,cc_governor,276634,4096892,1586254,6211893,1309620,13800,179200,930042,538503,1582127,359303,365533,adios,0,adios,0,adios,0,36.7,36.8,,32.0,40.2,34.2,100,4423000,4200,32.0,,,14.56,105476,,1,2000
1790421581,2026-09-26T11:19:41Z,213069,1790208587,6.1.187-android14-11-SAGA,49646d1b0cd1,cc_governor,cc_governor,276653,4101520,1586849,6217563,1310204,13815,179200,931079,538563,1583243,359367,365927,adios,0,adios,0,adios,0,36.8,38.5,,32.0,40.3,34.2,100,4423000,1800,32.0,,,14.66,109904,,1,2000
1790421616,2026-09-26T11:20:16Z,213104,1790208587,6.1.187-android14-11-SAGA,49646d1b0cd1,cc_governor,cc_governor,276663,4105485,1587981,6223125,1311318,13833,179200,931827,538876,1584330,359676,366299,adios,0,adios,0,adios,0,36.5,37.2,,32.0,40.5,34.2,100,4423000,3000,32.0,,,14.85,99344,,1,2000
1790421651,2026-09-26T11:20:51Z,213140,1790208587,6.1.187-android14-11-SAGA,49646d1b0cd1,cc_governor,cc_governor,276843,4109040,1590521,6229730,1313690,13846,179643,932539,539929,1586243,360290,366690,adios,0,adios,0,adios,0,36.8,37.7,,32.0,41.4,34.3,100,4423000,4200,32.0,,,14.63,107884,,1,2000
1790421686,2026-09-26T11:21:26Z,213175,1790208587,6.1.187-android14-11-SAGA,49646d1b0cd1,cc_governor,cc_governor,276881,4112710,1592230,6235630,1315349,13861,179644,933195,540377,1587406,360733,367075,adios,0,adios,0,adios,0,37.2,37.3,,32.0,40.2,34.2,100,4423000,0,32.0,,,14.43,111684,,1,2000
1790421722,2026-09-26T11:22:02Z,213210,1790208587,6.1.187-android14-11-SAGA,49646d1b0cd1,cc_governor,cc_governor,276933,4116529,1593589,6241296,1316656,13877,179644,934021,540721,1588608,361077,367463,adios,0,adios,0,adios,0,36.8,38.1,,32.0,39.8,34.2,100,4423000,4200,32.0,,,14.54,114660,,1,2000
1790421757,2026-09-26T11:22:37Z,213246,1790208587,6.1.187-android14-11-SAGA,49646d1b0cd1,cc_governor,cc_governor,276944,4120877,1594232,6246764,1317297,13887,179644,935052,540786,1589722,361147,367842,adios,0,adios,0,adios,0,36.9,39.0,,32.0,39.2,34.1,100,4423000,5400,32.0,,,14.53,105948,,1,2000
1790421793,2026-09-26T11:23:13Z,213281,1790208587,6.1.187-android14-11-SAGA,49646d1b0cd1,cc_governor,cc_governor,276965,4125231,1595192,6252618,1318227,13901,179644,935933,541036,1590875,361392,368231,adios,0,adios,0,adios,0,36.4,37.9,,32.0,41.5,34.1,100,4424000,1800,32.0,,,14.45,99948,,1,2000
1790421829,2026-09-26T11:23:49Z,213317,1790208587,6.1.187-android14-11-SAGA,49646d1b0cd1,cc_governor,cc_governor,277031,4129983,1595910,6258575,1318879,13919,179763,937057,541188,1592180,361425,368611,adios,0,adios,0,adios,0,36.4,38.1,,32.0,40.6,34.2,100,4424000,600,32.0,,,14.57,92932,,1,2000
1790421864,2026-09-26T11:24:24Z,213352,1790208587,6.1.187-android14-11-SAGA,49646d1b0cd1,cc_governor,cc_governor,277040,4134857,1596087,6264092,1319047,13927,179763,938145,541199,1593301,361436,368999,adios,0,adios,0,adios,0,36.7,37.9,,32.0,40.6,34.2,100,4424000,1800,32.0,,,14.91,114576,,1,2000
1790421899,2026-09-26T11:24:59Z,213388,1790208587,6.1.187-android14-11-SAGA,49646d1b0cd1,cc_governor,cc_governor,277061,4139186,1597260,6270029,1320210,13942,179763,938729,541675,1594402,361918,369382,adios,0,adios,0,adios,0,36.9,37.5,,32.0,40.2,34.2,100,4423000,600,32.0,,,14.72,102328,,1,2000
1790421935,2026-09-26T11:25:35Z,213423,1790208587,6.1.187-android14-11-SAGA,49646d1b0cd1,cc_governor,cc_governor,277078,4143567,1597955,6275562,1320877,13956,179763,939629,541861,1595513,362098,369759,adios,0,adios,0,adios,0,36.8,37.0,,32.0,40.1,34.2,100,4423000,0,32.0,,,14.70,94900,,1,2000
1790421970,2026-09-26T11:26:10Z,213458,1790208587,6.1.187-android14-11-SAGA,49646d1b0cd1,cc_governor,cc_governor,277087,4148196,1598315,6281049,1321228,13966,179763,940748,541890,1596685,362127,370150,adios,0,adios,0,adios,0,36.8,37.3,,32.0,40.1,34.2,100,4423000,1800,32.0,,,14.47,106732,,1,2000
1790422005,2026-09-26T11:26:45Z,213494,1790208587,6.1.187-android14-11-SAGA,49646d1b0cd1,cc_governor,cc_governor,277160,4153101,1599292,6287504,1322132,13983,179766,941914,541963,1597965,362197,370523,adios,0,adios,0,adios,0,37.2,39.1,,32.0,41.1,34.3,100,4423000,3000,32.0,,,14.34,90880,,1,2000
1790422041,2026-09-26T11:27:21Z,213529,1790208587,6.1.187-android14-11-SAGA,49646d1b0cd1,cc_governor,cc_governor,278255,4159346,1602370,6297696,1324115,13999,180882,943263,543629,1601792,362747,370905,adios,0,adios,0,adios,0,36.9,38.0,,32.0,41.1,34.5,100,4423000,3000,32.0,,,15.03,110116,,1,2000
1790422076,2026-09-26T11:27:56Z,213565,1790208587,6.1.187-android14-11-SAGA,49646d1b0cd1,cc_governor,cc_governor,278796,4164011,1603493,6304168,1324715,14090,181403,944388,544485,1603985,363094,371432,adios,0,adios,0,adios,5,55.4,59.3,,32.0,59.7,39.7,100,4345000,-519400,32.0,,,17.57,121276,,1,2000
1790422116,2026-09-26T11:28:36Z,213604,1790208587,6.1.187-android14-11-SAGA,49646d1b0cd1,cc_governor,cc_governor,293721,4170750,1626481,6336630,1332671,14382,189117,946467,556317,1619798,367171,372393,adios,0,adios,0,adios,0,42.1,42.3,,32.0,48.1,36.4,100,4399000,-244700,33.0,,,17.00,220376,,1,2000
1790422153,2026-09-26T11:29:13Z,213641,1790208587,6.1.187-android14-11-SAGA,49646d1b0cd1,cc_governor,cc_governor,0,0,62,85,82,2,113,0,171,179,63,15,adios,0,adios,0,adios,0,37.8,38.8,,33.0,38.8,34.3,100,4408000,-234300,33.0,,,16.25,111576,,1,2000
1790422532,2026-09-26T11:35:32Z,214021,1790208587,6.1.187-android14-11-SAGA,49646d1b0cd1,cc_governor,cc_governor,4,0,74,93,84,1,74,0,118,121,49,17,adios,0,adios,0,adios,0,37.3,37.9,,32.0,40.0,33.8,100,4410000,-238000,32.0,,,15.80,132652,,1,2000
1790422767,2026-09-26T11:39:27Z,214255,1790208587,6.1.187-android14-11-SAGA,49646d1b0cd1,cc_governor,cc_governor,7366,229,9427,11873,2072,27,6414,245,8415,10521,1937,59,adios,0,adios,0,adios,0,58.2,59.7,49.6,32.0,67.4,40.7,100,4354000,-1062000,32.0,,,32.06,121752,,1,2000
1790422805,2026-09-26T11:40:05Z,214293,1790208587,6.1.187-android14-11-SAGA,49646d1b0cd1,cc_governor,cc_governor,24245,3843,41369,54770,17124,121,22279,2175,33996,44817,11717,671,adios,0,adios,0,adios,0,45.8,45.5,43.5,33.0,47.1,38.7,100,4390000,-402800,33.0,,,27.05,126468,,1,2000
1790422840,2026-09-26T11:40:40Z,214329,1790208587,6.1.187-android14-11-SAGA,49646d1b0cd1,cc_governor,cc_governor,34504,9887,66769,91228,32270,139,23603,3883,40919,54132,17323,1096,adios,0,adios,0,adios,0,43.8,45.1,42.1,33.0,46.3,38.4,100,4380000,-322200,34.0,,,23.13,95000,,1,2000
1790422876,2026-09-26T11:41:16Z,214364,1790208587,6.1.187-android14-11-SAGA,49646d1b0cd1,cc_governor,cc_governor,50711,15215,98439,134919,47725,171,25549,6478,51168,67578,25618,1499,adios,0,adios,0,adios,0,44.5,48.4,43.3,34.0,49.2,39.1,100,4369000,-507800,34.0,,,21.83,123044,,1,2000
1790422912,2026-09-26T11:41:52Z,214400,1790208587,6.1.187-android14-11-SAGA,49646d1b0cd1,cc_governor,cc_governor,76749,18110,141027,189787,64283,201,30367,7956,66415,85825,36053,1953,adios,0,adios,0,adios,0,47.6,47.5,45.3,34.0,49.6,40.1,100,4375000,-582200,34.0,,,20.50,123032,,1,2000
1790422948,2026-09-26T11:42:28Z,214436,1790208587,6.1.187-android14-11-SAGA,49646d1b0cd1,cc_governor,cc_governor,89764,27868,164004,226059,74201,226,33351,11106,72963,96533,39612,2371,adios,0,adios,0,adios,0,44.1,44.7,,34.0,46.7,38.7,100,4378000,-407100,34.0,,,18.68,155004,,1,2000
1790422983,2026-09-26T11:43:03Z,214472,1790208587,6.1.187-android14-11-SAGA,49646d1b0cd1,cc_governor,cc_governor,113008,35024,198826,272666,85783,267,36850,14349,82554,110464,45704,2773,adios,0,adios,0,adios,0,45.1,47.8,44.2,34.0,50.5,39.5,100,4385000,-419900,35.0,,,18.03,101040,,1,2000
1790423019,2026-09-26T11:43:39Z,214508,1790208587,6.1.187-android14-11-SAGA,49646d1b0cd1,cc_governor,cc_governor,141221,37422,242781,326715,101577,322,46610,15874,102477,133492,55873,3161,adios,0,adios,0,adios,0,45.2,44.4,,35.0,47.2,39.5,100,4382000,-487600,35.0,,,17.95,78292,,1,2000
1790423055,2026-09-26T11:44:15Z,214543,1790208587,6.1.187-android14-11-SAGA,49646d1b0cd1,cc_governor,cc_governor,152697,44033,268873,362348,116197,375,46875,18522,107044,140810,60174,3548,adios,0,adios,0,adios,0,44.0,46.8,,35.0,49.1,39.5,100,4368000,-527300,35.0,,,17.51,91640,,1,2000
1790423091,2026-09-26T11:44:51Z,214579,1790208587,6.1.187-android14-11-SAGA,49646d1b0cd1,cc_governor,cc_governor,168924,48676,300657,404261,131733,425,51806,20583,120192,157287,68386,3983,adios,0,adios,0,adios,0,44.4,44.4,,35.0,49.9,39.9,100,4363000,-507800,35.0,,,17.35,142112,,1,2000
1790423126,2026-09-26T11:45:26Z,214615,1790208587,6.1.187-android14-11-SAGA,49646d1b0cd1,cc_governor,cc_governor,183728,54648,329950,445146,146230,451,57636,23292,133833,175022,76203,4365,adios,0,adios,0,adios,0,45.8,46.1,,36.0,48.7,40.0,100,4354000,-480900,35.0,,,17.98,122604,,1,2000
1790423162,2026-09-26T11:46:02Z,214650,1790208587,6.1.187-android14-11-SAGA,49646d1b0cd1,cc_governor,cc_governor,191622,60107,354136,477534,162522,461,57957,24860,138800,181840,80850,4741,adios,0,adios,0,adios,0,44.9,45.2,,35.0,48.4,39.8,100,4365000,-708600,35.0,,,17.82,112148,,1,2000
1790423197,2026-09-26T11:46:37Z,214685,1790208587,6.1.187-android14-11-SAGA,49646d1b0cd1,cc_governor,cc_governor,199895,67543,376315,510002,176424,470,58163,26948,142613,188106,84459,5136,adios,0,adios,0,adios,0,45.5,46.6,,35.0,48.1,39.8,100,4362000,-521800,36.0,,,17.38,118968,,1,2000
1790423232,2026-09-26T11:47:12Z,214721,1790208587,6.1.187-android14-11-SAGA,49646d1b0cd1,cc_governor,cc_governor,209396,75559,398777,543523,189402,479,59135,29582,147399,196094,88275,5535,adios,0,adios,0,adios,0,45.4,45.5,,35.0,48.7,40.0,100,4370000,-436400,35.0,,,17.44,111036,,1,2000
1790423268,2026-09-26T11:47:48Z,214756,1790208587,6.1.187-android14-11-SAGA,49646d1b0cd1,cc_governor,cc_governor,217315,84309,419256,575752,201944,488,59298,32215,150427,202012,91135,5953,adios,0,adios,0,adios,0,44.7,45.0,,35.0,49.0,39.9,100,4372000,-474800,36.0,,,17.48,121752,,1,2000
1790423303,2026-09-26T11:48:23Z,214791,1790208587,6.1.187-android14-11-SAGA,49646d1b0cd1,cc_governor,cc_governor,224706,94037,438024,607081,213320,496,59515,34770,153600,208043,94091,6377,adios,0,adios,0,adios,0,45.6,45.2,,36.0,48.1,39.9,100,4363000,-494900,36.0,,,17.84,116888,,1,2000
1790423338,2026-09-26T11:48:58Z,214827,1790208587,6.1.187-android14-11-SAGA,49646d1b0cd1,cc_governor,cc_governor,233127,101150,460612,639864,227500,505,59712,36902,157128,213879,97422,6779,adios,0,adios,0,adios,0,45.0,45.8,,36.0,48.6,40.0,100,4350000,-784300,36.0,,,17.12,120724,,1,2000
1790423374,2026-09-26T11:49:34Z,214862,1790208587,6.1.187-android14-11-SAGA,49646d1b0cd1,cc_governor,cc_governor,241770,108143,483505,672834,241758,522,59889,38916,160966,220021,101081,7178,adios,0,adios,0,adios,0,45.1,48.0,,36.0,50.3,40.1,100,4363000,-520600,36.0,,,17.06,115012,,1,2000
1790423409,2026-09-26T11:50:09Z,214897,1790208587,6.1.187-android14-11-SAGA,49646d1b0cd1,cc_governor,cc_governor,250544,116443,505269,706251,254715,537,60163,41384,164546,226279,104391,7573,adios,0,adios,0,adios,0,45.6,46.2,,36.0,48.4,40.2,100,4356000,-449200,36.0,,,16.75,113768,,1,2000
1790423444,2026-09-26T11:50:44Z,214933,1790208587,6.1.187-android14-11-SAGA,49646d1b0cd1,cc_governor,cc_governor,258994,125249,525973,738790,266979,554,60391,44027,167616,232242,107225,7978,adios,0,adios,0,adios,0,44.8,46.7,,36.0,49.4,40.3,100,4349000,-703700,36.0,,,17.12,108704,,1,2000
1790423480,2026-09-26T11:51:20Z,214968,1790208587,6.1.187-android14-11-SAGA,49646d1b0cd1,cc_governor,cc_governor,267096,134296,546274,771319,279176,570,60786,46801,170866,238567,110080,8379,adios,0,adios,0,adios,0,45.5,46.3,,36.0,50.0,40.3,100,4366000,-845300,36.0,,,17.46,96168,,1,2000
1790423515,2026-09-26T11:51:55Z,215003,1790208587,6.1.187-android14-11-SAGA,49646d1b0cd1,cc_governor,cc_governor,275509,143687,566324,803890,290807,588,60994,49710,173651,244501,112657,8769,adios,0,adios,0,adios,0,45.4,49.3,,36.0,49.5,40.3,100,4361000,-554100,36.0,,,17.30,119340,,1,2000
1790423551,2026-09-26T11:52:31Z,215039,1790208587,6.1.187-android14-11-SAGA,49646d1b0cd1,cc_governor,cc_governor,283695,151219,588360,836752,304683,603,61312,52055,177450,250859,116148,9160,adios,0,adios,0,adios,0,45.6,45.6,,36.0,48.5,40.4,100,4358000,-872100,36.0,,,17.31,117172,,1,2000
1790423586,2026-09-26T11:53:06Z,215074,1790208587,6.1.187-android14-11-SAGA,49646d1b0cd1,cc_governor,cc_governor,292580,156642,613201,870185,320594,617,61693,53735,181764,257107,120071,9577,adios,0,adios,0,adios,0,46.2,46.0,,36.0,48.4,40.5,100,4351000,-981400,36.0,,,17.46,117604,,1,2000
1790423621,2026-09-26T11:53:41Z,215110,1790208587,6.1.187-android14-11-SAGA,49646d1b0cd1,cc_governor,cc_governor,300684,165254,633658,902289,332974,628,61984,56413,184995,263255,123011,9975,adios,0,adios,0,adios,0,46.0,46.7,,36.0,49.1,40.5,100,4345000,-734200,36.0,,,17.76,121796,,1,2000
1790423656,2026-09-26T11:54:17Z,215145,1790208587,6.1.187-android14-11-SAGA,49646d1b0cd1,cc_governor,cc_governor,308798,173341,654848,934769,346053,641,62798,58881,189167,270403,126375,10387,adios,0,adios,0,adios,0,45.8,46.0,,36.0,51.3,40.7,100,4360000,-447900,36.0,,,17.29,146960,,1,2000
1790423692,2026-09-26T11:54:52Z,215180,1790208587,6.1.187-android14-11-SAGA,49646d1b0cd1,cc_governor,cc_governor,316655,181795,675480,966826,358820,653,63105,61486,192658,276624,129559,10779,adios,0,adios,0,adios,0,45.9,48.3,,37.0,48.8,40.7,100,4359000,-372300,37.0,,,17.17,139624,,1,2000
1790423727,2026-09-26T11:55:27Z,215215,1790208587,6.1.187-android14-11-SAGA,49646d1b0cd1,cc_governor,cc_governor,325052,190263,696542,999553,371500,665,63286,64181,195851,282659,132575,11171,adios,0,adios,0,adios,0,46.0,45.8,,37.0,48.9,40.8,100,4362000,-347900,36.0,,,17.50,113900,,1,2000
1790423762,2026-09-26T11:56:02Z,215251,1790208587,6.1.187-android14-11-SAGA,49646d1b0cd1,cc_governor,cc_governor,334676,195434,722285,1033599,387614,676,63865,65889,200775,289771,136920,11578,adios,0,adios,0,adios,0,49.6,48.7,,37.0,51.3,41.2,100,4357000,-379000,37.0,,,17.19,129824,,1,2000
1790423798,2026-09-26T11:56:38Z,215286,1790208587,6.1.187-android14-11-SAGA,49646d1b0cd1,cc_governor,cc_governor,344105,201117,747196,1067439,403101,689,64486,67426,205615,296480,141133,11993,adios,0,adios,0,adios,0,46.6,46.4,,37.0,50.5,41.0,100,4352000,-510200,37.0,,,17.73,150436,,1,2000
1790423833,2026-09-26T11:57:13Z,215321,1790208587,6.1.187-android14-11-SAGA,49646d1b0cd1,cc_governor,cc_governor,351454,213080,763529,1098675,412023,696,64841,71030,208205,302877,143385,12381,adios,0,adios,0,adios,0,48.3,47.5,,37.0,51.0,41.2,100,4352000,-500400,37.0,,,17.20,96176,,1,2000
1790423869,2026-09-26T11:57:49Z,215357,1790208587,6.1.187-android14-11-SAGA,49646d1b0cd1,cc_governor,cc_governor,360573,220122,786363,1131559,425783,707,65200,73293,212280,309338,147087,12778,adios,0,adios,0,adios,0,46.3,48.7,,37.0,51.3,41.1,100,4312000,-866000,37.0,,,17.62,96164,,1,2000
1790423904,2026-09-26T11:58:24Z,215392,1790208587,6.1.187-android14-11-SAGA,49646d1b0cd1,cc_governor,cc_governor,368803,227536,808246,1163945,439424,723,65677,75826,216139,315992,150462,13189,adios,0,adios,0,adios,0,46.2,46.5,,37.0,49.6,41.3,100,4349000,-510200,37.0,,,17.72,123704,,1,2000
1790423939,2026-09-26T11:58:59Z,215428,1790208587,6.1.187-android14-11-SAGA,49646d1b0cd1,cc_governor,cc_governor,377260,235979,829647,1196759,452387,734,65837,78446,219333,321950,153507,13589,adios,0,adios,0,adios,0,46.2,46.7,,37.0,49.5,41.3,100,4354000,-432700,37.0,,,17.13,141552,,1,2000
1790423975,2026-09-26T11:59:35Z,215463,1790208587,6.1.187-android14-11-SAGA,49646d1b0cd1,cc_governor,cc_governor,386189,243681,851769,1229562,465560,750,66088,81084,222753,328175,156665,13986,adios,0,adios,0,adios,0,46.2,48.5,,37.0,50.4,41.3,100,4359000,-363700,37.0,,,17.76,140624,,1,2000
1790424010,2026-09-26T12:00:10Z,215498,1790208587,6.1.187-android14-11-SAGA,49646d1b0cd1,cc_governor,cc_governor,395287,249041,876572,1262745,481291,762,66590,82647,227126,334234,160546,14393,adios,0,adios,0,adios,0,47.8,47.0,,37.0,50.5,41.3,100,4339000,-721400,37.0,,,17.42,124200,,1,2000
1790424045,2026-09-26T12:00:45Z,215533,1790208587,6.1.187-android14-11-SAGA,49646d1b0cd1,cc_governor,cc_governor,403653,257180,898104,1295381,494469,773,66930,84982,230664,340227,163743,14780,adios,0,adios,0,adios,0,46.6,46.6,,37.0,49.1,41.2,99,4346000,-703700,37.0,,,17.77,101796,,1,2000
1790424080,2026-09-26T12:01:20Z,215569,1790208587,6.1.187-android14-11-SAGA,49646d1b0cd1,cc_governor,cc_governor,411858,265556,918901,1327556,507041,789,67205,87729,233938,346726,166709,15170,adios,0,adios,0,adios,0,46.9,47.1,,37.0,50.1,41.4,99,4348000,-1033900,37.0,,,17.59,93196,,1,2000
1790424116,2026-09-26T12:01:56Z,215604,1790208587,6.1.187-android14-11-SAGA,49646d1b0cd1,cc_governor,cc_governor,420330,272609,941496,1360375,521166,803,67670,89958,237718,352911,170048,15563,adios,0,adios,0,adios,0,46.7,48.9,,37.0,49.9,41.3,99,4350000,-447900,37.0,,,17.41,118112,,1,2000
1790424151,2026-09-26T12:02:31Z,215639,1790208587,6.1.187-android14-11-SAGA,49646d1b0cd1,cc_governor,cc_governor,428674,280574,962996,1392828,534321,816,67841,92471,241085,358920,173244,15963,adios,0,adios,0,adios,0,46.5,48.9,45.4,37.0,64.8,43.2,99,4292000,-977100,37.0,,,18.83,118520,,1,2000
1790424189,2026-09-26T12:03:09Z,215677,1790208587,6.1.187-android14-11-SAGA,49646d1b0cd1,cc_governor,cc_governor,443171,284267,989025,1426106,545854,889,77161,94070,255311,377496,178150,16513,adios,0,adios,0,adios,0,47.6,47.2,,37.0,53.2,41.4,99,4362000,-537700,37.0,,,18.72,142096,,1,2000
1790424224,2026-09-26T12:03:44Z,215712,1790208587,6.1.187-android14-11-SAGA,49646d1b0cd1,cc_governor,cc_governor,450851,292013,1001284,1446960,550433,902,79639,96152,258994,384059,179355,16854,adios,0,adios,0,adios,0,47.0,46.5,,37.0,61.2,41.2,99,4363000,-195900,37.0,,,17.49,115052,,1,2000
1790424327,2026-09-26T12:05:27Z,215816,1790208587,6.1.187-android14-11-SAGA,49646d1b0cd1,cc_governor,cc_governor,5,0,261,310,267,0,328,0,425,434,102,21,adios,0,adios,0,adios,0,41.6,43.3,,36.0,50.4,39.1,99,4355000,-505300,36.0,,,16.58,125588,,1,2000
1790424394,2026-09-26T12:06:34Z,215882,1790208587,6.1.187-android14-11-SAGA,49646d1b0cd1,cc_governor,cc_governor,1,0,64,71,72,0,18,0,62,64,49,16,adios,0,adios,0,adios,0,42.7,43.8,,36.0,43.7,38.3,99,4351000,-496800,36.0,,,16.60,128816,,1,2000
1790424475,2026-09-26T12:07:55Z,215963,1790208587,6.1.187-android14-11-SAGA,49646d1b0cd1,cc_governor,cc_governor,6,0,282,304,286,1,43,0,91,95,52,15,adios,0,adios,0,adios,0,41.4,42.1,,36.0,41.6,37.9,99,4362000,-359400,36.0,,,79.48,117564,,1,2000
1790424629,2026-09-26T12:10:29Z,216117,1790208587,6.1.187-android14-11-SAGA,49646d1b0cd1,cc_governor,cc_governor,3417,90,4560,5479,1160,3,1981,63,3079,3448,1101,33,adios,0,adios,0,adios,0,51.0,58.3,51.6,35.0,63.0,41.8,99,4311000,-1588700,35.0,,,54.33,159272,,1,2000
1790424667,2026-09-26T12:11:07Z,216155,1790208587,6.1.187-android14-11-SAGA,49646d1b0cd1,cc_governor,cc_governor,20527,10417,31589,47186,11062,72,6994,3137,13794,18229,6800,567,adios,0,adios,0,adios,0,44.2,48.1,,35.0,48.1,39.3,99,4345000,-458300,35.0,,,38.06,138416,,1,2000
1790424702,2026-09-26T12:11:42Z,216190,1790208587,6.1.187-android14-11-SAGA,49646d1b0cd1,cc_governor,cc_governor,23655,26241,37631,70460,13964,85,7654,5983,15184,22535,7547,974,adios,0,adios,0,adios,0,49.1,46.7,44.5,35.0,50.5,39.7,99,4327000,-1102900,35.0,,,29.84,90112,,1,2000
1790424738,2026-09-26T12:12:18Z,216226,1790208587,6.1.187-android14-11-SAGA,49646d1b0cd1,cc_governor,cc_governor,43369,33660,70868,117821,27510,123,10509,8926,25314,36004,14811,1403,adios,0,adios,0,adios,0,46.7,49.7,45.5,35.0,50.3,40.4,98,4336000,-781800,35.0,,,25.42,132944,,1,2000
1790424774,2026-09-26T12:12:54Z,216262,1790208587,6.1.187-android14-11-SAGA,49646d1b0cd1,cc_governor,cc_governor,61542,42500,100288,161326,38712,154,20292,13284,40773,57025,20481,1837,adios,0,adios,0,adios,0,47.9,47.4,44.5,35.0,48.0,40.3,98,4340000,-440000,35.0,,,23.83,97528,,1,2000
1790424809,2026-09-26T12:13:29Z,216298,1790208587,6.1.187-android14-11-SAGA,49646d1b0cd1,cc_governor,cc_governor,73364,57194,116480,194802,43091,180,26573,18459,49239,71098,22666,2233,adios,0,adios,0,adios,1,49.9,49.2,47.2,35.0,49.7,40.5,98,4341000,-462000,35.0,,,20.81,176704,,1,2000
1790424846,2026-09-26T12:14:06Z,216334,1790208587,6.1.187-android14-11-SAGA,49646d1b0cd1,cc_governor,cc_governor,89546,71407,138814,236436,49262,206,29103,23834,55027,82665,25924,2659,adios,0,adios,0,adios,0,49.1,48.7,45.4,35.0,51.4,40.5,98,4324000,-661600,35.0,,,19.56,93844,,1,2000
1790424881,2026-09-26T12:14:41Z,216370,1790208587,6.1.187-android14-11-SAGA,49646d1b0cd1,cc_governor,cc_governor,109416,72928,177399,284217,68006,237,32845,24234,70158,99204,37324,3071,adios,0,adios,0,adios,0,48.9,52.9,,35.0,54.1,41.6,98,4319000,-633500,35.0,,,20.35,252004,,1,2000
1790424917,2026-09-26T12:15:17Z,216405,1790208587,6.1.187-android14-11-SAGA,49646d1b0cd1,cc_governor,cc_governor,133251,82298,211277,334604,78046,262,35538,27785,78176,111125,42643,3516,adios,0,adios,0,adios,0,47.8,51.6,46.8,35.0,52.9,41.1,98,4312000,-707300,36.0,,,19.56,225780,,1,2000
1790424953,2026-09-26T12:15:53Z,216441,1790208587,6.1.187-android14-11-SAGA,49646d1b0cd1,cc_governor,cc_governor,155272,85835,249993,385165,94736,300,40769,29706,92521,129577,51752,3949,adios,0,adios,0,adios,0,48.4,48.7,46.4,36.0,50.6,41.4,98,4334000,-469300,36.0,,,19.72,139152,,1,2000
1790424989,2026-09-26T12:16:29Z,216477,1790208587,6.1.187-android14-11-SAGA,49646d1b0cd1,cc_governor,cc_governor,176693,100398,276692,432641,99986,330,43619,35769,97676,141247,54057,4363,adios,0,adios,0,adios,0,46.8,51.1,47.5,36.0,52.1,41.3,98,4325000,-582200,36.0,,,19.64,98592,,1,2000
1790425025,2026-09-26T12:17:05Z,216513,1790208587,6.1.187-android14-11-SAGA,49646d1b0cd1,cc_governor,cc_governor,198065,110744,306814,479251,108732,365,51700,41333,110457,161446,58775,4781,adios,0,adios,0,adios,0,49.3,47.6,,36.0,51.0,40.9,97,4329000,-361900,36.0,,,19.00,162132,,1,2000
1790425060,2026-09-26T12:17:40Z,216548,1790208587,6.1.187-android14-11-SAGA,49646d1b0cd1,cc_governor,cc_governor,217633,119345,336701,523188,119031,400,63453,45174,129389,185087,65938,5136,adios,0,adios,0,adios,0,50.8,51.9,,36.0,63.8,43.4,97,4273000,-1243200,36.0,,,21.38,15576,,1,2000
1790425098,2026-09-26T12:18:18Z,216586,1790208587,6.1.187-android14-11-SAGA,49646d1b0cd1,cc_governor,cc_governor,236640,121812,372836,567914,136171,528,73992,46596,149001,208887,75002,5700,adios,0,adios,0,adios,0,49.1,50.8,46.2,36.0,53.0,41.9,97,4308000,-1068100,36.0,,,20.47,104772,,1,2000
1790425133,2026-09-26T12:18:53Z,216622,1790208587,6.1.187-android14-11-SAGA,49646d1b0cd1,cc_governor,cc_governor,252101,125690,404972,609039,152861,553,77816,48483,159216,222314,81398,6128,adios,0,adios,0,adios,0,48.0,49.1,,37.0,52.9,42.0,97,4317000,-1154700,36.0,,,20.59,119484,,1,2000
1790425169,2026-09-26T12:19:29Z,216658,1790208587,6.1.187-android14-11-SAGA,49646d1b0cd1,cc_governor,cc_governor,265759,130552,434725,650740,168964,571,84115,50814,176811,244056,92696,6554,adios,0,adios,0,adios,0,50.1,52.5,50.8,36.0,52.8,42.4,97,4322000,-538900,37.0,,,19.29,73456,,1,2000
1790425205,2026-09-26T12:20:05Z,216694,1790208587,6.1.187-android14-11-SAGA,49646d1b0cd1,cc_governor,cc_governor,281667,135258,466579,692700,184938,593,90562,53008,191700,262884,101157,6984,adios,0,adios,0,adios,0,49.2,49.7,46.6,36.0,52.8,41.9,97,4326000,-507800,37.0,,,20.71,117128,,1,2000
1790425241,2026-09-26T12:20:41Z,216729,1790208587,6.1.187-android14-11-SAGA,49646d1b0cd1,cc_governor,cc_governor,296230,144178,493688,732549,197451,604,92234,56102,198693,273285,106459,7403,adios,0,adios,0,adios,0,53.7,52.6,,36.0,63.8,43.0,97,4279000,-1242000,36.0,,,25.56,119340,,1,2000
1790425278,2026-09-26T12:21:18Z,216766,1790208587,6.1.187-android14-11-SAGA,49646d1b0cd1,cc_governor,cc_governor,316490,147280,528568,776931,212064,690,102123,57694,215800,296197,113669,7933,adios,0,adios,0,adios,0,53.9,54.3,49.1,37.0,56.7,43.2,97,4288000,-1177900,36.0,,,23.45,141588,,1,2000
1790425314,2026-09-26T12:21:54Z,216803,1790208587,6.1.187-android14-11-SAGA,49646d1b0cd1,cc_governor,cc_governor,1580,3221,5267,9020,3701,9,1624,501,2625,4059,1005,56,adios,0,adios,0,adios,0,48.3,50.2,,36.0,52.4,41.6,96,4325000,-620700,36.0,,,22.22,136676,,1,2000
1790425350,2026-09-26T12:22:30Z,216838,1790208587,6.1.187-android14-11-SAGA,49646d1b0cd1,cc_governor,cc_governor,12646,9165,23113,33813,10466,23,6354,2581,9770,14717,3416,397,adios,0,adios,0,adios,0,47.4,47.3,,36.0,50.5,40.9,96,4332000,-357000,36.0,,,19.91,119816,,1,2000
1790425396,2026-09-26T12:23:16Z,216885,1790208587,6.1.187-android14-11-SAGA,49646d1b0cd1,cc_governor,cc_governor,9855,1035,15813,18557,5962,21,3789,373,6607,8223,2823,82,adios,0,adios,0,adios,0,49.9,49.6,,36.0,49.6,41.2,96,4310000,-535800,36.0,,,19.11,209844,,1,2000
1790425432,2026-09-26T12:23:52Z,216920,1790208587,6.1.187-android14-11-SAGA,49646d1b0cd1,cc_governor,cc_governor,22186,14168,34807,53902,12643,62,4927,6662,11893,19976,6973,468,adios,0,adios,0,adios,0,48.0,47.9,,36.0,51.8,40.8,96,4319000,-602400,36.0,,,19.21,144304,,1,2000
1790425520,2026-09-26T12:25:20Z,217008,1790208587,6.1.187-android14-11-SAGA,49646d1b0cd1,cc_governor,cc_governor,5,57,5,72,0,0,19,40,19,64,0,15,adios,0,adios,0,adios,0,41.5,41.7,,35.0,41.1,37.3,96,4330000,-316100,35.0,,,18.29,159092,,1,2000
1790425656,2026-09-26T12:27:36Z,217144,1790208587,6.1.187-android14-11-SAGA,49646d1b0cd1,cc_governor,cc_governor,7204,311,11478,13092,4260,18,2984,310,6251,6865,3267,50,adios,0,adios,0,adios,0,43.5,46.2,,34.0,46.5,37.7,96,4304000,-698800,34.0,,,18.46,125168,,1,2000
1790425692,2026-09-26T12:28:12Z,217180,1790208587,6.1.187-android14-11-SAGA,49646d1b0cd1,cc_governor,cc_governor,10308,12776,18253,33446,7945,34,3579,3181,7335,10961,3756,442,adios,0,adios,0,adios,0,41.3,42.0,,34.0,44.0,37.0,96,4317000,-549900,34.0,,,17.91,119616,,1,2000
1790425727,2026-09-26T12:28:47Z,217215,1790208587,6.1.187-android14-11-SAGA,49646d1b0cd1,cc_governor,cc_governor,12225,20446,27491,51114,15266,48,4339,4803,8957,14401,4618,822,adios,0,adios,0,adios,0,41.3,41.4,,34.0,44.6,37.0,96,4324000,-305700,34.0,,,17.68,106988,,1,2000
1790425762,2026-09-26T12:29:22Z,217251,1790208587,6.1.187-android14-11-SAGA,49646d1b0cd1,cc_governor,cc_governor,23984,28196,49824,88686,25801,80,10258,8203,22008,33088,11784,1185,adios,0,adios,0,adios,0,46.1,47.0,43.6,34.0,49.0,39.1,96,4304000,-634700,34.0,,,17.75,99072,,1,2000
1790425798,2026-09-26T12:29:58Z,217287,1790208587,6.1.187-android14-11-SAGA,49646d1b0cd1,cc_governor,cc_governor,35824,39784,70803,129511,35000,125,12381,15415,30431,49162,18052,1593,adios,0,adios,0,adios,0,44.8,44.8,43.0,34.0,56.6,39.8,96,4266000,-1340300,34.0,,,18.69,405440,,1,2000
1790425835,2026-09-26T12:30:35Z,217324,1790208587,6.1.187-android14-11-SAGA,49646d1b0cd1,cc_governor,cc_governor,48236,48478,95865,172784,47629,198,16959,21275,42744,68856,25782,2069,adios,0,adios,0,adios,0,47.3,47.1,44.7,34.0,59.4,40.2,95,4309000,-509000,34.0,,,18.65,126632,,1,2000
1790425872,2026-09-26T12:31:12Z,217361,1790208587,6.1.187-android14-11-SAGA,49646d1b0cd1,cc_governor,cc_governor,58570,54877,121266,212586,62710,264,19811,24878,55542,85963,35743,2511,adios,0,adios,0,adios,0,45.1,44.7,,35.0,47.9,39.5,95,4315000,-445500,35.0,,,20.55,311332,,1,2000
1790425908,2026-09-26T12:31:48Z,217397,1790208587,6.1.187-android14-11-SAGA,49646d1b0cd1,cc_governor,cc_governor,67402,64370,141007,247782,73577,310,23909,30906,67691,104743,43798,2906,adios,0,adios,0,adios,0,45.8,45.9,44.0,35.0,52.1,39.9,95,4310000,-437600,35.0,,,19.72,179804,,1,2000
1790425944,2026-09-26T12:32:24Z,217433,1790208587,6.1.187-android14-11-SAGA,49646d1b0cd1,cc_governor,cc_governor,79266,78805,158913,287993,79621,366,27080,40644,75578,122999,48494,3336,adios,0,adios,0,adios,0,46.3,46.6,43.9,35.0,48.2,39.8,95,4309000,-389400,35.0,,,20.10,186568,,1,2000
1790425980,2026-09-26T12:33:00Z,217469,1790208587,6.1.187-android14-11-SAGA,49646d1b0cd1,cc_governor,cc_governor,87500,92010,173991,324702,86491,396,30526,46230,82062,135682,51536,3728,adios,0,adios,0,adios,0,45.9,45.7,,35.0,49.9,39.7,95,4296000,-686000,35.0,,,18.88,101476,,1,2000
1790426016,2026-09-26T12:33:36Z,217504,1790208587,6.1.187-android14-11-SAGA,49646d1b0cd1,cc_governor,cc_governor,94810,110959,184086,362218,89273,422,32825,54918,85244,148082,52419,4095,adios,0,adios,0,adios,0,44.7,47.6,,35.0,56.0,39.4,95,4300000,-560300,35.0,,,18.57,133820,,1,2000
1790426051,2026-09-26T12:34:11Z,217540,1790208587,6.1.187-android14-11-SAGA,49646d1b0cd1,cc_governor,cc_governor,101665,127902,195668,398560,94002,440,33610,61051,87858,157089,54248,4478,adios,0,adios,0,adios,0,44.0,47.2,,35.0,47.9,39.0,95,4292000,-394200,35.0,,,18.59,113244,,1,2000
1790426087,2026-09-26T12:34:47Z,217575,1790208587,6.1.187-android14-11-SAGA,49646d1b0cd1,cc_governor,cc_governor,110599,139285,214756,437288,104157,462,35828,65440,94395,169019,58567,4868,adios,0,adios,0,adios,0,44.6,45.2,,35.0,48.5,39.4,95,4298000,-548700,35.0,,,18.22,107624,,1,2000
1790426122,2026-09-26T12:35:22Z,217611,1790208587,6.1.187-android14-11-SAGA,49646d1b0cd1,cc_governor,cc_governor,119894,155155,228837,475235,108933,500,40538,76282,102831,189650,62293,5235,adios,0,adios,0,adios,0,49.0,47.6,44.4,35.0,51.0,40.1,95,4297000,-466900,35.0,,,18.37,102512,,1,2000
1790426158,2026-09-26T12:35:58Z,217647,1790208587,6.1.187-android14-11-SAGA,49646d1b0cd1,cc_governor,cc_governor,131990,169902,247272,515354,115282,554,48390,86341,116673,214421,68283,5649,adios,0,adios,0,adios,0,46.1,46.0,,35.0,49.7,40.1,95,4306000,-418700,35.0,,,19.22,119868,,1,2000
1790426194,2026-09-26T12:36:34Z,217683,1790208587,6.1.187-android14-11-SAGA,49646d1b0cd1,cc_governor,cc_governor,140983,186297,261573,553797,120582,580,51375,94047,121917,228151,70535,6091,adios,0,adios,0,adios,0,46.5,48.4,45.1,35.0,50.2,39.9,95,4303000,-388700,35.0,,,19.29,98428,,1,2000
1790426230,2026-09-26T12:37:10Z,217719,1790208587,6.1.187-android14-11-SAGA,49646d1b0cd1,cc_governor,cc_governor,151419,197431,281970,592980,130566,616,60068,100943,137378,252304,77322,6500,adios,0,adios,0,adios,0,48.2,48.1,44.8,35.0,49.5,40.1,94,4306000,-382600,35.0,,,19.28,121560,,1,2000
1790426266,2026-09-26T12:37:46Z,217755,1790208587,6.1.187-android14-11-SAGA,49646d1b0cd1,cc_governor,cc_governor,163284,210273,302073,633713,138739,665,72000,110497,155892,282641,83870,6907,adios,0,adios,0,adios,0,47.8,48.5,45.2,35.0,53.2,40.6,94,4290000,-440000,35.0,,,19.71,77496,,1,2000
1790426303,2026-09-26T12:38:23Z,217791,1790208587,6.1.187-android14-11-SAGA,49646d1b0cd1,cc_governor,cc_governor,176592,223516,323668,677423,147081,712,91936,119595,182481,321376,90557,7397,adios,0,adios,0,adios,0,46.0,46.8,44.6,35.0,51.3,40.2,94,4297000,-509000,36.0,,,19.66,122800,,1,2000
1790426339,2026-09-26T12:38:59Z,217827,1790208587,6.1.187-android14-11-SAGA,49646d1b0cd1,cc_governor,cc_governor,186047,241238,336566,715293,150519,727,96362,129156,188770,337999,92408,7833,adios,0,adios,0,adios,0,45.1,46.3,,36.0,47.6,39.7,94,4300000,-369800,36.0,,,19.14,139872,,1,2000
1790426374,2026-09-26T12:39:34Z,217863,1790208587,6.1.187-android14-11-SAGA,49646d1b0cd1,cc_governor,cc_governor,193349,257300,349762,752926,156381,748,99010,137098,194153,351928,95097,8223,adios,0,adios,0,adios,0,48.4,49.6,45.1,35.0,50.9,40.4,94,4275000,-745800,35.0,,,19.33,132384,,1,2000
1790426411,2026-09-26T12:40:11Z,217899,1790208587,6.1.187-android14-11-SAGA,49646d1b0cd1,cc_governor,cc_governor,206163,275843,365395,795216,159225,799,126655,151797,223756,400084,97101,8669,adios,0,adios,0,adios,0,49.0,50.3,,35.0,53.3,40.9,94,4274000,-859300,35.0,,,19.49,118008,,1,2000
1790426447,2026-09-26T12:40:47Z,217935,1790208587,6.1.187-android14-11-SAGA,49646d1b0cd1,cc_governor,cc_governor,222797,292250,386070,840637,163260,863,153098,165196,253213,446927,100114,9092,adios,0,adios,0,adios,0,47.8,47.6,45.7,36.0,53.7,40.9,94,4285000,-684800,36.0,,,20.45,108308,,1,2000
1790426483,2026-09-26T12:41:23Z,217971,1790208587,6.1.187-android14-11-SAGA,49646d1b0cd1,cc_governor,cc_governor,233830,304431,406188,880165,172349,887,156558,171847,261583,462650,104975,9517,adios,0,adios,0,adios,0,48.4,48.0,45.0,36.0,51.1,40.8,94,4289000,-581000,36.0,,,19.53,70680,,1,2000
1790426520,2026-09-26T12:42:00Z,218008,1790208587,6.1.187-android14-11-SAGA,49646d1b0cd1,cc_governor,cc_governor,243608,318837,423995,921010,180387,903,160144,180330,268308,478467,108164,9985,adios,0,adios,0,adios,0,45.9,46.0,44.0,36.0,48.5,40.1,94,4301000,-347900,36.0,,,19.24,159300,,1,2000
1790426555,2026-09-26T12:42:35Z,218044,1790208587,6.1.187-android14-11-SAGA,49646d1b0cd1,cc_governor,cc_governor,250850,335615,436281,958596,185420,926,161716,188383,272557,491213,110815,10380,adios,0,adios,0,adios,0,47.1,47.9,45.4,36.0,54.2,40.8,94,4288000,-697000,36.0,,,20.25,154628,,1,2000
1790426592,2026-09-26T12:43:12Z,218080,1790208587,6.1.187-android14-11-SAGA,49646d1b0cd1,cc_governor,cc_governor,274748,340710,474448,1011905,199718,970,180151,192480,301900,529089,121765,10851,adios,0,adios,0,adios,0,48.5,47.8,45.9,36.0,51.4,41.6,93,4290000,-488800,36.0,,,21.10,163912,,1,2000
1790426628,2026-09-26T12:43:48Z,218116,1790208587,6.1.187-android14-11-SAGA,49646d1b0cd1,cc_governor,cc_governor,285260,352959,493008,1049278,207748,1013,198350,201436,325898,565182,127542,11231,adios,0,adios,0,adios,0,48.7,49.1,,36.0,50.7,41.3,93,4287000,-466900,36.0,,,20.53,99168,,1,2000
1790426663,2026-09-26T12:44:23Z,218152,1790208587,6.1.187-android14-11-SAGA,49646d1b0cd1,cc_governor,cc_governor,292729,372282,502561,1086067,209795,1043,205448,212511,333814,585382,128337,11617,adios,0,adios,0,adios,0,49.8,48.6,45.5,36.0,50.1,40.9,93,4291000,-426000,36.0,,,20.18,92988,,1,2000
1790426699,2026-09-26T12:44:59Z,218188,1790208587,6.1.187-android14-11-SAGA,49646d1b0cd1,cc_governor,cc_governor,303767,387177,519554,1125766,215807,1077,220646,222626,353794,618078,133170,12023,adios,0,adios,0,adios,0,47.1,47.2,,36.0,49.1,40.8,93,4281000,-430200,36.0,,,19.61,84384,,1,2000
1790426735,2026-09-26T12:45:35Z,218223,1790208587,6.1.187-android14-11-SAGA,49646d1b0cd1,cc_governor,cc_governor,312184,403210,533441,1164472,221247,1097,224237,231083,360323,634087,136086,12417,adios,0,adios,0,adios,0,46.2,48.0,45.0,36.0,49.3,40.7,93,4254000,-1074800,36.0,,,18.76,118252,,1,2000
1790426771,2026-09-26T12:46:11Z,218259,1790208587,6.1.187-android14-11-SAGA,49646d1b0cd1,cc_governor,cc_governor,338675,412185,569703,1217779,230905,1126,231589,236302,374091,654984,142496,12892,adios,0,adios,0,adios,0,53.0,52.6,47.1,36.0,53.1,41.4,93,4283000,-660400,36.0,,,19.68,193120,,1,2000
1790426807,2026-09-26T12:46:47Z,218295,1790208587,6.1.187-android14-11-SAGA,49646d1b0cd1,cc_governor,cc_governor,349271,427302,585445,1255395,236173,1148,235532,243584,380854,669792,145322,13287,adios,0,adios,0,adios,0,45.6,45.6,43.8,36.0,50.3,40.2,93,4282000,-516900,36.0,,,18.61,153684,,1,2000
1790426843,2026-09-26T12:47:23Z,218331,1790208587,6.1.187-android14-11-SAGA,49646d1b0cd1,cc_governor,cc_governor,356847,438206,604756,1294737,247909,1161,236408,248590,386946,681279,150538,13686,adios,0,adios,0,adios,0,45.6,45.4,43.4,36.0,48.9,39.9,93,4288000,-455300,36.0,,,18.40,167720,,1,2000
1790426879,2026-09-26T12:47:59Z,218367,1790208587,6.1.187-android14-11-SAGA,49646d1b0cd1,cc_governor,cc_governor,364506,454350,618373,1333485,253857,1174,237428,256107,390862,692950,153434,14090,adios,0,adios,0,adios,0,45.9,46.8,44.3,36.0,51.5,40.3,93,4270000,-740900,36.0,,,18.39,119256,,1,2000
1790426915,2026-09-26T12:48:35Z,218403,1790208587,6.1.187-android14-11-SAGA,49646d1b0cd1,cc_governor,cc_governor,376208,471037,635432,1376817,259222,1200,242202,266683,399214,713079,157012,14581,adios,0,adios,0,adios,0,45.6,46.0,43.5,36.0,51.1,40.0,93,4276000,-507800,36.0,,,18.43,85320,,1,2000
1790426951,2026-09-26T12:49:11Z,218439,1790208587,6.1.187-android14-11-SAGA,49646d1b0cd1,cc_governor,cc_governor,386621,486228,651460,1415298,264826,1237,251095,277809,412566,738962,161464,14969,adios,0,adios,0,adios,0,46.2,47.7,44.2,36.0,48.3,40.2,92,4285000,-401600,36.0,,,18.37,106940,,1,2000
1790426986,2026-09-26T12:49:46Z,218474,1790208587,6.1.187-android14-11-SAGA,49646d1b0cd1,cc_governor,cc_governor,395731,497033,671048,1452535,275301,1256,253445,283695,418415,751287,164969,15356,adios,0,adios,0,adios,0,45.4,45.8,43.6,36.0,49.7,39.9,92,4265000,-426000,36.0,,,18.07,80208,,1,2000
1790427022,2026-09-26T12:50:22Z,218510,1790208587,6.1.187-android14-11-SAGA,49646d1b0cd1,cc_governor,cc_governor,403816,515377,682955,1492161,279138,1273,254113,291883,420666,762001,166553,15752,adios,0,adios,0,adios,0,44.9,46.4,43.0,36.0,49.4,39.7,92,4287000,-515700,36.0,,,18.47,86900,,1,2000
1790427057,2026-09-26T12:50:57Z,218546,1790208587,6.1.187-android14-11-SAGA,49646d1b0cd1,cc_governor,cc_governor,411111,528898,698598,1530007,287487,1283,255138,298383,426004,774334,170866,16159,adios,0,adios,0,adios,0,44.6,45.0,43.2,36.0,49.6,39.5,92,4281000,-435100,35.0,,,18.15,114268,,1,2000
1790427093,2026-09-26T12:51:33Z,218581,1790208587,6.1.187-android14-11-SAGA,49646d1b0cd1,cc_governor,cc_governor,419174,546673,711372,1570180,292196,1297,256746,306232,430931,787417,174183,16570,adios,0,adios,0,adios,0,44.4,45.5,43.0,35.0,49.4,39.4,92,4276000,-419900,35.0,,,18.22,84612,,1,2000
1790427129,2026-09-26T12:52:09Z,218617,1790208587,6.1.187-android14-11-SAGA,49646d1b0cd1,cc_governor,cc_governor,425622,562063,724008,1606414,298383,1311,257202,313800,434116,798368,176914,16972,adios,0,adios,0,adios,0,44.5,47.4,43.3,35.0,49.1,39.4,92,4271000,-429600,35.0,,,17.89,80960,,1,2000
1790427165,2026-09-26T12:52:45Z,218653,1790208587,6.1.187-android14-11-SAGA,49646d1b0cd1,cc_governor,cc_governor,434575,580639,735693,1644560,301114,1339,260533,322691,438864,812714,178331,17374,adios,0,adios,0,adios,0,44.5,48.2,44.5,35.0,48.8,39.5,92,4281000,-353300,35.0,,,18.09,105500,,1,2000
1790427200,2026-09-26T12:53:20Z,218689,1790208587,6.1.187-android14-11-SAGA,49646d1b0cd1,cc_governor,cc_governor,443481,598002,749215,1683462,305730,1357,269289,332306,449671,834431,180382,17779,adios,0,adios,0,adios,0,45.1,45.9,43.5,35.0,51.2,39.7,92,4269000,-698800,35.0,,,19.57,90852,,1,2000
1790427236,2026-09-26T12:53:56Z,218724,1790208587,6.1.187-android14-11-SAGA,49646d1b0cd1,cc_governor,cc_governor,452009,615393,762062,1722029,310047,1381,281161,342296,465278,861440,184117,18205,adios,0,adios,0,adios,0,45.0,44.8,43.1,35.0,48.7,39.2,92,4283000,-545000,35.0,,,19.30,104956,,1,2000
1790427272,2026-09-26T12:54:32Z,218760,1790208587,6.1.187-android14-11-SAGA,49646d1b0cd1,cc_governor,cc_governor,461934,632538,776386,1763203,314437,1399,285019,349894,471700,876328,186680,18617,adios,0,adios,0,adios,0,47.6,55.4,48.7,35.0,55.6,41.4,92,4228000,-1409300,35.0,,,21.13,87792,,1,2000
1790427309,2026-09-26T12:55:09Z,218797,1790208587,6.1.187-android14-11-SAGA,49646d1b0cd1,cc_governor,cc_governor,489095,642495,812346,1815250,323272,1472,290932,355902,483615,896617,192706,19159,adios,0,adios,0,adios,0,48.3,50.9,,35.0,49.8,40.4,92,4264000,-728100,35.0,,,19.82,101408,,1,2000
1790427345,2026-09-26T12:55:45Z,218833,1790208587,6.1.187-android14-11-SAGA,49646d1b0cd1,cc_governor,cc_governor,500124,651235,832248,1847814,332142,1488,294406,358130,491494,907527,197094,19569,adios,0,adios,0,adios,0,45.7,46.4,44.2,35.0,50.3,39.8,91,4270000,-438800,35.0,,,18.88,153848,,1,2000
1790427380,2026-09-26T12:56:20Z,218868,1790208587,6.1.187-android14-11-SAGA,49646d1b0cd1,cc_governor,cc_governor,507736,664202,848309,1884446,340573,1501,295255,364433,496534,919332,201279,19951,adios,0,adios,0,adios,0,44.6,46.5,43.4,35.0,48.8,39.3,91,4276000,-358200,35.0,,,18.54,195232,,1,2000
1790427415,2026-09-26T12:56:55Z,218904,1790208587,6.1.187-android14-11-SAGA,49646d1b0cd1,cc_governor,cc_governor,514616,684507,856800,1921902,342181,1511,296557,373829,498670,931154,202113,20341,adios,0,adios,0,adios,0,44.3,46.4,43.0,35.0,48.4,39.1,91,4279000,-396700,35.0,,,19.19,177812,,1,2000
1790427451,2026-09-26T12:57:31Z,218939,1790208587,6.1.187-android14-11-SAGA,49646d1b0cd1,cc_governor,cc_governor,521419,698051,871956,1959261,350528,1526,297644,380614,504014,943611,206370,20727,adios,0,adios,0,adios,0,44.8,44.9,,35.0,50.5,39.6,91,4226000,-1387900,34.0,,,19.13,139960,,1,2000
1790427487,2026-09-26T12:58:07Z,218975,1790208587,6.1.187-android14-11-SAGA,49646d1b0cd1,cc_governor,cc_governor,530687,712808,888787,2000495,358100,1555,300052,387448,510864,958041,210812,21144,adios,0,adios,0,adios,0,44.7,44.8,,35.0,47.7,39.1,91,4265000,-437600,35.0,,,19.06,124316,,1,2000
1790427523,2026-09-26T12:58:43Z,219011,1790208587,6.1.187-android14-11-SAGA,49646d1b0cd1,cc_governor,cc_governor,537846,733286,897827,2039362,359978,1568,300410,396468,512008,968417,211598,21538,adios,0,adios,0,adios,0,44.6,45.8,,35.0,48.5,39.0,91,4269000,-447900,35.0,,,18.75,102516,,1,2000
1790427558,2026-09-26T12:59:18Z,219047,1790208587,6.1.187-android14-11-SAGA,49646d1b0cd1,cc_governor,cc_governor,545731,748018,912745,2077771,367014,1580,300930,403378,515719,979470,214789,21938,adios,0,adios,0,adios,0,44.6,46.0,,35.0,48.4,39.0,91,4262000,-579800,34.0,,,18.85,125140,,1,2000
1790427594,2026-09-26T12:59:54Z,219082,1790208587,6.1.187-android14-11-SAGA,49646d1b0cd1,cc_governor,cc_governor,2821,4740,6372,11568,3548,4,1493,688,2538,4085,1045,59,adios,0,adios,0,adios,0,45.8,46.9,,35.0,48.8,39.3,91,4266000,-451600,35.0,,,19.54,209536,,1,2000
1790427629,2026-09-26T13:00:29Z,219117,1790208587,6.1.187-android14-11-SAGA,49646d1b0cd1,cc_governor,cc_governor,15450,16460,21269,39365,5817,21,6477,4317,8393,14866,1916,404,adios,0,adios,0,adios,0,45.9,45.1,,34.0,49.8,39.2,91,4276000,-295400,35.0,,,18.48,124008,,1,2000
1790427697,2026-09-26T13:01:37Z,219185,1790208587,6.1.187-android14-11-SAGA,49646d1b0cd1,cc_governor,cc_governor,2,0,52,68,70,1,10,0,52,57,45,13,adios,0,adios,0,adios,0,40.1,42.1,,34.0,43.0,37.2,91,4280000,-269100,34.0,,,17.17,118384,,1,2000
1790427791,2026-09-26T13:03:11Z,219279,1790208587,6.1.187-android14-11-SAGA,49646d1b0cd1,cc_governor,cc_governor,1,0,84,100,102,0,67,0,115,118,51,16,adios,0,adios,0,adios,0,41.8,40.7,,34.0,44.1,37.3,91,4279000,-300900,34.0,,,59.91,132124,,1,2000
1790427884,2026-09-26T13:04:44Z,219372,1790208587,6.1.187-android14-11-SAGA,49646d1b0cd1,cc_governor,cc_governor,13,0,115,128,115,0,12,0,63,64,55,17,adios,0,adios,0,adios,0,40.6,40.2,,34.0,41.6,36.9,91,4281000,-385100,34.0,,,38.42,121872,,1,2000
1790427937,2026-09-26T13:05:37Z,219425,1790208587,6.1.187-android14-11-SAGA,49646d1b0cd1,cc_governor,cc_governor,13196,735,23226,26897,10009,24,6949,511,13447,15424,6510,73,adios,0,adios,0,adios,0,48.6,53.8,52.2,34.0,56.4,41.5,90,4248000,-386300,35.0,,,30.22,248420,,1,2000
1790427994,2026-09-26T13:06:34Z,219483,1790208587,6.1.187-android14-11-SAGA,49646d1b0cd1,cc_governor,cc_governor,2,0,276,303,289,0,23,0,72,74,54,17,adios,0,adios,0,adios,0,41.7,42.1,,35.0,43.8,37.5,90,4271000,-367400,34.0,,,36.94,194096,,1,2000
1790428099,2026-09-26T13:08:19Z,219587,1790208587,6.1.187-android14-11-SAGA,49646d1b0cd1,cc_governor,cc_governor,12,0,26,30,40,0,87,0,122,125,40,7,adios,0,adios,0,adios,0,41.2,40.8,,34.0,41.4,36.3,90,4283000,-240400,34.0,,,27.72,182932,,1,2000
1790428388,2026-09-26T13:13:08Z,219877,1790208587,6.1.187-android14-11-SAGA,49646d1b0cd1,cc_governor,cc_governor,5,0,190,210,196,0,109,0,108,109,19,2,adios,0,adios,0,adios,0,40.1,39.7,,34.0,40.4,35.6,90,4277000,-500400,33.0,,,29.01,159464,,1,2000
1790428577,2026-09-26T13:16:17Z,220065,1790208587,6.1.187-android14-11-SAGA,49646d1b0cd1,cc_governor,cc_governor,1,0,38,58,60,0,122,0,239,267,92,12,adios,0,adios,0,adios,0,39.8,39.6,,34.0,40.0,35.5,90,4272000,-258700,34.0,,,33.43,139712,,1,2000
1790428724,2026-09-26T13:18:44Z,220212,1790208587,6.1.187-android14-11-SAGA,49646d1b0cd1,cc_governor,cc_governor,4,0,36,50,48,0,87,0,123,127,42,17,adios,0,adios,0,adios,0,39.9,40.6,,34.0,42.1,36.4,90,4277000,-355800,34.0,,,68.48,128900,,1,2000
1790428899,2026-09-26T13:21:39Z,220387,1790208587,6.1.187-android14-11-SAGA,49646d1b0cd1,cc_governor,cc_governor,5,0,214,239,220,0,117,0,199,206,98,0,adios,0,adios,0,adios,0,40.5,40.6,,34.0,40.9,35.6,90,4276000,-277700,34.0,,,45.23,140272,,1,2000
1790429144,2026-09-26T13:25:44Z,220633,1790208587,6.1.187-android14-11-SAGA,49646d1b0cd1,cc_governor,cc_governor,26,0,474,537,459,1,82,0,172,177,95,18,adios,0,adios,0,adios,0,38.0,38.7,,34.0,40.6,35.6,90,4273000,-201400,34.0,,,44.83,137940,,1,2000
1790429325,2026-09-26T13:28:45Z,220813,1790208587,6.1.187-android14-11-SAGA,49646d1b0cd1,cc_governor,cc_governor,2,0,62,90,68,0,73,0,125,129,57,13,adios,0,adios,0,adios,0,38.9,39.4,,33.0,42.4,35.3,90,4268000,-383900,33.0,,,32.19,140420,,1,2000
1790429552,2026-09-26T13:32:32Z,221041,1790208587,6.1.187-android14-11-SAGA,49646d1b0cd1,cc_governor,cc_governor,9,0,92,113,93,1,7,0,63,67,62,15,adios,0,adios,0,adios,0,39.6,36.9,,34.0,39.8,35.2,90,4265000,-832500,34.0,,,25.20,121364,,1,2000
1790429866,2026-09-26T13:37:46Z,221354,1790208587,6.1.187-android14-11-SAGA,49646d1b0cd1,cc_governor,cc_governor,0,0,58,69,68,0,84,0,77,86,18,2,adios,0,adios,0,adios,0,39.3,39.8,,34.0,43.5,36.3,89,4268000,-573100,34.0,,,21.19,174780,,1,2000
1790430092,2026-09-26T13:41:32Z,221580,1790208587,6.1.187-android14-11-SAGA,49646d1b0cd1,cc_governor,cc_governor,23,0,169,193,156,0,221,0,300,304,78,17,adios,0,adios,0,adios,0,38.4,40.2,,34.0,43.0,35.9,89,4240000,-864800,34.0,,,19.43,161004,,1,2000
1790430314,2026-09-26T13:45:14Z,221802,1790208587,6.1.187-android14-11-SAGA,49646d1b0cd1,cc_governor,cc_governor,0,0,38,50,51,0,14,0,52,58,44,13,adios,0,adios,0,adios,0,40.7,40.4,,34.0,40.2,36.5,89,4259000,-377800,34.0,,,18.35,144948,,1,2000
1790430472,2026-09-26T13:47:52Z,221960,1790208587,6.1.187-android14-11-SAGA,49646d1b0cd1,cc_governor,cc_governor,1962,1754,4542,6711,2580,6,2590,286,3413,3799,823,42,adios,0,adios,0,adios,0,41.1,41.5,,34.0,44.5,36.9,89,4268000,-339300,34.0,,,64.05,95476,,1,2000
1790430562,2026-09-26T13:49:22Z,222051,1790208587,6.1.187-android14-11-SAGA,49646d1b0cd1,cc_governor,cc_governor,28,0,785,839,770,1,335,0,459,472,129,26,adios,0,adios,0,adios,0,40.5,40.3,,34.0,41.3,35.3,89,4259000,-620700,34.0,,,42.57,134456,,1,2000
1790430681,2026-09-26T13:51:21Z,222169,1790208587,6.1.187-android14-11-SAGA,49646d1b0cd1,cc_governor,cc_governor,1,0,60,71,72,0,64,0,111,114,51,16,adios,0,adios,0,adios,0,39.4,42.7,,34.0,44.4,36.6,89,4263000,-331400,34.0,,,30.84,129960,,1,2000
1790430783,2026-09-26T13:53:03Z,222271,1790208587,6.1.187-android14-11-SAGA,49646d1b0cd1,cc_governor,cc_governor,24,0,156,7,14,0,11,0,39,47,38,5,adios,0,adios,0,adios,0,38.2,38.2,,34.0,39.9,35.7,89,4270000,-483300,33.0,,,24.21,127120,,1,2000
1790430979,2026-09-26T13:56:19Z,222467,1790208587,6.1.187-android14-11-SAGA,49646d1b0cd1,cc_governor,cc_governor,46,0,194,210,155,0,17,0,33,41,22,4,adios,0,adios,0,adios,0,39.6,39.4,,33.0,44.3,35.9,89,4261000,-391800,33.0,,,22.79,136448,,1,2000
1790431096,2026-09-26T13:58:16Z,222584,1790208587,6.1.187-android14-11-SAGA,49646d1b0cd1,cc_governor,cc_governor,0,0,29,50,48,0,82,0,120,124,43,9,adios,0,adios,0,adios,0,42.9,43.0,,34.0,55.4,36.9,89,4258000,-526100,34.0,,,19.69,146660,,1,2000
1790431241,2026-09-26T14:00:41Z,222730,1790208587,6.1.187-android14-11-SAGA,49646d1b0cd1,cc_governor,cc_governor,3,0,86,106,98,1,50,0,101,106,58,16,adios,0,adios,0,adios,0,38.1,39.4,,34.0,44.2,36.5,89,4261000,-230700,34.0,,,18.13,119204,,1,2000
1790431388,2026-09-26T14:03:08Z,222877,1790208587,6.1.187-android14-11-SAGA,49646d1b0cd1,cc_governor,cc_governor,24,0,206,226,202,0,32,0,136,141,109,15,adios,0,adios,0,adios,0,40.8,40.1,,34.0,41.4,35.7,88,4257000,-404600,34.0,,,54.13,122220,,1,2000
1790431531,2026-09-26T14:05:31Z,223019,1790208587,6.1.187-android14-11-SAGA,49646d1b0cd1,cc_governor,cc_governor,39,0,293,325,268,2,56,0,184,187,132,15,adios,0,adios,0,adios,0,41.2,44.6,,34.0,45.7,37.7,88,4256000,-372300,34.0,,,37.16,138980,,1,2000
1790431626,2026-09-26T14:07:06Z,223114,1790208587,6.1.187-android14-11-SAGA,49646d1b0cd1,cc_governor,cc_governor,45,0,243,264,213,1,33,0,135,153,107,17,adios,0,adios,0,adios,0,44.1,44.2,,34.0,45.0,37.2,88,4259000,-909400,34.0,,,75.82,135300,,1,2000
1790431682,2026-09-26T14:08:02Z,223171,1790208587,6.1.187-android14-11-SAGA,49646d1b0cd1,cc_governor,cc_governor,3743,1472,9540,11803,5797,9,3066,514,5348,6599,2282,80,adios,0,adios,0,adios,0,42.6,44.0,,35.0,47.0,38.7,88,4259000,-212400,35.0,,,50.06,122932,,1,2000
1790431745,2026-09-26T14:09:05Z,223233,1790208587,6.1.187-android14-11-SAGA,49646d1b0cd1,cc_governor,cc_governor,10,1,121,134,119,0,7,6,58,65,55,15,adios,0,adios,0,adios,0,40.5,41.2,,35.0,49.8,37.8,88,4230000,-565700,35.0,,,35.19,344648,,1,2000
1790431931,2026-09-26T14:12:11Z,223419,1790208587,6.1.187-android14-11-SAGA,49646d1b0cd1,cc_governor,cc_governor,0,17,4,53,4,0,62,16,78,100,16,14,adios,0,adios,0,adios,0,41.2,39.2,,34.0,43.6,36.8,88,4239000,-280100,34.0,,,44.34,267700,,1,2000
1790432045,2026-09-26T14:14:05Z,223534,1790208587,6.1.187-android14-11-SAGA,49646d1b0cd1,cc_governor,cc_governor,4,0,83,98,88,1,73,0,94,97,23,3,adios,0,adios,0,adios,0,40.8,42.0,,34.0,42.8,37.1,88,4248000,-312500,34.0,,,40.04,253524,,1,2000
1790432267,2026-09-26T14:17:47Z,223756,1790208587,6.1.187-android14-11-SAGA,49646d1b0cd1,cc_governor,cc_governor,21,0,151,163,143,0,0,0,56,62,62,13,adios,0,adios,0,adios,0,42.2,39.5,,34.0,43.7,36.8,88,4256000,-188500,34.0,,,29.34,222936,,1,2000
1790432419,2026-09-26T14:20:19Z,223907,1790208587,6.1.187-android14-11-SAGA,49646d1b0cd1,cc_governor,cc_governor,11,0,117,135,120,0,61,0,118,124,61,13,adios,0,adios,0,adios,0,39.7,41.9,,34.0,44.1,36.8,88,4253000,-479700,34.0,,,22.80,195992,,1,2000
1790432595,2026-09-26T14:23:15Z,224083,1790208587,6.1.187-android14-11-SAGA,49646d1b0cd1,cc_governor,cc_governor,6,0,94,102,101,0,69,0,117,119,53,14,adios,0,adios,0,adios,0,39.8,38.7,,34.0,42.8,36.8,87,4254000,-379000,35.0,,,43.46,180660,,1,2000
1790432725,2026-09-26T14:25:25Z,224213,1790208587,6.1.187-android14-11-SAGA,49646d1b0cd1,cc_governor,cc_governor,34,2,543,624,509,3,79,18,327,588,248,14,adios,0,adios,0,adios,0,48.8,47.4,,35.0,45.4,38.3,87,4238000,-346600,35.0,,,31.58,488536,,1,2000
1790432853,2026-09-26T14:27:33Z,224342,1790208587,6.1.187-android14-11-SAGA,49646d1b0cd1,cc_governor,cc_governor,6,0,116,135,125,0,29,0,76,78,51,17,adios,0,adios,0,adios,0,40.8,41.4,,35.0,45.6,37.6,87,4238000,-355800,35.0,,,24.67,459180,,1,2000
1790433242,2026-09-26T14:34:02Z,224730,1790208587,6.1.187-android14-11-SAGA,49646d1b0cd1,cc_governor,cc_governor,6,0,92,104,94,0,13,0,57,60,50,16,adios,0,adios,0,adios,0,40.1,40.0,,35.0,43.0,35.5,87,4247000,-281300,35.0,,,73.45,442752,,1,2000
1790433793,2026-09-26T14:43:13Z,225281,1790208587,6.1.187-android14-11-SAGA,49646d1b0cd1,cc_governor,cc_governor,20,0,165,183,155,0,41,0,151,38,19,1,adios,0,adios,0,adios,0,38.0,39.0,,34.0,40.6,35.6,87,4251000,-201400,34.0,,,54.09,415116,,1,2000
1790434041,2026-09-26T14:47:21Z,225529,1790208587,6.1.187-android14-11-SAGA,49646d1b0cd1,cc_governor,cc_governor,0,0,13,23,28,0,19,0,47,52,33,9,adios,0,adios,0,adios,0,39.3,39.0,,33.0,39.6,34.9,87,4229000,-476000,33.0,,,69.91,415404,,1,2000
1790434224,2026-09-26T14:50:24Z,225712,1790208587,6.1.187-android14-11-SAGA,49646d1b0cd1,cc_governor,cc_governor,6,0,149,186,160,2,40,0,122,125,86,15,adios,0,adios,0,adios,0,38.2,39.2,,33.0,42.4,35.4,87,4239000,-326500,33.0,,,45.61,391352,,1,2000
1790434276,2026-09-26T14:51:16Z,225765,1790208587,6.1.187-android14-11-SAGA,49646d1b0cd1,cc_governor,cc_governor,17597,1809,27825,33564,10215,99,10043,1351,17674,20815,7631,292,adios,0,adios,0,adios,0,44.7,47.1,43.4,33.0,48.1,38.8,87,4223000,-607900,33.0,,,34.98,113112,,1,2000
1790434312,2026-09-26T14:51:52Z,225801,1790208587,6.1.187-android14-11-SAGA,49646d1b0cd1,cc_governor,cc_governor,29019,18570,42237,67853,13200,137,11624,9425,19718,31224,8094,719,adios,0,adios,0,adios,0,41.6,43.6,,33.0,45.1,37.3,87,4229000,-469900,33.0,,,27.57,106772,,1,2000
1790434347,2026-09-26T14:52:27Z,225836,1790208587,6.1.187-android14-11-SAGA,49646d1b0cd1,cc_governor,cc_governor,34095,30873,52480,92490,18385,159,12180,12116,21772,36077,9592,1102,adios,0,adios,0,adios,0,40.7,41.7,,33.0,45.4,36.9,87,4220000,-821500,33.0,,,23.71,100280,,1,2000
1790434383,2026-09-26T14:53:03Z,225871,1790208587,6.1.187-android14-11-SAGA,49646d1b0cd1,cc_governor,cc_governor,46162,42173,70676,125130,24530,186,16845,15487,30281,48634,13441,1480,adios,0,adios,0,adios,0,44.5,45.3,,33.0,54.3,37.9,86,4188000,-472400,33.0,,,21.30,109572,,1,2000
1790434418,2026-09-26T14:53:38Z,225907,1790208587,6.1.187-android14-11-SAGA,49646d1b0cd1,cc_governor,cc_governor,54212,50276,83715,147160,29522,216,21497,17545,37197,58786,15704,1825,adios,0,adios,0,adios,0,43.3,43.8,,33.0,47.5,37.3,86,4230000,-387500,33.0,,,19.55,127164,,1,2000
1790434468,2026-09-26T14:54:28Z,225957,1790208587,6.1.187-android14-11-SAGA,49646d1b0cd1,cc_governor,cc_governor,17,0,7,148,21,0,32,0,63,71,35,9,adios,0,adios,0,adios,0,39.9,41.3,,34.0,42.6,36.5,86,4232000,-283200,34.0,,,17.92,107712,,1,2000
1790434557,2026-09-26T14:55:57Z,226045,1790208587,6.1.187-android14-11-SAGA,49646d1b0cd1,cc_governor,cc_governor,8,0,77,100,80,0,32,0,84,87,58,13,adios,0,adios,0,adios,0,39.9,41.1,,34.0,44.1,37.3,86,4238000,-252000,34.0,,,18.59,232968,,1,2000
1790434646,2026-09-26T14:57:26Z,226134,1790208587,6.1.187-android14-11-SAGA,49646d1b0cd1,cc_governor,cc_governor,3,0,139,167,151,1,78,0,142,150,68,15,adios,0,adios,0,adios,0,41.1,40.6,,35.0,44.5,37.6,86,4225000,-298400,35.0,,,18.50,172072,,1,2000
1790434729,2026-09-26T14:58:49Z,226217,1790208587,6.1.187-android14-11-SAGA,49646d1b0cd1,cc_governor,cc_governor,207,0,1360,1414,1164,2,109,0,328,338,222,24,adios,0,adios,0,adios,0,42.4,42.2,,35.0,45.6,37.8,86,4234000,-284400,35.0,,,17.56,155556,,1,2000
1790434853,2026-09-26T15:00:53Z,226341,1790208587,6.1.187-android14-11-SAGA,49646d1b0cd1,cc_governor,cc_governor,95,289,999,1342,904,1,123,36,275,319,152,21,adios,0,adios,0,adios,0,41.6,50.8,45.8,35.0,58.5,39.8,86,4189000,-1129700,35.0,,,17.25,137320,,1,2000
1790434890,2026-09-26T15:01:30Z,226379,1790208587,6.1.187-android14-11-SAGA,49646d1b0cd1,cc_governor,cc_governor,12338,4386,25815,33808,13484,53,7484,1132,13285,16964,5808,526,adios,0,adios,0,adios,0,44.5,44.5,,35.0,48.0,39.3,86,4221000,-614000,35.0,,,17.05,99448,,1,2000
1790434926,2026-09-26T15:02:06Z,226414,1790208587,6.1.187-android14-11-SAGA,49646d1b0cd1,cc_governor,cc_governor,17893,12237,39814,58068,21932,72,9220,2853,17953,23892,8738,911,adios,0,adios,0,adios,0,43.1,43.9,,35.0,46.3,38.7,86,4213000,-325300,35.0,,,16.62,101240,,1,2000
1790434961,2026-09-26T15:02:41Z,226449,1790208587,6.1.187-android14-11-SAGA,49646d1b0cd1,cc_governor,cc_governor,22892,21553,52611,82171,29695,82,10053,4356,21750,29650,11696,1286,adios,0,adios,0,adios,0,44.9,45.2,42.5,35.0,49.4,39.2,86,4212000,-537700,35.0,,,18.09,111560,,1,2000
1790434997,2026-09-26T15:03:17Z,226485,1790208587,6.1.187-android14-11-SAGA,49646d1b0cd1,cc_governor,cc_governor,40515,31347,78748,121410,38242,99,12394,8101,28429,40861,16044,1696,adios,0,adios,0,adios,0,42.9,44.8,,35.0,48.9,38.8,86,4214000,-913000,35.0,,,17.21,87884,,1,2000
1790435032,2026-09-26T15:03:52Z,226521,1790208587,6.1.187-android14-11-SAGA,49646d1b0cd1,cc_governor,cc_governor,62940,40128,111492,167085,48533,132,15212,12972,36438,54282,21226,2093,adios,0,adios,0,adios,0,45.4,47.1,42.8,35.0,47.2,39.1,86,4218000,-404600,35.0,,,17.50,113892,,1,2000
1790435068,2026-09-26T15:04:28Z,226556,1790208587,6.1.187-android14-11-SAGA,49646d1b0cd1,cc_governor,cc_governor,78438,47859,136994,204292,58556,159,20146,16432,46360,68885,26226,2502,adios,0,adios,0,adios,0,46.4,51.8,,35.0,55.7,40.6,85,4173000,-1439200,35.0,,,18.24,131244,,1,2000
1790435104,2026-09-26T15:05:04Z,226592,1790208587,6.1.187-android14-11-SAGA,49646d1b0cd1,cc_governor,cc_governor,93475,57474,162937,244540,69453,190,24160,19798,55336,81872,31176,2941,adios,0,adios,0,adios,0,44.2,44.7,42.0,35.0,46.4,38.9,85,4213000,-352100,35.0,,,18.17,144704,,1,2000
1790435139,2026-09-26T15:05:39Z,226627,1790208587,6.1.187-android14-11-SAGA,49646d1b0cd1,cc_governor,cc_governor,100470,70592,176195,274134,75725,202,24456,23735,57219,87866,32763,3337,adios,0,adios,0,adios,0,43.3,44.0,41.5,35.0,46.4,38.4,85,4180000,-945400,35.0,,,17.83,140524,,1,2000
1790435174,2026-09-26T15:06:14Z,226662,1790208587,6.1.187-android14-11-SAGA,49646d1b0cd1,cc_governor,cc_governor,113776,80258,200240,312442,86411,223,27868,27796,67108,102271,39234,3725,adios,0,adios,0,adios,0,46.9,51.4,,35.0,52.7,39.8,85,4203000,-410700,35.0,,,17.89,136368,,1,2000
1790435210,2026-09-26T15:06:50Z,226698,1790208587,6.1.187-android14-11-SAGA,49646d1b0cd1,cc_governor,cc_governor,138955,88263,236828,362736,97870,263,32132,32764,79080,119709,46948,4134,adios,0,adios,0,adios,0,45.5,47.5,44.4,35.0,46.7,39.3,85,4212000,-286800,35.0,,,17.74,73964,,1,2000
1790435246,2026-09-26T15:07:26Z,226734,1790208587,6.1.187-android14-11-SAGA,49646d1b0cd1,cc_governor,cc_governor,149596,106066,248941,395271,99345,290,34424,43126,81563,132852,47139,4533,adios,0,adios,0,adios,0,43.5,45.2,42.5,35.0,49.5,39.1,85,4190000,-1154700,35.0,,,17.71,95812,,1,2000
1790435282,2026-09-26T15:08:02Z,226770,1790208587,6.1.187-android14-11-SAGA,49646d1b0cd1,cc_governor,cc_governor,183565,115904,290873,452697,107261,337,38659,50407,92107,152098,53448,4957,adios,0,adios,0,adios,0,45.2,44.9,43.2,35.0,47.4,39.4,85,4199000,-548700,35.0,,,17.93,93352,,1,2000
1790435317,2026-09-26T15:08:37Z,226806,1790208587,6.1.187-android14-11-SAGA,49646d1b0cd1,cc_governor,cc_governor,207402,121272,328941,502420,121548,379,44962,53065,106759,170369,61813,5347,adios,0,adios,0,adios,0,50.2,49.1,45.1,35.0,50.5,40.1,85,4205000,-364900,35.0,,,17.96,109072,,1,2000
1790435353,2026-09-26T15:09:13Z,226842,1790208587,6.1.187-android14-11-SAGA,49646d1b0cd1,cc_governor,cc_governor,214725,135403,344273,541359,129548,401,46132,57189,111281,179460,65149,5738,adios,0,adios,0,adios,0,45.2,45.6,,35.0,48.0,39.5,85,4198000,-435100,35.0,,,18.55,118900,,1,2000
1790435389,2026-09-26T15:09:49Z,226877,1790208587,6.1.187-android14-11-SAGA,49646d1b0cd1,cc_governor,cc_governor,239387,146521,377389,592013,137992,425,49372,63465,118816,193794,69443,6131,adios,0,adios,0,adios,0,47.5,46.0,43.6,35.0,47.8,39.8,85,4204000,-382600,35.0,,,18.97,106160,,1,2000
1790435424,2026-09-26T15:10:24Z,226913,1790208587,6.1.187-android14-11-SAGA,49646d1b0cd1,cc_governor,cc_governor,265658,153795,414574,642243,148937,460,54717,67682,130656,210697,75955,6500,adios,0,adios,0,adios,0,46.2,47.1,44.1,36.0,48.8,40.1,85,4182000,-516900,35.0,,,18.69,123420,,1,2000
1790435460,2026-09-26T15:11:00Z,226948,1790208587,6.1.187-android14-11-SAGA,49646d1b0cd1,cc_governor,cc_governor,291312,169746,442031,689871,150676,499,56527,76740,133756,223993,77241,6893,adios,0,adios,0,adios,0,45.1,47.1,,35.0,46.9,39.6,84,4205000,-281300,35.0,,,17.67,80392,,1,2000
1790435495,2026-09-26T15:11:35Z,226984,1790208587,6.1.187-android14-11-SAGA,49646d1b0cd1,cc_governor,cc_governor,311273,177022,473845,733845,162565,522,60747,80360,144144,238418,83397,7286,adios,0,adios,0,adios,0,46.3,46.7,,35.0,50.4,39.6,84,4201000,-349700,35.0,,,17.45,173416,,1,2000
1790435531,2026-09-26T15:12:11Z,227019,1790208587,6.1.187-android14-11-SAGA,49646d1b0cd1,cc_governor,cc_governor,343262,182382,517951,788012,174688,554,63943,84282,155683,255416,91740,7675,adios,0,adios,0,adios,0,44.5,46.7,42.8,35.0,47.3,39.4,84,4204000,-499200,35.0,,,17.19,121312,,1,2000
1790435567,2026-09-26T15:12:47Z,227055,1790208587,6.1.187-android14-11-SAGA,49646d1b0cd1,cc_governor,cc_governor,369915,197751,547834,839165,177884,578,67146,91702,161117,269058,93900,8104,adios,0,adios,0,adios,0,55.8,54.7,49.1,35.0,64.1,42.4,84,4155000,-1273800,35.0,,,19.79,151540,,1,2000
1790435604,2026-09-26T15:13:24Z,227092,1790208587,6.1.187-android14-11-SAGA,49646d1b0cd1,cc_governor,cc_governor,396874,202764,589203,896159,192313,669,77071,94477,181115,293502,104056,8665,adios,0,adios,0,adios,0,46.9,49.7,,35.0,49.1,40.5,84,4194000,-516900,35.0,,,18.89,118164,,1,2000
1790435639,2026-09-26T15:13:59Z,227128,1790208587,6.1.187-android14-11-SAGA,49646d1b0cd1,cc_governor,cc_governor,412974,212393,615230,936814,202236,689,81116,98796,189240,306458,108117,9075,adios,0,adios,0,adios,0,44.7,49.6,43.9,36.0,49.9,39.9,84,4142000,-1212700,35.0,,,18.75,104572,,1,2000
1790435675,2026-09-26T15:14:35Z,227164,1790208587,6.1.187-android14-11-SAGA,49646d1b0cd1,cc_governor,cc_governor,443798,220246,655870,991032,212072,723,86224,104240,201235,325081,115011,9455,adios,0,adios,0,adios,0,45.2,45.0,,35.0,49.0,40.0,84,4196000,-463200,35.0,,,17.82,197460,,1,2000
1790435711,2026-09-26T15:15:11Z,227199,1790208587,6.1.187-android14-11-SAGA,49646d1b0cd1,cc_governor,cc_governor,450464,233695,670307,1024421,219864,740,86714,109336,204228,333413,117522,9842,adios,0,adios,0,adios,0,44.8,44.9,,35.0,53.0,40.0,84,4199000,-383900,35.0,,,17.54,164596,,1,2000
1790435747,2026-09-26T15:15:47Z,227235,1790208587,6.1.187-android14-11-SAGA,49646d1b0cd1,cc_governor,cc_governor,463401,239670,697817,1065368,234405,773,89400,111909,213434,345923,124049,10269,adios,0,adios,0,adios,0,51.7,50.3,47.1,35.0,53.9,41.0,84,4195000,-344200,35.0,,,17.70,83436,,1,2000
1790435782,2026-09-26T15:16:22Z,227271,1790208587,6.1.187-android14-11-SAGA,49646d1b0cd1,cc_governor,cc_governor,482010,244657,728547,1108128,246536,803,97828,114027,228019,364481,130191,10673,adios,0,adios,0,adios,0,43.7,43.6,,36.0,46.4,39.6,84,4195000,-505300,36.0,,,17.68,118016,,1,2000
1790435818,2026-09-26T15:16:58Z,227306,1790208587,6.1.187-android14-11-SAGA,49646d1b0cd1,cc_governor,cc_governor,483669,250244,739376,1125691,255707,817,98116,115353,229157,367082,131041,11050,adios,0,adios,0,adios,0,42.5,42.5,,35.0,46.1,38.6,83,4202000,-352100,35.0,,,17.07,108356,,1,2000
1790435853,2026-09-26T15:17:33Z,227341,1790208587,6.1.187-android14-11-SAGA,49646d1b0cd1,cc_governor,cc_governor,502018,256129,768465,1165532,266397,841,104317,117703,241098,381745,136782,11427,adios,0,adios,0,adios,0,49.1,49.9,,35.0,50.0,39.8,83,4197000,-408300,35.0,,,18.77,122228,,1,2000
1790435889,2026-09-26T15:18:09Z,227377,1790208587,6.1.187-android14-11-SAGA,49646d1b0cd1,cc_governor,cc_governor,514099,260063,791645,1196766,277465,867,111650,118156,252860,395172,141230,11826,adios,0,adios,0,adios,0,55.6,48.7,,35.0,49.0,40.4,83,4168000,-639600,35.0,,,19.08,97196,,1,2000
1790435925,2026-09-26T15:18:45Z,227413,1790208587,6.1.187-android14-11-SAGA,49646d1b0cd1,cc_governor,cc_governor,526530,266491,814897,1230613,288382,901,115979,119025,263192,406861,147222,12241,adios,0,adios,0,adios,0,48.0,47.2,,35.0,51.0,40.1,83,4170000,-506500,35.0,,,18.15,101952,,1,2000
1790435960,2026-09-26T15:19:20Z,227449,1790208587,6.1.187-android14-11-SAGA,49646d1b0cd1,cc_governor,cc_governor,541509,273894,843319,1270275,301816,919,117876,120697,269871,415580,152003,12687,adios,0,adios,0,adios,0,43.6,48.5,42.7,35.0,48.3,39.6,83,4182000,-316100,36.0,,,18.36,104688,,1,2000
1790435996,2026-09-26T15:19:56Z,227484,1790208587,6.1.187-android14-11-SAGA,49646d1b0cd1,cc_governor,cc_governor,559163,279354,875234,1312974,316088,942,123366,122903,282653,432218,159298,13096,adios,0,adios,0,adios,0,46.1,46.2,,35.0,48.7,40.2,83,4186000,-421100,35.0,,,18.09,96928,,1,2000
1790436031,2026-09-26T15:20:31Z,227519,1790208587,6.1.187-android14-11-SAGA,49646d1b0cd1,cc_governor,cc_governor,566535,285795,895686,1342434,329151,955,124227,124401,287534,438879,163307,13495,adios,0,adios,0,adios,0,42.8,44.2,,36.0,49.6,39.3,83,4195000,-388700,36.0,,,17.76,106484,,1,2000
1790436066,2026-09-26T15:21:06Z,227554,1790208587,6.1.187-android14-11-SAGA,49646d1b0cd1,cc_governor,cc_governor,569923,295953,904658,1363217,334742,973,125396,126158,290369,444541,164978,13879,adios,0,adios,0,adios,0,44.2,44.9,,36.0,49.5,39.4,83,4189000,-521800,36.0,,,17.26,138300,,1,2000
1790436101,2026-09-26T15:21:41Z,227590,1790208587,6.1.187-android14-11-SAGA,49646d1b0cd1,cc_governor,cc_governor,578182,307864,921396,1395193,343234,986,127898,130550,296587,455700,168694,14250,adios,0,adios,0,adios,0,44.9,46.2,,36.0,48.5,39.7,83,4172000,-628000,36.0,,,17.77,126876,,1,2000
1790436137,2026-09-26T15:22:17Z,227625,1790208587,6.1.187-android14-11-SAGA,49646d1b0cd1,cc_governor,cc_governor,585863,316808,940618,1426719,354771,1001,130228,133151,303909,466192,173686,14655,adios,0,adios,0,adios,0,44.7,44.7,,36.0,48.2,39.7,83,4105000,-761100,36.0,,,17.48,105228,,1,2000
1790436172,2026-09-26T15:22:52Z,227660,1790208587,6.1.187-android14-11-SAGA,49646d1b0cd1,cc_governor,cc_governor,592521,327054,957637,1457101,365136,1014,132209,136784,308752,475069,176568,15057,adios,0,adios,0,adios,0,44.9,46.2,,36.0,48.7,39.8,83,4182000,-432700,36.0,,,18.46,99140,,1,2000
1790436207,2026-09-26T15:23:27Z,227696,1790208587,6.1.187-android14-11-SAGA,49646d1b0cd1,cc_governor,cc_governor,599220,336042,976495,1487917,377145,1032,134122,139870,314153,484015,180051,15449,adios,0,adios,0,adios,0,49.1,46.3,,36.0,50.0,40.4,82,4180000,-531000,36.0,,,18.42,113888,,1,2000
1790436243,2026-09-26T15:24:03Z,227731,1790208587,6.1.187-android14-11-SAGA,49646d1b0cd1,cc_governor,cc_governor,606051,348495,991215,1518368,385155,1043,136547,143074,319539,492866,182992,15833,adios,0,adios,0,adios,0,45.1,45.5,,36.0,48.3,40.2,82,4173000,-490100,36.0,,,18.38,83508,,1,2000
1790436278,2026-09-26T15:24:38Z,227767,1790208587,6.1.187-android14-11-SAGA,49646d1b0cd1,cc_governor,cc_governor,614882,360326,1008629,1550585,393741,1055,138760,147102,324232,502059,185472,16229,adios,0,adios,0,adios,0,45.9,45.7,,36.0,48.7,40.6,82,4182000,-275200,36.0,,,18.39,110368,,1,2000
1790436314,2026-09-26T15:25:14Z,227802,1790208587,6.1.187-android14-11-SAGA,49646d1b0cd1,cc_governor,cc_governor,615460,367746,1013333,1563480,397886,1062,138804,147735,325099,503593,186299,16614,adios,0,adios,0,adios,0,43.1,45.6,,37.0,46.7,39.7,82,4178000,-249600,36.0,,,17.08,129004,,1,2000
1790436349,2026-09-26T15:25:49Z,227837,1790208587,6.1.187-android14-11-SAGA,49646d1b0cd1,cc_governor,cc_governor,615817,376208,1016173,1575642,400356,1076,138832,148769,325589,505191,186757,16987,adios,0,adios,0,adios,0,43.0,45.3,,36.0,46.3,39.6,82,4175000,-509000,36.0,,,16.66,100932,,1,2000
1790436384,2026-09-26T15:26:24Z,227872,1790208587,6.1.187-android14-11-SAGA,49646d1b0cd1,cc_governor,cc_governor,617288,384746,1020500,1589486,403210,1084,138834,150071,325820,506768,186986,17403,adios,0,adios,0,adios,0,42.7,43.3,,36.0,47.0,39.5,82,4191000,-383900,36.0,,,16.08,91860,,1,2000
1790436419,2026-09-26T15:26:59Z,227908,1790208587,6.1.187-android14-11-SAGA,49646d1b0cd1,cc_governor,cc_governor,678,4167,2995,7689,2333,4,956,514,1646,3037,695,49,adios,0,adios,0,adios,0,46.0,50.7,,37.0,49.4,40.3,82,4178000,-304500,37.0,,,20.41,135132,,1,2000
1790436455,2026-09-26T15:27:35Z,227943,1790208587,6.1.187-android14-11-SAGA,49646d1b0cd1,cc_governor,cc_governor,11624,12084,17197,30775,5585,20,4957,3169,7258,12522,2306,409,adios,0,adios,0,adios,0,46.6,46.6,,36.0,49.3,40.1,82,4174000,-339300,37.0,,,18.85,113764,,1,2000
1790436556,2026-09-26T15:29:16Z,228044,1790208587,6.1.187-android14-11-SAGA,49646d1b0cd1,cc_governor,cc_governor,8,0,146,185,146,0,119,0,188,203,74,16,adios,0,adios,0,adios,0,42.4,42.7,,36.0,42.9,37.6,82,4192000,-166600,36.0,,,17.32,150220,,1,2000
1790436657,2026-09-26T15:30:57Z,228146,1790208587,6.1.187-android14-11-SAGA,49646d1b0cd1,cc_governor,cc_governor,63,711,673,1448,610,0,81,49,179,243,98,24,adios,0,adios,0,adios,0,41.4,38.5,,36.0,44.2,37.6,82,4188000,-372300,36.0,,,16.48,175240,,1,2000
1790436743,2026-09-26T15:32:23Z,228232,1790208587,6.1.187-android14-11-SAGA,49646d1b0cd1,cc_governor,cc_governor,12,0,106,132,92,0,4,0,71,82,76,17,adios,0,adios,0,adios,0,46.6,44.3,,36.0,47.0,39.2,82,4188000,-269100,36.0,,,16.60,151688,,1,2000
1790436855,2026-09-26T15:34:15Z,228343,1790208587,6.1.187-android14-11-SAGA,49646d1b0cd1,cc_governor,cc_governor,0,0,38,51,52,0,62,0,96,98,38,12,adios,0,adios,0,adios,0,41.6,41.5,,36.0,44.7,38.4,82,4188000,-215400,36.0,,,16.37,121560,,1,2000
1790436962,2026-09-26T15:36:02Z,228450,1790208587,6.1.187-android14-11-SAGA,49646d1b0cd1,cc_governor,cc_governor,499,0,1966,2370,1455,2,1106,0,1768,2178,611,23,adios,0,adios,0,adios,8,53.5,48.6,,36.0,52.4,40.4,82,4184000,-257500,37.0,,,16.13,132776,,1,2000
1790436997,2026-09-26T15:36:37Z,228485,1790208587,6.1.187-android14-11-SAGA,49646d1b0cd1,cc_governor,cc_governor,1662,3745,10641,16513,8991,21,1990,424,4393,5712,2408,347,adios,0,adios,0,adios,0,42.8,43.6,,37.0,46.7,39.6,82,4189000,-231900,37.0,,,15.51,236308,,1,2000
1790437037,2026-09-26T15:37:17Z,228526,1790208587,6.1.187-android14-11-SAGA,49646d1b0cd1,cc_governor,cc_governor,0,0,79,103,92,1,75,0,122,127,52,17,adios,0,adios,0,adios,0,44.8,44.4,,37.0,47.5,38.9,82,4192000,-201400,37.0,,,15.31,100552,,1,2000
1790437491,2026-09-26T15:44:51Z,228979,1790208587,6.1.187-android14-11-SAGA,49646d1b0cd1,cc_governor,cc_governor,92,626,1885,2618,1793,0,118,56,195,264,77,35,adios,0,adios,0,adios,0,42.1,40.8,,36.0,41.5,37.8,81,4194000,-278900,37.0,,,15.48,130200,,1,2000
1790438148,2026-09-26T15:55:48Z,229636,1790208587,6.1.187-android14-11-SAGA,49646d1b0cd1,cc_governor,cc_governor,5,0,75,85,85,0,5,0,74,77,72,14,adios,0,adios,0,adios,0,42.0,40.2,,36.0,41.1,37.0,81,4193000,-278900,36.0,,,15.10,132300,,1,2000
1790438572,2026-09-26T16:02:52Z,230060,1790208587,6.1.187-android14-11-SAGA,49646d1b0cd1,cc_governor,cc_governor,1262,1120,4959,6785,3710,3,782,340,1538,2595,761,43,adios,0,adios,0,adios,0,41.6,42.1,,36.0,46.4,38.0,81,4170000,-1106500,36.0,,,15.34,130644,,1,2000
1790439033,2026-09-26T16:10:33Z,230521,1790208587,6.1.187-android14-11-SAGA,49646d1b0cd1,cc_governor,cc_governor,132,0,1206,1276,1089,2,63,0,238,255,180,27,adios,0,adios,0,adios,0,41.3,42.7,,36.0,42.0,37.2,81,4187000,-207500,36.0,,,15.20,320020,,1,2000
1790439348,2026-09-26T16:15:48Z,230836,1790208587,6.1.187-android14-11-SAGA,49646d1b0cd1,cc_governor,cc_governor,0,0,6,10,20,0,64,0,92,98,36,8,adios,0,adios,0,adios,7,40.6,39.3,,36.0,41.2,37.4,81,4177000,-230700,36.0,,,15.36,316372,,1,2000
1790439625,2026-09-26T16:20:25Z,231113,1790208587,6.1.187-android14-11-SAGA,49646d1b0cd1,cc_governor,cc_governor,16,0,14,22,27,0,64,0,99,121,41,10,adios,0,adios,0,adios,0,42.3,40.4,,36.0,43.0,37.5,81,4191000,-381400,36.0,,,15.42,290572,,1,2000
1790439781,2026-09-26T16:23:01Z,231270,1790208587,6.1.187-android14-11-SAGA,49646d1b0cd1,cc_governor,cc_governor,63,0,147,164,93,0,49,0,103,123,61,14,adios,0,adios,0,adios,0,43.5,46.0,,36.0,59.1,37.4,81,4150000,-688400,36.0,,,15.95,81048,,1,2000
1790440136,2026-09-26T16:28:56Z,231625,1790208587,6.1.187-android14-11-SAGA,49646d1b0cd1,cc_governor,cc_governor,4245,759,9993,12657,5760,23,5466,480,8005,10260,2545,45,adios,0,adios,0,adios,0,45.7,45.4,,36.0,47.1,40.0,81,4184000,-207500,36.0,,,17.19,96812,,1,2000
1790440230,2026-09-26T16:30:30Z,231718,1790208587,6.1.187-android14-11-SAGA,49646d1b0cd1,cc_governor,cc_governor,7,0,566,673,569,2,632,0,783,799,157,20,adios,0,adios,0,adios,0,41.4,43.9,,36.0,40.8,38.2,81,4184000,-780600,37.0,,,16.56,118640,,1,2000
1790440459,2026-09-26T16:34:19Z,231947,1790208587,6.1.187-android14-11-SAGA,49646d1b0cd1,cc_governor,cc_governor,1132,556,3503,4551,2369,5,2645,196,3977,4892,1332,24,adios,0,adios,0,adios,0,46.4,45.2,,36.0,48.6,39.9,81,4179000,-373500,36.0,,,27.30,100928,,1,2000
1790440495,2026-09-26T16:34:55Z,231983,1790208587,6.1.187-android14-11-SAGA,49646d1b0cd1,cc_governor,cc_governor,1586,8149,6885,15974,5299,21,2649,1129,4483,6507,1834,367,adios,0,adios,0,adios,0,44.7,45.0,,37.0,48.3,39.6,81,4180000,-249600,37.0,,,22.02,89856,,1,2000
1790440530,2026-09-26T16:35:30Z,232019,1790208587,6.1.187-android14-11-SAGA,49646d1b0cd1,cc_governor,cc_governor,4712,14450,14817,30824,10119,37,2776,2375,5440,9174,2669,729,adios,0,adios,0,adios,0,47.0,46.0,,37.0,50.5,40.2,81,4178000,-281300,37.0,,,19.12,74632,,1,2000
1790440566,2026-09-26T16:36:06Z,232054,1790208587,6.1.187-android14-11-SAGA,49646d1b0cd1,cc_governor,cc_governor,10670,20424,25632,48204,14960,55,3123,3446,7309,12401,4186,1050,adios,0,adios,0,adios,0,46.0,46.0,,37.0,50.9,40.5,81,4177000,-313700,37.0,,,17.80,126292,,1,2000
1790440601,2026-09-26T16:36:41Z,232089,1790208587,6.1.187-android14-11-SAGA,49646d1b0cd1,cc_governor,cc_governor,11449,26417,29871,58879,18435,71,3151,4267,8122,14301,4977,1394,adios,0,adios,0,adios,0,45.7,45.3,,37.0,50.7,40.2,81,4174000,-426000,37.0,,,16.77,113384,,1,2000
1790440637,2026-09-26T16:37:17Z,232125,1790208587,6.1.187-android14-11-SAGA,49646d1b0cd1,cc_governor,cc_governor,12642,31170,35023,69196,22401,88,3242,4637,9247,15969,6011,1735,adios,0,adios,0,adios,0,45.4,44.9,,37.0,48.5,40.1,81,4173000,-313700,37.0,,,16.25,109196,,1,2000
1790440672,2026-09-26T16:37:52Z,232161,1790208587,6.1.187-android14-11-SAGA,49646d1b0cd1,cc_governor,cc_governor,12903,37784,37379,78567,24472,106,3242,5441,9665,17315,6423,2082,adios,0,adios,0,adios,0,45.4,45.0,,37.0,49.3,40.2,81,4177000,-249600,37.0,,,16.01,115952,,1,2000
1790440708,2026-09-26T16:38:28Z,232196,1790208587,6.1.187-android14-11-SAGA,49646d1b0cd1,cc_governor,cc_governor,13316,44210,40448,88440,27140,126,3340,6584,10049,19053,6713,2420,adios,0,adios,0,adios,0,45.8,46.2,,37.0,49.4,40.3,80,4177000,-304500,37.0,,,15.79,70712,,1,2000
1790440743,2026-09-26T16:39:03Z,232232,1790208587,6.1.187-android14-11-SAGA,49646d1b0cd1,cc_governor,cc_governor,13835,49325,45035,98574,31216,141,3417,6936,11195,20805,7783,2755,adios,0,adios,0,adios,0,45.9,45.3,,37.0,49.2,40.4,80,4175000,-360700,37.0,,,15.78,126228,,1,2000
1790440779,2026-09-26T16:39:39Z,232267,1790208587,6.1.187-android14-11-SAGA,49646d1b0cd1,cc_governor,cc_governor,14472,53118,50571,108261,36116,158,3421,7628,12018,22456,8601,3072,adios,0,adios,0,adios,0,45.7,45.1,,37.0,49.3,40.5,80,4175000,-280100,37.0,,,15.67,162204,,1,2000
1790440815,2026-09-26T16:40:15Z,232303,1790208587,6.1.187-android14-11-SAGA,49646d1b0cd1,cc_governor,cc_governor,14816,56987,52712,114743,37872,174,3434,8592,12461,23987,9027,3418,adios,0,adios,0,adios,0,45.2,45.3,,37.0,49.0,40.5,80,4175000,-243500,37.0,,,15.53,117752,,1,2000
1790440850,2026-09-26T16:40:50Z,232338,1790208587,6.1.187-android14-11-SAGA,49646d1b0cd1,cc_governor,cc_governor,15352,62062,56935,124472,41583,192,3444,9332,13132,25503,9688,3769,adios,0,adios,0,adios,0,45.6,45.0,,37.0,49.2,40.6,80,4175000,-240400,38.0,,,15.62,122308,,1,2000
1790440886,2026-09-26T16:41:26Z,232374,1790208587,6.1.187-android14-11-SAGA,49646d1b0cd1,cc_governor,cc_governor,15916,66995,61889,134787,45973,218,3446,10578,13361,27108,9915,4113,adios,0,adios,0,adios,0,45.8,45.7,,38.0,49.2,40.7,80,4174000,-283200,38.0,,,15.50,117364,,1,2000
1790440921,2026-09-26T16:42:01Z,232410,1790208587,6.1.187-android14-11-SAGA,49646d1b0cd1,cc_governor,cc_governor,16214,74912,62999,144192,46785,240,3446,11803,13410,28510,9964,4467,adios,0,adios,0,adios,0,45.8,45.3,,38.0,50.2,40.7,80,4174000,-240400,38.0,,,15.51,101368,,1,2000
1790440957,2026-09-26T16:42:37Z,232445,1790208587,6.1.187-android14-11-SAGA,49646d1b0cd1,cc_governor,cc_governor,16493,79263,65141,151095,48647,258,3446,12593,13917,29916,10471,4803,adios,0,adios,0,adios,0,46.1,45.7,,38.0,49.0,40.7,80,4161000,-494900,38.0,,,15.37,92856,,1,2000
1790441449,2026-09-26T16:50:49Z,232938,1790208587,6.1.187-android14-11-SAGA,49646d1b0cd1,cc_governor,cc_governor,40,104,303,443,266,1,88,46,206,268,127,15,adios,0,adios,0,adios,0,45.3,42.2,,37.0,42.4,38.3,80,4182000,-444300,37.0,,,86.46,163568,,1,2000
1790442028,2026-09-26T17:00:28Z,233516,1790208587,6.1.187-android14-11-SAGA,49646d1b0cd1,cc_governor,cc_governor,4,0,223,243,234,0,11,0,140,156,68,21,adios,0,adios,0,adios,0,44.5,44.3,,37.0,44.2,39.2,80,4180000,-249600,38.0,,,54.86,134200,,1,2000
1790442565,2026-09-26T17:09:25Z,234054,1790208587,6.1.187-android14-11-SAGA,49646d1b0cd1,cc_governor,cc_governor,20,38,140,211,120,0,50,1,56,62,25,4,adios,0,adios,0,adios,0,42.5,44.9,,37.0,49.8,39.6,80,4169000,-374700,37.0,,,38.08,92788,,1,2000
1790442625,2026-09-26T17:10:25Z,234113,1790208587,6.1.187-android14-11-SAGA,49646d1b0cd1,cc_governor,cc_governor,8121,2502,12815,18101,4609,54,7665,467,11201,13769,3425,131,adios,0,adios,0,adios,3,63.9,64.4,55.8,38.0,68.8,46.2,80,4141000,-657900,38.0,,,30.24,205096,,1,2000
1790442663,2026-09-26T17:11:03Z,234151,1790208587,6.1.187-android14-11-SAGA,49646d1b0cd1,cc_governor,cc_governor,40354,3933,61756,79147,21380,132,21144,1296,37925,45313,16781,670,adios,0,adios,0,adios,0,51.5,55.4,51.5,38.0,56.5,44.7,80,4138000,-937500,38.0,,,24.73,81264,,1,2000
1790442699,2026-09-26T17:11:39Z,234187,1790208587,6.1.187-android14-11-SAGA,49646d1b0cd1,cc_governor,cc_governor,55927,14127,85095,117379,29153,164,31106,5645,54140,68204,23054,1113,adios,0,adios,0,adios,0,58.6,62.5,,39.0,64.6,46.6,79,4101000,-955800,39.0,,,23.84,122136,,1,2000
1790442735,2026-09-26T17:12:15Z,234223,1790208587,6.1.187-android14-11-SAGA,49646d1b0cd1,cc_governor,cc_governor,85716,18878,125162,166146,39435,194,44601,9585,78618,98507,34017,1513,adios,0,adios,0,adios,0,51.4,56.5,49.3,39.0,57.1,44.5,79,4150000,-531000,39.0,,,20.85,129736,,1,2000
1790442770,2026-09-26T17:12:50Z,234259,1790208587,6.1.187-android14-11-SAGA,49646d1b0cd1,cc_governor,cc_governor,121602,25679,170145,221658,48539,240,55448,16190,99971,128016,44522,1900,adios,0,adios,0,adios,0,49.5,49.2,,39.0,51.1,43.8,79,4141000,-335600,39.0,,,19.15,167932,,1,2000
1790442805,2026-09-26T17:13:25Z,234294,1790208587,6.1.187-android14-11-SAGA,49646d1b0cd1,cc_governor,cc_governor,141386,40591,193370,262694,51983,278,62210,27606,109566,149753,47356,2269,adios,0,adios,0,adios,0,52.0,50.8,,39.0,54.2,43.9,79,4146000,-689600,39.0,,,18.34,114652,,1,2000
1790442841,2026-09-26T17:14:01Z,234330,1790208587,6.1.187-android14-11-SAGA,49646d1b0cd1,cc_governor,cc_governor,411,794,1327,2324,916,2,543,270,841,1297,284,9,adios,0,adios,0,adios,0,51.2,50.2,,39.0,54.0,44.0,79,4139000,-397900,39.0,,,18.49,91948,,1,2000
1790442877,2026-09-26T17:14:37Z,234365,1790208587,6.1.187-android14-11-SAGA,49646d1b0cd1,cc_governor,cc_governor,10087,9941,15033,26033,4841,18,5161,3463,6498,11389,1337,374,adios,0,adios,0,adios,0,49.6,50.4,,39.0,53.1,42.9,79,4149000,-451600,39.0,,,17.42,133688,,1,2000
1790442924,2026-09-26T17:15:24Z,234412,1790208587,6.1.187-android14-11-SAGA,49646d1b0cd1,cc_governor,cc_governor,223,1000,1350,2488,1137,1,391,60,597,668,207,35,adios,0,adios,0,adios,0,46.2,58.0,,38.0,52.3,43.1,79,4150000,-401600,38.0,,,16.64,128936,,1,2000
1790442961,2026-09-26T17:16:01Z,234450,1790208587,6.1.187-android14-11-SAGA,49646d1b0cd1,cc_governor,cc_governor,20431,8296,29522,43037,9063,130,8055,3538,13978,19425,5924,492,adios,0,adios,0,adios,83,60.9,60.4,,38.0,54.7,44.7,79,4141000,-484000,38.0,,,17.51,127568,,1,2000
1790442998,2026-09-26T17:16:38Z,234486,1790208587,6.1.187-android14-11-SAGA,49646d1b0cd1,cc_governor,cc_governor,24145,13235,43482,64421,19342,192,11838,4008,20314,27845,8479,966,adios,0,adios,0,adios,0,46.7,46.4,44.9,38.0,50.9,41.9,79,4144000,-512000,38.0,,,16.66,116964,,1,2000
1790443034,2026-09-26T17:17:14Z,234522,1790208587,6.1.187-android14-11-SAGA,49646d1b0cd1,cc_governor,cc_governor,25832,25100,49293,84098,23461,200,12096,6719,21238,32005,9142,1391,adios,0,adios,0,adios,0,44.4,45.0,,38.0,48.1,41.0,79,4146000,-331400,38.0,,,16.39,109948,,1,2000
1790443069,2026-09-26T17:17:49Z,234557,1790208587,6.1.187-android14-11-SAGA,49646d1b0cd1,cc_governor,cc_governor,26718,34714,54210,100022,27458,213,12241,7966,21889,34148,9632,1784,adios,0,adios,0,adios,0,50.2,47.3,,38.0,48.2,41.0,79,4154000,-257500,38.0,,,16.57,121276,,1,2000
1790443104,2026-09-26T17:18:24Z,234593,1790208587,6.1.187-android14-11-SAGA,49646d1b0cd1,cc_governor,cc_governor,29569,46751,61470,121286,31901,226,12792,9809,23792,38372,11000,2197,adios,0,adios,0,adios,0,44.2,44.7,,38.0,47.7,40.5,79,4151000,-253200,38.0,,,16.19,124476,,1,2000
1790443140,2026-09-26T17:19:00Z,234628,1790208587,6.1.187-android14-11-SAGA,49646d1b0cd1,cc_governor,cc_governor,32148,59535,67684,141913,35536,236,12946,12058,24348,41466,11402,2587,adios,0,adios,0,adios,0,44.0,44.1,,37.0,47.3,40.2,79,4147000,-257500,38.0,,,16.21,99824,,1,2000
1790443175,2026-09-26T17:19:35Z,234663,1790208587,6.1.187-android14-11-SAGA,49646d1b0cd1,cc_governor,cc_governor,34781,69881,76688,162881,41920,249,13191,13727,25860,44739,12673,2976,adios,0,adios,0,adios,0,44.1,44.2,,37.0,46.9,40.0,79,4142000,-359400,37.0,,,16.15,115208,,1,2000
1790443210,2026-09-26T17:20:10Z,234698,1790208587,6.1.187-android14-11-SAGA,49646d1b0cd1,cc_governor,cc_governor,38038,82533,84301,185046,46263,264,13959,16220,27494,49426,13535,3357,adios,0,adios,0,adios,0,43.9,47.3,,37.0,50.6,41.2,78,4140000,-391800,37.0,,,16.47,126272,,1,2000
1790443281,2026-09-26T17:21:21Z,234769,1790208587,6.1.187-android14-11-SAGA,49646d1b0cd1,cc_governor,cc_governor,11325,3587,18351,24905,7045,23,3855,1205,6429,8710,2587,85,adios,0,adios,0,adios,0,49.1,46.3,44.0,37.0,48.9,40.6,78,4137000,-472400,37.0,,,17.50,129100,,1,2000
1790443316,2026-09-26T17:21:56Z,234805,1790208587,6.1.187-android14-11-SAGA,49646d1b0cd1,cc_governor,cc_governor,22730,12679,41097,60381,18355,47,5503,3755,12836,18419,7337,476,adios,0,adios,0,adios,0,44.6,47.0,43.0,37.0,47.9,40.2,78,4144000,-310000,37.0,,,17.15,147100,,1,2000
1790443352,2026-09-26T17:22:32Z,234840,1790208587,6.1.187-android14-11-SAGA,49646d1b0cd1,cc_governor,cc_governor,33909,24662,60149,94056,26251,56,7764,6607,17495,26807,9736,866,adios,0,adios,0,adios,0,44.6,45.2,,37.0,47.7,40.2,78,4148000,-249600,37.0,,,16.72,113592,,1,2000
1790443387,2026-09-26T17:23:07Z,234875,1790208587,6.1.187-android14-11-SAGA,49646d1b0cd1,cc_governor,cc_governor,41444,39850,72290,123764,30835,66,8121,9802,18526,31188,10405,1256,adios,0,adios,0,adios,0,43.7,44.9,,37.0,48.3,39.9,78,4147000,-335600,37.0,,,16.48,114948,,1,2000
1790443422,2026-09-26T17:23:42Z,234910,1790208587,6.1.187-android14-11-SAGA,49646d1b0cd1,cc_governor,cc_governor,50138,53281,86288,154040,36150,75,9922,13215,21950,38332,12028,1627,adios,0,adios,0,adios,0,45.5,47.6,,37.0,54.2,40.8,78,4132000,-389400,37.0,,,17.22,250148,,1,2000
1790443458,2026-09-26T17:24:18Z,234946,1790208587,6.1.187-android14-11-SAGA,49646d1b0cd1,cc_governor,cc_governor,10774,8305,22510,33514,11718,17,2315,1825,5673,7777,3358,396,adios,0,adios,0,adios,0,44.2,44.6,,37.0,49.0,40.0,78,4140000,-396700,37.0,,,16.57,176844,,1,2000
1790443493,2026-09-26T17:24:53Z,234981,1790208587,6.1.187-android14-11-SAGA,49646d1b0cd1,cc_governor,cc_governor,18638,22896,35804,63812,17166,20,2900,5090,7589,13065,4689,791,adios,0,adios,0,adios,0,44.0,44.6,,37.0,47.4,39.9,78,4140000,-308200,37.0,,,17.02,155640,,1,2000
1790443528,2026-09-26T17:25:28Z,235016,1790208587,6.1.187-android14-11-SAGA,49646d1b0cd1,cc_governor,cc_governor,24637,36919,45984,90599,21365,38,4376,10641,10152,21553,5780,1168,adios,0,adios,0,adios,0,43.9,44.3,,37.0,47.3,40.0,78,4141000,-283200,37.0,,,17.51,110792,,1,2000
1790443563,2026-09-26T17:26:03Z,235052,1790208587,6.1.187-android14-11-SAGA,49646d1b0cd1,cc_governor,cc_governor,31432,46045,62634,120141,31198,55,9457,13460,19777,34458,10320,1540,adios,0,adios,0,adios,0,48.7,47.6,,37.0,53.0,41.2,78,4127000,-452800,37.0,,,18.36,127048,,1,2000
1790443599,2026-09-26T17:26:39Z,235087,1790208587,6.1.187-android14-11-SAGA,49646d1b0cd1,cc_governor,cc_governor,50758,50934,92857,161184,42112,84,19634,15973,36741,55401,17111,1897,adios,0,adios,0,adios,0,44.8,45.6,,37.0,48.1,40.4,78,4134000,-358200,37.0,,,18.07,198924,,1,2000
1790443634,2026-09-26T17:27:14Z,235123,1790208587,6.1.187-android14-11-SAGA,49646d1b0cd1,cc_governor,cc_governor,68357,58138,119958,199078,51592,105,22699,18968,45113,67851,22407,2281,adios,0,adios,0,adios,0,47.4,49.9,,37.0,52.7,41.5,78,4130000,-304500,37.0,,,18.21,119816,,1,2000
1790443669,2026-09-26T17:27:49Z,235158,1790208587,6.1.187-android14-11-SAGA,49646d1b0cd1,cc_governor,cc_governor,83672,70599,141775,236959,58129,117,24207,24262,49713,78120,25513,2608,adios,0,adios,0,adios,0,46.1,46.0,44.8,37.0,48.6,40.5,78,4137000,-397900,37.0,,,17.89,139420,,1,2000
1790443705,2026-09-26T17:28:25Z,235193,1790208587,6.1.187-android14-11-SAGA,49646d1b0cd1,cc_governor,cc_governor,95419,78679,165068,271858,69648,128,24843,27241,54281,85867,29438,3013,adios,0,adios,0,adios,0,43.9,43.7,,37.0,46.9,39.8,78,4136000,-413200,36.0,,,17.36,137948,,1,2000
1790443740,2026-09-26T17:29:00Z,235228,1790208587,6.1.187-android14-11-SAGA,49646d1b0cd1,cc_governor,cc_governor,101451,85689,181344,298017,79893,144,25239,29772,57646,91961,32405,3392,adios,0,adios,0,adios,0,43.9,43.9,42.1,36.0,47.0,39.4,77,4130000,-377800,36.0,,,17.37,96892,,1,2000
1790443786,2026-09-26T17:29:46Z,235274,1790208587,6.1.187-android14-11-SAGA,49646d1b0cd1,cc_governor,cc_governor,4678,256,6638,8256,1929,6,3845,147,4698,5237,864,90,adios,0,adios,0,adios,0,51.4,53.0,48.4,36.0,57.0,41.0,77,4120000,-427200,36.0,,,93.36,253340,,1,2000
1790443822,2026-09-26T17:30:22Z,235310,1790208587,6.1.187-android14-11-SAGA,49646d1b0cd1,cc_governor,cc_governor,20601,5407,33489,44022,12884,36,10532,1835,17795,20667,7263,668,adios,0,adios,0,adios,0,45.9,48.4,,36.0,54.3,40.0,77,4125000,-415600,36.0,,,59.51,126300,,1,2000
1790443857,2026-09-26T17:30:57Z,235345,1790208587,6.1.187-android14-11-SAGA,49646d1b0cd1,cc_governor,cc_governor,42260,12928,60949,81861,18613,70,20847,4964,31685,39754,10830,1180,adios,0,adios,0,adios,0,52.6,49.0,,36.0,49.8,41.1,77,4124000,-538900,36.0,,,40.58,143840,,1,2000
1790443901,2026-09-26T17:31:41Z,235389,1790208587,6.1.187-android14-11-SAGA,49646d1b0cd1,cc_governor,cc_governor,16,0,128,152,127,0,20,0,47,57,32,3,adios,0,adios,0,adios,0,41.3,41.2,,36.0,45.0,38.4,77,4132000,-355800,36.0,,,31.81,110804,,1,2000
1790443954,2026-09-26T17:32:34Z,235442,1790208587,6.1.187-android14-11-SAGA,49646d1b0cd1,cc_governor,cc_governor,16703,1637,21838,27964,5149,29,6884,1239,11021,13555,4160,186,adios,0,adios,0,adios,0,46.0,45.2,,36.0,47.4,40.0,77,4127000,-260000,36.0,,,26.07,106316,,1,2000
1790443989,2026-09-26T17:33:09Z,235478,1790208587,6.1.187-android14-11-SAGA,49646d1b0cd1,cc_governor,cc_governor,24822,7910,43218,59143,18376,47,9225,4743,18267,24962,9042,590,adios,0,adios,0,adios,0,46.7,45.3,43.6,36.0,49.6,39.9,77,4124000,-429600,36.0,,,22.22,101720,,1,2000
1790444025,2026-09-26T17:33:45Z,235513,1790208587,6.1.187-android14-11-SAGA,49646d1b0cd1,cc_governor,cc_governor,38484,18435,65792,96733,27319,67,12212,10247,25159,38242,12951,973,adios,0,adios,0,adios,0,43.3,43.2,,36.0,47.1,39.4,77,4120000,-371000,36.0,,,20.80,117340,,1,2000
1790444060,2026-09-26T17:34:20Z,235548,1790208587,6.1.187-android14-11-SAGA,49646d1b0cd1,cc_governor,cc_governor,41405,31971,72146,118281,30741,79,12399,12612,25887,41672,13488,1369,adios,0,adios,0,adios,0,42.7,43.3,,36.0,45.8,39.0,77,4126000,-357000,36.0,,,18.96,177244,,1,2000
1790444214,2026-09-26T17:36:54Z,235702,1790208587,6.1.187-android14-11-SAGA,49646d1b0cd1,cc_governor,cc_governor,16,0,16,23,24,0,73,0,108,113,40,10,adios,0,adios,0,adios,0,39.3,40.2,,35.0,43.5,37.4,77,4126000,-199500,35.0,,,18.04,133016,,1,2000
1790444532,2026-09-26T17:42:12Z,236021,1790208587,6.1.187-android14-11-SAGA,49646d1b0cd1,cc_governor,cc_governor,22,0,228,254,221,0,25,0,140,143,119,20,adios,0,adios,0,adios,0,40.7,39.7,,35.0,51.4,37.8,77,4134000,-257500,35.0,,,62.00,157688,,1,2000
1790444707,2026-09-26T17:45:07Z,236195,1790208587,6.1.187-android14-11-SAGA,49646d1b0cd1,cc_governor,cc_governor,93,900,910,1909,817,2,213,39,346,399,133,35,adios,0,adios,0,adios,0,43.0,51.3,45.2,34.0,52.8,39.2,77,4108000,-947800,34.0,,,42.60,98820,,1,2000
1790444746,2026-09-26T17:45:46Z,236234,1790208587,6.1.187-android14-11-SAGA,49646d1b0cd1,cc_governor,cc_governor,26636,8383,37516,51433,10903,145,10165,5134,17808,24661,7657,690,adios,0,adios,0,adios,0,44.7,45.9,43.0,35.0,51.6,39.3,76,4118000,-527300,35.0,,,30.69,193788,,1,2000
1790444782,2026-09-26T17:46:22Z,236270,1790208587,6.1.187-android14-11-SAGA,49646d1b0cd1,cc_governor,cc_governor,37992,21190,57644,88415,19626,177,12275,12730,24215,39253,11940,1096,adios,0,adios,0,adios,0,44.2,44.4,42.9,35.0,47.9,39.1,76,4113000,-372300,35.0,,,24.87,93208,,1,2000
1790444818,2026-09-26T17:46:58Z,236306,1790208587,6.1.187-android14-11-SAGA,49646d1b0cd1,cc_governor,cc_governor,49818,30372,79130,122753,29330,201,16689,16795,33493,53043,16825,1517,adios,0,adios,0,adios,0,49.1,49.1,45.2,35.0,57.8,40.8,76,4104000,-794600,35.0,,,21.16,123976,,1,2000
1790444855,2026-09-26T17:47:35Z,236343,1790208587,6.1.187-android14-11-SAGA,49646d1b0cd1,cc_governor,cc_governor,71581,31443,118912,173698,47262,268,29420,17652,62449,86758,33029,1993,adios,0,adios,0,adios,0,48.9,47.8,,36.0,51.1,40.6,76,4102000,-493700,36.0,,,19.77,186032,,1,2000
1790444890,2026-09-26T17:48:11Z,236379,1790208587,6.1.187-android14-11-SAGA,49646d1b0cd1,cc_governor,cc_governor,83170,32286,151699,213567,68530,302,35691,18246,79446,105237,43767,2373,adios,0,adios,0,adios,0,47.0,46.3,,36.0,49.3,40.2,76,4098000,-478500,36.0,,,18.40,191116,,1,2000
1790444926,2026-09-26T17:48:46Z,236414,1790208587,6.1.187-android14-11-SAGA,49646d1b0cd1,cc_governor,cc_governor,92486,32780,182526,251804,90039,318,41590,18569,94146,121088,52562,2757,adios,0,adios,0,adios,0,45.3,45.9,,36.0,50.4,40.2,76,4111000,-465600,36.0,,,17.87,147252,,1,2000
1790444961,2026-09-26T17:49:21Z,236449,1790208587,6.1.187-android14-11-SAGA,49646d1b0cd1,cc_governor,cc_governor,102642,38134,209006,288076,106380,330,46828,20525,105941,135495,59121,3149,adios,0,adios,0,adios,0,46.7,47.1,43.9,36.0,51.0,40.7,76,4113000,-578600,36.0,,,17.77,141312,,1,2000
1790444996,2026-09-26T17:49:56Z,236485,1790208587,6.1.187-android14-11-SAGA,49646d1b0cd1,cc_governor,cc_governor,119415,38548,245557,334293,126129,358,58971,20834,131014,163609,72016,3529,adios,0,adios,0,adios,0,54.6,54.3,,36.0,57.0,42.5,76,4103000,-633500,36.0,,,17.80,101204,,1,2000
1790445032,2026-09-26T17:50:32Z,236521,1790208587,6.1.187-android14-11-SAGA,49646d1b0cd1,cc_governor,cc_governor,139125,41406,281054,379461,141956,400,70797,22860,152345,188960,81555,3974,adios,0,adios,0,adios,0,48.1,47.3,,37.0,52.7,41.6,76,4081000,-698200,36.0,,,18.75,117712,,1,2000
1790445068,2026-09-26T17:51:08Z,236557,1790208587,6.1.187-android14-11-SAGA,49646d1b0cd1,cc_governor,cc_governor,151461,46496,307902,417661,156439,438,76705,26294,167614,209094,90900,4379,adios,0,adios,0,adios,0,47.5,47.2,45.0,37.0,52.6,41.5,76,4101000,-459500,37.0,,,18.74,36348,,1,2000
1790445105,2026-09-26T17:51:45Z,236593,1790208587,6.1.187-android14-11-SAGA,49646d1b0cd1,cc_governor,cc_governor,170746,51535,340197,462835,169439,496,91484,31106,195031,245788,103546,4807,adios,0,adios,0,adios,0,51.2,50.9,47.8,37.0,53.0,42.9,75,4095000,-686000,37.0,,,19.80,169032,,1,2000
1790445141,2026-09-26T17:52:21Z,236629,1790208587,6.1.187-android14-11-SAGA,49646d1b0cd1,cc_governor,cc_governor,183924,66553,358730,502410,174806,528,100328,44648,208783,274798,108451,5210,adios,0,adios,0,adios,0,48.7,50.2,46.8,37.0,58.3,42.7,75,4075000,-711000,37.0,,,20.25,121412,,1,2000
1790445177,2026-09-26T17:52:57Z,236665,1790208587,6.1.187-android14-11-SAGA,49646d1b0cd1,cc_governor,cc_governor,194741,72437,383060,538735,188318,564,111785,50448,234252,308749,122467,5634,adios,0,adios,0,adios,0,49.6,49.0,46.8,37.0,52.1,42.5,75,4094000,-631100,37.0,,,20.66,139696,,1,2000
1790445212,2026-09-26T17:53:33Z,236701,1790208587,6.1.187-android14-11-SAGA,49646d1b0cd1,cc_governor,cc_governor,201755,86233,395332,570373,193579,595,120312,65284,247867,338155,127541,6016,adios,0,adios,0,adios,0,52.6,49.9,,37.0,53.5,42.4,75,4097000,-684800,37.0,,,19.56,122468,,1,2000
1790445248,2026-09-26T17:54:08Z,236736,1790208587,6.1.187-android14-11-SAGA,49646d1b0cd1,cc_governor,cc_governor,211205,94088,415483,602342,204277,623,126378,68764,258394,353395,132016,6398,adios,0,adios,0,adios,0,46.7,46.8,45.0,37.0,51.7,41.5,75,4092000,-443100,37.0,,,18.54,116408,,1,2000
1790445283,2026-09-26T17:54:43Z,236772,1790208587,6.1.187-android14-11-SAGA,49646d1b0cd1,cc_governor,cc_governor,224839,103169,436255,636323,211434,659,134439,72444,270211,370824,135778,6785,adios,0,adios,0,adios,0,52.6,50.1,,37.0,52.5,42.5,75,4105000,-221500,37.0,,,18.18,79232,,1,2000
1790445319,2026-09-26T17:55:19Z,236807,1790208587,6.1.187-android14-11-SAGA,49646d1b0cd1,cc_governor,cc_governor,235811,109120,454928,662038,219029,681,139819,74452,278087,382337,138268,7136,adios,0,adios,0,adios,0,48.3,48.5,,37.0,53.5,41.4,75,4106000,-244700,37.0,,,17.91,143340,,1,2000
1790445354,2026-09-26T17:55:54Z,236842,1790208587,6.1.187-android14-11-SAGA,49646d1b0cd1,cc_governor,cc_governor,239612,117487,463779,680306,224167,699,141586,76090,281286,388715,139700,7453,adios,0,adios,0,adios,0,44.4,46.0,,37.0,48.4,40.5,75,4101000,-203800,37.0,,,16.93,102408,,1,2000
1790445514,2026-09-26T17:58:34Z,237003,1790208587,6.1.187-android14-11-SAGA,49646d1b0cd1,cc_governor,cc_governor,1,0,42,52,49,0,42,0,76,82,40,11,adios,0,adios,0,adios,0,39.3,39.9,,36.0,41.5,36.6,75,4108000,-307000,35.0,,,16.21,184760,,1,2000
1790446282,2026-09-26T18:11:22Z,237771,1790208587,6.1.187-android14-11-SAGA,49646d1b0cd1,cc_governor,cc_governor,14,0,93,107,96,0,29,0,77,82,52,18,adios,0,adios,0,adios,0,37.8,36.8,,33.0,40.6,34.5,75,4119000,-198300,33.0,,,15.91,119924,,1,2000
1790447281,2026-09-26T18:28:01Z,238770,1790208587,6.1.187-android14-11-SAGA,49646d1b0cd1,cc_governor,cc_governor,2,29,82,164,80,0,64,26,98,130,34,17,adios,0,adios,0,adios,0,40.2,38.0,,35.0,40.8,36.1,74,4115000,-360700,35.0,,,15.60,119380,,1,2000
1790447451,2026-09-26T18:30:51Z,238940,1790208587,6.1.187-android14-11-SAGA,49646d1b0cd1,cc_governor,cc_governor,1,0,30,57,43,1,69,0,108,113,43,12,adios,0,adios,0,adios,0,40.4,42.1,,35.0,39.7,36.3,74,4113000,-263600,35.0,,,15.31,120776,,1,2000
1790447651,2026-09-26T18:34:11Z,239139,1790208587,6.1.187-android14-11-SAGA,49646d1b0cd1,cc_governor,cc_governor,0,4,691,714,705,2,16,13,63,78,50,21,adios,0,adios,0,adios,0,39.0,39.4,,34.0,38.0,35.2,74,4114000,-354600,34.0,,,15.32,111136,,1,2000
1790447935,2026-09-26T18:38:55Z,239423,1790208587,6.1.187-android14-11-SAGA,49646d1b0cd1,cc_governor,cc_governor,0,0,67,84,74,1,66,0,154,72,17,2,adios,0,adios,0,adios,8,38.9,39.6,,34.0,41.5,34.9,74,4110000,-198300,34.0,,,15.03,139396,,1,2000
1790448016,2026-09-26T18:40:16Z,239504,1790208587,6.1.187-android14-11-SAGA,49646d1b0cd1,cc_governor,cc_governor,6891,4701,12687,19488,5796,63,4680,898,7299,9780,2619,105,adios,0,adios,0,adios,0,43.4,43.1,,34.0,46.1,37.3,74,4089000,-662800,34.0,,,22.45,183580,,1,2000
1790448052,2026-09-26T18:40:52Z,239540,1790208587,6.1.187-android14-11-SAGA,49646d1b0cd1,cc_governor,cc_governor,19812,11666,31988,46606,12176,76,10297,2931,15117,20866,4820,466,adios,0,adios,0,adios,0,42.9,42.4,,34.0,46.1,37.3,74,4103000,-245900,34.0,,,19.95,117640,,1,2000
1790448095,2026-09-26T18:41:35Z,239583,1790208587,6.1.187-android14-11-SAGA,49646d1b0cd1,cc_governor,cc_governor,81,0,228,249,165,0,54,0,147,157,98,16,adios,0,adios,0,adios,0,40.4,40.8,,34.0,43.4,36.8,74,4104000,-510200,34.0,,,17.87,108456,,1,2000
1790448177,2026-09-26T18:42:57Z,239665,1790208587,6.1.187-android14-11-SAGA,49646d1b0cd1,cc_governor,cc_governor,0,0,56,75,69,0,83,0,131,139,54,14,adios,0,adios,0,adios,0,39.3,39.4,,34.0,43.4,36.5,74,4112000,-175700,34.0,,,103.15,147388,,1,2000
1790448269,2026-09-26T18:44:29Z,239758,1790208587,6.1.187-android14-11-SAGA,49646d1b0cd1,cc_governor,cc_governor,0,0,68,132,81,0,90,0,59,64,19,2,adios,0,adios,0,adios,0,39.3,40.6,,35.0,43.3,37.1,74,4109000,-245900,35.0,,,131.87,123264,,1,2000
1790448357,2026-09-26T18:45:57Z,239846,1790208587,6.1.187-android14-11-SAGA,49646d1b0cd1,cc_governor,cc_governor,172,346,1137,1561,965,1,214,32,347,387,133,24,adios,0,adios,0,adios,0,41.8,40.8,,35.0,40.1,37.2,74,4079000,-753700,35.0,,,90.79,105884,,1,2000
1790448447,2026-09-26T18:47:27Z,239935,1790208587,6.1.187-android14-11-SAGA,49646d1b0cd1,cc_governor,cc_governor,1433,3076,8187,12277,6769,12,1047,221,2047,2736,1004,136,adios,0,adios,0,adios,0,41.5,42.1,,35.0,45.0,38.3,74,4104000,-283200,36.0,,,57.33,109764,,1,2000
1790448482,2026-09-26T18:48:02Z,239970,1790208587,6.1.187-android14-11-SAGA,49646d1b0cd1,cc_governor,cc_governor,5,0,41,56,48,1,39,0,69,73,36,11,adios,0,adios,0,adios,0,40.8,42.7,,36.0,42.4,37.0,74,4111000,-229400,36.0,,,36.91,161240,,1,2000
1790449003,2026-09-26T18:56:43Z,240492,1790208587,6.1.187-android14-11-SAGA,49646d1b0cd1,cc_governor,cc_governor,273,366,2552,3109,2279,3,386,132,740,921,354,34,adios,0,adios,0,adios,0,41.9,44.8,,36.0,44.3,38.3,74,4108000,-305700,36.0,,,27.72,81584,,1,2000
1790449520,2026-09-26T19:05:20Z,241008,1790208587,6.1.187-android14-11-SAGA,49646d1b0cd1,cc_governor,cc_governor,103,0,876,919,786,0,147,0,333,347,192,21,adios,0,adios,0,adios,0,41.1,42.0,,36.0,45.2,37.1,74,4102000,-442500,36.0,,,22.56,114732,,1,2000
1790449634,2026-09-26T19:07:14Z,241122,1790208587,6.1.187-android14-11-SAGA,49646d1b0cd1,cc_governor,cc_governor,10101,636,14932,18422,4830,16,7978,426,11204,14165,3228,65,adios,0,adios,0,adios,0,49.6,52.0,,36.0,53.3,41.5,74,4090000,-401600,36.0,,,21.05,108760,,1,2000
1790449670,2026-09-26T19:07:50Z,241158,1790208587,6.1.187-android14-11-SAGA,49646d1b0cd1,cc_governor,cc_governor,15002,7911,29888,42098,14874,29,8903,1628,15218,19657,6315,498,adios,0,adios,0,adios,0,47.1,46.9,,36.0,48.1,39.5,73,4088000,-715300,36.0,,,18.91,97760,,1,2000
1790449705,2026-09-26T19:08:25Z,241194,1790208587,6.1.187-android14-11-SAGA,49646d1b0cd1,cc_governor,cc_governor,30999,19253,53902,82110,22810,58,12061,7112,22711,33085,10609,903,adios,0,adios,0,adios,0,48.5,50.9,45.7,36.0,50.3,40.4,73,4087000,-427200,36.0,,,19.51,78224,,1,2000
1790449741,2026-09-26T19:09:01Z,241230,1790208587,6.1.187-android14-11-SAGA,49646d1b0cd1,cc_governor,cc_governor,47988,25580,82475,121787,34504,95,16644,9502,33617,47206,16977,1333,adios,0,adios,0,adios,0,44.1,44.4,,36.0,47.2,39.8,73,4084000,-402800,36.0,,,18.68,93264,,1,2000
1790449777,2026-09-26T19:09:37Z,241265,1790208587,6.1.187-android14-11-SAGA,49646d1b0cd1,cc_governor,cc_governor,60147,29358,106879,154446,46681,122,24970,10327,47626,63854,22670,1694,adios,0,adios,0,adios,0,50.4,49.6,47.2,36.0,61.7,42.3,73,4023000,-1341500,36.0,,,20.37,122964,,1,2000
1790449813,2026-09-26T19:10:13Z,241301,1790208587,6.1.187-android14-11-SAGA,49646d1b0cd1,cc_governor,cc_governor,86243,31759,149279,210122,62981,174,42545,12215,78216,101581,35678,2164,adios,0,adios,0,adios,0,51.9,53.6,50.6,37.0,54.5,42.9,73,4043000,-1321400,36.0,,,21.25,71276,,1,2000
1790449849,2026-09-26T19:10:49Z,241337,1790208587,6.1.187-android14-11-SAGA,49646d1b0cd1,cc_governor,cc_governor,107268,32496,190128,259426,82869,207,54414,12699,103434,128964,49029,2620,adios,0,adios,0,adios,0,46.3,46.3,,37.0,52.2,41.4,73,4062000,-587100,37.0,,,19.93,88960,,1,2000
1790449885,2026-09-26T19:11:25Z,241373,1790208587,6.1.187-android14-11-SAGA,49646d1b0cd1,cc_governor,cc_governor,120210,43810,213195,299159,92968,222,59423,16749,114155,144643,54732,3029,adios,0,adios,0,adios,0,48.3,47.2,,37.0,53.8,41.1,73,4079000,-418700,37.0,,,19.04,107680,,1,2000
1790449920,2026-09-26T19:12:00Z,241408,1790208587,6.1.187-android14-11-SAGA,49646d1b0cd1,cc_governor,cc_governor,129903,53837,234521,333557,104618,232,60439,19566,118599,152188,58160,3423,adios,0,adios,0,adios,0,45.5,46.3,,37.0,49.8,40.5,73,4075000,-501700,37.0,,,19.76,76336,,1,2000
1790449955,2026-09-26T19:12:35Z,241444,1790208587,6.1.187-android14-11-SAGA,49646d1b0cd1,cc_governor,cc_governor,139671,61164,258781,368541,119119,241,61835,21619,124238,160425,62407,3817,adios,0,adios,0,adios,0,45.6,45.2,,37.0,48.6,40.3,73,4076000,-261200,37.0,,,19.26,117320,,1,2000
1790449990,2026-09-26T19:13:10Z,241479,1790208587,6.1.187-android14-11-SAGA,49646d1b0cd1,cc_governor,cc_governor,149830,72560,278668,402558,128829,249,64476,25081,129631,170229,65155,4215,adios,0,adios,0,adios,0,45.5,46.1,,37.0,47.9,40.4,73,4079000,-528500,37.0,,,19.06,303920,,1,2000
1790450025,2026-09-26T19:13:45Z,241514,1790208587,6.1.187-android14-11-SAGA,49646d1b0cd1,cc_governor,cc_governor,161015,80109,303724,438756,142706,258,67049,27469,137257,180683,70208,4599,adios,0,adios,0,adios,0,45.6,47.3,43.5,36.0,51.7,40.5,73,4071000,-496200,37.0,,,18.92,272520,,1,2000
1790450061,2026-09-26T19:14:21Z,241549,1790208587,6.1.187-android14-11-SAGA,49646d1b0cd1,cc_governor,cc_governor,169678,85274,326196,469857,156530,283,69470,29105,144538,190522,75073,4989,adios,0,adios,0,adios,0,44.0,44.0,,37.0,47.0,39.8,72,4081000,-364900,37.0,,,18.21,117348,,1,2000
1790450096,2026-09-26T19:14:56Z,241584,1790208587,6.1.187-android14-11-SAGA,49646d1b0cd1,cc_governor,cc_governor,170213,93435,330131,482902,159918,297,69518,29997,145306,192211,75788,5393,adios,0,adios,0,adios,0,43.1,43.5,,36.0,46.0,39.3,72,4074000,-308200,37.0,,,17.46,115028,,1,2000
1790450131,2026-09-26T19:15:31Z,241620,1790208587,6.1.187-android14-11-SAGA,49646d1b0cd1,cc_governor,cc_governor,170840,101961,334539,496763,163699,310,69582,30922,146195,194062,76613,5784,adios,0,adios,0,adios,0,42.9,43.5,,36.0,45.7,39.1,72,4079000,-298400,36.0,,,16.59,121924,,1,2000
1790450167,2026-09-26T19:16:07Z,241655,1790208587,6.1.187-android14-11-SAGA,49646d1b0cd1,cc_governor,cc_governor,172311,109962,340457,511933,168159,321,69910,32355,147270,196601,77363,6186,adios,0,adios,0,adios,0,45.0,53.8,46.7,36.0,48.1,40.4,72,4085000,-785500,36.0,,,16.02,124680,,1,2000
1790450222,2026-09-26T19:17:02Z,241711,1790208587,6.1.187-android14-11-SAGA,49646d1b0cd1,cc_governor,cc_governor,19113,670,30235,34986,11135,19,12438,435,18708,22352,6283,84,adios,0,adios,0,adios,64,52.1,54.2,,37.0,61.3,42.0,72,4047000,-966700,36.0,,,17.93,138196,,1,2000
1790450258,2026-09-26T19:17:38Z,241746,1790208587,6.1.187-android14-11-SAGA,49646d1b0cd1,cc_governor,cc_governor,32514,5626,60398,74833,27877,39,16140,1743,29261,36447,13126,537,adios,0,adios,0,adios,0,46.4,45.5,,37.0,49.1,40.6,72,4073000,-437600,37.0,,,17.57,202324,,1,2000
1790450293,2026-09-26T19:18:13Z,241782,1790208587,6.1.187-android14-11-SAGA,49646d1b0cd1,cc_governor,cc_governor,45542,13211,87132,113557,41590,58,20724,4047,39971,51086,19247,930,adios,0,adios,0,adios,0,45.3,47.2,,37.0,48.8,40.5,72,4071000,-389400,37.0,,,17.59,110340,,1,2000
1790450328,2026-09-26T19:18:49Z,241817,1790208587,6.1.187-android14-11-SAGA,49646d1b0cd1,cc_governor,cc_governor,57093,20758,113259,150912,56184,67,21895,6655,44511,59661,22623,1331,adios,0,adios,0,adios,0,45.5,46.2,,37.0,48.5,40.4,72,4067000,-583400,37.0,,,17.79,136212,,1,2000
1790450364,2026-09-26T19:19:24Z,241852,1790208587,6.1.187-android14-11-SAGA,49646d1b0cd1,cc_governor,cc_governor,67708,28398,138307,187278,70587,73,22964,8584,49535,67825,26571,1735,adios,0,adios,0,adios,0,45.4,45.4,,37.0,48.0,40.3,72,4071000,-610300,37.0,,,17.87,147572,,1,2000
1790450399,2026-09-26T19:19:59Z,241887,1790208587,6.1.187-android14-11-SAGA,49646d1b0cd1,cc_governor,cc_governor,80794,34164,166894,225187,86096,83,25412,10146,57465,78762,32056,2136,adios,0,adios,0,adios,0,45.5,46.4,,37.0,49.0,40.5,72,4068000,-442500,37.0,,,18.42,141708,,1,2000
1790450434,2026-09-26T19:20:34Z,241922,1790208587,6.1.187-android14-11-SAGA,49646d1b0cd1,cc_governor,cc_governor,91014,42866,190110,261081,99105,93,26295,12762,61520,86532,35228,2522,adios,0,adios,0,adios,0,45.3,45.1,,37.0,49.0,40.3,72,4069000,-454100,37.0,,,17.80,165856,,1,2000
1790450469,2026-09-26T19:21:09Z,241957,1790208587,6.1.187-android14-11-SAGA,49646d1b0cd1,cc_governor,cc_governor,102617,48609,217985,298017,115365,100,28317,14291,68032,95357,39715,2907,adios,0,adios,0,adios,0,45.0,45.1,,37.0,49.8,40.3,72,4071000,-449200,37.0,,,17.54,140416,,1,2000
1790450504,2026-09-26T19:21:44Z,241993,1790208587,6.1.187-android14-11-SAGA,49646d1b0cd1,cc_governor,cc_governor,111149,57530,237789,329941,126651,112,30336,17014,73428,104080,43097,3310,adios,0,adios,0,adios,0,45.3,44.3,,37.0,46.7,39.8,72,4072000,-426000,37.0,,,17.46,100692,,1,2000
1790450540,2026-09-26T19:22:20Z,242028,1790208587,6.1.187-android14-11-SAGA,49646d1b0cd1,cc_governor,cc_governor,111910,64175,244032,343706,132137,122,30432,17983,74386,106048,43959,3717,adios,0,adios,0,adios,0,42.5,44.4,,37.0,47.9,39.5,72,4068000,-373500,37.0,,,17.11,96076,,1,2000
1790450575,2026-09-26T19:22:55Z,242063,1790208587,6.1.187-android14-11-SAGA,49646d1b0cd1,cc_governor,cc_governor,115460,73554,254309,365701,138848,129,31200,20341,77200,111392,46000,4114,adios,0,adios,0,adios,0,45.3,46.9,45.0,37.0,52.8,40.8,71,4038000,-576700,36.0,,,18.30,110088,,1,2000
1790450611,2026-09-26T19:23:31Z,242099,1790208587,6.1.187-android14-11-SAGA,49646d1b0cd1,cc_governor,cc_governor,120959,81496,266698,388268,145739,143,32632,21261,81255,116660,48623,4548,adios,0,adios,0,adios,0,42.8,43.1,,37.0,47.0,39.5,71,4072000,-274000,37.0,,,17.31,106372,,1,2000
1790450646,2026-09-26T19:24:06Z,242134,1790208587,6.1.187-android14-11-SAGA,49646d1b0cd1,cc_governor,cc_governor,121518,89605,270785,401336,149267,155,32671,22694,81508,118377,48837,4952,adios,0,adios,0,adios,0,42.6,42.6,,37.0,46.6,39.2,71,4074000,-411900,37.0,,,16.60,119072,,1,2000
1790450681,2026-09-26T19:24:41Z,242170,1790208587,6.1.187-android14-11-SAGA,49646d1b0cd1,cc_governor,cc_governor,122269,100187,272611,414491,150340,164,32730,24357,81792,120379,49062,5352,adios,0,adios,0,adios,0,42.9,43.1,,36.0,45.9,39.1,71,4061000,-407100,37.0,,,16.22,114544,,1,2000
1790450825,2026-09-26T19:27:05Z,242313,1790208587,6.1.187-android14-11-SAGA,49646d1b0cd1,cc_governor,cc_governor,214,47,470,554,263,0,132,33,302,352,176,17,adios,0,adios,0,adios,0,41.6,42.0,,36.0,46.2,38.0,71,4074000,-328900,36.0,,,72.95,141760,,1,2000
1790450883,2026-09-26T19:28:03Z,242371,1790208587,6.1.187-android14-11-SAGA,49646d1b0cd1,cc_governor,cc_governor,24648,671,39446,47388,14801,43,14640,408,25979,29345,11346,139,adios,0,adios,0,adios,0,54.7,51.1,48.5,36.0,54.6,41.8,71,4040000,-555400,36.0,,,49.86,112544,,1,2000
1790450919,2026-09-26T19:28:39Z,242408,1790208587,6.1.187-android14-11-SAGA,49646d1b0cd1,cc_governor,cc_governor,41042,5757,71645,91147,30623,83,17821,2689,36639,43683,18824,580,adios,0,adios,0,adios,0,47.6,48.9,45.5,36.0,49.8,41.1,71,4050000,-504100,36.0,,,35.29,102832,,1,2000
1790450955,2026-09-26T19:29:15Z,242444,1790208587,6.1.187-android14-11-SAGA,49646d1b0cd1,cc_governor,cc_governor,43490,19128,79692,114455,36200,101,17970,4376,37972,46810,20002,1011,adios,0,adios,0,adios,0,43.2,43.9,,36.0,46.9,39.4,71,4056000,-357000,36.0,,,26.82,85420,,1,2000
1790450990,2026-09-26T19:29:50Z,242479,1790208587,6.1.187-android14-11-SAGA,49646d1b0cd1,cc_governor,cc_governor,44285,32597,83585,132618,39300,110,17990,5876,38092,48456,20102,1406,adios,0,adios,0,adios,0,42.5,43.0,,36.0,46.5,39.0,71,4060000,-321000,36.0,,,21.96,117584,,1,2000
1790451026,2026-09-26T19:30:26Z,242514,1790208587,6.1.187-android14-11-SAGA,49646d1b0cd1,cc_governor,cc_governor,45280,44233,87520,149207,42240,116,18081,7345,38764,50663,20683,1800,adios,0,adios,0,adios,0,42.2,44.0,,36.0,45.8,38.8,71,4066000,-393000,36.0,,,19.27,77436,,1,2000
1790451151,2026-09-26T19:32:31Z,242640,1790208587,6.1.187-android14-11-SAGA,49646d1b0cd1,cc_governor,cc_governor,13828,2210,23166,32395,9312,20,5602,850,9988,11843,4386,88,adios,0,adios,0,adios,0,46.0,47.0,43.9,36.0,48.5,39.7,71,4061000,-464400,36.0,,,18.62,139040,,1,2000
1790451188,2026-09-26T19:33:08Z,242676,1790208587,6.1.187-android14-11-SAGA,49646d1b0cd1,cc_governor,cc_governor,23199,18833,39164,80493,15944,45,5781,6059,12259,19699,6476,547,adios,0,adios,0,adios,0,46.3,48.4,44.7,36.0,52.2,40.1,71,4054000,-480900,36.0,,,18.37,155844,,1,2000
1790451225,2026-09-26T19:33:45Z,242713,1790208587,6.1.187-android14-11-SAGA,49646d1b0cd1,cc_governor,cc_governor,33814,37299,54361,132109,20541,79,7955,13919,16217,32001,8245,975,adios,0,adios,0,adios,0,49.0,47.9,46.1,36.0,51.1,41.2,71,4007000,-1006400,36.0,,,19.14,25148,,1,2000
1790451262,2026-09-26T19:34:22Z,242750,1790208587,6.1.187-android14-11-SAGA,49646d1b0cd1,cc_governor,cc_governor,55088,40870,90865,180764,35783,145,16040,16422,33745,55083,17711,1448,adios,0,adios,0,adios,1,48.7,56.6,48.0,36.0,51.9,41.9,70,4028000,-422300,36.0,,,22.12,112048,,1,2000
1790451297,2026-09-26T19:34:57Z,242786,1790208587,6.1.187-android14-11-SAGA,49646d1b0cd1,cc_governor,cc_governor,72797,44228,125418,224586,52621,184,20342,17884,47025,71029,26683,1835,adios,0,adios,0,adios,3,46.6,46.7,,37.0,48.7,41.2,70,4049000,-471100,37.0,,,20.67,197736,,1,2000
1790451333,2026-09-26T19:35:33Z,242821,1790208587,6.1.187-android14-11-SAGA,49646d1b0cd1,cc_governor,cc_governor,73617,54537,129707,240043,56106,190,20415,18715,47872,72744,27464,2234,adios,0,adios,0,adios,0,43.7,43.9,,37.0,47.6,39.7,70,4059000,-355800,37.0,,,18.37,154356,,1,2000
1790451368,2026-09-26T19:36:08Z,242856,1790208587,6.1.187-android14-11-SAGA,49646d1b0cd1,cc_governor,cc_governor,74160,62275,133271,252044,59128,200,20502,19804,48449,74479,27951,2619,adios,0,adios,0,adios,0,42.8,43.1,,37.0,49.7,39.3,70,4052000,-435100,36.0,,,17.01,278584,,1,2000
1790451403,2026-09-26T19:36:43Z,242892,1790208587,6.1.187-android14-11-SAGA,49646d1b0cd1,cc_governor,cc_governor,75811,69503,137756,264865,61908,217,20705,21260,49334,76961,28649,3004,adios,0,adios,0,adios,0,45.6,49.1,48.2,36.0,49.1,40.3,70,4046000,-304500,36.0,,,17.20,426496,,1,2000
1790451439,2026-09-26T19:37:19Z,242928,1790208587,6.1.187-android14-11-SAGA,49646d1b0cd1,cc_governor,cc_governor,96159,73255,171903,310209,75758,263,37191,23419,74785,106559,37603,3429,adios,0,adios,0,adios,0,48.0,47.1,,37.0,49.4,41.1,70,4052000,-496200,37.0,,,17.37,143560,,1,2000
1790451474,2026-09-26T19:37:54Z,242963,1790208587,6.1.187-android14-11-SAGA,49646d1b0cd1,cc_governor,cc_governor,96783,78625,176074,320350,79291,281,37221,24414,75588,108458,38367,3823,adios,0,adios,0,adios,0,43.0,45.2,,37.0,47.8,39.5,70,4056000,-311200,37.0,,,17.32,123388,,1,2000
1790451510,2026-09-26T19:38:30Z,242999,1790208587,6.1.187-android14-11-SAGA,49646d1b0cd1,cc_governor,cc_governor,100782,83516,186131,337382,85357,297,40167,26065,81117,116823,40918,4199,adios,0,adios,0,adios,0,48.4,48.4,,36.0,50.5,40.2,70,4044000,-410700,36.0,,,17.44,89084,,1,2000
1790451545,2026-09-26T19:39:05Z,243034,1790208587,6.1.187-android14-11-SAGA,49646d1b0cd1,cc_governor,cc_governor,105405,92655,202051,366216,96633,308,41641,28773,86140,127005,44499,4562,adios,0,adios,0,adios,0,45.1,46.3,,36.0,48.5,40.0,70,4043000,-516900,36.0,,,17.66,174796,,1,2000
1790451580,2026-09-26T19:39:40Z,243069,1790208587,6.1.187-android14-11-SAGA,49646d1b0cd1,cc_governor,cc_governor,112529,99241,222465,396337,109936,324,44802,31162,93667,137817,48865,4926,adios,0,adios,0,adios,0,44.5,44.6,,36.0,47.3,40.0,70,4050000,-616400,36.0,,,17.41,135484,,1,2000
1790451616,2026-09-26T19:40:16Z,243104,1790208587,6.1.187-android14-11-SAGA,49646d1b0cd1,cc_governor,cc_governor,113017,105373,225601,406260,112582,333,44898,32708,94083,139834,49185,5309,adios,0,adios,0,adios,0,42.9,44.6,,37.0,47.6,39.4,70,4055000,-313700,36.0,,,16.91,160276,,1,2000
1790451651,2026-09-26T19:40:51Z,243139,1790208587,6.1.187-android14-11-SAGA,49646d1b0cd1,cc_governor,cc_governor,119449,112457,242758,433415,123316,354,49199,36333,101914,151983,52719,5706,adios,0,adios,0,adios,0,45.6,45.5,,36.0,47.9,40.0,70,4048000,-372300,36.0,,,16.82,83900,,1,2000
1790451686,2026-09-26T19:41:26Z,243175,1790208587,6.1.187-android14-11-SAGA,49646d1b0cd1,cc_governor,cc_governor,124319,123813,254113,458193,129794,369,51250,39665,106349,160345,55099,6098,adios,0,adios,0,adios,0,43.5,44.1,,36.0,48.3,39.6,70,4050000,-396700,36.0,,,16.80,80840,,1,2000
1790451721,2026-09-26T19:42:01Z,243210,1790208587,6.1.187-android14-11-SAGA,49646d1b0cd1,cc_governor,cc_governor,129079,128403,267055,478514,137976,379,54468,41159,113397,169723,58929,6468,adios,0,adios,0,adios,0,46.9,45.1,,36.0,49.2,39.8,70,4047000,-499200,36.0,,,16.88,39728,,1,2000
1790451756,2026-09-26T19:42:36Z,243245,1790208587,6.1.187-android14-11-SAGA,49646d1b0cd1,cc_governor,cc_governor,134293,139805,281061,506715,146775,400,55913,44377,117605,178739,61698,6836,adios,0,adios,0,adios,0,46.4,45.8,,36.0,48.5,39.9,69,4039000,-537100,36.0,,,16.79,61300,,1,2000
1790451792,2026-09-26T19:43:12Z,243280,1790208587,6.1.187-android14-11-SAGA,49646d1b0cd1,cc_governor,cc_governor,139592,149145,297172,534965,157580,408,57350,47393,122313,187525,64963,7222,adios,0,adios,0,adios,0,45.3,45.3,,36.0,49.1,39.9,69,4040000,-307000,36.0,,,16.65,94716,,1,2000
1790451827,2026-09-26T19:43:47Z,243316,1790208587,6.1.187-android14-11-SAGA,49646d1b0cd1,cc_governor,cc_governor,144588,157860,314334,563727,169738,416,58226,50033,126312,195031,68097,7598,adios,0,adios,0,adios,0,44.7,45.0,,36.0,47.7,39.9,69,4042000,-899000,36.0,,,16.90,76856,,1,2000
1790451862,2026-09-26T19:44:22Z,243351,1790208587,6.1.187-android14-11-SAGA,49646d1b0cd1,cc_governor,cc_governor,149682,168071,329623,591827,179936,423,59109,53142,129732,202539,70623,7997,adios,0,adios,0,adios,0,44.6,45.0,,36.0,47.7,39.8,69,4039000,-336900,36.0,,,17.16,96432,,1,2000
1790451897,2026-09-26T19:44:57Z,243386,1790208587,6.1.187-android14-11-SAGA,49646d1b0cd1,cc_governor,cc_governor,154753,176121,344988,617651,190233,440,61036,56748,133825,210869,72789,8386,adios,0,adios,0,adios,0,43.9,43.6,42.2,36.0,47.9,39.7,69,4037000,-381400,36.0,,,17.08,102100,,1,2000
1790451933,2026-09-26T19:45:33Z,243421,1790208587,6.1.187-android14-11-SAGA,49646d1b0cd1,cc_governor,cc_governor,158091,179823,355428,633407,197348,456,63656,57758,139104,217518,75458,8781,adios,0,adios,0,adios,0,45.6,45.2,,36.0,47.4,39.9,69,4044000,-281300,36.0,,,16.85,76816,,1,2000
1790451968,2026-09-26T19:46:08Z,243456,1790208587,6.1.187-android14-11-SAGA,49646d1b0cd1,cc_governor,cc_governor,162353,188683,371059,661214,208698,468,64905,60450,143927,226668,79040,9175,adios,0,adios,0,adios,0,45.8,45.3,,36.0,48.7,39.9,69,4031000,-781800,36.0,,,16.81,139856,,1,2000
1790452003,2026-09-26T19:46:43Z,243491,1790208587,6.1.187-android14-11-SAGA,49646d1b0cd1,cc_governor,cc_governor,168109,194744,391752,691233,223662,480,66328,62308,149770,235497,83446,9566,adios,0,adios,0,adios,0,44.9,44.8,,36.0,47.5,39.7,69,4041000,-340500,36.0,,,16.94,172772,,1,2000
1790452038,2026-09-26T19:47:18Z,243526,1790208587,6.1.187-android14-11-SAGA,49646d1b0cd1,cc_governor,cc_governor,176027,205749,405282,718497,229245,497,71556,67247,158052,249351,86503,9947,adios,0,adios,0,adios,0,47.9,49.1,45.6,36.0,50.2,40.7,69,4042000,-267300,36.0,,,17.28,102692,,1,2000
1790452074,2026-09-26T19:47:54Z,243562,1790208587,6.1.187-android14-11-SAGA,49646d1b0cd1,cc_governor,cc_governor,191772,210112,431639,754312,239875,527,80233,69717,173562,268297,93339,10353,adios,0,adios,0,adios,0,48.5,47.0,,36.0,50.4,41.2,69,4022000,-723800,36.0,,,17.52,152248,,1,2000
1790452110,2026-09-26T19:48:30Z,243598,1790208587,6.1.187-android14-11-SAGA,49646d1b0cd1,cc_governor,cc_governor,197708,218844,441345,774745,243506,550,83080,72750,178265,276482,95115,10772,adios,0,adios,0,adios,0,47.4,50.3,,36.0,48.2,40.2,69,4036000,-292900,36.0,,,16.93,147696,,1,2000
1790452145,2026-09-26T19:49:05Z,243634,1790208587,6.1.187-android14-11-SAGA,49646d1b0cd1,cc_governor,cc_governor,217984,224512,472228,818421,254259,590,98544,76589,202186,307043,103653,11176,adios,0,adios,0,adios,0,52.5,50.4,47.1,36.0,54.8,42.1,69,4001000,-960600,36.0,,,17.19,166128,,1,2000
1790452181,2026-09-26T19:49:41Z,243670,1790208587,6.1.187-android14-11-SAGA,49646d1b0cd1,cc_governor,cc_governor,245694,229628,510214,867266,264535,617,116359,80772,227135,338477,110783,11632,adios,0,adios,0,adios,0,49.9,50.9,,37.0,51.4,41.7,68,4036000,-314900,37.0,,,18.19,108560,,1,2000
1790452237,2026-09-26T19:50:37Z,243726,1790208587,6.1.187-android14-11-SAGA,49646d1b0cd1,cc_governor,cc_governor,6,0,64,71,66,0,58,0,105,109,52,15,adios,0,adios,0,adios,0,42.6,41.8,,36.0,46.4,38.7,68,4049000,-305700,36.0,,,16.77,149716,,1,2000
1790452817,2026-09-26T20:00:17Z,244306,1790208587,6.1.187-android14-11-SAGA,49646d1b0cd1,cc_governor,cc_governor,9,0,141,154,142,0,82,0,140,144,63,17,adios,0,adios,0,adios,0,39.3,39.1,,35.0,42.0,36.1,68,4036000,-244700,35.0,,,23.01,89164,,1,2000
1790453216,2026-09-26T20:06:56Z,244705,1790208587,6.1.187-android14-11-SAGA,49646d1b0cd1,cc_governor,cc_governor,504,397,957,1580,454,0,381,239,682,1091,300,7,adios,0,adios,0,adios,0,46.6,46.2,,35.0,47.0,39.4,68,4048000,-192200,35.0,,,29.67,106376,,1,2000
1790453273,2026-09-26T20:07:53Z,244762,1790208587,6.1.187-android14-11-SAGA,49646d1b0cd1,cc_governor,cc_governor,9,0,94,108,97,0,20,0,69,74,54,15,adios,0,adios,0,adios,0,40.7,42.1,,35.0,42.4,36.7,68,4053000,-335600,35.0,,,22.95,120444,,1,2000
1790453776,2026-09-26T20:16:16Z,245264,1790208587,6.1.187-android14-11-SAGA,49646d1b0cd1,cc_governor,cc_governor,2808,465,4559,5984,1759,22,1370,64,2323,2619,958,63,adios,0,adios,0,adios,0,49.9,53.5,,35.0,53.6,40.5,68,4031000,-446700,35.0,,,21.41,146964,,1,2000
1790453814,2026-09-26T20:16:54Z,245302,1790208587,6.1.187-android14-11-SAGA,49646d1b0cd1,cc_governor,cc_governor,14772,5311,29023,38710,14270,114,5333,1069,10377,13019,5049,588,adios,0,adios,0,adios,0,41.9,42.3,,35.0,44.8,38.4,68,4044000,-344200,35.0,,,19.07,103956,,1,2000
1790453849,2026-09-26T20:17:29Z,245338,1790208587,6.1.187-android14-11-SAGA,49646d1b0cd1,cc_governor,cc_governor,16501,17839,33784,57329,17283,136,5396,3283,10898,15816,5502,980,adios,0,adios,0,adios,0,41.8,42.6,40.6,35.0,45.4,38.4,68,4040000,-373500,36.0,,,17.89,111776,,1,2000
1790453885,2026-09-26T20:18:05Z,245373,1790208587,6.1.187-android14-11-SAGA,49646d1b0cd1,cc_governor,cc_governor,18143,28559,37721,73495,19577,158,5478,5569,11279,18517,5801,1399,adios,0,adios,0,adios,0,41.5,42.8,,36.0,45.5,38.5,68,4037000,-219100,36.0,,,17.05,104032,,1,2000
1790453969,2026-09-26T20:19:29Z,245458,1790208587,6.1.187-android14-11-SAGA,49646d1b0cd1,cc_governor,cc_governor,5,0,229,253,234,2,266,0,339,351,79,17,adios,0,adios,0,adios,0,41.3,41.4,,36.0,44.5,38.0,68,4043000,-316100,36.0,,,17.54,189788,,1,2000
1790454124,2026-09-26T20:22:04Z,245613,1790208587,6.1.187-android14-11-SAGA,49646d1b0cd1,cc_governor,cc_governor,0,0,23,64,31,0,19,0,54,58,39,8,adios,0,adios,0,adios,0,39.4,40.3,,35.0,42.9,36.6,68,4046000,-170200,35.0,,,16.30,127920,,1,2000
1790454315,2026-09-26T20:25:15Z,245803,1790208587,6.1.187-android14-11-SAGA,49646d1b0cd1,cc_governor,cc_governor,881,158,1882,2157,1013,4,434,76,811,1173,400,25,adios,0,adios,0,adios,0,43.4,42.4,,35.0,43.0,36.8,68,4048000,-322800,35.0,,,15.82,132072,,1,2000
1790454479,2026-09-26T20:27:59Z,245967,1790208587,6.1.187-android14-11-SAGA,49646d1b0cd1,cc_governor,cc_governor,0,0,26,33,39,0,20,0,57,60,41,8,adios,0,adios,0,adios,0,41.7,41.6,,36.0,44.7,38.1,68,4044000,-435100,36.0,,,15.92,121352,,1,2000
1790454550,2026-09-26T20:29:10Z,246039,1790208587,6.1.187-android14-11-SAGA,49646d1b0cd1,cc_governor,cc_governor,3194,86,6861,7759,3674,22,2071,31,3617,3920,1551,68,adios,0,adios,0,adios,0,44.3,44.2,,36.0,46.9,39.6,68,4040000,-599900,36.0,,,19.02,185888,,1,2000
1790455159,2026-09-26T20:39:19Z,246648,1790208587,6.1.187-android14-11-SAGA,49646d1b0cd1,cc_governor,cc_governor,43,0,791,830,754,1,82,0,239,245,163,23,adios,0,adios,0,adios,0,40.6,41.7,,35.0,42.3,36.1,67,4034000,-375900,35.0,,,29.59,118176,,1,2000
1790455296,2026-09-26T20:41:36Z,246785,1790208587,6.1.187-android14-11-SAGA,49646d1b0cd1,cc_governor,cc_governor,27,398,533,990,506,1,126,36,224,277,98,20,adios,0,adios,0,adios,0,39.9,40.9,,35.0,45.1,37.0,67,4029000,-463200,35.0,,,23.25,141004,,1,2000
1790455463,2026-09-26T20:44:23Z,246952,1790208587,6.1.187-android14-11-SAGA,49646d1b0cd1,cc_governor,cc_governor,0,0,58,69,70,1,26,0,73,74,51,15,adios,0,adios,0,adios,0,38.5,39.6,,34.0,39.4,35.5,67,4042000,-234300,34.0,,,19.62,135064,,1,2000
1790455675,2026-09-26T20:47:55Z,247163,1790208587,6.1.187-android14-11-SAGA,49646d1b0cd1,cc_governor,cc_governor,16,0,193,217,184,0,58,0,76,80,23,4,adios,0,adios,0,adios,0,39.0,39.0,,34.0,41.5,35.7,67,4041000,-286800,34.0,,,17.49,122036,,1,2000
1790455877,2026-09-26T20:51:17Z,247366,1790208587,6.1.187-android14-11-SAGA,49646d1b0cd1,cc_governor,cc_governor,5844,154,7724,9168,1858,6,2819,132,4556,5030,1709,50,adios,0,adios,0,adios,0,45.0,45.4,43.9,34.0,48.5,38.6,67,4020000,-779400,34.0,,,49.79,75560,,1,2000
1790456003,2026-09-26T20:53:23Z,247491,1790208587,6.1.187-android14-11-SAGA,49646d1b0cd1,cc_governor,cc_governor,0,0,47,58,60,0,64,0,107,112,50,18,adios,0,adios,0,adios,0,38.0,39.3,,34.0,40.1,36.0,67,4038000,-295400,34.0,,,39.57,122140,,1,2000
1790456102,2026-09-26T20:55:02Z,247590,1790208587,6.1.187-android14-11-SAGA,49646d1b0cd1,cc_governor,cc_governor,16661,500,21759,26521,5098,12,9106,372,13158,14909,4052,62,adios,0,adios,0,adios,0,45.8,47.2,44.1,34.0,50.6,39.1,67,4007000,-759800,34.0,,,61.33,225164,,1,2000
1790456339,2026-09-26T20:58:59Z,247827,1790208587,6.1.187-android14-11-SAGA,49646d1b0cd1,cc_governor,cc_governor,3,0,229,254,240,0,132,0,209,221,83,16,adios,0,adios,0,adios,0,37.6,35.7,,33.0,38.0,34.0,67,4037000,-289300,33.0,,,85.38,122240,,1,2000
1790456538,2026-09-26T21:02:18Z,248026,1790208587,6.1.187-android14-11-SAGA,49646d1b0cd1,cc_governor,cc_governor,6145,0,8628,10046,2476,14,3427,0,5214,5593,1796,83,adios,0,adios,0,adios,0,45.0,45.4,42.1,33.0,45.3,37.0,67,4006000,-637200,33.0,,,51.18,143124,,1,2000
1790456574,2026-09-26T21:02:54Z,248062,1790208587,6.1.187-android14-11-SAGA,49646d1b0cd1,cc_governor,cc_governor,14756,9603,26708,42556,11943,48,4787,3563,10804,15398,6017,500,adios,0,adios,0,adios,0,45.4,43.0,,33.0,46.6,37.2,67,4001000,-720200,33.0,,,35.95,137952,,1,2000
1790456610,2026-09-26T21:03:30Z,248098,1790208587,6.1.187-android14-11-SAGA,49646d1b0cd1,cc_governor,cc_governor,25064,20472,45529,77484,20478,85,6436,8271,15758,25455,9343,897,adios,0,adios,0,adios,0,48.4,46.5,43.4,33.0,47.5,38.1,67,4014000,-480900,33.0,,,27.85,199196,,1,2000
1790456646,2026-09-26T21:04:06Z,248134,1790208587,6.1.187-android14-11-SAGA,49646d1b0cd1,cc_governor,cc_governor,36464,27836,69659,114508,33189,129,8037,10944,22944,35708,14908,1318,adios,0,adios,0,adios,0,43.3,42.9,,33.0,44.6,37.5,66,4013000,-562700,33.0,,,22.48,125480,,1,2000
1790456681,2026-09-26T21:04:41Z,248170,1790208587,6.1.187-android14-11-SAGA,49646d1b0cd1,cc_governor,cc_governor,44257,38199,83720,142622,39457,153,11035,13624,29335,45179,18228,1737,adios,0,adios,0,adios,39,50.7,50.0,,33.0,48.0,38.3,66,4021000,-286800,33.0,,,20.17,332716,,1,2000
1790456717,2026-09-26T21:05:17Z,248205,1790208587,6.1.187-android14-11-SAGA,49646d1b0cd1,cc_governor,cc_governor,17,1530,450,2111,433,0,33,188,84,347,51,42,adios,0,adios,0,adios,0,39.9,39.4,,33.0,43.0,36.3,66,4026000,-222700,33.0,,,17.94,292044,,1,2000
1790456802,2026-09-26T21:06:42Z,248291,1790208587,6.1.187-android14-11-SAGA,49646d1b0cd1,cc_governor,cc_governor,2,0,65,70,70,0,65,0,113,122,53,16,adios,0,adios,0,adios,0,38.7,36.4,,33.0,37.0,34.5,66,4027000,-225200,33.0,,,25.27,268048,,1,2000
1790456918,2026-09-26T21:08:38Z,248407,1790208587,6.1.187-android14-11-SAGA,49646d1b0cd1,cc_governor,cc_governor,11811,1719,18526,23709,6741,45,5491,591,10065,11284,4581,97,adios,0,adios,0,adios,0,47.0,44.8,42.4,33.0,46.2,38.3,66,3960000,-1308500,33.0,,,23.78,103596,,1,2000
1790456956,2026-09-26T21:09:16Z,248444,1790208587,6.1.187-android14-11-SAGA,49646d1b0cd1,cc_governor,cc_governor,22638,4815,37801,50168,15171,101,11624,1771,20554,24129,8935,607,adios,0,adios,0,adios,0,40.1,40.4,,33.0,42.8,36.5,66,4014000,-257500,33.0,,,19.86,102552,,1,2000
1790456991,2026-09-26T21:09:51Z,248479,1790208587,6.1.187-android14-11-SAGA,49646d1b0cd1,cc_governor,cc_governor,22740,5238,44952,59605,22217,119,11627,1811,21799,25893,10177,980,adios,0,adios,0,adios,0,39.7,40.4,,33.0,42.2,36.1,66,4016000,-333800,33.0,,,17.50,183544,,1,2000
1790457026,2026-09-26T21:10:26Z,248514,1790208587,6.1.187-android14-11-SAGA,49646d1b0cd1,cc_governor,cc_governor,22789,5803,51787,69035,29008,142,11627,1899,22963,27409,11342,1364,adios,0,adios,0,adios,0,38.9,41.1,,33.0,43.0,36.0,66,4016000,-289300,33.0,,,16.03,153196,,1,2000
1790457116,2026-09-26T21:11:56Z,248604,1790208587,6.1.187-android14-11-SAGA,49646d1b0cd1,cc_governor,cc_governor,0,0,22,38,37,0,22,0,58,63,42,11,adios,0,adios,0,adios,0,38.1,38.1,,33.0,40.5,34.6,66,4007000,-427200,33.0,,,15.47,111312,,1,2000
1790457335,2026-09-26T21:15:35Z,248823,1790208587,6.1.187-android14-11-SAGA,49646d1b0cd1,cc_governor,cc_governor,14,0,102,123,97,0,64,0,84,85,23,4,adios,0,adios,0,adios,0,36.9,36.4,,33.0,39.0,34.5,66,4021000,-364900,33.0,,,15.31,114352,,1,2000
1790457473,2026-09-26T21:17:53Z,248961,1790208587,6.1.187-android14-11-SAGA,49646d1b0cd1,cc_governor,cc_governor,6,0,138,143,137,0,64,0,116,120,55,14,adios,0,adios,0,adios,0,38.8,39.6,,33.0,41.2,34.9,66,4012000,-375900,33.0,,,15.37,124728,,1,2000
1790457655,2026-09-26T21:20:55Z,249144,1790208587,6.1.187-android14-11-SAGA,49646d1b0cd1,cc_governor,cc_governor,160,8,621,802,474,1,603,10,1011,1160,412,24,adios,0,adios,0,adios,0,40.8,43.4,,33.0,43.8,36.3,66,4016000,-460800,33.0,,,34.02,107920,,1,2000
1790457702,2026-09-26T21:21:42Z,249191,1790208587,6.1.187-android14-11-SAGA,49646d1b0cd1,cc_governor,cc_governor,2,0,19,26,34,0,49,0,85,100,41,9,adios,0,adios,0,adios,0,39.4,38.7,,34.0,39.9,35.2,66,4022000,-185500,34.0,,,25.60,123168,,1,2000
1790457826,2026-09-26T21:23:46Z,249315,1790208587,6.1.187-android14-11-SAGA,49646d1b0cd1,cc_governor,cc_governor,0,0,51,61,63,0,20,0,81,84,20,1,adios,0,adios,0,adios,0,38.3,39.9,,34.0,41.4,35.7,66,4027000,-164100,34.0,,,20.75,128584,,1,2000
1790457943,2026-09-26T21:25:43Z,249432,1790208587,6.1.187-android14-11-SAGA,49646d1b0cd1,cc_governor,cc_governor,15410,1025,24104,31600,8703,52,11173,661,17023,23134,5850,85,adios,0,adios,0,adios,0,47.7,47.5,44.5,34.0,48.3,39.8,66,4008000,-391800,34.0,,,19.70,111088,,1,2000
1790457979,2026-09-26T21:26:19Z,249467,1790208587,6.1.187-android14-11-SAGA,49646d1b0cd1,cc_governor,cc_governor,28696,3223,53708,68385,25030,89,16045,1852,30903,39550,14876,481,adios,0,adios,0,adios,0,52.7,56.0,49.8,34.0,68.5,42.4,65,3973000,-957000,35.0,,,22.96,210540,,1,2000
1790458018,2026-09-26T21:26:58Z,249507,1790208587,6.1.187-android14-11-SAGA,49646d1b0cd1,cc_governor,cc_governor,37451,6659,72576,93146,35125,187,20812,2375,39623,50032,18811,1085,adios,0,adios,0,adios,0,42.3,43.3,,35.0,46.1,38.5,65,3996000,-582200,35.0,,,19.10,80708,,1,2000
1790458054,2026-09-26T21:27:34Z,249542,1790208587,6.1.187-android14-11-SAGA,49646d1b0cd1,cc_governor,cc_governor,37862,14858,75795,104921,37933,210,20814,4101,39909,52177,19095,1482,adios,0,adios,0,adios,0,42.0,42.7,,35.0,45.0,38.3,65,4002000,-274000,35.0,,,17.05,116240,,1,2000
1790458089,2026-09-26T21:28:09Z,249578,1790208587,6.1.187-android14-11-SAGA,49646d1b0cd1,cc_governor,cc_governor,38188,21401,80310,116260,42122,239,20815,5595,40314,54104,19499,1872,adios,0,adios,0,adios,0,42.0,42.6,,35.0,46.0,38.5,65,3957000,-814800,35.0,,,15.94,119096,,1,2000
1790458125,2026-09-26T21:28:45Z,249613,1790208587,6.1.187-android14-11-SAGA,49646d1b0cd1,cc_governor,cc_governor,38572,28111,85030,128024,46458,258,20853,7237,40848,56320,19995,2267,adios,0,adios,0,adios,0,42.5,43.1,,35.0,44.5,38.7,65,3994000,-502900,35.0,,,15.43,105276,,1,2000
1790458160,2026-09-26T21:29:20Z,249649,1790208587,6.1.187-android14-11-SAGA,49646d1b0cd1,cc_governor,cc_governor,38989,34653,89925,139835,50936,287,20893,8356,41800,58479,20907,2653,adios,0,adios,0,adios,0,42.2,43.0,,35.0,45.1,38.8,65,3993000,-441200,36.0,,,15.09,97928,,1,2000
1790458196,2026-09-26T21:29:56Z,249685,1790208587,6.1.187-android14-11-SAGA,49646d1b0cd1,cc_governor,cc_governor,39293,44092,91489,151101,52212,306,20901,10166,42007,60572,21111,3044,adios,0,adios,0,adios,0,42.6,42.6,,36.0,45.3,39.0,65,3972000,-324000,36.0,,,15.01,116532,,1,2000
1790458232,2026-09-26T21:30:32Z,249720,1790208587,6.1.187-android14-11-SAGA,49646d1b0cd1,cc_governor,cc_governor,40102,49639,96166,162500,56064,334,21339,11450,43655,63545,22316,3434,adios,0,adios,0,adios,0,43.0,44.0,,36.0,45.8,39.2,65,3983000,-248400,36.0,,,15.33,79268,,1,2000
1790458267,2026-09-26T21:31:07Z,249756,1790208587,6.1.187-android14-11-SAGA,49646d1b0cd1,cc_governor,cc_governor,40301,55650,96817,169435,56523,360,21414,13301,43846,65670,22437,3818,adios,0,adios,0,adios,0,43.0,43.0,,36.0,47.1,39.2,65,3995000,-427200,36.0,,,15.04,97948,,1,2000
1790458303,2026-09-26T21:31:43Z,249791,1790208587,6.1.187-android14-11-SAGA,49646d1b0cd1,cc_governor,cc_governor,40369,60951,98222,176400,57851,388,21414,15047,44107,67710,22693,4203,adios,0,adios,0,adios,0,43.3,44.5,,36.0,46.0,39.3,65,3989000,-569400,36.0,,,15.15,85968,,1,2000
1790458339,2026-09-26T21:32:19Z,249827,1790208587,6.1.187-android14-11-SAGA,49646d1b0cd1,cc_governor,cc_governor,40447,66959,98611,183038,58164,406,21629,17062,44383,70075,22754,4591,adios,0,adios,0,adios,0,43.5,43.3,,36.0,45.8,39.6,65,3996000,-443100,36.0,,,14.88,89672,,1,2000
1790458374,2026-09-26T21:32:54Z,249863,1790208587,6.1.187-android14-11-SAGA,49646d1b0cd1,cc_governor,cc_governor,40503,72922,98993,189659,58490,426,21629,18947,44456,72068,22827,4988,adios,0,adios,0,adios,0,43.3,43.3,,36.0,46.2,39.6,65,3992000,-352100,37.0,,,14.78,79780,,1,2000
1790458410,2026-09-26T21:33:30Z,249898,1790208587,6.1.187-android14-11-SAGA,49646d1b0cd1,cc_governor,cc_governor,46394,77100,108855,205630,62479,464,26580,20695,51227,81752,24668,5402,adios,0,adios,0,adios,0,52.7,49.5,,37.0,54.9,41.9,64,3977000,-697000,37.0,,,14.90,99900,,1,2000
1790458446,2026-09-26T21:34:06Z,249934,1790208587,6.1.187-android14-11-SAGA,49646d1b0cd1,cc_governor,cc_governor,54835,82671,127260,232218,72424,489,30439,21674,58964,91009,28525,5818,adios,0,adios,0,adios,0,44.3,44.3,,37.0,47.4,40.4,64,3957000,-1005200,37.0,,,15.68,116688,,1,2000
1790458481,2026-09-26T21:34:41Z,249970,1790208587,6.1.187-android14-11-SAGA,49646d1b0cd1,cc_governor,cc_governor,55144,93319,128345,244181,73200,517,30440,23694,59039,93128,28599,6202,adios,0,adios,0,adios,0,43.5,43.8,,37.0,46.6,40.1,64,3988000,-253200,37.0,,,15.31,99524,,1,2000
1790458517,2026-09-26T21:35:17Z,250006,1790208587,6.1.187-android14-11-SAGA,49646d1b0cd1,cc_governor,cc_governor,55301,100411,128995,252184,73694,543,30440,25609,59107,95145,28667,6597,adios,0,adios,0,adios,0,43.5,43.4,,37.0,47.4,40.0,64,3987000,-895300,37.0,,,14.87,88436,,1,2000
1790458553,2026-09-26T21:35:53Z,250042,1790208587,6.1.187-android14-11-SAGA,49646d1b0cd1,cc_governor,cc_governor,55515,108646,129551,261210,74036,561,30460,27568,59181,97255,28721,6996,adios,0,adios,0,adios,0,43.9,43.8,,37.0,46.8,40.1,64,3973000,-631100,37.0,,,15.07,78296,,1,2000
1790458589,2026-09-26T21:36:29Z,250077,1790208587,6.1.187-android14-11-SAGA,49646d1b0cd1,cc_governor,cc_governor,55586,115129,130359,268686,74773,588,30461,29436,59298,99296,28837,7384,adios,0,adios,0,adios,0,43.6,44.0,,37.0,46.8,40.2,64,3979000,-474800,37.0,,,14.82,81712,,1,2000
1790458625,2026-09-26T21:37:05Z,250113,1790208587,6.1.187-android14-11-SAGA,49646d1b0cd1,cc_governor,cc_governor,55679,120810,131847,276061,76178,616,30465,30833,59819,101296,29359,7767,adios,0,adios,0,adios,0,44.0,44.0,,37.0,46.8,40.4,64,3986000,-451600,37.0,,,14.71,113720,,1,2000
1790458660,2026-09-26T21:37:40Z,250149,1790208587,6.1.187-android14-11-SAGA,49646d1b0cd1,cc_governor,cc_governor,56180,126322,134393,284966,78213,641,30783,32912,60636,104255,29853,8161,adios,0,adios,0,adios,0,44.0,44.8,,37.0,47.3,40.4,64,3980000,-642000,37.0,,,14.75,85604,,1,2000
1790458696,2026-09-26T21:38:16Z,250184,1790208587,6.1.187-android14-11-SAGA,49646d1b0cd1,cc_governor,cc_governor,56254,132620,135325,292460,79071,663,30783,34687,60787,106256,30004,8556,adios,0,adios,0,adios,0,44.1,44.2,,37.0,47.7,40.6,64,3976000,-571800,37.0,,,14.54,127248,,1,2000
1790458732,2026-09-26T21:38:52Z,250220,1790208587,6.1.187-android14-11-SAGA,49646d1b0cd1,cc_governor,cc_governor,56359,137615,138012,300351,81666,684,30783,35718,61803,108363,31024,8956,adios,0,adios,0,adios,0,44.2,45.7,,38.0,47.0,40.7,64,3977000,-514500,38.0,,,14.89,139220,,1,2000
1790458767,2026-09-26T21:39:27Z,250256,1790208587,6.1.187-android14-11-SAGA,49646d1b0cd1,cc_governor,cc_governor,56575,142448,141521,308930,84946,711,30791,36573,62941,110437,32150,9310,adios,0,adios,0,adios,0,44.2,45.4,,38.0,48.0,40.7,63,3973000,-880100,38.0,,,14.77,136884,,1,2000
1790458803,2026-09-26T21:40:03Z,250291,1790208587,6.1.187-android14-11-SAGA,49646d1b0cd1,cc_governor,cc_governor,56648,148902,142325,316379,85675,727,30796,38446,63068,112494,32272,9706,adios,0,adios,0,adios,0,44.5,45.0,,38.0,47.7,40.8,63,3976000,-463200,38.0,,,14.64,117824,,1,2000
1790458839,2026-09-26T21:40:39Z,250327,1790208587,6.1.187-android14-11-SAGA,49646d1b0cd1,cc_governor,cc_governor,57300,153615,146572,325717,89272,757,31209,39633,64576,115238,33367,10093,adios,0,adios,0,adios,0,45.5,45.5,,38.0,49.5,41.0,63,3982000,-410700,38.0,,,14.87,114000,,1,2000
1790458874,2026-09-26T21:41:14Z,250363,1790208587,6.1.187-android14-11-SAGA,49646d1b0cd1,cc_governor,cc_governor,57431,159530,147909,333416,90478,784,31223,41066,65157,117292,33934,10467,adios,0,adios,0,adios,0,44.3,45.5,,38.0,48.8,40.9,63,3983000,-319800,38.0,,,14.86,97260,,1,2000
1790458910,2026-09-26T21:41:50Z,250398,1790208587,6.1.187-android14-11-SAGA,49646d1b0cd1,cc_governor,cc_governor,57560,165633,149185,340981,91625,812,31227,42873,65377,119361,34150,10854,adios,0,adios,0,adios,0,44.6,44.7,,38.0,47.6,40.9,63,3943000,-908200,38.0,,,14.80,115920,,1,2000
1790458946,2026-09-26T21:42:26Z,250434,1790208587,6.1.187-android14-11-SAGA,49646d1b0cd1,cc_governor,cc_governor,57627,172633,149255,348229,91625,832,31227,44829,65377,121346,34150,11240,adios,0,adios,0,adios,0,44.5,44.5,,38.0,48.0,41.0,63,3970000,-549900,38.0,,,14.78,102852,,1,2000
1790458981,2026-09-26T21:43:01Z,250470,1790208587,6.1.187-android14-11-SAGA,49646d1b0cd1,cc_governor,cc_governor,57867,179363,150257,356157,92390,858,31475,46729,65741,123664,34266,11612,adios,0,adios,0,adios,0,44.6,44.7,,38.0,48.6,41.1,63,3955000,-618200,38.0,,,14.85,103124,,1,2000
1790459017,2026-09-26T21:43:37Z,250505,1790208587,6.1.187-android14-11-SAGA,49646d1b0cd1,cc_governor,cc_governor,57911,186038,150669,363467,92758,886,31475,48592,65787,125608,34312,12005,adios,0,adios,0,adios,0,44.8,45.3,,38.0,50.1,41.3,63,3942000,-688400,38.0,,,14.68,111816,,1,2000
1790459053,2026-09-26T21:44:13Z,250541,1790208587,6.1.187-android14-11-SAGA,49646d1b0cd1,cc_governor,cc_governor,58854,192028,157603,376642,98749,906,31712,49882,67214,128378,35502,12404,adios,0,adios,0,adios,0,45.0,45.4,,38.0,48.2,41.3,63,3981000,-326500,38.0,,,14.66,108436,,1,2000
1790459088,2026-09-26T21:44:48Z,250577,1790208587,6.1.187-android14-11-SAGA,49646d1b0cd1,cc_governor,cc_governor,64797,197434,167340,393545,102560,962,34951,51556,73145,136403,38206,12852,adios,0,adios,0,adios,2,57.6,63.7,,38.0,57.2,44.1,63,3969000,-561500,38.0,,,15.48,139716,,1,2000
1790459124,2026-09-26T21:45:24Z,250613,1790208587,6.1.187-android14-11-SAGA,49646d1b0cd1,cc_governor,cc_governor,72999,201111,188216,422265,115215,1002,39482,52314,82564,147935,43082,13328,adios,0,adios,0,adios,0,46.6,46.4,,38.0,50.3,42.1,63,3973000,-399100,38.0,,,15.89,92212,,1,2000
1790459160,2026-09-26T21:46:00Z,250648,1790208587,6.1.187-android14-11-SAGA,49646d1b0cd1,cc_governor,cc_governor,78529,211031,200230,447130,121705,1029,40152,54924,85279,153629,45136,13733,adios,0,adios,0,adios,0,52.7,53.2,49.4,38.0,65.2,44.3,62,3952000,-743400,38.0,,,17.60,119628,,1,2000
1790459197,2026-09-26T21:46:37Z,250685,1790208587,6.1.187-android14-11-SAGA,49646d1b0cd1,cc_governor,cc_governor,89607,220500,219893,481143,130306,1075,42962,57864,92353,164550,49397,14181,adios,0,adios,0,adios,0,46.7,47.0,,38.0,49.2,42.3,62,3972000,-409500,38.0,,,17.13,200280,,1,2000
1790459232,2026-09-26T21:47:12Z,250720,1790208587,6.1.187-android14-11-SAGA,49646d1b0cd1,cc_governor,cc_governor,93277,226242,232933,502723,139656,1091,47064,59398,100081,176030,53021,14576,adios,0,adios,0,adios,0,46.2,46.5,,39.0,51.4,42.2,62,3971000,-441200,38.0,,,17.52,191308,,1,2000
1790459267,2026-09-26T21:47:47Z,250756,1790208587,6.1.187-android14-11-SAGA,49646d1b0cd1,cc_governor,cc_governor,93641,231823,237553,513711,143922,1105,47097,60245,101001,177865,53907,14960,adios,0,adios,0,adios,7,50.2,49.4,,38.0,59.0,42.7,62,3952000,-854400,38.0,,,17.28,70476,,1,2000
1790459304,2026-09-26T21:48:24Z,250792,1790208587,6.1.187-android14-11-SAGA,49646d1b0cd1,cc_governor,cc_governor,97194,235755,247376,529987,150182,1141,49681,61041,106800,185795,57119,15405,adios,0,adios,0,adios,0,45.2,47.2,,38.0,49.8,41.4,62,3975000,-326500,38.0,,,17.23,112928,,1,2000
1790459339,2026-09-26T21:48:59Z,250827,1790208587,6.1.187-android14-11-SAGA,49646d1b0cd1,cc_governor,cc_governor,98430,240874,252669,541448,154237,1157,50433,62530,109104,189977,58670,15804,adios,0,adios,0,adios,0,45.0,45.7,,38.0,48.0,41.2,62,3972000,-349100,38.0,,,16.96,110004,,1,2000
1790459374,2026-09-26T21:49:34Z,250863,1790208587,6.1.187-android14-11-SAGA,49646d1b0cd1,cc_governor,cc_governor,98655,245098,256129,550022,157487,1176,50512,63084,110237,191857,59729,16195,adios,0,adios,0,adios,0,44.8,46.6,,38.0,47.9,41.0,62,3971000,-523600,38.0,,,16.39,114276,,1,2000
1790459410,2026-09-26T21:50:10Z,250898,1790208587,6.1.187-android14-11-SAGA,49646d1b0cd1,cc_governor,cc_governor,99470,249760,261654,561116,162184,1193,51117,64201,111985,195104,60868,16593,adios,0,adios,0,adios,0,44.6,46.7,,38.0,48.7,40.8,62,3973000,-427200,38.0,,,16.18,81588,,1,2000
1790459445,2026-09-26T21:50:45Z,250933,1790208587,6.1.187-android14-11-SAGA,49646d1b0cd1,cc_governor,cc_governor,99966,256252,263147,569824,163181,1203,51547,66208,112532,197830,60985,16983,adios,0,adios,0,adios,0,44.4,44.8,,38.0,47.0,40.5,62,3971000,-276400,38.0,,,15.81,118580,,1,2000
1790459481,2026-09-26T21:51:21Z,250969,1790208587,6.1.187-android14-11-SAGA,49646d1b0cd1,cc_governor,cc_governor,101184,263139,266962,581570,165778,1215,52868,68595,114683,202551,61815,17383,adios,0,adios,0,adios,0,44.3,44.8,,38.0,48.8,40.5,62,3972000,-464400,37.0,,,16.23,100680,,1,2000
1790459516,2026-09-26T21:51:56Z,251005,1790208587,6.1.187-android14-11-SAGA,49646d1b0cd1,cc_governor,cc_governor,107757,269816,276482,600099,168718,1231,58336,70856,122166,213279,63837,17779,adios,0,adios,0,adios,0,49.4,48.5,,38.0,53.0,40.5,62,3972000,-284400,38.0,,,16.90,127040,,1,2000
1790459666,2026-09-26T21:54:26Z,251154,1790208587,6.1.187-android14-11-SAGA,49646d1b0cd1,cc_governor,cc_governor,0,0,68,74,74,0,20,0,246,249,65,16,adios,0,adios,0,adios,0,42.8,44.0,,37.0,45.0,39.4,62,3979000,-180600,37.0,,,17.35,243620,,1,2000
1790459838,2026-09-26T21:57:19Z,251327,1790208587,6.1.187-android14-11-SAGA,49646d1b0cd1,cc_governor,cc_governor,2,0,54,60,62,0,86,0,131,138,50,17,adios,0,adios,0,adios,0,40.7,41.9,,37.0,43.3,38.3,62,3980000,-191000,37.0,,,19.28,133708,,1,2000
1790459947,2026-09-26T21:59:07Z,251435,1790208587,6.1.187-android14-11-SAGA,49646d1b0cd1,cc_governor,cc_governor,0,0,86,106,94,0,35,0,87,89,55,20,adios,0,adios,0,adios,0,40.2,41.3,,36.0,43.6,38.3,62,3980000,-223900,37.0,,,46.97,124536,,1,2000
1790460112,2026-09-26T22:01:52Z,251601,1790208587,6.1.187-android14-11-SAGA,49646d1b0cd1,cc_governor,cc_governor,5,0,74,82,77,0,18,0,69,72,54,15,adios,0,adios,0,adios,0,40.3,41.8,,36.0,41.7,37.4,62,3977000,-257500,36.0,,,33.37,126732,,1,2000
1790460361,2026-09-26T22:06:01Z,251849,1790208587,6.1.187-android14-11-SAGA,49646d1b0cd1,cc_governor,cc_governor,3229,414,6380,8565,3161,10,3875,229,5421,8030,1549,28,adios,0,adios,0,adios,0,47.0,45.9,,36.0,46.4,38.5,61,3978000,-192200,36.0,,,25.28,117964,,1,2000
1790460459,2026-09-26T22:07:39Z,251948,1790208587,6.1.187-android14-11-SAGA,49646d1b0cd1,cc_governor,cc_governor,82,0,148,153,70,0,16,0,72,77,59,15,adios,0,adios,0,adios,0,43.0,42.9,,36.0,45.5,39.0,61,3976000,-1163900,36.0,,,21.87,117568,,1,2000
1790460535,2026-09-26T22:08:55Z,252023,1790208587,6.1.187-android14-11-SAGA,49646d1b0cd1,cc_governor,cc_governor,9,0,11,22,24,0,56,0,86,106,33,9,adios,0,adios,0,adios,0,41.9,43.1,,37.0,45.0,38.7,61,3975000,-285600,37.0,,,24.62,112872,,1,2000
1790460632,2026-09-26T22:10:32Z,252120,1790208587,6.1.187-android14-11-SAGA,49646d1b0cd1,cc_governor,cc_governor,2,0,41,62,63,0,18,0,128,216,142,25,adios,0,adios,0,adios,0,57.4,67.7,,37.0,67.3,45.0,61,3916000,-914900,37.0,,,26.09,166396,,1,2000
1790460734,2026-09-26T22:12:14Z,252223,1790208587,6.1.187-android14-11-SAGA,49646d1b0cd1,cc_governor,cc_governor,37,17,405,479,376,0,60,3,162,332,107,15,adios,0,adios,0,adios,0,43.7,41.5,,36.0,44.6,38.7,61,3960000,-374700,36.0,,,21.43,114400,,1,2000
1790460804,2026-09-26T22:13:24Z,252292,1790208587,6.1.187-android14-11-SAGA,49646d1b0cd1,cc_governor,cc_governor,17020,1419,25987,31685,8960,29,5765,442,10642,12934,4887,169,adios,0,adios,0,adios,0,47.8,46.6,,36.0,49.0,40.6,61,3950000,-484000,37.0,,,22.32,125064,,1,2000
1790460839,2026-09-26T22:13:59Z,252327,1790208587,6.1.187-android14-11-SAGA,49646d1b0cd1,cc_governor,cc_governor,21557,8352,40540,55038,18979,45,6307,1982,13375,17395,7073,573,adios,0,adios,0,adios,0,45.4,45.6,43.0,36.0,47.2,40.0,61,3956000,-288000,36.0,,,19.59,75536,,1,2000
1790460874,2026-09-26T22:14:35Z,252363,1790208587,6.1.187-android14-11-SAGA,49646d1b0cd1,cc_governor,cc_governor,23029,15163,49416,71443,26387,66,6491,2917,14855,20012,8364,979,adios,0,adios,0,adios,0,43.3,44.7,,36.0,46.5,39.5,61,3944000,-1023500,36.0,,,18.21,98164,,1,2000
1790460941,2026-09-26T22:15:41Z,252429,1790208587,6.1.187-android14-11-SAGA,49646d1b0cd1,cc_governor,cc_governor,0,0,68,76,77,0,41,0,89,93,54,14,adios,0,adios,0,adios,0,43.2,40.1,,36.0,44.0,38.0,61,3955000,-432700,36.0,,,17.32,119620,,1,2000
1790461035,2026-09-26T22:17:15Z,252524,1790208587,6.1.187-android14-11-SAGA,49646d1b0cd1,cc_governor,cc_governor,4,0,46,106,54,0,8,0,45,46,39,12,adios,0,adios,0,adios,0,42.8,43.8,,35.0,44.4,38.1,61,3961000,-221500,35.0,,,58.02,127596,,1,2000
1790461092,2026-09-26T22:18:12Z,252580,1790208587,6.1.187-android14-11-SAGA,49646d1b0cd1,cc_governor,cc_governor,10063,2014,16212,20225,6136,15,3951,830,6844,8445,2852,56,adios,0,adios,0,adios,0,45.9,45.6,43.2,35.0,53.9,39.5,60,3922000,-743400,35.0,,,40.33,127136,,1,2000
1790461162,2026-09-26T22:19:22Z,252650,1790208587,6.1.187-android14-11-SAGA,49646d1b0cd1,cc_governor,cc_governor,2,0,57,69,66,0,29,0,72,77,47,10,adios,0,adios,0,adios,0,41.7,42.2,,35.0,40.3,37.0,60,3956000,-278900,35.0,,,30.58,353404,,1,2000
1790461242,2026-09-26T22:20:42Z,252730,1790208587,6.1.187-android14-11-SAGA,49646d1b0cd1,cc_governor,cc_governor,24704,146,36493,41808,11808,17,7639,110,16964,18135,9340,131,adios,0,adios,0,adios,0,47.0,48.3,,35.0,49.8,40.3,60,3936000,-403400,35.0,,,26.28,109992,,1,2000
1790461278,2026-09-26T22:21:18Z,252766,1790208587,6.1.187-android14-11-SAGA,49646d1b0cd1,cc_governor,cc_governor,42905,6933,66038,82902,23148,48,13281,2971,28928,33872,15658,541,adios,0,adios,0,adios,0,44.4,45.9,,36.0,59.1,40.9,60,3911000,-1468500,36.0,,,24.22,217356,,1,2000
1790461314,2026-09-26T22:21:54Z,252802,1790208587,6.1.187-android14-11-SAGA,49646d1b0cd1,cc_governor,cc_governor,62537,12286,99122,127580,36529,103,24569,6413,49520,61284,24929,962,adios,0,adios,0,adios,0,52.2,49.1,,36.0,50.9,42.2,60,3922000,-523000,36.0,,,21.98,109532,,1,2000
1790461349,2026-09-26T22:22:29Z,252837,1790208587,6.1.187-android14-11-SAGA,49646d1b0cd1,cc_governor,cc_governor,65424,20202,109295,146748,43871,115,25369,7563,52634,65663,27265,1384,adios,0,adios,0,adios,0,44.3,45.1,42.9,36.0,50.5,40.4,60,3935000,-267300,36.0,,,19.63,97588,,1,2000
1790461384,2026-09-26T22:23:04Z,252873,1790208587,6.1.187-android14-11-SAGA,49646d1b0cd1,cc_governor,cc_governor,69915,29773,119787,168417,49884,135,26269,10225,56022,72156,29760,1775,adios,0,adios,0,adios,0,46.1,45.5,,36.0,48.3,40.3,60,3932000,-419900,36.0,,,18.60,106624,,1,2000
1790461420,2026-09-26T22:23:40Z,252908,1790208587,6.1.187-android14-11-SAGA,49646d1b0cd1,cc_governor,cc_governor,75525,38431,135162,194182,59633,150,27528,13124,60625,80031,33097,2150,adios,0,adios,0,adios,0,46.6,45.6,,36.0,50.1,40.4,60,3930000,-454100,37.0,,,18.51,107948,,1,2000
1790461455,2026-09-26T22:24:15Z,252943,1790208587,6.1.187-android14-11-SAGA,49646d1b0cd1,cc_governor,cc_governor,79590,50425,146740,219334,67162,164,27930,17530,63294,87344,35364,2537,adios,0,adios,0,adios,0,45.5,48.1,,36.0,49.7,40.5,60,3922000,-395500,37.0,,,18.99,98596,,1,2000
1790461490,2026-09-26T22:24:50Z,252978,1790208587,6.1.187-android14-11-SAGA,49646d1b0cd1,cc_governor,cc_governor,84194,62234,158664,244713,74470,170,28539,21948,65654,94592,37115,2921,adios,0,adios,0,adios,0,44.8,46.8,,37.0,50.2,40.6,59,3919000,-328900,36.0,,,18.09,109932,,1,2000
1790461577,2026-09-26T22:26:17Z,253065,1790208587,6.1.187-android14-11-SAGA,49646d1b0cd1,cc_governor,cc_governor,161,0,941,1048,776,0,64,0,262,370,209,15,adios,0,adios,0,adios,0,42.8,44.0,,36.0,64.9,41.6,59,3922000,-548700,36.0,,,21.09,235560,,1,2000
1790461716,2026-09-26T22:28:36Z,253204,1790208587,6.1.187-android14-11-SAGA,49646d1b0cd1,cc_governor,cc_governor,13,0,83,99,83,0,113,0,131,133,21,4,adios,0,adios,0,adios,0,43.5,42.1,,36.0,45.7,37.9,59,3936000,-737900,35.0,,,19.92,145304,,1,2000
1790461804,2026-09-26T22:30:04Z,253292,1790208587,6.1.187-android14-11-SAGA,49646d1b0cd1,cc_governor,cc_governor,13,0,9,18,24,0,110,0,140,144,36,9,adios,0,adios,0,adios,0,40.9,43.2,,35.0,45.0,37.6,59,3939000,-266100,35.0,,,42.79,128212,,1,2000
1790461880,2026-09-26T22:31:20Z,253368,1790208587,6.1.187-android14-11-SAGA,49646d1b0cd1,cc_governor,cc_governor,1,0,51,70,58,0,50,0,96,101,50,14,adios,0,adios,0,adios,0,38.6,43.7,,35.0,38.4,36.0,59,3945000,-195900,35.0,,,30.91,123604,,1,2000
1790462019,2026-09-26T22:33:39Z,253507,1790208587,6.1.187-android14-11-SAGA,49646d1b0cd1,cc_governor,cc_governor,13,0,136,171,129,1,151,0,216,219,69,18,adios,0,adios,0,adios,0,39.1,39.1,,35.0,42.0,36.5,59,3938000,-270300,34.0,,,24.08,110776,,1,2000
1790462102,2026-09-26T22:35:02Z,253590,1790208587,6.1.187-android14-11-SAGA,49646d1b0cd1,cc_governor,cc_governor,37,0,342,376,319,1,120,0,225,241,108,15,adios,0,adios,0,adios,0,40.3,40.6,,34.0,44.3,37.0,59,3935000,-657900,34.0,,,57.11,257524,,1,2000
1790462197,2026-09-26T22:36:37Z,253685,1790208587,6.1.187-android14-11-SAGA,49646d1b0cd1,cc_governor,cc_governor,1,0,105,116,114,0,23,0,76,81,58,20,adios,0,adios,0,adios,0,40.7,40.2,,34.0,40.0,36.3,59,3938000,-468100,34.0,,,100.22,207816,,1,2000
1790462406,2026-09-26T22:40:06Z,253894,1790208587,6.1.187-android14-11-SAGA,49646d1b0cd1,cc_governor,cc_governor,2,0,65,72,71,0,21,0,67,71,52,16,adios,0,adios,0,adios,0,40.4,40.2,,34.0,41.9,35.8,59,3939000,-401600,34.0,,,62.68,202100,,1,2000
1790462772,2026-09-26T22:46:12Z,254261,1790208587,6.1.187-android14-11-SAGA,49646d1b0cd1,cc_governor,cc_governor,10,0,79,94,83,0,60,0,113,116,57,14,adios,0,adios,0,adios,0,38.8,36.9,,34.0,41.2,35.8,59,3934000,-319800,34.0,,,75.38,140604,,1,2000
1790462895,2026-09-26T22:48:15Z,254383,1790208587,6.1.187-android14-11-SAGA,49646d1b0cd1,cc_governor,cc_governor,6,0,85,109,6,0,49,0,69,73,25,8,adios,0,adios,0,adios,0,39.5,39.0,,34.0,42.2,36.0,59,3937000,-184300,34.0,,,48.81,136944,,1,2000
1790462960,2026-09-26T22:49:20Z,254449,1790208587,6.1.187-android14-11-SAGA,49646d1b0cd1,cc_governor,cc_governor,7,0,61,72,64,0,58,0,103,105,49,16,adios,0,adios,0,adios,0,39.8,39.0,,34.0,39.9,35.4,58,3938000,-202600,34.0,,,32.68,130196,,1,2000
1790463085,2026-09-26T22:51:25Z,254573,1790208587,6.1.187-android14-11-SAGA,49646d1b0cd1,cc_governor,cc_governor,4305,1063,7103,9230,2797,39,2646,386,4232,5070,1586,82,adios,0,adios,0,adios,0,41.8,43.1,,34.0,43.2,37.1,58,3927000,-335000,34.0,,,25.81,126788,,1,2000
1790463126,2026-09-26T22:52:06Z,254615,1790208587,6.1.187-android14-11-SAGA,49646d1b0cd1,cc_governor,cc_governor,14030,3461,24142,31314,10120,16,10642,1720,16418,20757,5784,111,adios,0,adios,0,adios,0,51.5,47.6,,34.0,49.9,39.6,58,3910000,-518100,34.0,,,21.78,108620,,1,2000
1790463162,2026-09-26T22:52:42Z,254650,1790208587,6.1.187-android14-11-SAGA,49646d1b0cd1,cc_governor,cc_governor,24341,6457,46200,59450,21860,48,17169,2831,28866,35678,11698,503,adios,0,adios,0,adios,0,43.4,43.9,,34.0,46.2,38.7,58,3921000,-295400,35.0,,,20.60,97528,,1,2000
1790463217,2026-09-26T22:53:37Z,254705,1790208587,6.1.187-android14-11-SAGA,49646d1b0cd1,cc_governor,cc_governor,0,0,43,54,52,0,70,0,120,125,55,14,adios,0,adios,0,adios,0,40.2,42.1,,34.0,42.5,36.7,58,3927000,-250800,34.0,,,18.43,127728,,1,2000
1790463416,2026-09-26T22:56:56Z,254904,1790208587,6.1.187-android14-11-SAGA,49646d1b0cd1,cc_governor,cc_governor,5072,175,7777,9091,2692,23,3661,139,5243,6524,1584,73,adios,0,adios,0,adios,0,48.8,46.8,,34.0,49.8,39.4,58,3904000,-518100,34.0,,,18.88,93776,,1,2000
1790463452,2026-09-26T22:57:32Z,254940,1790208587,6.1.187-android14-11-SAGA,49646d1b0cd1,cc_governor,cc_governor,37975,2633,57397,65689,19193,79,11565,1466,23543,27660,11943,551,adios,0,adios,0,adios,0,57.6,52.3,,34.0,52.7,40.8,58,3907000,-751900,34.0,,,20.63,286564,,1,2000
1790463506,2026-09-26T22:58:26Z,254994,1790208587,6.1.187-android14-11-SAGA,49646d1b0cd1,cc_governor,cc_governor,4871,27,5378,6442,457,13,3009,29,3752,4122,717,71,adios,0,adios,0,adios,2,54.8,52.0,48.2,34.0,60.1,41.0,58,3892000,-875200,34.0,,,23.58,117616,,1,2000
1790463543,2026-09-26T22:59:03Z,255031,1790208587,6.1.187-android14-11-SAGA,49646d1b0cd1,cc_governor,cc_governor,28410,8397,40058,55020,11628,80,13928,3402,21225,26884,7297,500,adios,0,adios,0,adios,0,45.8,47.1,,35.0,50.0,40.1,57,3876000,-563900,35.0,,,21.19,115196,,1,2000
1790463579,2026-09-26T22:59:39Z,255067,1790208587,6.1.187-android14-11-SAGA,49646d1b0cd1,cc_governor,cc_governor,48453,19033,70088,98049,21650,146,15110,7109,25993,35525,10898,882,adios,0,adios,0,adios,0,44.7,45.0,,35.0,51.7,40.0,57,3863000,-1235900,35.0,,,20.60,40624,,1,2000
1790463615,2026-09-26T23:00:15Z,255103,1790208587,6.1.187-android14-11-SAGA,49646d1b0cd1,cc_governor,cc_governor,76305,24719,111297,148659,34969,215,20004,9264,37515,49924,17511,1290,adios,0,adios,0,adios,0,45.3,46.5,,35.0,48.9,39.6,57,3898000,-438800,35.0,,,19.51,31508,,1,2000
1790463651,2026-09-26T23:00:51Z,255139,1790208587,6.1.187-android14-11-SAGA,49646d1b0cd1,cc_governor,cc_governor,104114,30705,151017,199627,46902,249,30553,12287,54784,71703,24231,1694,adios,0,adios,0,adios,0,46.4,46.1,,35.0,49.2,40.1,57,3902000,-534600,35.0,,,21.93,69300,,1,2000
1790463686,2026-09-26T23:01:26Z,255175,1790208587,6.1.187-android14-11-SAGA,49646d1b0cd1,cc_governor,cc_governor,123388,44124,177358,241486,53954,305,31015,16971,57960,79735,26945,2073,adios,0,adios,0,adios,0,44.8,45.7,43.2,35.0,49.6,39.6,57,3896000,-393000,35.0,,,20.78,105812,,1,2000
1790463722,2026-09-26T23:02:02Z,255211,1790208587,6.1.187-android14-11-SAGA,49646d1b0cd1,cc_governor,cc_governor,144240,57415,204498,284234,60280,353,34068,21302,63449,89877,29391,2453,adios,0,adios,0,adios,0,44.7,45.7,,35.0,47.8,39.1,57,3901000,-531000,35.0,,,19.52,107156,,1,2000
1790463758,2026-09-26T23:02:38Z,255247,1790208587,6.1.187-android14-11-SAGA,49646d1b0cd1,cc_governor,cc_governor,157357,68786,224586,317621,67166,382,35411,24519,66919,96720,31515,2865,adios,0,adios,0,adios,0,44.5,45.0,,35.0,47.1,38.8,57,3901000,-496800,35.0,,,18.46,137752,,1,2000
1790463794,2026-09-26T23:03:14Z,255282,1790208587,6.1.187-android14-11-SAGA,49646d1b0cd1,cc_governor,cc_governor,171814,77494,247918,351772,76104,423,38196,26601,72763,105044,34567,3259,adios,0,adios,0,adios,0,42.7,43.8,,35.0,45.9,38.5,57,3864000,-1092500,35.0,,,19.15,154548,,1,2000
1790463851,2026-09-26T23:04:11Z,255340,1790208587,6.1.187-android14-11-SAGA,49646d1b0cd1,cc_governor,cc_governor,14,0,86,101,82,0,2,8,48,60,46,14,adios,0,adios,0,adios,0,40.6,40.8,,35.0,45.2,37.8,57,3861000,-1483700,34.0,,,17.76,208932,,1,2000
1790463897,2026-09-26T23:04:57Z,255385,1790208587,6.1.187-android14-11-SAGA,49646d1b0cd1,cc_governor,cc_governor,5,0,73,87,79,0,27,0,70,73,46,17,adios,0,adios,0,adios,0,42.6,39.7,,35.0,43.7,37.0,56,3900000,-550500,35.0,,,17.66,150952,,1,2000
1790464052,2026-09-26T23:07:32Z,255540,1790208587,6.1.187-android14-11-SAGA,49646d1b0cd1,cc_governor,cc_governor,75,0,184,231,113,1,255,0,410,486,172,21,adios,0,adios,0,adios,0,51.8,56.2,47.3,34.0,59.6,39.8,56,3872000,-930100,34.0,,,21.45,96424,,1,2000
1790464090,2026-09-26T23:08:10Z,255578,1790208587,6.1.187-android14-11-SAGA,49646d1b0cd1,cc_governor,cc_governor,30049,5517,41284,52792,11228,86,15260,2795,23311,28555,8060,557,adios,0,adios,0,adios,7,48.9,47.3,44.7,34.0,49.1,40.0,56,3896000,-460800,35.0,,,20.76,220184,,1,2000
1790464126,2026-09-26T23:08:46Z,255614,1790208587,6.1.187-android14-11-SAGA,49646d1b0cd1,cc_governor,cc_governor,0,0,28,39,41,0,37,0,72,77,40,11,adios,0,adios,0,adios,0,44.8,44.8,,35.0,46.5,39.0,56,3903000,-289300,35.0,,,20.44,188600,,1,2000
1790464223,2026-09-26T23:10:23Z,255711,1790208587,6.1.187-android14-11-SAGA,49646d1b0cd1,cc_governor,cc_governor,957,28,2977,3098,2025,1,321,6,654,681,338,19,adios,0,adios,0,adios,0,44.8,42.2,,35.0,43.0,37.3,56,3898000,-597500,35.0,,,18.12,123884,,1,2000
1790464507,2026-09-26T23:15:07Z,255995,1790208587,6.1.187-android14-11-SAGA,49646d1b0cd1,cc_governor,cc_governor,0,0,60,66,66,0,11,0,74,100,18,3,adios,0,adios,0,adios,0,40.3,38.8,,34.0,41.3,35.7,56,3914000,-407100,34.0,,,17.44,128268,,1,2000
1790464728,2026-09-26T23:18:48Z,256216,1790208587,6.1.187-android14-11-SAGA,49646d1b0cd1,cc_governor,cc_governor,19,0,130,150,118,0,189,0,253,255,68,17,adios,0,adios,0,adios,0,39.1,39.5,,34.0,44.4,36.3,56,3905000,-338100,34.0,,,16.91,108960,,1,2000
1790464896,2026-09-26T23:21:36Z,256384,1790208587,6.1.187-android14-11-SAGA,49646d1b0cd1,cc_governor,cc_governor,20,0,153,168,142,0,21,0,91,95,73,15,adios,0,adios,0,adios,0,39.2,40.3,,34.0,42.3,35.6,56,3912000,-321000,34.0,,,33.79,135672,,1,2000
1790464983,2026-09-26T23:23:03Z,256471,1790208587,6.1.187-android14-11-SAGA,49646d1b0cd1,cc_governor,cc_governor,9,0,158,173,155,0,23,0,86,89,77,0,adios,0,adios,0,adios,0,39.3,39.8,,34.0,41.8,36.6,56,3897000,-381400,34.0,,,25.66,123400,,1,2000
1790465164,2026-09-26T23:26:04Z,256652,1790208587,6.1.187-android14-11-SAGA,49646d1b0cd1,cc_governor,cc_governor,13,0,87,169,91,0,22,0,87,97,69,13,adios,0,adios,0,adios,0,39.2,38.6,,34.0,42.3,35.5,55,3903000,-244700,34.0,,,21.86,122472,,1,2000
1790465381,2026-09-26T23:29:41Z,256869,1790208587,6.1.187-android14-11-SAGA,49646d1b0cd1,cc_governor,cc_governor,1,0,64,90,74,0,22,0,67,67,19,1,adios,0,adios,0,adios,0,38.9,39.2,,34.0,41.7,35.8,55,3912000,-292900,34.0,,,18.74,128744,,1,2000
1790465563,2026-09-26T23:32:43Z,257051,1790208587,6.1.187-android14-11-SAGA,49646d1b0cd1,cc_governor,cc_governor,1,0,131,145,136,0,5,0,64,73,64,17,adios,0,adios,0,adios,0,37.9,39.6,,34.0,41.4,36.2,55,3909000,-318600,34.0,,,48.95,110312,,1,2000
1790465907,2026-09-26T23:38:27Z,257396,1790208587,6.1.187-android14-11-SAGA,49646d1b0cd1,cc_governor,cc_governor,15,0,135,5,11,0,27,0,54,64,40,7,adios,0,adios,0,adios,0,39.5,38.3,,33.0,39.4,34.6,55,3898000,-482100,33.0,,,34.47,134988,,1,2000
1790466228,2026-09-26T23:43:48Z,257716,1790208587,6.1.187-android14-11-SAGA,49646d1b0cd1,cc_governor,cc_governor,745,85,1256,1632,488,7,661,46,1106,1366,432,108,adios,0,adios,0,adios,0,50.4,55.9,,33.0,49.1,39.0,55,3877000,-747000,34.0,,,26.68,221144,,1,2000
1790466377,2026-09-26T23:46:17Z,257865,1790208587,6.1.187-android14-11-SAGA,49646d1b0cd1,cc_governor,cc_governor,0,0,9,24,26,0,42,0,69,71,32,8,adios,0,adios,0,adios,0,39.2,38.5,,34.0,48.7,37.0,55,3888000,-523600,34.0,,,22.67,226996,,1,2000
1790466426,2026-09-26T23:47:06Z,257914,1790208587,6.1.187-android14-11-SAGA,49646d1b0cd1,cc_governor,cc_governor,16906,2846,27316,35688,10409,94,18902,1626,25212,32407,6310,337,adios,0,adios,0,adios,1,47.1,45.8,,34.0,53.7,41.0,55,3833000,-1375100,34.0,,,25.71,31048,,1,2000
1790466481,2026-09-26T23:48:01Z,257969,1790208587,6.1.187-android14-11-SAGA,49646d1b0cd1,cc_governor,cc_governor,4,0,64,118,70,0,61,0,107,116,53,18,adios,0,adios,0,adios,0,42.6,45.4,,35.0,47.5,38.6,55,3898000,-654900,35.0,,,26.08,117632,,1,2000
1790466517,2026-09-26T23:48:37Z,258005,1790208587,6.1.187-android14-11-SAGA,49646d1b0cd1,cc_governor,cc_governor,0,0,70,81,81,0,6,0,25,30,23,6,adios,0,adios,0,adios,0,41.5,42.6,,35.0,44.4,37.8,54,3893000,-506500,34.0,,,21.61,97316,,1,2000
1790466709,2026-09-26T23:51:49Z,258197,1790208587,6.1.187-android14-11-SAGA,49646d1b0cd1,cc_governor,cc_governor,151,1,891,974,746,0,273,0,481,562,213,20,adios,0,adios,0,adios,0,40.8,37.2,,34.0,39.6,35.7,54,3895000,-255100,34.0,,,18.54,118144,,1,2000
1790466881,2026-09-26T23:54:41Z,258370,1790208587,6.1.187-android14-11-SAGA,49646d1b0cd1,cc_governor,cc_governor,1,0,48,60,59,0,16,0,59,75,46,14,adios,0,adios,0,adios,0,40.3,37.1,,34.0,42.9,36.0,54,3892000,-397900,34.0,,,17.45,118592,,1,2000
1790466980,2026-09-26T23:56:20Z,258468,1790208587,6.1.187-android14-11-SAGA,49646d1b0cd1,cc_governor,cc_governor,14524,994,19181,22101,4657,16,9481,797,12581,15784,3100,99,adios,0,adios,0,adios,0,43.0,44.5,,34.0,45.5,38.5,54,3880000,-532200,34.0,,,18.96,103404,,1,2000
1790467022,2026-09-26T23:57:02Z,258511,1790208587,6.1.187-android14-11-SAGA,49646d1b0cd1,cc_governor,cc_governor,16309,1303,21133,26434,4798,21,9361,1608,13391,16217,4029,51,adios,0,adios,0,adios,0,53.3,54.6,,34.0,54.0,41.3,54,3853000,-1474600,34.0,,,25.99,90756,,1,2000
1790467092,2026-09-26T23:58:12Z,258580,1790208587,6.1.187-android14-11-SAGA,49646d1b0cd1,cc_governor,cc_governor,3907,11,4793,6079,887,5,2198,9,3116,3579,901,77,adios,0,adios,0,adios,0,57.2,66.0,55.1,34.0,66.1,41.7,54,3849000,-1043700,34.0,,,23.55,190544,,1,2000
1790467136,2026-09-26T23:58:56Z,258624,1790208587,6.1.187-android14-11-SAGA,49646d1b0cd1,cc_governor,cc_governor,0,0,19,31,30,0,40,0,77,82,41,6,adios,0,adios,0,adios,0,39.9,41.8,,35.0,42.0,36.8,54,3898000,-311200,35.0,,,21.37,129452,,1,2000
1790467238,2026-09-27T00:00:38Z,258726,1790208587,6.1.187-android14-11-SAGA,49646d1b0cd1,cc_governor,cc_governor,3,0,80,96,90,0,37,0,56,58,24,4,adios,0,adios,0,adios,0,40.6,41.1,,34.0,42.5,36.7,54,3892000,-542600,34.0,,,19.74,122348,,1,2000
1790467674,2026-09-27T00:07:54Z,259163,1790208587,6.1.187-android14-11-SAGA,49646d1b0cd1,cc_governor,cc_governor,0,0,74,84,89,0,112,0,154,157,46,14,adios,0,adios,0,adios,0,39.0,39.3,,34.0,42.7,35.7,53,3894000,-254500,34.0,,,21.77,111344,,1,2000
1790467757,2026-09-27T00:09:17Z,259245,1790208587,6.1.187-android14-11-SAGA,49646d1b0cd1,cc_governor,cc_governor,1,0,91,26,17,0,83,0,110,116,31,8,adios,0,adios,0,adios,0,38.9,38.2,,33.0,41.8,35.7,53,3876000,-533400,34.0,,,19.02,114792,,1,2000
1790467972,2026-09-27T00:12:52Z,259460,1790208587,6.1.187-android14-11-SAGA,49646d1b0cd1,cc_governor,cc_governor,0,0,63,69,69,0,60,0,108,110,52,14,adios,0,adios,0,adios,0,37.4,36.9,,33.0,39.2,33.6,53,3881000,-718900,33.0,,,27.19,97288,,1,2000
1790468445,2026-09-27T00:20:45Z,259933,1790208587,6.1.187-android14-11-SAGA,49646d1b0cd1,cc_governor,cc_governor,5311,167,7990,9329,2653,16,4724,146,6607,7797,1894,49,adios,0,adios,0,adios,0,48.6,48.1,,32.0,47.0,37.6,53,3881000,-368600,33.0,,,24.42,136684,,1,2000
1790468495,2026-09-27T00:21:35Z,259983,1790208587,6.1.187-android14-11-SAGA,49646d1b0cd1,cc_governor,cc_governor,10,0,48,71,44,0,26,0,77,110,18,1,adios,0,adios,0,adios,0,40.2,37.5,,33.0,42.9,35.4,53,3881000,-417400,33.0,,,20.44,105428,,1,2000
1790468562,2026-09-27T00:22:42Z,260051,1790208587,6.1.187-android14-11-SAGA,49646d1b0cd1,cc_governor,cc_governor,0,0,137,147,147,0,22,0,74,108,57,12,adios,0,adios,0,adios,0,39.6,44.5,,33.0,44.0,36.1,53,3883000,-502900,33.0,,,18.69,124168,,1,2000
1790468608,2026-09-27T00:23:28Z,260096,1790208587,6.1.187-android14-11-SAGA,49646d1b0cd1,cc_governor,cc_governor,6,0,90,103,94,0,36,0,84,86,53,16,adios,0,adios,0,adios,0,40.2,42.8,,33.0,41.9,35.9,53,3872000,-269100,33.0,,,133.92,119808,,1,2000
1790468771,2026-09-27T00:26:11Z,260260,1790208587,6.1.187-android14-11-SAGA,49646d1b0cd1,cc_governor,cc_governor,3921,65,7620,8856,3697,34,2786,84,5396,6210,2609,99,adios,0,adios,0,adios,0,44.8,53.1,,33.0,49.1,37.5,53,3864000,-1097400,33.0,,,84.00,128228,,1,2000
1790469044,2026-09-27T00:30:44Z,260532,1790208587,6.1.187-android14-11-SAGA,49646d1b0cd1,cc_governor,cc_governor,4205,0,4662,5513,384,4,2645,0,3300,3510,598,36,adios,0,adios,0,adios,8,52.8,45.0,44.3,33.0,62.8,39.4,53,3857000,-671900,33.0,,,51.65,140992,,1,2000
1790469083,2026-09-27T00:31:23Z,260571,1790208587,6.1.187-android14-11-SAGA,49646d1b0cd1,cc_governor,cc_governor,25612,6817,38839,52068,13235,111,12442,3053,21814,26998,17,1,adios,0,adios,0,adios,0,44.4,44.1,,34.0,45.4,37.9,52,3879000,-487600,34.0,,,36.72,180128,,1,2000
1790469261,2026-09-27T00:34:21Z,260750,1790208587,6.1.187-android14-11-SAGA,49646d1b0cd1,cc_governor,cc_governor,1,0,119,129,132,2,24,0,102,105,81,16,adios,0,adios,0,adios,0,37.2,39.6,,33.0,40.4,35.2,52,3878000,-349700,33.0,,,27.81,327112,,1,2000
1790469520,2026-09-27T00:38:40Z,261009,1790208587,6.1.187-android14-11-SAGA,49646d1b0cd1,cc_governor,cc_governor,2,0,15,20,24,0,22,0,55,60,40,11,adios,0,adios,0,adios,0,38.7,40.3,,33.0,43.7,35.8,52,3877000,-486400,33.0,,,22.61,186144,,1,2000
1790469575,2026-09-27T00:39:35Z,261063,1790208587,6.1.187-android14-11-SAGA,49646d1b0cd1,cc_governor,cc_governor,3,0,70,90,77,0,43,0,93,95,53,20,adios,0,adios,0,adios,0,40.7,41.6,,33.0,45.0,36.6,52,3870000,-424800,33.0,,,19.92,122236,,1,2000
1790469727,2026-09-27T00:42:07Z,261216,1790208587,6.1.187-android14-11-SAGA,49646d1b0cd1,cc_governor,cc_governor,9,0,148,166,150,1,132,0,221,223,93,19,adios,0,adios,0,adios,0,38.7,37.1,,33.0,42.0,35.4,52,3862000,-473600,33.0,,,21.58,105300,,1,2000
1790469779,2026-09-27T00:42:59Z,261267,1790208587,6.1.187-android14-11-SAGA,49646d1b0cd1,cc_governor,cc_governor,24757,1995,37685,47032,12902,58,13395,1270,23657,27967,10207,202,adios,0,adios,0,adios,0,56.7,56.3,,33.0,65.7,42.1,52,3812000,-1289600,33.0,,,24.01,86716,,1,2000
1790469816,2026-09-27T00:43:36Z,261305,1790208587,6.1.187-android14-11-SAGA,49646d1b0cd1,cc_governor,cc_governor,60434,7100,86456,106579,26028,95,31251,5408,49342,59932,18097,635,adios,0,adios,0,adios,0,44.7,45.5,,34.0,47.8,39.6,52,3867000,-352100,34.0,,,21.19,96560,,1,2000
1790470013,2026-09-27T00:46:53Z,261501,1790208587,6.1.187-android14-11-SAGA,49646d1b0cd1,cc_governor,cc_governor,0,0,104,122,121,0,46,0,67,76,27,5,adios,0,adios,0,adios,0,39.1,39.4,,33.0,58.9,37.3,52,3865000,-562700,34.0,,,67.25,105188,,1,2000
1790470053,2026-09-27T00:47:33Z,261541,1790208587,6.1.187-android14-11-SAGA,49646d1b0cd1,cc_governor,cc_governor,20170,1558,33075,40176,12911,135,12412,1056,20700,25683,8288,260,adios,0,adios,0,adios,0,48.5,48.0,,34.0,47.2,39.3,51,3865000,-776300,34.0,,,43.94,321908,,1,2000
1790470100,2026-09-27T00:48:20Z,261588,1790208587,6.1.187-android14-11-SAGA,49646d1b0cd1,cc_governor,cc_governor,1,0,65,76,74,1,44,0,91,125,50,14,adios,0,adios,0,adios,0,41.2,42.4,,34.0,43.7,37.2,51,3869000,-330200,34.0,,,31.41,262888,,1,2000
1790470154,2026-09-27T00:49:14Z,261642,1790208587,6.1.187-android14-11-SAGA,49646d1b0cd1,cc_governor,cc_governor,26904,554,36814,43538,9923,31,17304,520,26206,28855,8917,74,adios,0,adios,0,adios,0,49.5,50.3,46.3,34.0,54.0,40.9,51,3812000,-1138300,34.0,,,26.53,83164,,1,2000
1790470190,2026-09-27T00:49:50Z,261678,1790208587,6.1.187-android14-11-SAGA,49646d1b0cd1,cc_governor,cc_governor,56482,6824,77978,93473,21505,54,26585,2585,39896,45681,13319,529,adios,0,adios,0,adios,0,44.0,44.1,,34.0,47.8,39.1,51,3846000,-631100,35.0,,,23.67,107636,,1,2000
1790470399,2026-09-27T00:53:19Z,261888,1790208587,6.1.187-android14-11-SAGA,49646d1b0cd1,cc_governor,cc_governor,3,0,168,199,181,0,31,0,55,58,33,5,adios,0,adios,0,adios,0,39.1,39.2,,34.0,41.0,35.5,51,3867000,-394200,34.0,,,20.18,118104,,1,2000
1790470566,2026-09-27T00:56:06Z,262055,1790208587,6.1.187-android14-11-SAGA,49646d1b0cd1,cc_governor,cc_governor,1,0,116,137,127,0,229,0,305,340,91,16,adios,0,adios,0,adios,0,39.6,39.8,,33.0,42.9,36.2,51,3876000,-214800,33.0,,,18.06,117064,,1,2000
1790470633,2026-09-27T00:57:13Z,262121,1790208587,6.1.187-android14-11-SAGA,49646d1b0cd1,cc_governor,cc_governor,50,0,294,321,261,0,366,0,458,469,12,0,adios,0,adios,0,adios,0,40.0,40.2,,34.0,43.2,36.2,51,3861000,-335600,34.0,,,24.47,180748,,1,2000
1790470801,2026-09-27T01:00:01Z,262289,1790208587,6.1.187-android14-11-SAGA,49646d1b0cd1,cc_governor,cc_governor,169,0,626,655,470,2,479,0,726,761,251,17,adios,0,adios,0,adios,0,39.0,37.9,,33.0,39.6,35.2,51,3847000,-1007000,33.0,,,20.96,179988,,1,2000
1790470893,2026-09-27T01:01:33Z,262381,1790208587,6.1.187-android14-11-SAGA,49646d1b0cd1,cc_governor,cc_governor,2,0,68,132,83,0,53,0,110,121,62,19,adios,0,adios,0,adios,0,38.8,38.1,,33.0,38.5,34.2,50,3844000,-395500,33.0,,,18.73,118496,,1,2000
1790471064,2026-09-27T01:04:24Z,262552,1790208587,6.1.187-android14-11-SAGA,49646d1b0cd1,cc_governor,cc_governor,2648,26,4096,4698,1435,11,2201,30,3300,3815,1110,32,adios,0,adios,0,adios,0,53.2,56.9,46.2,33.0,49.4,38.7,50,3820000,-1114500,33.0,,,20.09,89944,,1,2000
1790471101,2026-09-27T01:05:01Z,262589,1790208587,6.1.187-android14-11-SAGA,49646d1b0cd1,cc_governor,cc_governor,37145,4023,52631,63958,15411,100,14871,2571,26397,31547,11505,560,adios,0,adios,0,adios,0,48.8,55.6,49.2,33.0,58.9,40.8,50,3850000,-562700,33.0,,,21.37,213028,,1,2000
1790471138,2026-09-27T01:05:38Z,262626,1790208587,6.1.187-android14-11-SAGA,49646d1b0cd1,cc_governor,cc_governor,65156,6203,96076,117328,30929,204,30915,3927,54743,64891,23796,1058,adios,0,adios,0,adios,0,53.6,55.4,49.0,34.0,47.8,40.7,50,3847000,-451600,34.0,,,21.92,119072,,1,2000
1790471178,2026-09-27T01:06:18Z,262666,1790208587,6.1.187-android14-11-SAGA,49646d1b0cd1,cc_governor,cc_governor,131017,6902,175229,206359,44214,285,81547,4585,118585,135110,36987,1833,adios,0,adios,0,adios,0,62.6,61.1,54.7,35.0,62.7,44.3,50,3802000,-1368400,34.0,,,21.61,118636,,1,2000
1790471216,2026-09-27T01:06:56Z,262704,1790208587,6.1.187-android14-11-SAGA,49646d1b0cd1,cc_governor,cc_governor,192480,8045,249283,289681,56801,370,101276,5564,154221,174015,52944,2470,adios,0,adios,0,adios,0,51.9,52.8,51.0,35.0,58.8,42.9,50,3832000,-823900,35.0,,,20.62,101932,,1,2000
1790471252,2026-09-27T01:07:32Z,262740,1790208587,6.1.187-android14-11-SAGA,49646d1b0cd1,cc_governor,cc_governor,247932,13581,313332,367641,65362,412,107747,11684,170821,197086,63092,2834,adios,0,adios,0,adios,0,49.8,54.4,,36.0,59.7,42.3,49,3812000,-752500,36.0,,,19.34,82220,,1,2000
1790471287,2026-09-27T01:08:07Z,262776,1790208587,6.1.187-android14-11-SAGA,49646d1b0cd1,cc_governor,cc_governor,301584,21049,374086,444296,72481,457,113606,19805,184579,219174,70973,3214,adios,0,adios,0,adios,0,52.7,53.4,52.7,36.0,64.8,43.7,49,3813000,-1220000,36.0,,,20.03,77872,,1,2000
1790471323,2026-09-27T01:08:43Z,262811,1790208587,6.1.187-android14-11-SAGA,49646d1b0cd1,cc_governor,cc_governor,360152,27943,438847,524354,78700,491,120087,27497,198711,241453,78631,3608,adios,0,adios,0,adios,0,49.8,50.8,,36.0,52.1,42.4,49,3830000,-793400,36.0,,,19.71,104388,,1,2000
1790471359,2026-09-27T01:09:19Z,262847,1790208587,6.1.187-android14-11-SAGA,49646d1b0cd1,cc_governor,cc_governor,431571,31519,516799,612489,84995,541,129468,31916,217747,265830,88243,4018,adios,0,adios,0,adios,0,48.5,50.9,,36.0,63.0,43.4,49,3821000,-874000,36.0,,,20.85,80580,,1,2000
1790471399,2026-09-27T01:09:59Z,262887,1790208587,6.1.187-android14-11-SAGA,49646d1b0cd1,cc_governor,cc_governor,462905,34620,562216,668906,99324,680,146584,33274,245738,298182,99154,4840,adios,0,adios,0,adios,0,47.7,48.0,,36.0,51.7,42.4,49,3840000,-257500,37.0,,,23.48,116756,,1,2000
1790471445,2026-09-27T01:10:45Z,262933,1790208587,6.1.187-android14-11-SAGA,49646d1b0cd1,cc_governor,cc_governor,15,0,122,148,125,0,58,0,113,119,60,16,adios,0,adios,0,adios,0,43.1,45.8,,36.0,44.6,38.9,49,3846000,-416200,36.0,,,20.18,120588,,1,2000
1790471498,2026-09-27T01:11:38Z,262986,1790208587,6.1.187-android14-11-SAGA,49646d1b0cd1,cc_governor,cc_governor,63,68,187,335,138,2,79,53,176,348,102,15,adios,0,adios,0,adios,5,45.2,46.1,,36.0,46.9,38.6,49,3840000,-541300,35.0,,,18.69,125296,,1,2000
1790471625,2026-09-27T01:13:45Z,263114,1790208587,6.1.187-android14-11-SAGA,49646d1b0cd1,cc_governor,cc_governor,15993,558,21936,26828,5947,63,16622,514,21999,26462,5385,168,adios,0,adios,0,adios,2,59.0,59.2,,35.0,59.3,43.3,48,3787000,-1433700,35.0,,,21.66,118332,,1,2000
1790471662,2026-09-27T01:14:22Z,263150,1790208587,6.1.187-android14-11-SAGA,49646d1b0cd1,cc_governor,cc_governor,33427,5711,55302,71383,21866,100,19841,2837,33214,42278,13351,626,adios,0,adios,0,adios,0,48.2,48.8,44.6,35.0,48.5,40.3,48,3842000,-395500,35.0,,,19.51,109592,,1,2000
1790471704,2026-09-27T01:15:04Z,263193,1790208587,6.1.187-android14-11-SAGA,49646d1b0cd1,cc_governor,cc_governor,320,362,1786,2229,1466,0,127,36,252,301,125,21,adios,0,adios,0,adios,0,43.2,43.2,,35.0,44.6,38.7,48,3851000,-482100,35.0,,,18.81,137232,,1,2000
1790471811,2026-09-27T01:16:51Z,263299,1790208587,6.1.187-android14-11-SAGA,49646d1b0cd1,cc_governor,cc_governor,0,3,31,96,53,0,23,8,46,59,28,10,adios,0,adios,0,adios,0,39.8,38.9,,34.0,45.4,36.8,48,3856000,-364900,34.0,,,17.82,127668,,1,2000
1790471889,2026-09-27T01:18:09Z,263378,1790208587,6.1.187-android14-11-SAGA,49646d1b0cd1,cc_governor,cc_governor,2908,26,3772,4626,787,13,1898,41,2775,3260,861,48,adios,0,adios,0,adios,81,52.0,59.9,,34.0,62.9,41.4,48,3791000,-1124200,34.0,,,19.32,168360,,1,2000
1790471928,2026-09-27T01:18:48Z,263417,1790208587,6.1.187-android14-11-SAGA,49646d1b0cd1,cc_governor,cc_governor,47105,2993,62949,75066,15863,205,12531,2607,28664,34387,16142,561,adios,0,adios,0,adios,0,50.0,52.1,49.0,34.0,60.6,41.2,48,3824000,-897800,34.0,,,19.56,95836,,1,2000
1790471964,2026-09-27T01:19:24Z,263452,1790208587,6.1.187-android14-11-SAGA,49646d1b0cd1,cc_governor,cc_governor,84456,7553,114146,137241,29699,253,20437,6966,51614,63430,31171,953,adios,0,adios,0,adios,0,53.4,52.9,50.9,35.0,57.7,42.2,48,3816000,-1076000,35.0,,,19.68,114128,,1,2000
1790472000,2026-09-27T01:20:00Z,263489,1790208587,6.1.187-android14-11-SAGA,49646d1b0cd1,cc_governor,cc_governor,128049,8930,173345,204387,45225,301,30574,8547,79615,93633,48994,1373,adios,0,adios,0,adios,0,59.1,59.5,,35.0,67.2,44.4,47,3788000,-1380000,35.0,,,20.43,107336,,1,2000
1790472037,2026-09-27T01:20:37Z,263525,1790208587,6.1.187-android14-11-SAGA,49646d1b0cd1,cc_governor,cc_governor,173348,10044,234266,272113,60900,362,54242,9434,120746,138666,66479,1770,adios,0,adios,0,adios,0,51.0,50.9,47.9,35.0,55.2,42.7,47,3799000,-979600,36.0,,,20.93,123408,,1,2000
1790472078,2026-09-27T01:21:18Z,263567,1790208587,6.1.187-android14-11-SAGA,49646d1b0cd1,cc_governor,cc_governor,263524,10659,335909,382082,72276,454,101963,10633,186808,207682,84857,2680,adios,0,adios,0,adios,0,58.2,59.7,53.1,36.0,65.6,44.7,47,3795000,-972200,36.0,,,21.56,89364,,1,2000
1790472115,2026-09-27T01:21:55Z,263604,1790208587,6.1.187-android14-11-SAGA,49646d1b0cd1,cc_governor,cc_governor,318439,10935,406856,459785,88242,512,154064,10795,255883,278409,101660,3204,adios,0,adios,0,adios,0,59.2,58.1,52.2,36.0,56.4,43.9,47,3806000,-859900,36.0,,,23.58,97980,,1,2000
1790472153,2026-09-27T01:22:33Z,263641,1790208587,6.1.187-android14-11-SAGA,49646d1b0cd1,cc_governor,cc_governor,370371,16071,470749,534923,100409,573,202064,15867,317116,346232,114881,3798,adios,0,adios,0,adios,0,53.3,51.6,,37.0,58.1,43.9,46,3786000,-1259700,37.0,,,23.74,102432,,1,2000
1790472193,2026-09-27T01:23:13Z,263681,1790208587,6.1.187-android14-11-SAGA,49646d1b0cd1,cc_governor,cc_governor,438498,21064,549850,625966,111255,664,269199,21535,395465,432258,126242,4548,adios,0,adios,0,adios,0,55.1,53.9,50.6,37.0,56.5,44.3,46,3803000,-963100,37.0,,,24.75,85112,,1,2000
1790472234,2026-09-27T01:23:54Z,263723,1790208587,6.1.187-android14-11-SAGA,49646d1b0cd1,cc_governor,cc_governor,531688,25447,651454,739989,119441,789,338373,26492,476311,520286,137924,5776,adios,0,adios,0,adios,0,54.1,53.1,49.9,37.0,55.3,44.1,46,3803000,-1195000,37.0,,,24.69,123220,,1,2000
1790472276,2026-09-27T01:24:36Z,263765,1790208587,6.1.187-android14-11-SAGA,49646d1b0cd1,cc_governor,cc_governor,588360,31597,721247,822348,132910,911,383385,32623,536433,588098,152988,6957,adios,0,adios,0,adios,0,50.6,49.7,48.8,37.0,53.1,43.8,46,3812000,-726900,37.0,,,25.07,104948,,1,2000
1790472318,2026-09-27T01:25:18Z,263806,1790208587,6.1.187-android14-11-SAGA,49646d1b0cd1,cc_governor,cc_governor,633603,41733,778020,895469,144460,1014,421879,42863,586986,650281,165078,7922,adios,0,adios,0,adios,0,51.3,51.3,48.5,38.0,54.6,43.7,46,3816000,-855700,38.0,,,22.98,82620,,1,2000
1790472361,2026-09-27T01:26:01Z,263849,1790208587,6.1.187-android14-11-SAGA,49646d1b0cd1,cc_governor,cc_governor,709068,46934,865031,994842,155645,1148,482221,48842,659110,730563,176822,9146,adios,0,adios,0,adios,0,53.7,53.7,51.7,38.0,57.9,45.0,45,3796000,-742100,38.0,,,23.79,84428,,1,2000
1790472402,2026-09-27T01:26:42Z,263891,1790208587,6.1.187-android14-11-SAGA,49646d1b0cd1,cc_governor,cc_governor,776274,56734,939075,1085411,162773,1277,551783,57738,736617,818840,184674,10317,adios,0,adios,0,adios,0,54.7,52.2,50.4,38.0,54.7,44.8,45,3797000,-975900,38.0,,,22.99,149272,,1,2000
1790472444,2026-09-27T01:27:24Z,263932,1790208587,6.1.187-android14-11-SAGA,49646d1b0cd1,cc_governor,cc_governor,825592,65651,1000284,1162128,174683,1366,591555,67929,787924,881859,196330,11293,adios,0,adios,0,adios,0,50.9,50.6,,38.0,53.4,44.0,45,3814000,-752500,38.0,,,21.61,86860,,1,2000
1790472487,2026-09-27T01:28:07Z,263975,1790208587,6.1.187-android14-11-SAGA,49646d1b0cd1,cc_governor,cc_governor,876631,74908,1063569,1240998,186636,1473,631839,77276,839822,944741,207902,12345,adios,0,adios,0,adios,0,54.2,52.6,50.2,38.0,54.9,44.6,45,3808000,-766600,38.0,,,24.11,114032,,1,2000
1790472533,2026-09-27T01:28:53Z,264021,1790208587,6.1.187-android14-11-SAGA,49646d1b0cd1,cc_governor,cc_governor,981997,82288,1174676,1368735,192433,1677,697588,87426,913893,1030967,216105,14110,adios,0,adios,0,adios,0,56.6,53.7,,38.0,56.3,45.2,45,3798000,-726900,38.0,,,23.48,89312,,1,2000
1790472573,2026-09-27T01:29:33Z,264061,1790208587,6.1.187-android14-11-SAGA,49646d1b0cd1,cc_governor,cc_governor,1050626,88433,1252923,1459881,202109,1775,757335,94901,983738,1110013,226290,15026,adios,0,adios,0,adios,0,57.3,55.7,51.9,38.0,58.2,45.5,45,3803000,-886200,39.0,,,23.65,87220,,1,2000
1790472613,2026-09-27T01:30:13Z,264102,1790208587,6.1.187-android14-11-SAGA,49646d1b0cd1,cc_governor,cc_governor,1134146,94495,1344046,1564581,209554,1883,824722,101576,1061291,1196279,236475,16129,adios,0,adios,0,adios,0,54.5,53.1,50.8,38.0,58.5,45.5,44,3794000,-867300,39.0,,,23.73,110860,,1,2000
1790472655,2026-09-27T01:30:55Z,264144,1790208587,6.1.187-android14-11-SAGA,49646d1b0cd1,cc_governor,cc_governor,1200985,101212,1421656,1656377,220637,2011,868317,110928,1117282,1262921,248917,17210,adios,0,adios,0,adios,0,52.4,51.7,49.8,39.0,52.6,44.4,44,3812000,-684200,38.0,,,22.72,90820,,1,2000
1790472696,2026-09-27T01:31:36Z,264185,1790208587,6.1.187-android14-11-SAGA,49646d1b0cd1,cc_governor,cc_governor,1242533,115158,1470965,1725759,228402,2086,896166,125670,1153692,1315420,257481,17871,adios,0,adios,0,adios,0,52.6,51.5,,38.0,56.1,44.6,44,3798000,-886800,38.0,,,22.30,82452,,1,2000
1790472738,2026-09-27T01:32:18Z,264226,1790208587,6.1.187-android14-11-SAGA,49646d1b0cd1,cc_governor,cc_governor,1300320,124608,1538294,1809166,237998,2197,937809,135631,1206600,1379865,268770,18791,adios,0,adios,0,adios,0,50.4,50.0,48.5,38.0,51.6,43.7,44,3801000,-839200,38.0,,,23.11,98180,,1,2000
1790472780,2026-09-27T01:33:00Z,264268,1790208587,6.1.187-android14-11-SAGA,49646d1b0cd1,cc_governor,cc_governor,1329501,134036,1583386,1869125,253912,2285,964854,144336,1248187,1431408,283291,19557,adios,0,adios,0,adios,0,49.3,48.7,,38.0,50.3,43.1,44,3779000,-675600,38.0,,,22.48,120552,,1,2000
1790472822,2026-09-27T01:33:42Z,264310,1790208587,6.1.187-android14-11-SAGA,49646d1b0cd1,cc_governor,cc_governor,1390527,138348,1656981,1955416,266453,2360,982453,149915,1282547,1472449,300092,20290,adios,0,adios,0,adios,0,55.9,57.2,53.5,38.0,62.7,44.9,43,3785000,-894100,38.0,,,22.08,102952,,1,2000
1790472858,2026-09-27T01:34:18Z,264346,1790208587,6.1.187-android14-11-SAGA,49646d1b0cd1,cc_governor,cc_governor,1447141,150371,1715798,2036148,268626,2409,990221,167365,1293934,1501455,303702,20672,adios,0,adios,0,adios,0,55.2,58.4,54.0,38.0,66.3,45.4,43,3784000,-1196200,38.0,,,20.40,124584,,1,2000
1790472894,2026-09-27T01:34:54Z,264382,1790208587,6.1.187-android14-11-SAGA,49646d1b0cd1,cc_governor,cc_governor,1501558,161486,1773568,2114134,271959,2459,1002301,184102,1309832,1534399,307510,21040,adios,0,adios,0,adios,0,55.8,57.9,54.1,38.0,64.4,45.3,43,3776000,-1006400,38.0,,,20.20,109572,,1,2000
1790472930,2026-09-27T01:35:30Z,264418,1790208587,6.1.187-android14-11-SAGA,49646d1b0cd1,cc_governor,cc_governor,1549091,173000,1825209,2184875,276096,2558,1015840,199731,1328619,1569298,312783,21455,adios,0,adios,0,adios,69,66.3,67.2,,38.0,63.9,48.1,43,3745000,-1748600,38.0,,,24.32,1052876,,1,2000
1790472985,2026-09-27T01:36:25Z,264474,1790208587,6.1.187-android14-11-SAGA,49646d1b0cd1,cc_governor,cc_governor,0,0,131,22,0,0,8,23,8,36,0,7,adios,0,adios,0,adios,0,43.0,41.8,,37.0,43.8,39.5,43,3825000,-421100,37.0,,,20.50,749136,,1,2000
1790473161,2026-09-27T01:39:21Z,264650,1790208587,6.1.187-android14-11-SAGA,49646d1b0cd1,cc_governor,cc_governor,3,0,61,78,66,0,19,0,60,65,46,10,adios,0,adios,0,adios,0,41.8,40.9,,35.0,42.3,37.8,43,3825000,-415600,35.0,,,18.43,717296,,1,2000
1790473300,2026-09-27T01:41:41Z,264789,1790208587,6.1.187-android14-11-SAGA,49646d1b0cd1,cc_governor,cc_governor,3,0,70,87,78,1,23,0,68,72,51,13,adios,0,adios,0,adios,0,39.8,40.0,,34.0,38.6,35.1,43,3825000,-188500,34.0,,,25.21,698956,,1,2000
1790473525,2026-09-27T01:45:25Z,265014,1790208587,6.1.187-android14-11-SAGA,49646d1b0cd1,cc_governor,cc_governor,2,0,117,143,102,0,47,0,100,103,58,16,adios,0,adios,0,adios,0,38.4,38.9,,34.0,41.5,35.5,42,3823000,-423500,34.0,,,26.33,703016,,1,2000
1790473679,2026-09-27T01:47:59Z,265168,1790208587,6.1.187-android14-11-SAGA,49646d1b0cd1,cc_governor,cc_governor,9521,223,12615,14919,3114,12,6088,172,8809,9523,2716,60,adios,0,adios,0,adios,0,46.6,47.4,,33.0,46.0,37.8,42,3791000,-534600,33.0,,,24.08,272368,,1,2000
1790473715,2026-09-27T01:48:35Z,265203,1790208587,6.1.187-android14-11-SAGA,49646d1b0cd1,cc_governor,cc_governor,31884,3856,49253,62827,17380,58,23272,1796,34817,39791,11548,453,adios,0,adios,0,adios,0,50.2,50.5,47.2,34.0,52.0,40.7,42,3778000,-1538600,34.0,,,22.18,132548,,1,2000
1790473848,2026-09-27T01:50:48Z,265336,1790208587,6.1.187-android14-11-SAGA,49646d1b0cd1,cc_governor,cc_governor,27,0,85,101,69,0,91,0,146,150,60,16,adios,0,adios,0,adios,0,38.8,39.1,,34.0,39.2,35.4,42,3825000,-401600,34.0,,,27.69,182144,,1,2000
1790473944,2026-09-27T01:52:24Z,265433,1790208587,6.1.187-android14-11-SAGA,49646d1b0cd1,cc_governor,cc_governor,12021,5055,17443,25283,5422,16,6141,1281,9771,11927,3630,249,adios,0,adios,0,adios,0,41.6,51.0,,34.0,63.7,39.7,42,3803000,-859900,34.0,,,24.03,106740,,1,2000
1790473982,2026-09-27T01:53:02Z,265470,1790208587,6.1.187-android14-11-SAGA,49646d1b0cd1,cc_governor,cc_governor,28275,10475,47029,66731,18754,104,20164,4479,33803,41870,13637,732,adios,0,adios,0,adios,0,44.0,45.2,,34.0,46.9,38.5,42,3815000,-416200,34.0,,,21.50,120024,,1,2000
1790474017,2026-09-27T01:53:37Z,265505,1790208587,6.1.187-android14-11-SAGA,49646d1b0cd1,cc_governor,cc_governor,30731,15606,56925,82899,26194,117,22026,6054,39186,49109,17160,1119,adios,0,adios,0,adios,0,44.3,43.9,,34.0,48.3,38.1,42,3801000,-443100,34.0,,,19.59,105864,,1,2000
1790474052,2026-09-27T01:54:12Z,265541,1790208587,6.1.187-android14-11-SAGA,49646d1b0cd1,cc_governor,cc_governor,34974,25203,65447,102645,30473,135,24594,10165,43530,57771,18936,1502,adios,0,adios,0,adios,0,42.3,42.3,,34.0,60.2,39.4,42,3758000,-1314600,34.0,,,18.37,794148,,1,2000
1790474120,2026-09-27T01:55:20Z,265608,1790208587,6.1.187-android14-11-SAGA,49646d1b0cd1,cc_governor,cc_governor,24,0,368,399,356,0,14,0,32,35,22,4,adios,0,adios,0,adios,0,40.3,41.3,,34.0,43.9,36.8,42,3817000,-283200,34.0,,,72.84,659944,,1,2000
1790474378,2026-09-27T01:59:38Z,265866,1790208587,6.1.187-android14-11-SAGA,49646d1b0cd1,cc_governor,cc_governor,1,0,113,128,123,0,89,0,187,190,102,17,adios,0,adios,0,adios,0,39.0,38.7,,33.0,39.8,35.4,41,3811000,-304500,33.0,,,88.17,639596,,1,2000
1790474502,2026-09-27T02:01:42Z,265991,1790208587,6.1.187-android14-11-SAGA,49646d1b0cd1,cc_governor,cc_governor,15,0,81,87,77,0,71,0,118,124,56,0,adios,0,adios,0,adios,0,39.0,39.5,,33.0,42.8,35.9,41,3822000,-291700,33.0,,,56.89,194340,,1,2000
1790474550,2026-09-27T02:02:30Z,266038,1790208587,6.1.187-android14-11-SAGA,49646d1b0cd1,cc_governor,cc_governor,11746,1155,18981,22797,7240,15,5701,530,9607,10664,3819,55,adios,0,adios,0,adios,0,49.6,47.6,,33.0,47.9,38.2,41,3814000,-347900,34.0,,,39.64,162768,,1,2000
1790474623,2026-09-27T02:03:43Z,266112,1790208587,6.1.187-android14-11-SAGA,49646d1b0cd1,cc_governor,cc_governor,686,207,1541,2066,855,0,630,68,896,1267,266,32,adios,0,adios,0,adios,0,42.1,41.8,,33.0,39.8,35.6,41,3825000,-254500,33.0,,,29.01,121716,,1,2000
1790474734,2026-09-27T02:05:34Z,266222,1790208587,6.1.187-android14-11-SAGA,49646d1b0cd1,cc_governor,cc_governor,1,0,125,131,132,1,36,0,84,87,54,16,adios,0,adios,0,adios,0,39.9,39.0,,33.0,39.8,35.6,41,3810000,-458300,33.0,,,24.11,130888,,1,2000
1790474907,2026-09-27T02:08:27Z,266396,1790208587,6.1.187-android14-11-SAGA,49646d1b0cd1,cc_governor,cc_governor,2,0,15,21,27,0,70,0,102,105,37,9,adios,0,adios,0,adios,0,41.3,39.6,,33.0,42.1,34.6,41,3823000,-811100,33.0,,,54.57,147768,,1,2000
1790475193,2026-09-27T02:13:30Z,266698,1790208587,6.1.187-android14-11-SAGA,49646d1b0cd1,cc_governor,cc_governor,5,0,42,44,42,0,35,0,77,81,46,13,adios,0,adios,0,adios,0,36.7,35.7,,32.0,37.8,33.8,41,3827000,-199500,32.0,,,37.44,127356,,1,2000
1790475344,2026-09-27T02:15:44Z,266833,1790208587,6.1.187-android14-11-SAGA,49646d1b0cd1,cc_governor,cc_governor,10,0,139,151,142,0,34,0,60,61,27,5,adios,0,adios,0,adios,0,38.7,40.6,,32.0,43.0,35.2,41,3820000,-268500,32.0,,,27.44,120532,,1,2000
1790475382,2026-09-27T02:16:22Z,266870,1790208587,6.1.187-android14-11-SAGA,49646d1b0cd1,cc_governor,cc_governor,23425,994,35889,43320,12454,42,16293,796,24927,30593,8646,142,adios,0,adios,0,adios,0,52.5,55.5,,33.0,49.5,38.8,41,3788000,-521800,33.0,,,28.05,146340,,1,2000
1790475423,2026-09-27T02:17:03Z,266911,1790208587,6.1.187-android14-11-SAGA,49646d1b0cd1,cc_governor,cc_governor,75593,1985,104927,121496,29326,139,66420,1411,88653,101168,22154,1097,adios,0,adios,0,adios,0,51.2,55.2,,34.0,59.8,42.1,40,3765000,-1259700,34.0,,,24.39,149464,,1,2000
1790475459,2026-09-27T02:17:39Z,266948,1790208587,6.1.187-android14-11-SAGA,49646d1b0cd1,cc_governor,cc_governor,116031,6524,158451,185284,42416,181,81736,5929,116874,136625,35137,1551,adios,0,adios,0,adios,0,49.8,49.5,46.9,34.0,59.8,41.5,40,3769000,-1206000,34.0,,,22.00,72000,,1,2000
1790475496,2026-09-27T02:18:16Z,266984,1790208587,6.1.187-android14-11-SAGA,49646d1b0cd1,cc_governor,cc_governor,154819,9022,212958,250820,58092,252,93439,8084,143701,167169,50260,2017,adios,0,adios,0,adios,0,50.8,50.7,48.8,35.0,58.8,41.8,40,3747000,-1109000,35.0,,,21.03,213464,,1,2000
1790475532,2026-09-27T02:18:52Z,267020,1790208587,6.1.187-android14-11-SAGA,49646d1b0cd1,cc_governor,cc_governor,196240,10906,269767,324568,73480,303,122408,9661,186638,216012,64226,2452,adios,0,adios,0,adios,0,54.9,64.1,55.9,36.0,60.2,44.7,40,3730000,-1276800,35.0,,,22.05,216812,,1,2000
1790475569,2026-09-27T02:19:29Z,267058,1790208587,6.1.187-android14-11-SAGA,49646d1b0cd1,cc_governor,cc_governor,242857,14633,330382,399980,87451,375,151393,13409,229933,266332,78538,3000,adios,0,adios,0,adios,19,64.9,72.1,61.5,36.0,77.4,48.9,39,3712000,-1345800,36.0,,,27.41,130068,,1,2000
1790475615,2026-09-27T02:20:15Z,267103,1790208587,6.1.187-android14-11-SAGA,49646d1b0cd1,cc_governor,cc_governor,297403,16034,400002,488255,102468,925,194097,14862,285746,337552,91618,4084,adios,0,adios,0,adios,0,67.1,59.1,55.6,37.0,59.6,47.1,39,3756000,-832500,38.0,,,30.76,99724,,1,2000
1790475657,2026-09-27T02:20:57Z,267145,1790208587,6.1.187-android14-11-SAGA,49646d1b0cd1,cc_governor,cc_governor,353222,17099,472813,575415,119582,1084,236119,15956,344611,404778,108460,5042,adios,0,adios,0,adios,0,55.4,56.4,53.4,38.0,70.4,47.7,39,3764000,-633500,38.0,,,26.95,97880,,1,2000
1790475696,2026-09-27T02:21:36Z,267184,1790208587,6.1.187-android14-11-SAGA,49646d1b0cd1,cc_governor,cc_governor,421540,17897,553806,665581,132119,1210,288406,16991,413065,478104,124509,5790,adios,0,adios,0,adios,0,60.1,63.4,55.2,38.0,69.8,47.7,38,3752000,-1506900,38.0,,,25.77,120096,,1,2000
1790475733,2026-09-27T02:22:13Z,267221,1790208587,6.1.187-android14-11-SAGA,49646d1b0cd1,cc_governor,cc_governor,482877,18243,629400,749235,146452,1279,339010,17419,480143,548615,141059,6357,adios,0,adios,0,adios,0,62.9,62.2,,38.0,58.6,46.5,38,3762000,-854400,38.0,,,22.23,189932,,1,2000
1790475771,2026-09-27T02:22:51Z,267259,1790208587,6.1.187-android14-11-SAGA,49646d1b0cd1,cc_governor,cc_governor,548589,19299,708531,836756,159723,1359,408687,18434,564289,636545,155489,7041,adios,0,adios,0,adios,0,57.8,55.3,51.9,38.0,64.0,46.1,38,3748000,-1436100,38.0,,,22.94,183960,,1,2000
1790475810,2026-09-27T02:23:30Z,267298,1790208587,6.1.187-android14-11-SAGA,49646d1b0cd1,cc_governor,cc_governor,639937,20952,808446,945869,168250,1473,493613,20094,660906,737150,167197,7827,adios,0,adios,0,adios,0,55.8,53.2,50.2,38.0,67.5,45.4,38,3775000,-799500,38.0,,,22.23,115144,,1,2000
1790475849,2026-09-27T02:24:09Z,267338,1790208587,6.1.187-android14-11-SAGA,49646d1b0cd1,cc_governor,cc_governor,694058,24206,877320,1023733,183211,1597,544295,23812,726799,808865,182493,8692,adios,0,adios,0,adios,0,54.7,54.5,50.3,38.0,69.9,45.6,38,3744000,-702500,38.0,,,23.59,113364,,1,2000
1790475890,2026-09-27T02:24:50Z,267379,1790208587,6.1.187-android14-11-SAGA,49646d1b0cd1,cc_governor,cc_governor,768907,26329,964577,1121846,195480,1813,587864,26963,786577,874113,198653,9658,adios,0,adios,0,adios,0,60.4,61.9,54.6,38.0,63.1,46.2,38,3739000,-1276800,38.0,,,22.53,86280,,1,2000
1790475928,2026-09-27T02:25:28Z,267416,1790208587,6.1.187-android14-11-SAGA,49646d1b0cd1,cc_governor,cc_governor,811423,31301,1021383,1189037,209655,1882,632024,31761,845584,939464,213491,10273,adios,0,adios,0,adios,0,52.8,52.5,49.6,38.0,57.0,44.6,37,3756000,-802000,38.0,,,21.73,81196,,1,2000
1790475969,2026-09-27T02:26:09Z,267458,1790208587,6.1.187-android14-11-SAGA,49646d1b0cd1,cc_governor,cc_governor,898156,34596,1117873,1296448,219548,2059,702437,36053,928214,1028743,225652,11349,adios,0,adios,0,adios,0,55.6,53.2,50.4,38.0,55.4,44.7,37,3767000,-592600,38.0,,,22.43,216696,,1,2000
1790476010,2026-09-27T02:26:50Z,267498,1790208587,6.1.187-android14-11-SAGA,49646d1b0cd1,cc_governor,cc_governor,946114,39635,1180150,1371008,233842,2177,756121,41592,994651,1103939,238453,12184,adios,0,adios,0,adios,0,55.2,54.6,51.6,38.0,61.3,45.3,37,3756000,-791600,38.0,,,22.36,78564,,1,2000
1790476048,2026-09-27T02:27:28Z,267536,1790208587,6.1.187-android14-11-SAGA,49646d1b0cd1,cc_governor,cc_governor,1029376,41033,1273569,1477019,244160,2275,826597,43817,1077958,1193602,251332,12889,adios,0,adios,0,adios,0,62.7,62.3,57.1,39.0,70.9,48.0,37,3732000,-1378700,38.0,,,23.62,86304,,1,2000
1790476086,2026-09-27T02:28:06Z,267574,1790208587,6.1.187-android14-11-SAGA,49646d1b0cd1,cc_governor,cc_governor,1095710,41646,1353246,1565823,257547,2344,878829,44711,1146831,1266083,268004,13493,adios,0,adios,0,adios,0,57.9,60.3,54.7,39.0,64.4,47.0,36,3739000,-783000,39.0,,,22.30,134288,,1,2000
1790476122,2026-09-27T02:28:42Z,267611,1790208587,6.1.187-android14-11-SAGA,49646d1b0cd1,cc_governor,cc_governor,1128049,44101,1403053,1623933,275000,2411,919927,47279,1203525,1326890,283555,13952,adios,0,adios,0,adios,0,53.1,53.4,49.9,39.0,57.2,45.1,36,3758000,-681700,39.0,,,22.07,124212,,1,2000
1790476162,2026-09-27T02:29:22Z,267651,1790208587,6.1.187-android14-11-SAGA,49646d1b0cd1,cc_governor,cc_governor,1207812,48338,1492432,1725271,284320,2511,997386,52036,1291629,1422198,294156,14763,adios,0,adios,0,adios,0,56.0,53.5,50.6,39.0,57.9,45.2,36,3766000,-869700,38.0,,,22.64,186472,,1,2000
1790476203,2026-09-27T02:30:03Z,267692,1790208587,6.1.187-android14-11-SAGA,49646d1b0cd1,cc_governor,cc_governor,1289529,51868,1584331,1828480,294610,2667,1068185,56292,1374070,1511762,305846,15781,adios,0,adios,0,adios,0,54.5,54.1,50.9,38.0,55.8,44.9,36,3759000,-619500,39.0,,,24.06,90100,,1,2000
1790476243,2026-09-27T02:30:43Z,267732,1790208587,6.1.187-android14-11-SAGA,49646d1b0cd1,cc_governor,cc_governor,1341067,60042,1646354,1905118,305240,2761,1120257,64009,1437418,1584416,317131,16401,adios,0,adios,0,adios,0,53.5,56.8,,38.0,55.1,44.8,36,3759000,-723800,39.0,,,23.05,158560,,1,2000
1790476282,2026-09-27T02:31:22Z,267770,1790208587,6.1.187-android14-11-SAGA,49646d1b0cd1,cc_governor,cc_governor,1392418,63908,1711073,1979909,318624,2864,1174427,67556,1505268,1658411,330813,17053,adios,0,adios,0,adios,0,55.8,58.9,52.7,38.0,64.7,46.2,36,3752000,-954500,38.0,,,21.96,106340,,1,2000
1790476320,2026-09-27T02:32:00Z,267809,1790208587,6.1.187-android14-11-SAGA,49646d1b0cd1,cc_governor,cc_governor,1477676,66122,1805397,2083947,327660,2967,1258176,70167,1600008,1757945,341719,17714,adios,0,adios,0,adios,0,57.7,53.9,51.0,38.0,56.7,45.0,35,3750000,-759800,38.0,,,21.93,98136,,1,2000
1790476361,2026-09-27T02:32:41Z,267849,1790208587,6.1.187-android14-11-SAGA,49646d1b0cd1,cc_governor,cc_governor,1557601,70130,1895538,2185425,337673,3110,1331038,74577,1684614,1849109,353493,18724,adios,0,adios,0,adios,0,55.6,56.6,52.0,39.0,55.9,45.0,35,3751000,-652400,38.0,,,22.54,120564,,1,2000
1790476399,2026-09-27T02:33:19Z,267888,1790208587,6.1.187-android14-11-SAGA,49646d1b0cd1,cc_governor,cc_governor,1587270,82343,1934213,2241175,346979,3222,1368816,86257,1731152,1908809,362285,19300,adios,0,adios,0,adios,0,53.8,53.5,51.3,38.0,57.9,45.2,35,3755000,-940500,38.0,,,21.08,101312,,1,2000
1790476438,2026-09-27T02:33:58Z,267926,1790208587,6.1.187-android14-11-SAGA,49646d1b0cd1,cc_governor,cc_governor,1630324,86139,1990611,2311879,360254,3326,1408274,89689,1782354,1968624,374117,19910,adios,0,adios,0,adios,0,72.3,75.2,63.8,39.0,73.3,50.5,35,3732000,-1079700,39.0,,,28.12,129700,,1,2000
1790476478,2026-09-27T02:34:38Z,267967,1790208587,6.1.187-android14-11-SAGA,49646d1b0cd1,cc_governor,cc_governor,1670282,87374,2048396,2379405,378059,3662,1438303,90774,1828802,2022209,390513,20631,adios,0,adios,0,adios,0,61.4,62.2,54.6,39.0,59.6,47.1,34,3733000,-892900,39.0,,,23.91,125656,,1,2000
1790476514,2026-09-27T02:35:14Z,268002,1790208587,6.1.187-android14-11-SAGA,49646d1b0cd1,cc_governor,cc_governor,1697129,89746,2093200,2432901,396060,3706,1461016,93007,1869283,2067444,408251,21063,adios,0,adios,0,adios,1,58.7,62.9,54.5,39.0,62.6,46.7,34,3731000,-834300,39.0,,,22.24,115048,,1,2000
1790476551,2026-09-27T02:35:51Z,268039,1790208587,6.1.187-android14-11-SAGA,49646d1b0cd1,cc_governor,cc_governor,1728113,91955,2141341,2490494,413196,3765,1483236,95183,1908895,2112006,425508,21481,adios,0,adios,0,adios,18,71.0,73.9,68.0,39.0,78.7,50.9,34,3707000,-1575900,39.0,,,23.71,112544,,1,2000
1790476594,2026-09-27T02:36:34Z,268082,1790208587,6.1.187-android14-11-SAGA,49646d1b0cd1,cc_governor,cc_governor,1796397,93313,2224680,2597081,427932,4223,1542827,96568,1982370,2200284,439384,22611,adios,0,adios,0,adios,0,61.5,64.7,60.3,40.0,65.7,49.8,34,3731000,-852000,40.0,,,24.77,132072,,1,2000
1790476635,2026-09-27T02:37:15Z,268123,1790208587,6.1.187-android14-11-SAGA,49646d1b0cd1,cc_governor,cc_governor,1838054,94576,2285688,2667927,447605,4381,1582058,97837,2039845,2262723,457753,23409,adios,0,adios,0,adios,0,56.5,54.9,52.0,40.0,59.6,46.6,33,3740000,-878900,40.0,,,25.14,134784,,1,2000
1790476676,2026-09-27T02:37:56Z,268164,1790208587,6.1.187-android14-11-SAGA,49646d1b0cd1,cc_governor,cc_governor,1920111,95166,2380535,2772197,460401,4519,1648190,98364,2121656,2348281,473486,24477,adios,0,adios,0,adios,0,62.1,65.2,57.9,39.0,71.4,48.5,33,3713000,-1168200,39.0,,,25.46,87752,,1,2000
1790476713,2026-09-27T02:38:33Z,268201,1790208587,6.1.187-android14-11-SAGA,49646d1b0cd1,cc_governor,cc_governor,2007407,95372,2477434,2878773,469916,4606,1696981,98602,2187237,2416047,490265,25037,adios,0,adios,0,adios,0,62.8,66.0,57.6,39.0,69.2,48.6,33,3733000,-1058900,39.0,,,24.64,85916,,1,2000
1790476750,2026-09-27T02:39:10Z,268238,1790208587,6.1.187-android14-11-SAGA,49646d1b0cd1,cc_governor,cc_governor,2078800,96346,2560574,2970920,481597,4670,1743998,99799,2250325,2481802,506231,25610,adios,0,adios,0,adios,0,63.7,64.7,,39.0,70.1,48.4,33,3719000,-1035100,39.0,,,23.16,96892,,1,2000
1790476787,2026-09-27T02:39:47Z,268275,1790208587,6.1.187-android14-11-SAGA,49646d1b0cd1,cc_governor,cc_governor,2161595,97649,2652456,3072664,490794,4741,1798777,101982,2318525,2554388,519727,26119,adios,0,adios,0,adios,0,63.3,63.7,56.8,39.0,68.4,48.1,33,3728000,-931300,40.0,,,21.73,170824,,1,2000
1790476824,2026-09-27T02:40:24Z,268312,1790208587,6.1.187-android14-11-SAGA,49646d1b0cd1,cc_governor,cc_governor,2245424,99307,2745157,3175713,499478,4802,1885237,104436,2414513,2655625,529127,26667,adios,0,adios,0,adios,0,58.2,55.0,52.7,39.0,68.5,47.3,32,3726000,-1035100,39.0,,,23.12,137272,,1,2000
1790476862,2026-09-27T02:41:02Z,268351,1790208587,6.1.187-android14-11-SAGA,49646d1b0cd1,cc_governor,cc_governor,2342577,100252,2850589,3293169,507898,4948,1940077,106614,2483702,2731147,543639,27412,adios,0,adios,0,adios,0,64.6,66.3,57.3,39.0,66.7,48.6,32,3713000,-1074200,39.0,,,24.45,106236,,1,2000
1790476899,2026-09-27T02:41:39Z,268387,1790208587,6.1.187-android14-11-SAGA,49646d1b0cd1,cc_governor,cc_governor,2421845,102714,2938671,3392692,516767,5013,1985349,110637,2542477,2795966,557079,27975,adios,0,adios,0,adios,0,61.7,60.3,55.9,40.0,67.4,48.1,32,3724000,-1113800,40.0,,,24.25,135864,,1,2000
1790476936,2026-09-27T02:42:16Z,268424,1790208587,6.1.187-android14-11-SAGA,49646d1b0cd1,cc_governor,cc_governor,2504867,106843,3028416,3494936,523352,5082,2051129,116524,2617276,2878466,566037,28572,adios,0,adios,0,adios,0,62.2,64.5,55.7,39.0,60.7,47.4,32,3728000,-1152300,39.0,,,25.52,77808,,1,2000
1790476974,2026-09-27T02:42:54Z,268462,1790208587,6.1.187-android14-11-SAGA,49646d1b0cd1,cc_governor,cc_governor,2584558,110654,3116091,3593403,531408,5161,2137866,120270,2712241,2979441,574363,29186,adios,0,adios,0,adios,0,60.5,58.8,54.4,39.0,62.7,47.0,31,3717000,-1211500,39.0,,,24.86,121712,,1,2000
1790477011,2026-09-27T02:43:31Z,268499,1790208587,6.1.187-android14-11-SAGA,49646d1b0cd1,cc_governor,cc_governor,2655998,117583,3193238,3684586,537143,5238,2212211,127499,2793784,3069936,581490,29765,adios,0,adios,0,adios,0,57.8,55.4,51.7,39.0,58.5,46.0,31,3744000,-818400,39.0,,,24.38,147872,,1,2000
1790477049,2026-09-27T02:44:09Z,268537,1790208587,6.1.187-android14-11-SAGA,49646d1b0cd1,cc_governor,cc_governor,2695215,121775,3247695,3748774,552471,5313,2259122,131567,2855663,3137256,596509,30407,adios,0,adios,0,adios,0,52.4,51.8,49.4,39.0,55.0,44.8,31,3732000,-827600,39.0,,,21.51,93816,,1,2000
1790477089,2026-09-27T02:44:49Z,268577,1790208587,6.1.187-android14-11-SAGA,49646d1b0cd1,cc_governor,cc_governor,2767140,126381,3330067,3842963,562912,5409,2327269,136357,2935377,3224369,608041,31141,adios,0,adios,0,adios,0,56.7,54.5,,39.0,63.1,45.8,31,3733000,-862400,39.0,,,22.55,92368,,1,2000
1790477129,2026-09-27T02:45:29Z,268617,1790208587,6.1.187-android14-11-SAGA,49646d1b0cd1,cc_governor,cc_governor,2847119,131553,3418619,3943571,571313,5528,2399922,142706,3017503,3314889,617572,32065,adios,0,adios,0,adios,0,54.6,56.5,49.9,39.0,53.1,44.6,31,3738000,-716500,39.0,,,22.21,88852,,1,2000
1790477170,2026-09-27T02:46:10Z,268659,1790208587,6.1.187-android14-11-SAGA,49646d1b0cd1,cc_governor,cc_governor,2888809,137912,3474362,4012943,585389,5667,2442521,148300,3074142,3380492,631546,32852,adios,0,adios,0,adios,0,64.7,65.5,,39.0,67.9,47.7,31,3704000,-1344600,39.0,,,24.05,110328,,1,2000
1790477208,2026-09-27T02:46:48Z,268696,1790208587,6.1.187-android14-11-SAGA,49646d1b0cd1,cc_governor,cc_governor,2971358,139255,3566363,4114812,594916,5753,2491460,150705,3137319,3447921,645819,33436,adios,0,adios,0,adios,0,62.4,64.2,,39.0,70.5,47.9,30,3726000,-1170600,39.0,,,23.19,109872,,1,2000
1790477245,2026-09-27T02:47:25Z,268734,1790208587,6.1.187-android14-11-SAGA,49646d1b0cd1,cc_governor,cc_governor,3060664,142455,3662616,4223756,601785,5834,2543032,156432,3200244,3518349,657089,34091,adios,0,adios,0,adios,0,64.2,66.2,57.7,39.0,69.8,48.1,30,3710000,-1259700,39.0,,,23.61,121708,,1,2000
1790477282,2026-09-27T02:48:02Z,268770,1790208587,6.1.187-android14-11-SAGA,49646d1b0cd1,cc_governor,cc_governor,3136315,149764,3743020,4319164,606522,5910,2605495,165759,3268826,3597976,663102,34636,adios,0,adios,0,adios,0,57.9,55.6,51.7,39.0,59.6,46.1,30,3722000,-932600,39.0,,,21.39,75768,,1,2000
1790477321,2026-09-27T02:48:41Z,268809,1790208587,6.1.187-android14-11-SAGA,49646d1b0cd1,cc_governor,cc_governor,3213717,152783,3830342,4420887,616521,6015,2672459,170054,3346104,3686666,673645,35475,adios,0,adios,0,adios,0,58.1,59.2,,39.0,66.4,47.5,30,3709000,-957000,39.0,,,23.79,117528,,1,2000
1790477358,2026-09-27T02:49:18Z,268847,1790208587,6.1.187-android14-11-SAGA,49646d1b0cd1,cc_governor,cc_governor,3264141,154303,3895766,4496487,631623,6066,2702197,172048,3392495,3738168,690268,35897,adios,0,adios,0,adios,0,58.0,58.0,54.7,39.0,61.8,47.1,29,3719000,-707300,39.0,,,21.09,94540,,1,2000
1790477394,2026-09-27T02:49:54Z,268883,1790208587,6.1.187-android14-11-SAGA,49646d1b0cd1,cc_governor,cc_governor,3309336,157157,3954632,4567735,645295,6108,2728991,175081,3433536,3785649,704472,36296,adios,0,adios,0,adios,0,69.9,67.9,61.1,39.0,76.5,49.7,29,3697000,-1189500,39.0,,,24.23,63760,,1,2000
1790477433,2026-09-27T02:50:33Z,268922,1790208587,6.1.187-android14-11-SAGA,49646d1b0cd1,cc_governor,cc_governor,3349900,157617,4013777,4638396,663863,6276,2768036,175540,3488794,3845863,720716,36916,adios,0,adios,0,adios,0,63.3,66.5,58.5,39.0,70.3,48.8,29,3674000,-2062900,39.0,,,22.92,94856,,1,2000
1790477470,2026-09-27T02:51:10Z,268959,1790208587,6.1.187-android14-11-SAGA,49646d1b0cd1,cc_governor,cc_governor,3393665,159932,4073066,4706739,679377,6346,2795909,177855,3532344,3894020,736391,37283,adios,0,adios,0,adios,2,66.4,64.7,59.8,40.0,77.3,50.5,29,3690000,-1074200,40.0,,,21.80,145636,,1,2000
1790477509,2026-09-27T02:51:49Z,268998,1790208587,6.1.187-android14-11-SAGA,49646d1b0cd1,cc_governor,cc_governor,3434467,163341,4130210,4776556,695697,6453,2821175,181755,3574915,3944889,753699,37939,adios,0,adios,0,adios,0,52.6,52.1,51.3,39.0,56.5,45.8,28,3726000,-549900,40.0,,,22.59,123872,,1,2000
1790477550,2026-09-27T02:52:30Z,269039,1790208587,6.1.187-android14-11-SAGA,49646d1b0cd1,cc_governor,cc_governor,3470167,166221,4185422,4840936,715243,6542,2856265,184355,3628516,4004615,772250,38657,adios,0,adios,0,adios,0,53.1,51.6,49.8,39.0,55.2,45.2,28,3725000,-576700,39.0,,,21.37,130356,,1,2000
1790477591,2026-09-27T02:53:11Z,269079,1790208587,6.1.187-android14-11-SAGA,49646d1b0cd1,cc_governor,cc_governor,3527533,166562,4260633,4923335,733087,6625,2924056,184739,3712857,4091729,788742,39328,adios,0,adios,0,adios,0,54.0,54.1,,39.0,57.5,45.5,28,3731000,-455300,39.0,,,20.60,124472,,1,2000
1790477630,2026-09-27T02:53:50Z,269118,1790208587,6.1.187-android14-11-SAGA,49646d1b0cd1,cc_governor,cc_governor,3575088,168336,4325096,4996330,749902,6744,2970246,186481,3775816,4159177,805565,39941,adios,0,adios,0,adios,0,61.1,61.1,54.9,39.0,68.5,46.9,28,3711000,-1102900,39.0,,,20.59,122384,,1,2000
1790477666,2026-09-27T02:54:26Z,269155,1790208587,6.1.187-android14-11-SAGA,49646d1b0cd1,cc_governor,cc_governor,3640808,170764,4402348,5083720,761380,6800,3016680,189365,3836658,4225234,819965,40443,adios,0,adios,0,adios,0,59.2,61.4,,39.0,65.2,46.7,28,3706000,-1170600,39.0,,,21.19,148800,,1,2000
1790477703,2026-09-27T02:55:03Z,269191,1790208587,6.1.187-android14-11-SAGA,49646d1b0cd1,cc_governor,cc_governor,3690240,171993,4467314,5157762,777041,6858,3050089,191078,3887729,4279482,837552,40921,adios,0,adios,0,adios,0,60.1,63.0,54.7,39.0,65.8,46.8,28,3704000,-906900,39.0,,,21.04,98404,,1,2000
1790477739,2026-09-27T02:55:39Z,269228,1790208587,6.1.187-android14-11-SAGA,49646d1b0cd1,cc_governor,cc_governor,3735051,174590,4527853,5227221,792570,6923,3101454,193138,3954263,4349629,852631,41385,adios,0,adios,0,adios,0,56.0,54.5,51.0,39.0,59.9,45.6,27,3715000,-946600,39.0,,,20.72,101612,,1,2000
1790477779,2026-09-27T02:56:19Z,269267,1790208587,6.1.187-android14-11-SAGA,49646d1b0cd1,cc_governor,cc_governor,3817359,177084,4620225,5329858,802768,7019,3183527,195647,4048111,4447924,864590,42088,adios,0,adios,0,adios,0,57.4,56.0,52.5,39.0,57.1,45.6,27,3718000,-819000,39.0,,,21.80,102524,,1,2000
1790477817,2026-09-27T02:56:57Z,269305,1790208587,6.1.187-android14-11-SAGA,49646d1b0cd1,cc_governor,cc_governor,3858670,181911,4673137,5394243,814458,7189,3227440,199864,4103416,4510086,875896,42788,adios,0,adios,0,adios,0,69.2,69.2,,39.0,65.4,48.5,27,3710000,-745800,39.0,,,25.55,99416,,1,2000
1790477854,2026-09-27T02:57:34Z,269342,1790208587,6.1.187-android14-11-SAGA,49646d1b0cd1,cc_governor,cc_governor,3900995,183028,4730671,5463390,829668,7284,3270176,200813,4157476,4570229,887198,43237,adios,0,adios,0,adios,2,60.5,60.3,54.8,39.0,71.8,48.5,27,3690000,-1377500,39.0,,,28.37,110236,,1,2000
1790477893,2026-09-27T02:58:13Z,269381,1790208587,6.1.187-android14-11-SAGA,49646d1b0cd1,cc_governor,cc_governor,3951596,183861,4797773,5540181,846175,7485,3322571,201359,4223867,4644723,901249,43915,adios,0,adios,0,adios,0,65.5,65.8,59.0,39.0,71.8,49.6,26,3677000,-1373900,39.0,,,26.18,126984,,1,2000
1790477929,2026-09-27T02:58:49Z,269418,1790208587,6.1.187-android14-11-SAGA,49646d1b0cd1,cc_governor,cc_governor,3992630,184629,4855671,5604944,862991,7559,3351175,202040,4268025,4692602,916833,44358,adios,0,adios,0,adios,0,57.6,63.8,56.2,39.0,64.1,48.0,26,3698000,-1222500,40.0,,,24.79,125336,,1,2000
1790477966,2026-09-27T02:59:26Z,269454,1790208587,6.1.187-android14-11-SAGA,49646d1b0cd1,cc_governor,cc_governor,4056117,184909,4932830,5689870,876680,7616,3396097,202386,4328649,4755327,932574,44838,adios,0,adios,0,adios,0,60.7,61.6,55.7,39.0,67.4,47.9,26,3709000,-582200,39.0,,,24.51,111596,,1,2000
