ts_unix,ts_iso,uptime_s,boot_id,kernel_ver,build_hash,gov_policy0,gov_policy4,cc0_streak,cc0_instant,cc0_confirmed,cc0_total,cc0_topapp_conf,cc0_warp_conf,cc4_streak,cc4_instant,cc4_confirmed,cc4_total,cc4_topapp_conf,cc4_warp_conf,adios_sda_sched,adios_sda_io_pressure,adios_sdb_sched,adios_sdb_io_pressure,adios_sdc_sched,adios_sdc_io_pressure,thermal_cpu0_c,thermal_cpu1_c,thermal_gpu_c,thermal_batt_c,thermal_soc_max_c,thermal_skin_c,battery_pct,battery_uv,battery_ua,battery_temp_c,foreground_pkg,foreground_uid,loadavg_1m,mem_free_kb,sched_nr_running,bore_warp_enabled,bore_warp_us
--- BOOT 1790101943 6.1.187-android14-11-SAGA ---
1790101944,2026-09-22T18:32:24Z,69,1790101943,6.1.187-android14-11-SAGA,49646d1b0cd1,schedutil,schedutil,,,,,,,,,,,,,adios,0,adios,0,adios,0,44.0,44.0,,33.0,45.2,38.7,69,4301000,2907100,33.0,,,15.12,2104440,,1,2000
1790102006,2026-09-22T18:33:26Z,131,1790101943,6.1.187-android14-11-SAGA,49646d1b0cd1,schedutil,schedutil,,,,,,,,,,,,,adios,0,adios,0,adios,0,66.7,66.3,57.5,34.0,74.5,46.3,70,4190000,960600,34.0,,,27.39,146984,,1,2000
1790102047,2026-09-22T18:34:07Z,172,1790101943,6.1.187-android14-11-SAGA,49646d1b0cd1,cc_governor,cc_governor,6814,9640,7661,20144,847,350,11796,7761,14265,26825,2482,1062,adios,0,adios,0,adios,0,53.7,52.5,,34.0,58.7,42.5,70,4180000,969800,34.0,,,26.87,80472,,1,2000
1790102081,2026-09-22T18:34:41Z,206,1790101943,6.1.187-android14-11-SAGA,49646d1b0cd1,cc_governor,cc_governor,11218,10146,13549,28467,2307,360,19638,9872,30157,48970,10431,1187,adios,0,adios,0,adios,2,65.7,67.9,,34.0,72.7,45.9,70,4178000,951500,34.0,,,29.09,164124,,1,2000
1790102117,2026-09-22T18:35:17Z,242,1790101943,6.1.187-android14-11-SAGA,49646d1b0cd1,cc_governor,cc_governor,56431,10976,67605,90716,11146,433,65908,11005,86788,112783,20845,2336,adios,0,adios,0,adios,18,64.8,68.9,,35.0,69.6,47.6,70,4177000,953300,35.0,,,30.60,91904,,1,2000
1790102157,2026-09-22T18:35:57Z,283,1790101943,6.1.187-android14-11-SAGA,49646d1b0cd1,cc_governor,cc_governor,113650,11819,139966,173140,26139,667,99070,11815,136055,167124,36914,2960,adios,0,adios,0,adios,0,50.1,49.8,49.3,36.0,63.2,43.9,71,4179000,960600,36.0,,,26.17,113260,,1,2000
1790102199,2026-09-22T18:36:39Z,324,1790101943,6.1.187-android14-11-SAGA,49646d1b0cd1,cc_governor,cc_governor,180867,14873,219825,268666,38937,693,124489,15235,176202,212514,51670,3842,adios,0,adios,0,adios,0,63.4,60.7,54.3,36.0,60.8,45.2,71,4180000,965500,36.0,,,24.62,196404,,1,2000
1790102236,2026-09-22T18:37:16Z,361,1790101943,6.1.187-android14-11-SAGA,49646d1b0cd1,cc_governor,cc_governor,234842,20051,284512,350284,49655,707,142683,20979,205832,248659,63165,4186,adios,0,adios,0,adios,0,54.8,58.3,52.8,36.0,65.4,45.1,71,4180000,967400,36.0,,,24.32,118552,,1,2000
1790102272,2026-09-22T18:37:52Z,398,1790101943,6.1.187-android14-11-SAGA,49646d1b0cd1,cc_governor,cc_governor,290109,23053,351610,430772,61480,745,163940,24614,239386,287000,75445,4579,adios,0,adios,0,adios,0,55.7,68.1,,36.0,61.0,45.4,71,4182000,967400,36.0,,,22.87,82608,,1,2000
1790102309,2026-09-22T18:38:29Z,434,1790101943,6.1.187-android14-11-SAGA,49646d1b0cd1,cc_governor,cc_governor,343278,28908,414070,510062,70777,779,171632,30362,255964,309975,84328,4972,adios,0,adios,0,adios,0,54.9,59.7,55.0,36.0,63.6,45.0,72,4184000,969800,36.0,,,20.75,122020,,1,2000
1790102345,2026-09-22T18:39:05Z,470,1790101943,6.1.187-android14-11-SAGA,49646d1b0cd1,cc_governor,cc_governor,386769,33437,470065,580873,83305,785,179527,33969,276239,334666,96740,5332,adios,0,adios,0,adios,0,57.6,60.1,,36.0,62.0,45.4,72,4185000,964300,36.0,,,20.17,145660,,1,2000
1790102381,2026-09-22T18:39:41Z,506,1790101943,6.1.187-android14-11-SAGA,49646d1b0cd1,cc_governor,cc_governor,430448,34395,529718,650304,99262,801,187734,35175,301371,361399,113614,5670,adios,0,adios,0,adios,0,59.6,64.2,61.1,36.0,66.7,46.4,72,4186000,968600,36.0,,,20.31,111288,,1,2000
1790102417,2026-09-22T18:40:17Z,542,1790101943,6.1.187-android14-11-SAGA,49646d1b0cd1,cc_governor,cc_governor,478310,39072,588627,720511,110276,807,204068,39891,331927,398381,127840,6020,adios,0,adios,0,adios,4,60.0,54.5,53.0,37.0,53.6,45.1,72,4188000,974700,37.0,,,20.72,77588,,1,2000
1790102457,2026-09-22T18:40:57Z,582,1790101943,6.1.187-android14-11-SAGA,49646d1b0cd1,cc_governor,cc_governor,529339,44375,652770,800879,123341,812,217181,47056,363073,437578,145937,6603,adios,0,adios,0,adios,0,49.1,55.9,51.5,37.0,62.2,44.8,72,4190000,969800,37.0,,,20.21,101832,,1,2000
1790102495,2026-09-22T18:41:35Z,620,1790101943,6.1.187-android14-11-SAGA,49646d1b0cd1,cc_governor,cc_governor,569798,46405,710533,867446,140767,833,246337,49214,409648,487983,163290,7054,adios,0,adios,0,adios,0,52.8,57.2,51.4,37.0,61.1,45.1,73,4190000,964300,37.0,,,20.83,119332,,1,2000
1790102533,2026-09-22T18:42:13Z,658,1790101943,6.1.187-android14-11-SAGA,49646d1b0cd1,cc_governor,cc_governor,637469,47146,791566,958455,154074,846,305619,50061,484606,566017,178999,7566,adios,0,adios,0,adios,0,58.9,59.5,55.2,37.0,64.5,46.7,73,4193000,964300,37.0,,,21.17,88956,,1,2000
1790102569,2026-09-22T18:42:49Z,695,1790101943,6.1.187-android14-11-SAGA,49646d1b0cd1,cc_governor,cc_governor,687062,48016,856780,1032014,169713,848,340299,50906,536620,619661,196280,7921,adios,0,adios,0,adios,0,61.1,66.2,58.2,37.0,69.0,47.7,73,4194000,966700,37.0,,,22.77,120812,,1,2000
1790102607,2026-09-22T18:43:27Z,732,1790101943,6.1.187-android14-11-SAGA,49646d1b0cd1,cc_governor,cc_governor,744314,50125,927964,1114035,183514,874,381767,53338,594426,681232,212565,8454,adios,0,adios,0,adios,0,64.4,65.3,58.6,37.0,72.9,48.0,73,4197000,958200,37.0,,,22.22,97172,,1,2000
1790102645,2026-09-22T18:44:05Z,770,1790101943,6.1.187-android14-11-SAGA,49646d1b0cd1,cc_governor,cc_governor,800988,50760,999919,1196740,198901,911,419972,54063,650516,739438,230564,8997,adios,0,adios,0,adios,0,58.9,63.7,56.9,37.0,66.5,47.1,73,4199000,958200,37.0,,,21.53,97360,,1,2000
1790102681,2026-09-22T18:44:41Z,807,1790101943,6.1.187-android14-11-SAGA,49646d1b0cd1,cc_governor,cc_governor,866354,53753,1075859,1284702,209439,928,464960,58243,708054,802537,243111,9444,adios,0,adios,0,adios,0,57.8,64.0,57.1,37.0,69.2,47.5,74,4201000,961900,37.0,,,22.38,115680,,1,2000
1790102718,2026-09-22T18:45:18Z,844,1790101943,6.1.187-android14-11-SAGA,49646d1b0cd1,cc_governor,cc_governor,921845,56774,1144499,1365063,222626,948,496424,61697,756845,855833,260359,9970,adios,0,adios,0,adios,0,55.6,56.3,,37.0,58.3,46.1,74,4203000,964300,37.0,,,22.40,103132,,1,2000
1790102758,2026-09-22T18:45:58Z,883,1790101943,6.1.187-android14-11-SAGA,49646d1b0cd1,cc_governor,cc_governor,986751,59946,1222001,1453702,235156,997,565580,64490,838828,942553,273155,10590,adios,0,adios,0,adios,0,60.3,60.0,56.9,37.0,70.8,47.4,74,4206000,965500,37.0,,,22.61,125916,,1,2000
1790102796,2026-09-22T18:46:36Z,921,1790101943,6.1.187-android14-11-SAGA,49646d1b0cd1,cc_governor,cc_governor,1040481,64581,1287857,1533333,247372,1028,594459,70144,881839,992836,287398,11178,adios,0,adios,0,adios,0,54.7,57.5,,37.0,67.2,46.2,74,4207000,950300,37.0,,,22.87,106120,,1,2000
1790102832,2026-09-22T18:47:12Z,958,1790101943,6.1.187-android14-11-SAGA,49646d1b0cd1,cc_governor,cc_governor,1106361,66073,1365342,1621915,258982,1060,647243,72300,947808,1062471,300551,11613,adios,0,adios,0,adios,0,60.4,62.9,56.9,37.0,65.9,47.4,75,4210000,965500,37.0,,,25.71,100124,,1,2000
1790102869,2026-09-22T18:47:49Z,994,1790101943,6.1.187-android14-11-SAGA,49646d1b0cd1,cc_governor,cc_governor,1152250,72451,1422325,1693515,269980,1101,681167,78613,993582,1115427,312357,12043,adios,0,adios,0,adios,0,65.0,66.1,59.1,37.0,67.2,48.4,75,4211000,959400,37.0,,,24.65,105936,,1,2000
1790102906,2026-09-22T18:48:26Z,1031,1790101943,6.1.187-android14-11-SAGA,49646d1b0cd1,cc_governor,cc_governor,1218885,76284,1498793,1783185,279742,1126,736504,82941,1061011,1188749,324374,12506,adios,0,adios,0,adios,0,64.8,63.0,58.0,37.0,63.9,48.0,75,4214000,965500,38.0,,,24.90,77752,,1,2000
1790102942,2026-09-22T18:49:02Z,1068,1790101943,6.1.187-android14-11-SAGA,49646d1b0cd1,cc_governor,cc_governor,1268630,82852,1558535,1858297,289683,1138,761198,90702,1097714,1234069,336355,12932,adios,0,adios,0,adios,0,64.4,65.8,58.2,37.0,70.2,47.9,75,4216000,964300,37.0,,,22.30,93052,,1,2000
1790102980,2026-09-22T18:49:40Z,1105,1790101943,6.1.187-android14-11-SAGA,49646d1b0cd1,cc_governor,cc_governor,1338078,88149,1635907,1949566,297798,1172,806555,98196,1152961,1297788,346393,13428,adios,0,adios,0,adios,0,59.2,61.6,56.0,38.0,63.9,46.9,75,4217000,968600,37.0,,,23.35,112080,,1,2000
1790103016,2026-09-22T18:50:16Z,1142,1790101943,6.1.187-android14-11-SAGA,49646d1b0cd1,cc_governor,cc_governor,1375955,92893,1688257,2013746,312277,1177,834607,102771,1196614,1346840,361969,13802,adios,0,adios,0,adios,0,56.8,63.8,57.2,37.0,70.4,47.4,76,4220000,961900,37.0,,,22.62,124292,,1,2000
1790103055,2026-09-22T18:50:55Z,1180,1790101943,6.1.187-android14-11-SAGA,49646d1b0cd1,cc_governor,cc_governor,1421267,100010,1745141,2085968,323889,1213,864840,110744,1238876,1398030,374058,14396,adios,0,adios,0,adios,0,54.3,55.0,,37.0,62.6,46.2,76,4222000,963100,37.0,,,23.01,113176,,1,2000
1790103092,2026-09-22T18:51:32Z,1218,1790101943,6.1.187-android14-11-SAGA,49646d1b0cd1,cc_governor,cc_governor,1478935,107466,1811194,2168191,332187,1240,902822,119247,1287022,1455899,384208,14844,adios,0,adios,0,adios,0,58.3,57.2,,37.0,55.7,45.9,76,4225000,968600,37.0,,,22.36,136528,,1,2000
1790103131,2026-09-22T18:52:11Z,1256,1790101943,6.1.187-android14-11-SAGA,49646d1b0cd1,cc_governor,cc_governor,1513461,115873,1858407,2231171,344922,1252,926998,128314,1325058,1503946,398020,15333,adios,0,adios,0,adios,0,55.3,53.7,51.2,37.0,54.8,44.9,76,4228000,969800,37.0,,,21.58,100744,,1,2000
1790103170,2026-09-22T18:52:50Z,1295,1790101943,6.1.187-android14-11-SAGA,49646d1b0cd1,cc_governor,cc_governor,1568289,120768,1925349,2311956,357083,1304,970928,133663,1382172,1568001,411230,15924,adios,0,adios,0,adios,0,62.3,58.5,54.9,37.0,72.0,47.4,76,4230000,960600,37.0,,,20.63,92692,,1,2000
1790103207,2026-09-22T18:53:27Z,1332,1790101943,6.1.187-android14-11-SAGA,49646d1b0cd1,cc_governor,cc_governor,1609370,121877,1980173,2379617,370821,1336,999309,134785,1423360,1616676,424066,16339,adios,0,adios,0,adios,0,56.1,57.9,,37.0,67.1,47.1,77,4232000,950300,37.0,,,21.54,139284,,1,2000
1790103243,2026-09-22T18:54:03Z,1369,1790101943,6.1.187-android14-11-SAGA,49646d1b0cd1,cc_governor,cc_governor,1643346,123770,2029944,2440271,386585,1361,1014794,136449,1451851,1649763,437057,16791,adios,0,adios,0,adios,0,52.1,50.8,,37.0,52.5,44.0,77,4234000,971000,37.0,,,20.74,88520,,1,2000
1790103279,2026-09-22T18:54:39Z,1404,1790101943,6.1.187-android14-11-SAGA,49646d1b0cd1,cc_governor,cc_governor,1665118,125832,2068000,2485348,402877,1368,1018950,137329,1463705,1663392,444755,17103,adios,0,adios,0,adios,0,47.1,47.5,,37.0,52.5,42.1,77,4238000,977100,37.0,,,19.06,73548,,1,2000
1790103314,2026-09-22T18:55:14Z,1439,1790101943,6.1.187-android14-11-SAGA,49646d1b0cd1,cc_governor,cc_governor,1678795,128647,2097582,2521664,418797,1372,1020441,138371,1469802,1670757,449385,17411,adios,0,adios,0,adios,0,52.1,47.9,45.9,36.0,51.3,41.5,77,4240000,966700,36.0,,,17.58,103940,,1,2000
1790103350,2026-09-22T18:55:50Z,1475,1790101943,6.1.187-android14-11-SAGA,49646d1b0cd1,cc_governor,cc_governor,1709856,131078,2143078,2577189,433145,1389,1029986,139838,1489328,1693430,459335,17775,adios,0,adios,0,adios,1,61.1,62.6,53.3,36.0,59.5,43.9,78,4243000,961900,36.0,,,18.55,173568,,1,2000
1790103386,2026-09-22T18:56:26Z,1512,1790101943,6.1.187-android14-11-SAGA,49646d1b0cd1,cc_governor,cc_governor,1742918,131811,2193753,2639627,450840,1419,1042941,140319,1514819,1720844,471910,18176,adios,0,adios,0,adios,0,50.1,48.9,,36.0,51.0,42.0,78,4247000,974700,36.0,,,17.88,126092,,1,2000
1790103422,2026-09-22T18:57:02Z,1548,1790101943,6.1.187-android14-11-SAGA,49646d1b0cd1,cc_governor,cc_governor,1772839,132818,2240024,2697449,467157,1420,1062387,141205,1545869,1756547,483482,18494,adios,0,adios,0,adios,0,52.9,52.4,,36.0,52.8,42.6,78,4250000,973500,36.0,,,18.28,205296,,1,2000
1790103457,2026-09-22T18:57:37Z,1583,1790101943,6.1.187-android14-11-SAGA,49646d1b0cd1,cc_governor,cc_governor,1821514,138127,2298305,2762973,476805,1422,1063860,142904,1550991,1763964,487139,18778,adios,0,adios,0,adios,0,46.0,45.5,,35.0,49.0,40.0,78,4252000,972200,35.0,,,17.63,93936,,1,2000
1790103492,2026-09-22T18:58:12Z,1618,1790101943,6.1.187-android14-11-SAGA,49646d1b0cd1,cc_governor,cc_governor,1841204,144607,2330570,2808062,489324,1424,1073506,144680,1568676,1784304,495131,19072,adios,0,adios,0,adios,0,48.0,48.9,,35.0,59.0,41.3,78,4255000,958200,35.0,,,17.55,194076,,1,2000
1790103528,2026-09-22T18:58:48Z,1654,1790101943,6.1.187-android14-11-SAGA,49646d1b0cd1,cc_governor,cc_governor,1869256,146390,2375106,2862861,505815,1445,1090494,145853,1598157,1816155,507668,19441,adios,0,adios,0,adios,0,51.0,59.3,,35.0,56.6,42.7,79,4257000,966700,35.0,,,19.24,153412,,1,2000
1790103565,2026-09-22T18:59:25Z,1690,1790101943,6.1.187-android14-11-SAGA,49646d1b0cd1,cc_governor,cc_governor,1911699,148926,2430527,2927523,518844,1473,1113198,147056,1631466,1853448,518273,19810,adios,0,adios,0,adios,0,47.1,47.1,,35.0,57.9,40.9,79,4261000,967400,35.0,,,18.88,133604,,1,2000
1790103602,2026-09-22T19:00:02Z,1727,1790101943,6.1.187-android14-11-SAGA,49646d1b0cd1,cc_governor,cc_governor,3705,1032,7431,8729,3745,0,666,234,1604,1918,938,13,adios,0,adios,0,adios,0,44.6,44.8,,34.0,46.9,39.3,79,4176000,-545000,34.0,,,17.59,96336,,1,2000
1790103656,2026-09-22T19:00:56Z,1781,1790101943,6.1.187-android14-11-SAGA,49646d1b0cd1,cc_governor,cc_governor,718,78,1431,1656,726,0,417,72,838,1006,426,18,adios,0,adios,0,adios,0,37.5,42.3,,34.0,43.6,36.6,79,4168000,-379000,34.0,,,16.55,120892,,1,2000
1790103728,2026-09-22T19:02:08Z,1853,1790101943,6.1.187-android14-11-SAGA,49646d1b0cd1,cc_governor,cc_governor,14083,1182,23882,28339,9818,3,5444,448,10901,12160,5461,30,adios,0,adios,0,adios,0,42.1,47.3,42.5,34.0,53.6,38.5,79,4139000,-836700,34.0,,,19.82,76644,,1,2000
1790103765,2026-09-22T19:02:45Z,1890,1790101943,6.1.187-android14-11-SAGA,49646d1b0cd1,cc_governor,cc_governor,39266,2146,68106,81372,28840,23,11707,1036,29095,31915,17394,407,adios,0,adios,0,adios,0,48.7,49.6,47.2,34.0,52.4,40.6,78,4134000,-1051600,34.0,,,19.93,127528,,1,2000
1790103810,2026-09-22T19:03:31Z,1936,1790101943,6.1.187-android14-11-SAGA,49646d1b0cd1,cc_governor,cc_governor,200,0,1482,1543,1296,0,70,0,289,299,223,14,adios,0,adios,0,adios,0,42.9,43.6,,34.0,46.5,38.7,78,4144000,-419900,34.0,,,18.78,196288,,1,2000
1790103846,2026-09-22T19:04:06Z,1971,1790101943,6.1.187-android14-11-SAGA,49646d1b0cd1,cc_governor,cc_governor,754,5449,9534,15420,8793,0,156,710,1175,1937,1022,309,adios,0,adios,0,adios,0,40.6,41.2,,34.0,43.6,37.6,78,4162000,-266100,34.0,,,17.23,164676,,1,2000
1790103891,2026-09-22T19:04:51Z,2016,1790101943,6.1.187-android14-11-SAGA,49646d1b0cd1,cc_governor,cc_governor,0,0,74,105,93,0,16,0,65,66,52,16,adios,0,adios,0,adios,0,43.3,42.4,,34.0,45.3,37.0,78,4152000,-603600,34.0,,,16.50,132992,,1,2000
1790104028,2026-09-22T19:07:08Z,2153,1790101943,6.1.187-android14-11-SAGA,49646d1b0cd1,cc_governor,cc_governor,19478,2261,30869,38516,11392,4,6559,1097,15198,17120,8649,43,adios,0,adios,0,adios,0,50.2,49.4,46.7,34.0,53.6,40.4,78,4130000,-570600,34.0,,,17.35,137212,,1,2000
1790104067,2026-09-22T19:07:47Z,2193,1790101943,6.1.187-android14-11-SAGA,49646d1b0cd1,cc_governor,cc_governor,136,373,4358,5027,4228,0,28,20,250,280,222,15,adios,0,adios,0,adios,0,42.6,43.5,,35.0,46.4,39.2,78,4151000,-275200,35.0,,,17.15,352940,,1,2000
1790104109,2026-09-22T19:08:29Z,2234,1790101943,6.1.187-android14-11-SAGA,49646d1b0cd1,cc_governor,cc_governor,3,0,207,223,214,0,64,0,115,117,55,13,adios,0,adios,0,adios,0,41.7,41.3,,35.0,45.7,38.5,78,4140000,-598700,35.0,,,16.59,256560,,1,2000
1790104331,2026-09-22T19:12:11Z,2456,1790101943,6.1.187-android14-11-SAGA,49646d1b0cd1,cc_governor,cc_governor,8,0,182,201,197,0,9,0,68,72,65,15,adios,0,adios,0,adios,0,41.5,41.2,,35.0,41.6,36.2,78,4136000,-455300,35.0,,,16.46,94076,,1,2000
1790104505,2026-09-22T19:15:05Z,2630,1790101943,6.1.187-android14-11-SAGA,49646d1b0cd1,cc_governor,cc_governor,8,0,99,122,103,0,0,0,53,67,59,17,adios,0,adios,0,adios,0,43.2,44.3,,35.0,48.9,37.8,78,4117000,-928900,35.0,,,16.55,139008,,1,2000
1790104591,2026-09-22T19:16:31Z,2716,1790101943,6.1.187-android14-11-SAGA,49646d1b0cd1,cc_governor,cc_governor,20,0,90,107,90,0,8,0,65,76,60,0,adios,0,adios,0,adios,0,40.8,41.3,,35.0,44.9,37.4,78,4149000,-202600,35.0,,,16.62,129376,,1,2000
1790104640,2026-09-22T19:17:20Z,2765,1790101943,6.1.187-android14-11-SAGA,49646d1b0cd1,cc_governor,cc_governor,80,0,1339,1375,1277,0,196,0,355,452,13,1,adios,0,adios,0,adios,0,42.6,42.5,,35.0,46.5,37.8,78,4149000,-574300,35.0,,,16.29,137984,,1,2000
1790104722,2026-09-22T19:18:42Z,2847,1790101943,6.1.187-android14-11-SAGA,49646d1b0cd1,cc_governor,cc_governor,73,0,836,907,775,0,224,0,398,410,179,18,adios,0,adios,0,adios,0,40.8,41.6,,35.0,44.0,37.4,78,4151000,-399100,35.0,,,15.98,383888,,1,2000
1790104799,2026-09-22T19:19:59Z,2924,1790101943,6.1.187-android14-11-SAGA,49646d1b0cd1,cc_governor,cc_governor,18,0,907,995,899,0,202,0,334,340,136,17,adios,0,adios,0,adios,0,40.9,41.5,,35.0,43.9,37.7,78,4150000,-234300,35.0,,,29.41,377404,,1,2000
1790104838,2026-09-22T19:20:38Z,2963,1790101943,6.1.187-android14-11-SAGA,49646d1b0cd1,cc_governor,cc_governor,28431,600,39806,50688,11386,9,11995,335,23403,26423,11417,30,adios,0,adios,0,adios,0,49.5,48.1,,36.0,51.5,41.2,78,4231000,1311000,36.0,,,25.99,109500,,1,2000
1790104873,2026-09-22T19:21:13Z,2998,1790101943,6.1.187-android14-11-SAGA,49646d1b0cd1,cc_governor,cc_governor,38032,8671,55485,75660,17437,13,19004,3173,32564,39636,13560,323,adios,0,adios,0,adios,0,47.1,47.0,,36.0,50.0,40.1,78,4249000,1292100,36.0,,,21.67,147096,,1,2000
1790104908,2026-09-22T19:21:48Z,3034,1790101943,6.1.187-android14-11-SAGA,49646d1b0cd1,cc_governor,cc_governor,40482,16053,65141,94054,24656,16,19510,4982,34560,44094,15050,595,adios,0,adios,0,adios,0,45.6,46.1,,36.0,49.2,39.5,79,4248000,1148600,36.0,,,18.99,138544,,1,2000
1790104944,2026-09-22T19:22:24Z,3069,1790101943,6.1.187-android14-11-SAGA,49646d1b0cd1,cc_governor,cc_governor,48672,26565,76746,118361,28060,20,24488,7081,41943,54621,17446,909,adios,0,adios,0,adios,0,58.6,54.4,,36.0,54.2,42.1,79,4239000,958200,36.0,,,19.66,102348,,1,2000
1790104980,2026-09-22T19:23:00Z,3105,1790101943,6.1.187-android14-11-SAGA,49646d1b0cd1,cc_governor,cc_governor,77032,29985,120285,176980,43280,35,35523,9063,62203,79445,26680,1316,adios,0,adios,0,adios,0,53.4,52.5,50.1,36.0,56.7,42.9,79,4193000,134200,35.0,,,19.05,107348,,1,2000
1790105016,2026-09-22T19:23:36Z,3141,1790101943,6.1.187-android14-11-SAGA,49646d1b0cd1,cc_governor,cc_governor,90522,30550,155298,225122,64802,37,38491,9373,76478,94598,37995,1678,adios,0,adios,0,adios,0,51.9,53.2,50.6,36.0,56.7,43.6,79,4229000,771400,36.0,,,19.86,276808,,1,2000
1790105052,2026-09-22T19:24:12Z,3177,1790101943,6.1.187-android14-11-SAGA,49646d1b0cd1,cc_governor,cc_governor,117599,32477,195502,279045,77895,52,65455,11163,113900,144079,48416,2063,adios,0,adios,0,adios,32,68.7,70.2,,36.0,77.8,49.3,79,4097000,-1482500,36.0,,,29.47,72836,,1,2000
1790105102,2026-09-22T19:25:02Z,3228,1790101943,6.1.187-android14-11-SAGA,49646d1b0cd1,cc_governor,cc_governor,26,106,1575,1863,1557,0,460,2,702,732,252,19,adios,0,adios,0,adios,0,44.4,45.1,,36.0,48.0,40.0,79,4166000,-205000,36.0,,,23.39,125904,,1,2000
1790105152,2026-09-22T19:25:52Z,3277,1790101943,6.1.187-android14-11-SAGA,49646d1b0cd1,cc_governor,cc_governor,0,0,234,251,242,0,1,0,55,59,57,16,adios,0,adios,0,adios,0,41.1,41.7,,35.0,43.8,37.9,79,4158000,-256300,35.0,,,32.21,103540,,1,2000
1790105236,2026-09-22T19:27:16Z,3362,1790101943,6.1.187-android14-11-SAGA,49646d1b0cd1,cc_governor,cc_governor,8,0,404,442,409,0,8,0,92,95,88,15,adios,0,adios,0,adios,0,41.5,42.3,,35.0,46.0,37.4,79,4154000,-188500,35.0,,,24.69,126944,,1,2000
1790105379,2026-09-22T19:29:39Z,3505,1790101943,6.1.187-android14-11-SAGA,49646d1b0cd1,cc_governor,cc_governor,1,0,80,104,4,0,17,0,40,46,28,4,adios,0,adios,0,adios,0,40.3,39.6,,35.0,44.2,37.3,79,4157000,-234300,35.0,,,20.73,137588,,1,2000
1790105529,2026-09-22T19:32:09Z,3654,1790101943,6.1.187-android14-11-SAGA,49646d1b0cd1,cc_governor,cc_governor,7762,307,11339,13674,3500,36,4402,318,6698,8386,2309,67,adios,0,adios,0,adios,0,51.5,54.4,,35.0,51.1,41.0,79,4126000,-721400,35.0,,,21.58,143944,,1,2000
1790105565,2026-09-22T19:32:45Z,3691,1790101943,6.1.187-android14-11-SAGA,49646d1b0cd1,cc_governor,cc_governor,23553,4204,43040,53963,19473,46,12079,1802,21527,26016,9446,433,adios,0,adios,0,adios,0,51.1,49.4,,35.0,53.3,40.9,79,4133000,-339300,35.0,,,20.12,116592,,1,2000
1790105602,2026-09-22T19:33:22Z,3727,1790101943,6.1.187-android14-11-SAGA,49646d1b0cd1,cc_governor,cc_governor,61,0,359,399,314,0,49,0,153,163,110,15,adios,0,adios,0,adios,0,46.6,50.8,,36.0,51.5,41.5,79,4141000,-368600,36.0,,,19.29,125760,,1,2000
1790105640,2026-09-22T19:34:00Z,3766,1790101943,6.1.187-android14-11-SAGA,49646d1b0cd1,cc_governor,cc_governor,7523,5048,11853,18666,4346,1,3322,280,5574,6292,2264,28,adios,0,adios,0,adios,10,49.4,56.4,49.7,36.0,52.6,42.5,79,4128000,-597500,36.0,,,19.20,103448,,1,2000
1790105677,2026-09-22T19:34:37Z,3802,1790101943,6.1.187-android14-11-SAGA,49646d1b0cd1,cc_governor,cc_governor,19339,16170,32479,55154,13133,15,5803,4913,13475,19313,7668,407,adios,0,adios,0,adios,0,48.0,47.4,45.7,37.0,50.9,41.5,78,4127000,-605400,37.0,,,19.19,120224,,1,2000
1790105712,2026-09-22T19:35:12Z,3838,1790101943,6.1.187-android14-11-SAGA,49646d1b0cd1,cc_governor,cc_governor,43146,25942,64120,102906,20930,18,18901,9262,33984,46675,15031,727,adios,0,adios,0,adios,0,60.9,63.9,54.6,37.0,72.5,46.7,78,4103000,-771400,37.0,,,20.06,120848,,1,2000
1790105755,2026-09-22T19:35:55Z,3880,1790101943,6.1.187-android14-11-SAGA,49646d1b0cd1,cc_governor,cc_governor,90,21,252,291,173,0,35,7,145,162,119,14,adios,0,adios,0,adios,0,47.4,46.8,,37.0,45.3,40.5,78,4132000,-711600,37.0,,,18.26,125736,,1,2000
1790105830,2026-09-22T19:37:10Z,3955,1790101943,6.1.187-android14-11-SAGA,49646d1b0cd1,cc_governor,cc_governor,2043,400,8074,9205,6031,0,1608,88,3043,3516,1439,14,adios,0,adios,0,adios,0,47.5,46.0,,37.0,48.5,40.6,78,4139000,-257500,37.0,,,17.73,81812,,1,2000
1790105865,2026-09-22T19:37:45Z,3990,1790101943,6.1.187-android14-11-SAGA,49646d1b0cd1,cc_governor,cc_governor,2559,4353,15299,20871,12740,1,1895,531,4612,5658,2717,286,adios,0,adios,0,adios,0,43.5,43.5,,37.0,46.2,40.7,78,4102000,-992400,37.0,,,19.91,133440,,1,2000
1790105901,2026-09-22T19:38:21Z,4027,1790101943,6.1.187-android14-11-SAGA,49646d1b0cd1,cc_governor,cc_governor,25887,8119,52630,69140,26737,98,11558,2511,23011,28274,11452,665,adios,0,adios,0,adios,0,51.9,54.0,48.2,37.0,62.9,42.5,78,4110000,-794600,37.0,,,19.39,108868,,1,2000
1790105937,2026-09-22T19:38:57Z,4062,1790101943,6.1.187-android14-11-SAGA,49646d1b0cd1,cc_governor,cc_governor,51668,10926,94431,123436,42775,102,22870,4421,45133,54310,22276,892,adios,0,adios,0,adios,0,51.4,55.9,51.3,37.0,62.0,43.5,78,4093000,-1120600,37.0,,,18.64,123524,,1,2000
1790105973,2026-09-22T19:39:33Z,4098,1790101943,6.1.187-android14-11-SAGA,49646d1b0cd1,cc_governor,cc_governor,88011,12631,143506,186046,55512,133,46261,5751,79629,95795,33368,1256,adios,0,adios,0,adios,0,58.5,62.3,59.8,37.0,68.3,47.2,77,4078000,-1271300,37.0,,,21.24,102420,,1,2000
1790106010,2026-09-22T19:40:10Z,4135,1790101943,6.1.187-android14-11-SAGA,49646d1b0cd1,cc_governor,cc_governor,116619,15625,187945,244047,71344,167,64409,7619,109067,130187,44658,1740,adios,0,adios,0,adios,0,51.6,50.4,,37.0,55.7,43.4,77,4079000,-1181600,37.0,,,21.36,112580,,1,2000
1790106045,2026-09-22T19:40:45Z,4170,1790101943,6.1.187-android14-11-SAGA,49646d1b0cd1,cc_governor,cc_governor,133878,19798,221609,286613,87713,168,73093,9964,127608,152403,54515,2049,adios,0,adios,0,adios,0,49.7,57.7,51.0,37.0,53.1,43.1,77,4101000,-999100,37.0,,,19.63,108848,,1,2000
1790106081,2026-09-22T19:41:21Z,4207,1790101943,6.1.187-android14-11-SAGA,49646d1b0cd1,cc_governor,cc_governor,163175,21256,266259,342391,103045,183,92072,11104,157187,188541,65122,2418,adios,0,adios,0,adios,0,53.3,51.5,,37.0,49.3,39.3,77,4125000,-189800,37.0,,,19.40,99380,,1,2000
1790106240,2026-09-22T19:44:00Z,4365,1790101943,6.1.187-android14-11-SAGA,49646d1b0cd1,cc_governor,cc_governor,13603,728,20973,25898,7384,1,8737,450,13521,16117,4800,38,adios,0,adios,0,adios,0,51.4,51.1,,34.0,52.6,40.1,77,4092000,-692100,34.0,,,19.08,122900,,1,2000
1790106276,2026-09-22T19:44:36Z,4401,1790101943,6.1.187-android14-11-SAGA,49646d1b0cd1,cc_governor,cc_governor,42203,2677,66929,81253,24751,6,26221,1783,45372,51871,19161,430,adios,0,adios,0,adios,0,47.4,49.0,45.0,34.0,51.4,40.3,77,4104000,-485200,34.0,,,18.64,157252,,1,2000
1790106312,2026-09-22T19:45:12Z,4437,1790101943,6.1.187-android14-11-SAGA,49646d1b0cd1,cc_governor,cc_governor,66583,9051,104663,131847,38089,15,43003,6566,73298,86116,30298,792,adios,0,adios,0,adios,0,47.2,51.4,45.7,35.0,51.4,39.9,77,4091000,-583400,34.0,,,18.88,155020,,1,2000
1790106347,2026-09-22T19:45:47Z,4473,1790101943,6.1.187-android14-11-SAGA,49646d1b0cd1,cc_governor,cc_governor,88326,11765,143433,180073,55126,22,56749,7867,98473,115665,41742,1151,adios,0,adios,0,adios,0,49.1,48.3,,35.0,48.4,39.7,77,4110000,-397900,35.0,,,19.45,176172,,1,2000
1790106383,2026-09-22T19:46:23Z,4508,1790101943,6.1.187-android14-11-SAGA,49646d1b0cd1,cc_governor,cc_governor,101784,14219,175642,218427,73850,24,59850,9026,109921,129297,50078,1464,adios,0,adios,0,adios,0,44.8,44.7,43.2,34.0,48.0,39.0,76,4109000,-431500,34.0,,,19.62,116364,,1,2000
1790106418,2026-09-22T19:46:58Z,4544,1790101943,6.1.187-android14-11-SAGA,49646d1b0cd1,cc_governor,cc_governor,111356,23426,197075,252471,85710,26,61564,12512,116889,140985,55325,1763,adios,0,adios,0,adios,0,43.3,44.4,,34.0,47.6,38.2,76,4098000,-532200,34.0,,,19.12,131340,,1,2000
1790106453,2026-09-22T19:47:33Z,4579,1790101943,6.1.187-android14-11-SAGA,49646d1b0cd1,cc_governor,cc_governor,126280,29096,226301,290890,100022,28,64104,15072,126389,154412,62305,2048,adios,0,adios,0,adios,23,46.4,45.4,,34.0,47.4,38.2,76,4103000,-688400,34.0,,,18.62,110472,,1,2000
1790106488,2026-09-22T19:48:08Z,4614,1790101943,6.1.187-android14-11-SAGA,49646d1b0cd1,cc_governor,cc_governor,136732,37069,249679,325644,112968,29,65708,18260,133284,165137,67584,2337,adios,0,adios,0,adios,0,42.9,43.4,,34.0,45.6,37.6,76,4105000,-604200,34.0,,,18.99,131336,,1,2000
1790106524,2026-09-22T19:48:44Z,4649,1790101943,6.1.187-android14-11-SAGA,49646d1b0cd1,cc_governor,cc_governor,147332,46748,271767,360998,124434,31,66786,21834,138490,174515,71709,2633,adios,0,adios,0,adios,0,41.9,44.0,,33.0,48.3,37.2,76,4091000,-711000,33.0,,,18.47,158916,,1,2000
1790106559,2026-09-22T19:49:19Z,4684,1790101943,6.1.187-android14-11-SAGA,49646d1b0cd1,cc_governor,cc_governor,158423,55796,294682,396402,136254,32,68492,25267,145079,185255,76587,2925,adios,0,adios,0,adios,0,42.0,43.0,,33.0,45.0,36.7,76,4102000,-686000,33.0,,,18.36,133664,,1,2000
1790106594,2026-09-22T19:49:54Z,4719,1790101943,6.1.187-android14-11-SAGA,49646d1b0cd1,cc_governor,cc_governor,167963,69628,311265,430118,143323,34,69401,30528,148332,194385,78936,3226,adios,0,adios,0,adios,0,41.4,42.6,,33.0,48.3,36.4,76,4092000,-471100,33.0,,,18.57,133612,,1,2000
1790106629,2026-09-22T19:50:29Z,4754,1790101943,6.1.187-android14-11-SAGA,49646d1b0cd1,cc_governor,cc_governor,179200,79477,333397,465588,154208,35,70585,34756,153176,204205,82602,3523,adios,0,adios,0,adios,0,41.2,41.2,,32.0,43.7,36.0,76,4076000,-866000,32.0,,,18.11,178884,,1,2000
1790106664,2026-09-22T19:51:04Z,4789,1790101943,6.1.187-android14-11-SAGA,49646d1b0cd1,cc_governor,cc_governor,189317,88424,355762,500148,166445,35,71095,38053,157703,212324,86608,3826,adios,0,adios,0,adios,0,41.6,41.0,,32.0,44.1,35.8,76,4094000,-598700,32.0,,,18.65,167844,,1,2000
1790106699,2026-09-22T19:51:39Z,4825,1790101943,6.1.187-android14-11-SAGA,49646d1b0cd1,cc_governor,cc_governor,199912,99646,376685,535412,176742,36,72322,42265,162502,221847,90180,4117,adios,0,adios,0,adios,0,45.1,52.1,,32.0,45.9,36.7,76,4084000,-528500,32.0,,,18.38,209356,,1,2000
1790106735,2026-09-22T19:52:15Z,4860,1790101943,6.1.187-android14-11-SAGA,49646d1b0cd1,cc_governor,cc_governor,213965,103950,407495,574495,193546,42,75169,44154,172053,234790,96889,4434,adios,0,adios,0,adios,0,40.8,42.8,,32.0,45.1,35.6,76,4088000,-537100,32.0,,,17.68,172504,,1,2000
1790106770,2026-09-22T19:52:50Z,4895,1790101943,6.1.187-android14-11-SAGA,49646d1b0cd1,cc_governor,cc_governor,224021,114540,427897,608701,203858,43,76413,47689,177672,244488,101259,4718,adios,0,adios,0,adios,0,40.2,40.6,,31.0,44.4,35.2,75,4090000,-550500,31.0,,,17.43,129960,,1,2000
1790106805,2026-09-22T19:53:25Z,4930,1790101943,6.1.187-android14-11-SAGA,49646d1b0cd1,cc_governor,cc_governor,229230,125633,439160,633392,209938,45,76830,49912,179441,248740,102615,5016,adios,0,adios,0,adios,0,38.1,38.8,,31.0,41.1,34.2,75,4091000,-327700,31.0,,,16.68,94408,,1,2000
1790106840,2026-09-22T19:54:00Z,4966,1790101943,6.1.187-android14-11-SAGA,49646d1b0cd1,cc_governor,cc_governor,229986,135927,444177,650035,214209,47,76830,50960,180031,250406,103207,5307,adios,0,adios,0,adios,0,37.0,38.7,,31.0,40.0,33.7,75,4096000,-686000,31.0,,,16.28,77728,,1,2000
1790106875,2026-09-22T19:54:35Z,5001,1790101943,6.1.187-android14-11-SAGA,49646d1b0cd1,cc_governor,cc_governor,231188,144434,452679,668435,221491,48,77325,52068,181230,253387,103905,5592,adios,0,adios,0,adios,0,37.0,37.9,,31.0,40.5,33.4,75,4098000,-280100,31.0,,,15.87,130096,,1,2000
1790106911,2026-09-22T19:55:11Z,5036,1790101943,6.1.187-android14-11-SAGA,49646d1b0cd1,cc_governor,cc_governor,232173,151845,461318,685848,229155,50,77366,53325,181881,255526,104520,5887,adios,0,adios,0,adios,0,37.0,37.7,,30.0,40.5,33.2,75,4099000,-436400,30.0,,,15.74,95400,,1,2000
1790106946,2026-09-22T19:55:46Z,5071,1790101943,6.1.187-android14-11-SAGA,49646d1b0cd1,cc_governor,cc_governor,232770,161299,466943,702364,234173,51,77366,53933,182924,257218,105558,6202,adios,0,adios,0,adios,0,36.0,37.1,35.1,30.0,41.4,32.7,75,4094000,-478500,30.0,,,16.13,118036,,1,2000
1790106981,2026-09-22T19:56:21Z,5106,1790101943,6.1.187-android14-11-SAGA,49646d1b0cd1,cc_governor,cc_governor,233487,168043,475797,719260,242310,51,77386,54432,184092,259008,106706,6510,adios,0,adios,0,adios,0,35.4,37.9,,30.0,39.2,32.3,75,4095000,-460800,29.0,,,15.86,95396,,1,2000
1790107016,2026-09-22T19:56:56Z,5142,1790101943,6.1.187-android14-11-SAGA,49646d1b0cd1,cc_governor,cc_governor,234175,178572,481157,736424,246981,54,77386,55845,184287,260650,106901,6807,adios,0,adios,0,adios,0,35.7,36.0,,29.0,40.0,32.1,75,4091000,-551700,29.0,,,16.18,110752,,1,2000
1790107052,2026-09-22T19:57:32Z,5177,1790101943,6.1.187-android14-11-SAGA,49646d1b0cd1,cc_governor,cc_governor,235231,186089,490279,754505,255045,54,77490,57178,184911,262694,107421,7115,adios,0,adios,0,adios,0,35.1,36.0,,29.0,38.6,32.0,75,4083000,-344200,29.0,,,16.12,80464,,1,2000
1790107087,2026-09-22T19:58:07Z,5212,1790101943,6.1.187-android14-11-SAGA,49646d1b0cd1,cc_governor,cc_governor,235719,199414,491880,770721,256160,56,77506,58812,184983,264483,107477,7413,adios,0,adios,0,adios,0,34.9,37.6,,29.0,38.9,31.7,75,4098000,-545000,29.0,,,16.09,135428,,1,2000
1790107122,2026-09-22T19:58:42Z,5247,1790101943,6.1.187-android14-11-SAGA,49646d1b0cd1,cc_governor,cc_governor,236046,211585,494235,786423,258206,56,77512,60364,185079,266199,107573,7721,adios,0,adios,0,adios,0,34.7,36.2,,29.0,39.4,31.4,75,4092000,-455300,29.0,,,16.31,112564,,1,2000
1790107157,2026-09-22T19:59:17Z,5283,1790101943,6.1.187-android14-11-SAGA,49646d1b0cd1,cc_governor,cc_governor,236754,221860,499180,802877,262416,58,77514,61421,185654,267850,108140,8034,adios,0,adios,0,adios,0,34.3,35.5,,29.0,39.8,31.2,75,4087000,-496200,28.0,,,16.00,101336,,1,2000
1790107192,2026-09-22T19:59:52Z,5318,1790101943,6.1.187-android14-11-SAGA,49646d1b0cd1,cc_governor,cc_governor,237271,234140,501664,819003,264392,60,77518,62938,185756,269495,108238,8350,adios,0,adios,0,adios,0,34.2,35.4,,28.0,37.2,31.1,75,4091000,-333800,28.0,,,16.24,83784,,1,2000
1790107228,2026-09-22T20:00:28Z,5353,1790101943,6.1.187-android14-11-SAGA,49646d1b0cd1,cc_governor,cc_governor,238249,245692,505706,835964,267457,62,77895,64659,186455,272120,108560,8677,adios,0,adios,0,adios,0,34.3,36.4,,28.0,37.2,31.0,75,4093000,-358200,28.0,,,16.32,95976,,1,2000
1790107263,2026-09-22T20:01:03Z,5388,1790101943,6.1.187-android14-11-SAGA,49646d1b0cd1,cc_governor,cc_governor,238746,257825,508290,851835,269541,64,77896,66182,186548,273778,108652,8981,adios,0,adios,0,adios,0,34.3,35.0,,28.0,37.8,30.9,75,4061000,-811100,28.0,,,16.62,79744,,1,2000
1790107298,2026-09-22T20:01:38Z,5423,1790101943,6.1.187-android14-11-SAGA,49646d1b0cd1,cc_governor,cc_governor,240123,269034,513218,869435,273095,65,77991,67780,187063,276089,109072,9255,adios,0,adios,0,adios,0,33.8,35.2,,28.0,37.2,30.7,75,4088000,-443100,28.0,,,16.53,160032,,1,2000
1790107334,2026-09-22T20:02:14Z,5459,1790101943,6.1.187-android14-11-SAGA,49646d1b0cd1,cc_governor,cc_governor,240775,280099,517641,886470,276866,66,77995,69324,187196,277806,109201,9554,adios,0,adios,0,adios,0,34.0,34.6,,28.0,38.3,30.7,75,4081000,-362500,28.0,,,16.29,133092,,1,2000
1790107369,2026-09-22T20:02:49Z,5494,1790101943,6.1.187-android14-11-SAGA,49646d1b0cd1,cc_governor,cc_governor,242822,287157,528542,906202,285720,68,78108,70710,188166,280461,110058,9854,adios,0,adios,0,adios,0,34.1,34.9,,28.0,36.7,30.6,75,4071000,-602400,28.0,,,16.52,216404,,1,2000
1790107404,2026-09-22T20:03:24Z,5529,1790101943,6.1.187-android14-11-SAGA,49646d1b0cd1,cc_governor,cc_governor,243355,296629,534040,922593,290685,70,78110,72166,188383,282171,110273,10155,adios,0,adios,0,adios,0,33.4,34.0,,28.0,36.8,30.4,74,4078000,-333800,28.0,,,16.45,159748,,1,2000
1790107439,2026-09-22T20:03:59Z,5565,1790101943,6.1.187-android14-11-SAGA,49646d1b0cd1,cc_governor,cc_governor,244508,306559,540599,940594,296112,72,78248,73711,189177,284721,110934,10456,adios,0,adios,0,adios,0,34.8,34.8,,27.0,39.3,30.6,74,4077000,-419900,27.0,,,16.21,124008,,1,2000
1790107474,2026-09-22T20:04:34Z,5600,1790101943,6.1.187-android14-11-SAGA,49646d1b0cd1,cc_governor,cc_governor,245605,314686,548690,958371,303082,73,78278,74241,190533,286676,112255,10765,adios,0,adios,0,adios,0,34.8,35.5,,27.0,37.7,30.4,74,4071000,-387500,27.0,,,16.09,219796,,1,2000
1790107509,2026-09-22T20:05:09Z,5635,1790101943,6.1.187-android14-11-SAGA,49646d1b0cd1,cc_governor,cc_governor,246804,326489,554086,977033,307282,75,78736,75451,191853,289595,113117,11059,adios,0,adios,0,adios,0,33.8,34.5,,27.0,37.3,30.5,74,4086000,-361900,27.0,,,15.99,101152,,1,2000
1790107545,2026-09-22T20:05:45Z,5670,1790101943,6.1.187-android14-11-SAGA,49646d1b0cd1,cc_governor,cc_governor,247531,335663,560033,993514,312502,76,78977,76595,192778,291886,113801,11347,adios,0,adios,0,adios,0,33.4,33.8,,27.0,37.0,30.1,74,4082000,-405800,27.0,,,15.71,108528,,1,2000
1790107580,2026-09-22T20:06:20Z,5705,1790101943,6.1.187-android14-11-SAGA,49646d1b0cd1,cc_governor,cc_governor,248237,343944,567203,1010312,318966,78,78978,77466,193538,293578,114560,11662,adios,0,adios,0,adios,0,33.0,34.6,,27.0,37.0,30.1,74,4075000,-426000,27.0,,,16.06,103828,,1,2000
1790107615,2026-09-22T20:06:55Z,5740,1790101943,6.1.187-android14-11-SAGA,49646d1b0cd1,cc_governor,cc_governor,249079,354915,571636,1027148,322556,79,79027,78816,194078,295622,115051,11956,adios,0,adios,0,adios,0,32.8,33.8,,27.0,35.7,29.8,74,4075000,-451600,27.0,,,15.75,120880,,1,2000
1790107651,2026-09-22T20:07:31Z,5776,1790101943,6.1.187-android14-11-SAGA,49646d1b0cd1,cc_governor,cc_governor,250162,366813,576233,1045204,326065,82,79165,80564,194579,298040,115414,12283,adios,0,adios,0,adios,0,33.3,34.2,,27.0,36.9,29.9,74,4072000,-391800,27.0,,,15.63,164352,,1,2000
1790107686,2026-09-22T20:08:06Z,5811,1790101943,6.1.187-android14-11-SAGA,49646d1b0cd1,cc_governor,cc_governor,251297,376342,583101,1062956,331804,83,79191,82078,195017,300094,115826,12585,adios,0,adios,0,adios,0,32.8,33.8,,27.0,37.1,29.7,74,4077000,-624300,27.0,,,15.77,216392,,1,2000
1790107721,2026-09-22T20:08:41Z,5846,1790101943,6.1.187-android14-11-SAGA,49646d1b0cd1,cc_governor,cc_governor,251788,387724,586579,1079263,334789,85,79198,83571,195131,301728,115933,12896,adios,0,adios,0,adios,0,33.0,34.1,,27.0,37.2,29.5,74,4068000,-410700,27.0,,,15.61,206388,,1,2000
1790107756,2026-09-22T20:09:16Z,5882,1790101943,6.1.187-android14-11-SAGA,49646d1b0cd1,cc_governor,cc_governor,252374,399336,589937,1095611,337563,88,79203,85069,195230,303368,116027,13211,adios,0,adios,0,adios,0,32.3,33.1,,27.0,36.8,29.4,74,4078000,-382600,27.0,,,16.10,189824,,1,2000
1790107792,2026-09-22T20:09:52Z,5917,1790101943,6.1.187-android14-11-SAGA,49646d1b0cd1,cc_governor,cc_governor,252859,409553,594525,1111766,341682,91,79209,86143,195781,305030,116577,13523,adios,0,adios,0,adios,0,32.4,32.9,,26.0,35.2,29.3,74,4075000,-469300,26.0,,,15.74,188280,,1,2000
1790107827,2026-09-22T20:10:27Z,5952,1790101943,6.1.187-android14-11-SAGA,49646d1b0cd1,cc_governor,cc_governor,253429,421622,597675,1128429,344244,93,79280,87686,196062,306899,116782,13846,adios,0,adios,0,adios,0,32.5,33.0,,26.0,35.6,29.2,74,4076000,-303300,26.0,,,15.58,146796,,1,2000
1790107862,2026-09-22T20:11:02Z,5988,1790101943,6.1.187-android14-11-SAGA,49646d1b0cd1,cc_governor,cc_governor,253835,434231,599641,1144273,345805,95,79283,89242,196135,308554,116852,14154,adios,0,adios,0,adios,0,32.6,34.6,,26.0,35.8,29.2,74,4075000,-476000,26.0,,,15.61,182584,,1,2000
1790107898,2026-09-22T20:11:38Z,6023,1790101943,6.1.187-android14-11-SAGA,49646d1b0cd1,cc_governor,cc_governor,254512,445816,603260,1160873,348768,97,79361,90828,196495,310568,117143,14461,adios,0,adios,0,adios,0,33.3,33.6,,26.0,36.7,29.3,74,4060000,-457100,26.0,,,15.48,134400,,1,2000
1790107933,2026-09-22T20:12:13Z,6058,1790101943,6.1.187-android14-11-SAGA,49646d1b0cd1,cc_governor,cc_governor,255219,456981,607831,1178111,352612,99,79376,91587,197399,312284,118023,14779,adios,0,adios,0,adios,0,33.6,32.8,,26.0,35.7,29.2,74,4060000,-430200,26.0,,,15.60,146348,,1,2000
1790107968,2026-09-22T20:12:48Z,6094,1790101943,6.1.187-android14-11-SAGA,49646d1b0cd1,cc_governor,cc_governor,255977,467273,613293,1195328,357316,101,79409,93105,197694,314123,118285,15111,adios,0,adios,0,adios,0,32.7,32.9,,26.0,35.6,29.2,74,4065000,-401600,26.0,,,15.73,123728,,1,2000
1790108004,2026-09-22T20:13:24Z,6129,1790101943,6.1.187-android14-11-SAGA,49646d1b0cd1,cc_governor,cc_governor,256388,479735,615815,1211799,359425,103,79441,94663,197803,315822,118362,15408,adios,0,adios,0,adios,0,32.0,32.9,,26.0,35.6,29.1,74,4071000,-421100,26.0,,,15.71,135928,,1,2000
1790108039,2026-09-22T20:13:59Z,6164,1790101943,6.1.187-android14-11-SAGA,49646d1b0cd1,cc_governor,cc_governor,256891,490656,619697,1227920,362806,105,79443,95719,198380,317479,118937,15722,adios,0,adios,0,adios,0,32.1,32.4,,26.0,36.0,29.0,74,4072000,-473600,26.0,,,15.65,126928,,1,2000
1790108074,2026-09-22T20:14:34Z,6200,1790101943,6.1.187-android14-11-SAGA,49646d1b0cd1,cc_governor,cc_governor,266599,501945,637865,1260285,371263,106,80560,98970,202851,325614,122291,16031,adios,0,adios,0,adios,0,34.4,35.1,,26.0,43.8,29.9,73,4053000,-674400,26.0,,,16.33,116520,,1,2000
1790108109,2026-09-22T20:15:09Z,6235,1790101943,6.1.187-android14-11-SAGA,49646d1b0cd1,cc_governor,cc_governor,277735,505511,659596,1289768,381879,107,85450,100459,211555,337573,126109,16353,adios,0,adios,0,adios,0,33.0,33.8,,26.0,35.8,29.7,73,4068000,-431500,26.0,,,16.83,96388,,1,2000
1790108145,2026-09-22T20:15:45Z,6270,1790101943,6.1.187-android14-11-SAGA,49646d1b0cd1,cc_governor,cc_governor,286644,510212,675584,1314811,388931,119,92210,101175,222102,351656,129832,16657,adios,0,adios,0,adios,0,50.2,51.1,44.3,26.0,51.6,34.1,73,4002000,-1447700,26.0,,,19.42,139388,,1,2000
1790108181,2026-09-22T20:16:21Z,6306,1790101943,6.1.187-android14-11-SAGA,49646d1b0cd1,cc_governor,cc_governor,339544,511058,741688,1392032,402104,127,124365,101989,268698,403912,144337,17021,adios,0,adios,0,adios,0,44.9,42.6,39.6,27.0,43.4,33.9,73,4031000,-619500,27.0,,,19.87,84100,,1,2000
1790108217,2026-09-22T20:16:57Z,6342,1790101943,6.1.187-android14-11-SAGA,49646d1b0cd1,cc_governor,cc_governor,398209,514706,810198,1472966,412009,132,140346,106585,295892,438312,155538,17368,adios,0,adios,0,adios,13,45.4,51.3,,28.0,54.8,35.5,73,4021000,-852000,28.0,,,20.33,124088,,1,2000
1790108253,2026-09-22T20:17:33Z,6378,1790101943,6.1.187-android14-11-SAGA,49646d1b0cd1,cc_governor,cc_governor,452391,516423,877009,1552938,424632,147,154506,108824,325842,472743,171355,17730,adios,0,adios,0,adios,0,44.2,45.4,,28.0,49.7,35.3,73,4029000,-995400,28.0,,,18.91,80360,,1,2000
1790108290,2026-09-22T20:18:10Z,6415,1790101943,6.1.187-android14-11-SAGA,49646d1b0cd1,cc_governor,cc_governor,500336,520140,937790,1629330,437431,152,173902,112366,359329,512128,185425,18080,adios,0,adios,0,adios,0,49.8,54.9,47.9,29.0,62.8,38.4,72,3983000,-1276200,29.0,,,19.15,146192,,1,2000
1790108326,2026-09-22T20:18:46Z,6452,1790101943,6.1.187-android14-11-SAGA,49646d1b0cd1,cc_governor,cc_governor,540766,521297,994581,1696477,453831,182,196876,113481,399817,558084,202943,18534,adios,0,adios,0,adios,0,51.6,55.4,50.1,29.0,55.8,38.7,72,4004000,-1143700,29.0,,,20.57,109840,,1,2000
1790108362,2026-09-22T20:19:22Z,6488,1790101943,6.1.187-android14-11-SAGA,49646d1b0cd1,cc_governor,cc_governor,587719,522890,1055895,1767721,468208,183,216774,115001,437461,599004,220618,18836,adios,0,adios,0,adios,0,54.0,56.1,,30.0,63.6,40.9,72,3971000,-1113800,30.0,,,21.05,110472,,1,2000
1790108399,2026-09-22T20:19:59Z,6524,1790101943,6.1.187-android14-11-SAGA,49646d1b0cd1,cc_governor,cc_governor,657705,523327,1136769,1859781,478815,192,239894,115983,478369,645075,238439,19242,adios,0,adios,0,adios,0,47.2,43.8,43.3,31.0,43.4,37.6,72,4035000,-648800,31.0,,,24.01,138672,,1,2000
1790108445,2026-09-22T20:20:45Z,6570,1790101943,6.1.187-android14-11-SAGA,49646d1b0cd1,cc_governor,cc_governor,723755,524956,1219643,1954398,495874,217,271630,118640,531263,703439,259555,20259,adios,0,adios,0,adios,0,50.2,52.5,46.8,31.0,54.0,39.7,72,4003000,-702500,31.0,,,22.53,110908,,1,2000
1790108481,2026-09-22T20:21:22Z,6607,1790101943,6.1.187-android14-11-SAGA,49646d1b0cd1,cc_governor,cc_governor,776821,525705,1288281,2032049,511321,225,305359,119428,583142,757648,277727,20674,adios,0,adios,0,adios,0,57.8,60.2,52.3,32.0,64.5,42.0,71,3980000,-1208400,32.0,,,22.49,122272,,1,2000
1790108520,2026-09-22T20:22:00Z,6645,1790101943,6.1.187-android14-11-SAGA,49646d1b0cd1,cc_governor,cc_governor,839680,526657,1365353,2120094,525542,286,347600,120517,642548,821619,294967,21293,adios,0,adios,0,adios,0,50.6,51.4,46.8,33.0,54.7,40.7,71,3995000,-881300,32.0,,,21.92,83128,,1,2000
1790108556,2026-09-22T20:22:36Z,6682,1790101943,6.1.187-android14-11-SAGA,49646d1b0cd1,cc_governor,cc_governor,895199,527300,1435523,2198619,540330,295,382167,121157,694478,875720,312323,21676,adios,0,adios,0,adios,0,53.5,52.3,48.1,33.0,54.7,41.1,71,3988000,-1155300,33.0,,,23.27,77968,,1,2000
1790108593,2026-09-22T20:23:13Z,6719,1790101943,6.1.187-android14-11-SAGA,49646d1b0cd1,cc_governor,cc_governor,943758,530970,1498247,2271815,554329,312,420048,125060,747047,933783,326905,22110,adios,0,adios,0,adios,0,53.7,56.8,51.1,33.0,65.0,42.3,71,3963000,-1199900,33.0,,,24.52,126852,,1,2000
1790108631,2026-09-22T20:23:51Z,6756,1790101943,6.1.187-android14-11-SAGA,49646d1b0cd1,cc_governor,cc_governor,998746,532149,1568599,2351924,569763,340,447355,126403,793565,982952,346219,22652,adios,0,adios,0,adios,0,55.7,58.8,50.5,33.0,62.3,42.3,71,3980000,-1306100,33.0,,,22.95,94260,,1,2000
1790108668,2026-09-22T20:24:28Z,6794,1790101943,6.1.187-android14-11-SAGA,49646d1b0cd1,cc_governor,cc_governor,1073881,533157,1654945,2448651,580906,350,501026,127650,862509,1054742,361411,23181,adios,0,adios,0,adios,0,58.6,58.0,53.2,33.0,63.6,43.5,70,3996000,-702500,33.0,,,23.46,98900,,1,2000
1790108706,2026-09-22T20:25:06Z,6832,1790101943,6.1.187-android14-11-SAGA,49646d1b0cd1,cc_governor,cc_governor,1131686,534884,1726865,2531369,595202,394,533737,129863,912197,1108381,378465,23749,adios,0,adios,0,adios,0,57.4,59.7,51.6,33.0,58.9,42.6,70,4009000,-598700,34.0,,,23.49,82540,,1,2000
1790108743,2026-09-22T20:25:43Z,6868,1790101943,6.1.187-android14-11-SAGA,49646d1b0cd1,cc_governor,cc_governor,1191328,541279,1795060,2613990,603613,406,572458,137555,961169,1166204,388600,24138,adios,0,adios,0,adios,0,58.5,60.6,52.7,34.0,67.1,43.7,70,3975000,-1047900,34.0,,,22.73,98740,,1,2000
1790108781,2026-09-22T20:26:21Z,6906,1790101943,6.1.187-android14-11-SAGA,49646d1b0cd1,cc_governor,cc_governor,1248189,545372,1864307,2695945,615984,453,602956,142731,1007012,1218474,403936,24781,adios,0,adios,0,adios,0,54.7,57.5,50.5,34.0,63.4,42.6,70,3971000,-1365900,34.0,,,22.56,106608,,1,2000
1790108818,2026-09-22T20:26:58Z,6943,1790101943,6.1.187-android14-11-SAGA,49646d1b0cd1,cc_governor,cc_governor,1311835,549054,1938418,2782271,626587,479,650956,147332,1067997,1285947,417073,25298,adios,0,adios,0,adios,0,54.2,56.6,50.8,34.0,58.9,42.6,70,3997000,-1079700,34.0,,,26.42,119848,,1,2000
1790108855,2026-09-22T20:27:35Z,6980,1790101943,6.1.187-android14-11-SAGA,49646d1b0cd1,cc_governor,cc_governor,1372896,552000,2010923,2866593,637909,499,693964,150692,1125155,1349653,431077,25751,adios,0,adios,0,adios,0,59.4,63.0,54.9,34.0,66.0,44.4,69,3962000,-1167600,34.0,,,24.87,90312,,1,2000
1790108893,2026-09-22T20:28:13Z,7019,1790101943,6.1.187-android14-11-SAGA,49646d1b0cd1,cc_governor,cc_governor,1440425,555670,2089274,2957815,648820,533,748405,154941,1192701,1422677,444321,26342,adios,0,adios,0,adios,0,52.8,58.4,51.8,34.0,56.9,43.3,69,3966000,-1147400,34.0,,,24.48,85436,,1,2000
1790108931,2026-09-22T20:28:51Z,7056,1790101943,6.1.187-android14-11-SAGA,49646d1b0cd1,cc_governor,cc_governor,1490972,557763,2154580,3033195,663469,594,777840,157205,1238266,1472051,460365,26820,adios,0,adios,0,adios,0,58.8,59.6,,34.0,57.2,43.2,69,3995000,-931300,34.0,,,23.40,115776,,1,2000
1790108967,2026-09-22T20:29:27Z,7093,1790101943,6.1.187-android14-11-SAGA,49646d1b0cd1,cc_governor,cc_governor,1524132,565535,2199967,3093062,675765,599,800190,165527,1273190,1516639,472924,27209,adios,0,adios,0,adios,0,50.4,49.9,47.6,34.0,64.4,42.7,69,3961000,-1184600,34.0,,,23.56,113684,,1,2000
1790109006,2026-09-22T20:30:06Z,7131,1790101943,6.1.187-android14-11-SAGA,49646d1b0cd1,cc_governor,cc_governor,1601479,569870,2285437,3192723,683946,625,874888,170607,1357513,1607680,482616,27770,adios,0,adios,0,adios,0,57.6,58.2,53.2,34.0,67.3,44.4,69,3969000,-1125400,34.0,,,25.19,174224,,1,2000
1790109042,2026-09-22T20:30:43Z,7168,1790101943,6.1.187-android14-11-SAGA,49646d1b0cd1,cc_governor,cc_governor,1669232,573957,2362011,3280930,692659,651,927928,175060,1421845,1678526,493845,28261,adios,0,adios,0,adios,0,58.7,61.1,54.5,35.0,67.9,45.0,68,3966000,-1137000,35.0,,,26.43,91400,,1,2000
1790109080,2026-09-22T20:31:20Z,7206,1790101943,6.1.187-android14-11-SAGA,49646d1b0cd1,cc_governor,cc_governor,1745920,576140,2448762,3379229,702844,676,985881,178228,1492606,1754832,506744,28781,adios,0,adios,0,adios,0,54.2,56.2,50.8,35.0,59.7,43.6,68,3964000,-825100,35.0,,,24.50,105260,,1,2000
1790109117,2026-09-22T20:31:57Z,7242,1790101943,6.1.187-android14-11-SAGA,49646d1b0cd1,cc_governor,cc_governor,1786024,578469,2505284,3445801,719158,678,1001897,180541,1527095,1792448,525180,29157,adios,0,adios,0,adios,0,58.3,60.3,53.0,35.0,66.3,44.0,68,3957000,-1217600,35.0,,,23.06,125716,,1,2000
1790109154,2026-09-22T20:32:34Z,7279,1790101943,6.1.187-android14-11-SAGA,49646d1b0cd1,cc_governor,cc_governor,1855849,582213,2584894,3537788,729034,693,1053370,184784,1591157,1862342,537795,29646,adios,0,adios,0,adios,0,60.1,60.5,,35.0,58.4,43.8,68,3974000,-569400,35.0,,,23.14,87148,,1,2000
1790109190,2026-09-22T20:33:10Z,7316,1790101943,6.1.187-android14-11-SAGA,49646d1b0cd1,cc_governor,cc_governor,1897193,588633,2638584,3605747,741374,699,1066855,191726,1618301,1897105,551469,30053,adios,0,adios,0,adios,0,53.3,52.0,49.0,35.0,55.3,42.4,67,3953000,-938700,35.0,,,21.63,78732,,1,2000
1790109228,2026-09-22T20:33:48Z,7353,1790101943,6.1.187-android14-11-SAGA,49646d1b0cd1,cc_governor,cc_governor,1943808,591859,2699505,3677330,755639,707,1096644,194905,1663724,1947766,567013,30507,adios,0,adios,0,adios,0,61.7,63.0,54.6,35.0,67.4,44.9,67,3955000,-1215200,35.0,,,21.83,78196,,1,2000
1790109265,2026-09-22T20:34:25Z,7391,1790101943,6.1.187-android14-11-SAGA,49646d1b0cd1,cc_governor,cc_governor,2011044,595805,2776738,3768042,765705,747,1141581,199929,1721487,2011817,579887,31078,adios,0,adios,0,adios,0,55.8,56.7,51.0,35.0,61.0,43.7,67,3970000,-767800,35.0,,,22.57,75492,,1,2000
1790109302,2026-09-22T20:35:02Z,7427,1790101943,6.1.187-android14-11-SAGA,49646d1b0cd1,cc_governor,cc_governor,2073352,598124,2849702,3853607,776253,753,1169822,202494,1765303,2062627,595462,31439,adios,0,adios,0,adios,0,61.6,61.1,,35.0,71.3,45.6,67,3924000,-1553900,35.0,,,23.65,171676,,1,2000
1790109340,2026-09-22T20:35:40Z,7465,1790101943,6.1.187-android14-11-SAGA,49646d1b0cd1,cc_governor,cc_governor,2185506,598381,2965762,3980636,780106,802,1258892,203234,1866147,2169950,607080,31941,adios,0,adios,0,adios,0,61.0,63.9,,36.0,69.1,46.2,67,3955000,-1116900,36.0,,,24.38,82704,,1,2000
1790109376,2026-09-22T20:36:16Z,7502,1790101943,6.1.187-android14-11-SAGA,49646d1b0cd1,cc_governor,cc_governor,2298009,598660,3082275,4106623,784165,861,1342513,204079,1961315,2270091,618784,32509,adios,0,adios,0,adios,0,64.0,64.6,56.9,36.0,68.9,46.9,66,3913000,-1640000,36.0,,,23.17,130008,,1,2000
1790109414,2026-09-22T20:36:54Z,7539,1790101943,6.1.187-android14-11-SAGA,49646d1b0cd1,cc_governor,cc_governor,2409151,599514,3198137,4233577,788998,919,1425674,205140,2057579,2370635,631917,33127,adios,0,adios,0,adios,0,55.0,56.5,52.9,36.0,67.3,45.4,66,3924000,-996700,36.0,,,22.97,152308,,1,2000
1790109450,2026-09-22T20:37:30Z,7576,1790101943,6.1.187-android14-11-SAGA,49646d1b0cd1,cc_governor,cc_governor,2463898,600103,3266838,4311076,802926,923,1441743,205888,2091698,2407097,649972,33466,adios,0,adios,0,adios,0,54.2,53.0,50.0,36.0,60.0,44.2,66,3974000,-709800,36.0,,,20.99,121360,,1,2000
1790109486,2026-09-22T20:38:06Z,7611,1790101943,6.1.187-android14-11-SAGA,49646d1b0cd1,cc_governor,cc_governor,2528551,602135,3341700,4397466,813094,928,1451984,209090,2118009,2437580,666001,33762,adios,0,adios,0,adios,0,53.6,52.2,49.2,36.0,55.8,42.9,66,3949000,-1120600,36.0,,,20.49,77712,,1,2000
1790109522,2026-09-22T20:38:42Z,7647,1790101943,6.1.187-android14-11-SAGA,49646d1b0cd1,cc_governor,cc_governor,2582789,606781,3403407,4472347,820624,960,1465889,215184,2143072,2471692,677191,34160,adios,0,adios,0,adios,9,68.0,63.4,56.0,36.0,75.9,47.3,66,3909000,-1652800,36.0,,,26.44,170156,,1,2000
1790109561,2026-09-22T20:39:21Z,7687,1790101943,6.1.187-android14-11-SAGA,49646d1b0cd1,cc_governor,cc_governor,2610666,608678,3448241,4529341,837596,1057,1480815,216454,2171255,2503039,690460,34861,adios,0,adios,0,adios,0,53.3,51.7,48.8,36.0,58.7,43.3,65,3956000,-899000,36.0,,,22.93,117064,,1,2000
1790109597,2026-09-22T20:39:57Z,7723,1790101943,6.1.187-android14-11-SAGA,49646d1b0cd1,cc_governor,cc_governor,2639981,608802,3496270,4585983,856274,1060,1491991,216561,2194818,2527334,702834,35190,adios,0,adios,0,adios,0,45.9,47.1,,36.0,49.4,40.7,65,3966000,-764700,36.0,,,20.81,126612,,1,2000
1790109633,2026-09-22T20:40:33Z,7758,1790101943,6.1.187-android14-11-SAGA,49646d1b0cd1,cc_governor,cc_governor,2661702,608843,3537879,4631649,876184,1062,1493389,216587,2205780,2538608,712402,35507,adios,0,adios,0,adios,0,46.0,48.4,45.2,35.0,55.4,40.6,65,3975000,-902100,35.0,,,19.52,138728,,1,2000
1790109668,2026-09-22T20:41:08Z,7794,1790101943,6.1.187-android14-11-SAGA,49646d1b0cd1,cc_governor,cc_governor,2691770,612638,3581804,4686749,890031,1071,1503991,218523,2226958,2563390,722972,35851,adios,0,adios,0,adios,0,45.6,45.7,43.2,35.0,49.4,39.6,65,3944000,-462000,35.0,,,19.71,173420,,1,2000
1790109703,2026-09-22T20:41:43Z,7829,1790101943,6.1.187-android14-11-SAGA,49646d1b0cd1,cc_governor,cc_governor,2704825,620975,3607699,4724810,902866,1072,1517758,223567,2248422,2590760,730646,36150,adios,0,adios,0,adios,0,48.0,47.2,,34.0,50.4,39.8,65,3979000,-433900,34.0,,,19.52,133948,,1,2000
1790109739,2026-09-22T20:42:19Z,7864,1790101943,6.1.187-android14-11-SAGA,49646d1b0cd1,cc_governor,cc_governor,2718918,633295,3631121,4764052,912201,1075,1539707,230940,2276066,2626824,736367,36479,adios,0,adios,0,adios,0,47.9,48.0,,34.0,51.5,39.5,65,3963000,-623100,34.0,,,19.59,119400,,1,2000
1790109774,2026-09-22T20:42:54Z,7900,1790101943,6.1.187-android14-11-SAGA,49646d1b0cd1,cc_governor,cc_governor,2735327,642459,3659259,4805236,923957,1076,1553345,236172,2296691,2653698,743351,36831,adios,0,adios,0,adios,0,43.3,43.3,,34.0,46.6,38.1,65,3969000,-490100,34.0,,,19.34,126816,,1,2000
1790109809,2026-09-22T20:43:29Z,7935,1790101943,6.1.187-android14-11-SAGA,49646d1b0cd1,cc_governor,cc_governor,2745451,653497,3679315,4839067,933875,1078,1554173,240520,2300563,2662219,746394,37113,adios,0,adios,0,adios,0,42.8,43.2,40.5,34.0,45.5,37.4,65,3964000,-711000,34.0,,,18.20,81316,,1,2000
1790109844,2026-09-22T20:44:04Z,7970,1790101943,6.1.187-android14-11-SAGA,49646d1b0cd1,cc_governor,cc_governor,2754440,660440,3702488,4872447,948045,1078,1555034,242915,2306858,2671213,751824,37414,adios,0,adios,0,adios,0,41.5,41.7,,33.0,46.6,37.0,65,3975000,-532200,33.0,,,17.33,108016,,1,2000
1790109879,2026-09-22T20:44:39Z,8005,1790101943,6.1.187-android14-11-SAGA,49646d1b0cd1,cc_governor,cc_governor,2764919,672620,3721463,4906542,956541,1080,1556323,247889,2310858,2680689,754554,37707,adios,0,adios,0,adios,0,46.4,48.8,,33.0,54.1,38.4,65,3963000,-426000,33.0,,,17.96,312564,,1,2000
1790109915,2026-09-22T20:45:15Z,8040,1790101943,6.1.187-android14-11-SAGA,49646d1b0cd1,cc_governor,cc_governor,2792265,678457,3761773,4963571,969494,1088,1570969,251201,2336257,2711870,765284,37988,adios,0,adios,0,adios,0,43.5,44.2,,33.0,46.9,37.6,64,3967000,-695800,33.0,,,18.57,114136,,1,2000
1790109951,2026-09-22T20:45:51Z,8076,1790101943,6.1.187-android14-11-SAGA,49646d1b0cd1,cc_governor,cc_governor,2805527,696119,3777909,5003576,972380,1091,1572710,259122,2339670,2723519,766960,38303,adios,0,adios,0,adios,0,42.8,44.1,40.4,33.0,45.4,36.9,64,3969000,-502900,33.0,,,18.84,94748,,1,2000
1790109986,2026-09-22T20:46:26Z,8111,1790101943,6.1.187-android14-11-SAGA,49646d1b0cd1,cc_governor,cc_governor,2826299,703835,3810345,5053198,984010,1093,1577242,261859,2349996,2736991,772765,38600,adios,0,adios,0,adios,0,42.2,42.7,,33.0,44.4,36.9,64,3968000,-491300,33.0,,,18.63,133872,,1,2000
1790110021,2026-09-22T20:47:01Z,8147,1790101943,6.1.187-android14-11-SAGA,49646d1b0cd1,cc_governor,cc_governor,2860340,706253,3857325,5112774,997000,1098,1592837,263429,2375176,2765489,782345,38901,adios,0,adios,0,adios,0,43.6,45.1,,33.0,46.6,37.7,64,3962000,-567000,33.0,,,22.21,95100,,1,2000
1790110057,2026-09-22T20:47:37Z,8182,1790101943,6.1.187-android14-11-SAGA,49646d1b0cd1,cc_governor,cc_governor,2865211,717604,3869515,5142132,1004304,1104,1593802,265579,2378620,2771287,784818,39212,adios,0,adios,0,adios,0,41.2,41.8,,33.0,46.6,36.6,64,3938000,-808700,33.0,,,19.72,128488,,1,2000
1790110092,2026-09-22T20:48:12Z,8217,1790101943,6.1.187-android14-11-SAGA,49646d1b0cd1,cc_governor,cc_governor,2869812,728553,3880563,5167207,1010751,1120,1594978,267601,2381740,2777143,786762,39497,adios,0,adios,0,adios,0,39.7,40.3,,33.0,42.5,35.9,64,3967000,-478500,33.0,,,18.52,165948,,1,2000
1790110127,2026-09-22T20:48:47Z,8252,1790101943,6.1.187-android14-11-SAGA,49646d1b0cd1,cc_governor,cc_governor,2877328,738396,3894435,5193806,1017110,1122,1598979,269117,2387897,2785354,788920,39777,adios,0,adios,0,adios,0,47.0,52.3,45.9,32.0,50.8,38.2,64,3956000,-435100,32.0,,,18.60,114124,,1,2000
1790110164,2026-09-22T20:49:24Z,8289,1790101943,6.1.187-android14-11-SAGA,49646d1b0cd1,cc_governor,cc_governor,2906830,741540,3938181,5248831,1031326,1138,1611016,270427,2409443,2809951,798427,40183,adios,0,adios,0,adios,0,46.2,47.6,,32.0,51.3,37.3,64,3956000,-488800,32.0,,,18.24,107248,,1,2000
1790110200,2026-09-22T20:50:00Z,8325,1790101943,6.1.187-android14-11-SAGA,49646d1b0cd1,cc_governor,cc_governor,2929189,742512,3978020,5297302,1048841,1145,1623977,271318,2433413,2837600,809383,40510,adios,0,adios,0,adios,0,48.3,44.4,43.1,32.0,59.3,38.8,64,3917000,-1185900,32.0,,,19.46,120804,,1,2000
1790110236,2026-09-22T20:50:36Z,8361,1790101943,6.1.187-android14-11-SAGA,49646d1b0cd1,cc_governor,cc_governor,2941920,746405,4002610,5335456,1060690,1166,1637113,272049,2453534,2861938,816421,40923,adios,0,adios,0,adios,0,40.1,41.0,,33.0,43.5,36.3,63,3965000,-400300,32.0,,,18.94,255752,,1,2000
1790110271,2026-09-22T20:51:11Z,8397,1790101943,6.1.187-android14-11-SAGA,49646d1b0cd1,cc_governor,cc_governor,2942722,753223,4009544,5350342,1066822,1170,1637415,273380,2454590,2864671,817175,41224,adios,0,adios,0,adios,0,39.3,39.6,,32.0,42.0,35.3,63,3960000,-371000,32.0,,,17.57,192816,,1,2000
1790110307,2026-09-22T20:51:47Z,8432,1790101943,6.1.187-android14-11-SAGA,49646d1b0cd1,cc_governor,cc_governor,2956352,757137,4033132,5382936,1076806,1172,1643556,274243,2467596,2879706,824048,41524,adios,0,adios,0,adios,0,42.3,42.0,,32.0,44.6,36.3,63,3958000,-417400,32.0,,,17.78,99456,,1,2000
1790110342,2026-09-22T20:52:22Z,8467,1790101943,6.1.187-android14-11-SAGA,49646d1b0cd1,cc_governor,cc_governor,2967245,760853,4060212,5420232,1092967,1175,1653337,276344,2488983,2905166,835646,41816,adios,0,adios,0,adios,0,40.8,41.9,39.0,32.0,44.9,36.0,63,3960000,-443100,32.0,,,17.58,129308,,1,2000
1790110377,2026-09-22T20:52:57Z,8502,1790101943,6.1.187-android14-11-SAGA,49646d1b0cd1,cc_governor,cc_governor,2971620,773444,4071994,5448616,1100374,1175,1654277,281911,2493553,2915511,839276,42102,adios,0,adios,0,adios,0,40.0,41.3,,32.0,45.2,35.8,63,3953000,-514500,32.0,,,18.03,107884,,1,2000
1790110412,2026-09-22T20:53:32Z,8538,1790101943,6.1.187-android14-11-SAGA,49646d1b0cd1,cc_governor,cc_governor,2987313,777370,4102677,5491014,1115379,1180,1667542,284413,2517554,2943895,850021,42410,adios,0,adios,0,adios,0,49.3,44.9,42.2,32.0,55.9,37.8,63,3922000,-890500,32.0,,,18.00,120764,,1,2000
1790110449,2026-09-22T20:54:09Z,8574,1790101943,6.1.187-android14-11-SAGA,49646d1b0cd1,cc_governor,cc_governor,3009991,780928,4140329,5540571,1130348,1186,1684634,286967,2544422,2975920,859793,42779,adios,0,adios,0,adios,0,44.6,43.1,,32.0,45.1,37.3,63,3942000,-408300,32.0,,,17.98,140904,,1,2000
1790110484,2026-09-22T20:54:44Z,8609,1790101943,6.1.187-android14-11-SAGA,49646d1b0cd1,cc_governor,cc_governor,3018887,786463,4161100,5571998,1142222,1189,1686787,288997,2550202,2984011,863420,43090,adios,0,adios,0,adios,0,40.4,43.5,,32.0,44.7,36.0,63,3898000,-1453200,31.0,,,17.16,112168,,1,2000
1790110521,2026-09-22T20:55:21Z,8646,1790101943,6.1.187-android14-11-SAGA,49646d1b0cd1,cc_governor,cc_governor,3061404,790620,4213031,5637900,1151643,1238,1707724,291558,2579772,3019211,872054,43580,adios,0,adios,0,adios,0,50.5,49.6,45.3,32.0,57.6,38.4,63,3906000,-964300,32.0,,,19.15,96720,,1,2000
1790110590,2026-09-22T20:56:30Z,8716,1790101943,6.1.187-android14-11-SAGA,49646d1b0cd1,cc_governor,cc_governor,3858,37,5471,6478,1529,1,1753,33,2827,3208,1091,52,adios,0,adios,0,adios,0,44.7,49.4,,31.0,58.2,36.5,62,3917000,-385100,31.0,,,18.38,124928,,1,2000
1790110626,2026-09-22T20:57:06Z,8752,1790101943,6.1.187-android14-11-SAGA,49646d1b0cd1,cc_governor,cc_governor,18427,2421,34710,42225,16300,11,6244,1085,13603,15782,7367,424,adios,0,adios,0,adios,0,38.9,40.5,,31.0,43.8,34.9,62,3931000,-712800,31.0,,,17.18,110684,,1,2000
1790110662,2026-09-22T20:57:42Z,8787,1790101943,6.1.187-android14-11-SAGA,49646d1b0cd1,cc_governor,cc_governor,38620,8097,63742,83952,25117,15,14785,2631,28746,33363,13889,731,adios,0,adios,0,adios,3,48.0,49.9,41.5,31.0,50.2,36.8,62,3923000,-983800,31.0,,,16.87,88220,,1,2000
1790110698,2026-09-22T20:58:18Z,8824,1790101943,6.1.187-android14-11-SAGA,49646d1b0cd1,cc_governor,cc_governor,72445,9680,113741,144101,41309,33,37994,3845,65375,73393,27386,1147,adios,0,adios,0,adios,0,42.0,42.0,,31.0,42.6,35.2,62,3950000,-359400,31.0,,,17.62,123904,,1,2000
1790110828,2026-09-22T21:00:28Z,8954,1790101943,6.1.187-android14-11-SAGA,49646d1b0cd1,cc_governor,cc_governor,7754,368,14098,15883,6246,1,4115,148,6083,6820,1983,65,adios,0,adios,0,adios,0,43.1,41.5,,30.0,42.5,33.7,62,3936000,-175700,30.0,,,17.36,134524,,1,2000
1790110993,2026-09-22T21:03:13Z,9118,1790101943,6.1.187-android14-11-SAGA,49646d1b0cd1,cc_governor,cc_governor,3016,28,4215,4910,1108,5,1640,36,2437,2671,784,52,adios,0,adios,0,adios,0,44.5,46.3,,29.0,46.6,33.0,62,3921000,-684200,29.0,,,16.49,324492,,1,2000
1790111029,2026-09-22T21:03:49Z,9154,1790101943,6.1.187-android14-11-SAGA,49646d1b0cd1,cc_governor,cc_governor,25801,7516,38944,50957,13134,33,7664,2782,14223,18595,6571,439,adios,0,adios,0,adios,0,38.3,39.2,,29.0,42.4,33.5,62,3918000,-792200,29.0,,,16.24,99592,,1,2000
1790111065,2026-09-22T21:04:25Z,9190,1790101943,6.1.187-android14-11-SAGA,49646d1b0cd1,cc_governor,cc_governor,42743,11977,72319,90609,29593,37,8929,4193,19366,25413,10441,778,adios,0,adios,0,adios,0,38.0,39.5,,29.0,41.5,33.5,62,3942000,-254500,30.0,,,16.50,158116,,1,2000
1790111110,2026-09-22T21:05:10Z,9235,1790101943,6.1.187-android14-11-SAGA,49646d1b0cd1,cc_governor,cc_governor,9,0,59,73,66,0,38,0,84,88,52,0,adios,0,adios,0,adios,0,36.3,36.5,,30.0,42.6,32.6,62,3900000,-674400,30.0,,,22.98,129400,,1,2000
1790111234,2026-09-22T21:07:14Z,9359,1790101943,6.1.187-android14-11-SAGA,49646d1b0cd1,cc_governor,cc_governor,11,2,187,228,184,0,14,0,70,124,60,15,adios,0,adios,0,adios,0,39.2,39.1,,31.0,42.0,34.3,62,3947000,-278900,31.0,,,68.32,130056,,1,2000
1790111293,2026-09-22T21:08:13Z,9419,1790101943,6.1.187-android14-11-SAGA,49646d1b0cd1,cc_governor,cc_governor,0,0,58,80,68,0,15,0,35,38,25,4,adios,0,adios,0,adios,0,36.6,37.8,,31.0,40.0,32.7,62,3942000,-459500,32.0,,,44.44,15080,,1,2000
1790111399,2026-09-22T21:09:59Z,9524,1790101943,6.1.187-android14-11-SAGA,49646d1b0cd1,cc_governor,cc_governor,17984,5504,28705,39934,10701,22,6967,2921,13936,18159,6969,142,adios,0,adios,0,adios,0,43.7,42.4,42.1,32.0,44.9,36.4,61,3929000,-578600,32.0,,,32.69,143144,,1,2000
1790111449,2026-09-22T21:10:49Z,9574,1790101943,6.1.187-android14-11-SAGA,49646d1b0cd1,cc_governor,cc_governor,9617,1426,12013,15625,2415,31,4478,122,6421,6941,1971,79,adios,0,adios,0,adios,0,53.0,49.0,50.3,32.0,48.8,37.5,61,3932000,-533400,32.0,,,25.61,378120,,1,2000
1790111530,2026-09-22T21:12:10Z,9656,1790101943,6.1.187-android14-11-SAGA,49646d1b0cd1,cc_governor,cc_governor,1,0,9,14,22,0,1,0,30,32,32,6,adios,0,adios,0,adios,0,37.1,37.2,,32.0,38.6,33.6,61,3948000,-257500,32.0,,,21.24,489980,,1,2000
1790111754,2026-09-22T21:15:54Z,9879,1790101943,6.1.187-android14-11-SAGA,49646d1b0cd1,cc_governor,cc_governor,10828,1658,15651,19151,4779,4,2478,980,5852,7063,3381,32,adios,0,adios,0,adios,0,41.0,40.4,38.6,32.0,42.5,35.2,61,3932000,-615200,32.0,,,20.26,235584,,1,2000
1790111789,2026-09-22T21:16:29Z,9915,1790101943,6.1.187-android14-11-SAGA,49646d1b0cd1,cc_governor,cc_governor,14903,10221,27744,41987,12839,5,3709,2703,9657,12714,5948,334,adios,0,adios,0,adios,0,38.6,39.3,,32.0,41.7,35.1,61,3937000,-343000,32.0,,,18.31,190844,,1,2000
1790111840,2026-09-22T21:17:20Z,9965,1790101943,6.1.187-android14-11-SAGA,49646d1b0cd1,cc_governor,cc_governor,8014,0,10104,11709,2103,21,2983,0,5094,5386,2126,65,adios,0,adios,0,adios,0,42.5,46.2,,32.0,48.3,37.1,61,3901000,-988700,32.0,,,18.06,73384,,1,2000
1790111876,2026-09-22T21:17:56Z,10002,1790101943,6.1.187-android14-11-SAGA,49646d1b0cd1,cc_governor,cc_governor,30836,5046,47479,63454,16617,53,12803,2099,24240,28470,11451,483,adios,0,adios,0,adios,0,44.2,45.2,42.0,33.0,46.6,37.6,61,3888000,-877600,33.0,,,17.78,121156,,1,2000
1790111912,2026-09-22T21:18:32Z,10038,1790101943,6.1.187-android14-11-SAGA,49646d1b0cd1,cc_governor,cc_governor,51915,8381,84076,110346,32171,61,19880,3538,40091,46662,20217,845,adios,0,adios,0,adios,0,44.2,48.0,,33.0,49.1,37.8,61,3924000,-419900,33.0,,,17.85,211496,,1,2000
1790111948,2026-09-22T21:19:08Z,10073,1790101943,6.1.187-android14-11-SAGA,49646d1b0cd1,cc_governor,cc_governor,70290,9817,120044,152824,49673,68,23566,4201,52205,60192,28605,1164,adios,0,adios,0,adios,0,47.4,46.2,,33.0,46.8,38.0,61,3913000,-405800,33.0,,,17.40,161428,,1,2000
1790111983,2026-09-22T21:19:43Z,10109,1790101943,6.1.187-android14-11-SAGA,49646d1b0cd1,cc_governor,cc_governor,89256,12240,154463,197052,65214,76,31873,5321,68169,79802,36301,1487,adios,0,adios,0,adios,0,42.4,43.3,,33.0,46.2,37.6,61,3913000,-694500,33.0,,,17.65,73680,,1,2000
1790112019,2026-09-22T21:20:19Z,10144,1790101943,6.1.187-android14-11-SAGA,49646d1b0cd1,cc_governor,cc_governor,108487,13817,191752,243936,83251,80,36919,6265,83054,97210,46148,1803,adios,0,adios,0,adios,0,43.2,43.3,,33.0,46.0,38.0,61,3910000,-670100,33.0,,,17.53,104912,,1,2000
1790112054,2026-09-22T21:20:54Z,10180,1790101943,6.1.187-android14-11-SAGA,49646d1b0cd1,cc_governor,cc_governor,123722,20257,221056,285086,97298,84,42397,9667,96717,115632,54342,2130,adios,0,adios,0,adios,0,47.1,47.8,46.0,33.0,50.6,38.9,60,3893000,-628000,33.0,,,18.31,114512,,1,2000
1790112090,2026-09-22T21:21:30Z,10216,1790101943,6.1.187-android14-11-SAGA,49646d1b0cd1,cc_governor,cc_governor,133141,29276,240244,316632,107103,88,47722,10762,108760,129464,61038,2490,adios,0,adios,0,adios,0,40.7,42.7,,33.0,44.6,37.0,60,3920000,-535800,33.0,,,17.45,116436,,1,2000
1790112126,2026-09-22T21:22:06Z,10251,1790101943,6.1.187-android14-11-SAGA,49646d1b0cd1,cc_governor,cc_governor,148828,36994,263510,353911,114691,95,59235,13372,124825,154290,65587,2796,adios,0,adios,0,adios,0,57.8,54.5,,34.0,53.0,41.9,60,3876000,-671300,34.0,,,22.03,121892,,1,2000
1790112161,2026-09-22T21:22:41Z,10286,1790101943,6.1.187-android14-11-SAGA,49646d1b0cd1,cc_governor,cc_governor,164282,40011,293508,392583,129249,98,71980,14974,145774,182228,73798,3102,adios,0,adios,0,adios,0,46.7,46.1,,34.0,48.3,40.0,60,3914000,-417400,34.0,,,20.19,110272,,1,2000
1790112196,2026-09-22T21:23:16Z,10322,1790101943,6.1.187-android14-11-SAGA,49646d1b0cd1,cc_governor,cc_governor,167666,45840,309301,416283,141658,99,73044,16147,149233,188185,76211,3402,adios,0,adios,0,adios,0,45.4,46.8,,34.0,47.8,38.8,60,3922000,-407100,34.0,,,18.33,157228,,1,2000
1790112232,2026-09-22T21:23:52Z,10357,1790101943,6.1.187-android14-11-SAGA,49646d1b0cd1,cc_governor,cc_governor,170485,52737,323832,439688,153347,101,73517,17172,151923,192247,78406,3690,adios,0,adios,0,adios,0,41.2,42.2,,34.0,44.4,37.7,60,3919000,-606600,34.0,,,17.18,163528,,1,2000
1790112267,2026-09-22T21:24:27Z,10392,1790101943,6.1.187-android14-11-SAGA,49646d1b0cd1,cc_governor,cc_governor,172927,66760,330229,461940,157302,103,73661,19582,152645,195430,78984,3980,adios,0,adios,0,adios,0,41.4,42.8,,34.0,45.3,37.2,60,3926000,-515700,34.0,,,16.62,104628,,1,2000
1790112324,2026-09-22T21:25:24Z,10450,1790101943,6.1.187-android14-11-SAGA,49646d1b0cd1,cc_governor,cc_governor,8391,1801,13922,17963,5531,2,3042,442,5580,6770,2538,38,adios,0,adios,0,adios,0,44.5,45.6,42.6,34.0,45.5,37.7,60,3919000,-359400,34.0,,,19.22,91332,,1,2000
1790112426,2026-09-22T21:27:06Z,10552,1790101943,6.1.187-android14-11-SAGA,49646d1b0cd1,cc_governor,cc_governor,4259,20,5527,6586,1237,6,2423,26,3587,3922,1133,72,adios,0,adios,0,adios,71,53.9,49.6,,33.0,50.7,38.6,60,3918000,-455300,33.0,,,17.70,87008,,1,2000
1790112463,2026-09-22T21:27:43Z,10589,1790101943,6.1.187-android14-11-SAGA,49646d1b0cd1,cc_governor,cc_governor,21786,1741,40024,58233,18184,35,24525,1191,39150,44791,14623,468,adios,0,adios,0,adios,0,52.7,55.1,,34.0,54.1,41.5,60,3903000,-951500,34.0,,,19.69,164996,,1,2000
1790112499,2026-09-22T21:28:19Z,10624,1790101943,6.1.187-android14-11-SAGA,49646d1b0cd1,cc_governor,cc_governor,45342,4180,77977,106749,32647,41,39809,2930,63716,74122,23918,739,adios,0,adios,0,adios,0,48.9,48.2,,35.0,48.9,40.7,59,3883000,-347900,34.0,,,19.06,72416,,1,2000
1790112534,2026-09-22T21:28:54Z,10660,1790101943,6.1.187-android14-11-SAGA,49646d1b0cd1,cc_governor,cc_governor,48715,10193,91346,128874,42648,53,40473,4207,67517,79531,27049,1063,adios,0,adios,0,adios,0,46.4,45.4,43.4,35.0,49.4,39.5,59,3901000,-626800,35.0,,,17.87,76084,,1,2000
1790112570,2026-09-22T21:29:30Z,10695,1790101943,6.1.187-android14-11-SAGA,49646d1b0cd1,cc_governor,cc_governor,74461,13023,131440,180918,56894,60,56146,6034,92306,109537,36126,1385,adios,0,adios,0,adios,0,59.6,60.3,52.1,35.0,60.2,43.1,59,3881000,-1044900,35.0,,,20.27,124716,,1,2000
1790112606,2026-09-22T21:30:06Z,10731,1790101943,6.1.187-android14-11-SAGA,49646d1b0cd1,cc_governor,cc_governor,81989,19065,150429,208280,68440,74,59988,7221,99197,118837,39209,1622,adios,0,adios,0,adios,0,43.5,43.6,,35.0,46.9,39.4,59,3906000,-492500,35.0,,,18.21,142400,,1,2000
1790112641,2026-09-22T21:30:41Z,10766,1790101943,6.1.187-android14-11-SAGA,49646d1b0cd1,cc_governor,cc_governor,83987,31714,157892,230073,73918,77,60090,9569,99788,121932,39702,1916,adios,0,adios,0,adios,0,42.4,42.6,,35.0,46.7,38.7,59,3915000,-417400,35.0,,,17.11,105732,,1,2000
1790112676,2026-09-22T21:31:16Z,10801,1790101943,6.1.187-android14-11-SAGA,49646d1b0cd1,cc_governor,cc_governor,109027,38292,193424,279712,84414,79,69986,12008,117459,143171,47484,2220,adios,0,adios,0,adios,0,51.5,54.3,,35.0,52.4,41.6,59,3888000,-444300,35.0,,,19.09,218584,,1,2000
1790112711,2026-09-22T21:31:52Z,10837,1790101943,6.1.187-android14-11-SAGA,49646d1b0cd1,cc_governor,cc_governor,128673,40616,230601,324502,101943,83,83696,12942,142820,171087,59128,2534,adios,0,adios,0,adios,0,50.2,49.1,,36.0,48.8,40.9,59,3892000,-657900,36.0,,,19.06,132776,,1,2000
1790112747,2026-09-22T21:32:27Z,10872,1790101943,6.1.187-android14-11-SAGA,49646d1b0cd1,cc_governor,cc_governor,149047,43912,267517,368870,118467,88,104413,15483,174756,207320,70341,2862,adios,0,adios,0,adios,0,46.2,46.8,,36.0,50.2,40.6,59,3897000,-419900,36.0,,,18.77,111368,,1,2000
1790112782,2026-09-22T21:33:02Z,10908,1790101943,6.1.187-android14-11-SAGA,49646d1b0cd1,cc_governor,cc_governor,158377,49025,292505,401746,134137,88,108927,18973,188727,225998,79804,3148,adios,0,adios,0,adios,0,46.4,46.6,,36.0,50.8,40.6,59,3908000,-519400,36.0,,,19.15,239668,,1,2000
1790112817,2026-09-22T21:33:37Z,10942,1790101943,6.1.187-android14-11-SAGA,49646d1b0cd1,cc_governor,cc_governor,167798,54296,316799,434148,148995,89,111634,22532,200559,242347,88925,3412,adios,0,adios,0,adios,0,46.1,47.6,,36.0,48.7,40.3,58,3874000,-781800,36.0,,,18.97,184968,,1,2000
1790112852,2026-09-22T21:34:12Z,10977,1790101943,6.1.187-android14-11-SAGA,49646d1b0cd1,cc_governor,cc_governor,176197,62435,337511,465683,161324,91,113116,27490,209184,256675,96076,3709,adios,0,adios,0,adios,0,46.2,46.1,,36.0,49.3,40.3,58,3907000,-618200,36.0,,,18.32,131528,,1,2000
1790112887,2026-09-22T21:34:47Z,11013,1790101943,6.1.187-android14-11-SAGA,49646d1b0cd1,cc_governor,cc_governor,189844,67117,366185,502831,176345,92,119370,31533,224287,277221,104916,4034,adios,0,adios,0,adios,0,50.6,55.8,,36.0,55.7,42.0,58,3884000,-1423300,36.0,,,18.08,101632,,1,2000
1790112923,2026-09-22T21:35:23Z,11049,1790101943,6.1.187-android14-11-SAGA,49646d1b0cd1,cc_governor,cc_governor,213375,68597,405377,550105,191993,107,130151,32306,244077,299172,113932,4437,adios,0,adios,0,adios,0,47.0,46.3,,36.0,50.6,41.1,58,3902000,-789100,36.0,,,18.28,92340,,1,2000
1790112959,2026-09-22T21:35:59Z,11084,1790101943,6.1.187-android14-11-SAGA,49646d1b0cd1,cc_governor,cc_governor,226782,77504,428921,587056,202127,111,133762,35480,252517,311297,118755,4780,adios,0,adios,0,adios,0,50.4,50.5,,36.0,53.1,41.8,58,3885000,-506500,37.0,,,17.49,93464,,1,2000
1790112994,2026-09-22T21:36:34Z,11120,1790101943,6.1.187-android14-11-SAGA,49646d1b0cd1,cc_governor,cc_governor,232800,88762,441853,613505,209052,114,134727,37713,256047,317421,121320,5116,adios,0,adios,0,adios,0,43.6,44.4,,36.0,46.4,39.7,58,3904000,-241600,37.0,,,17.23,167356,,1,2000
1790113029,2026-09-22T21:37:09Z,11155,1790101943,6.1.187-android14-11-SAGA,49646d1b0cd1,cc_governor,cc_governor,233713,101711,446657,632343,212939,114,134801,38707,256883,319296,122082,5407,adios,0,adios,0,adios,0,42.8,43.0,,36.0,45.9,39.2,58,3907000,-258700,36.0,,,16.51,162664,,1,2000
1790113064,2026-09-22T21:37:44Z,11190,1790101943,6.1.187-android14-11-SAGA,49646d1b0cd1,cc_governor,cc_governor,234611,114396,451392,650998,216802,116,134812,39770,257446,320990,122638,5708,adios,0,adios,0,adios,0,42.5,44.3,,36.0,56.1,39.9,58,3889000,-667700,36.0,,,16.05,144972,,1,2000
1790113101,2026-09-22T21:38:21Z,11226,1790101943,6.1.187-android14-11-SAGA,49646d1b0cd1,cc_governor,cc_governor,264007,116015,497047,705902,233012,139,148948,40822,284305,350739,135384,6119,adios,0,adios,0,adios,0,48.5,47.2,,36.0,49.6,40.8,58,3903000,-510200,36.0,,,16.84,109224,,1,2000
1790113136,2026-09-22T21:38:56Z,11262,1790101943,6.1.187-android14-11-SAGA,49646d1b0cd1,cc_governor,cc_governor,285398,122295,531375,753380,245979,142,151426,44944,293779,364900,142360,6426,adios,0,adios,0,adios,0,47.1,48.3,,36.0,50.8,40.8,58,3894000,-701200,36.0,,,17.55,126068,,1,2000
1790113172,2026-09-22T21:39:32Z,11298,1790101943,6.1.187-android14-11-SAGA,49646d1b0cd1,cc_governor,cc_governor,312438,130491,568507,804475,256082,145,154427,50049,303450,380383,149044,6753,adios,0,adios,0,adios,0,49.1,48.7,,36.0,49.3,41.1,58,3896000,-717700,36.0,,,18.02,94132,,1,2000
1790113208,2026-09-22T21:40:08Z,11334,1790101943,6.1.187-android14-11-SAGA,49646d1b0cd1,cc_governor,cc_governor,334435,139961,600295,852643,265824,149,157438,54900,312649,395437,155209,7099,adios,0,adios,0,adios,0,47.3,46.5,44.5,36.0,53.2,40.9,58,3881000,-660400,36.0,,,18.29,118332,,1,2000
1790113244,2026-09-22T21:40:44Z,11369,1790101943,6.1.187-android14-11-SAGA,49646d1b0cd1,cc_governor,cc_governor,342789,153104,615085,884641,272294,153,159112,60129,317064,405277,157952,7449,adios,0,adios,0,adios,0,44.1,44.4,,36.0,47.2,39.9,57,3904000,-322200,36.0,,,18.15,110544,,1,2000
1790113279,2026-09-22T21:41:19Z,11405,1790101943,6.1.187-android14-11-SAGA,49646d1b0cd1,cc_governor,cc_governor,348968,164705,627653,910968,278653,155,159968,63216,319497,410906,159529,7774,adios,0,adios,0,adios,0,44.6,45.5,,36.0,50.0,39.7,57,3894000,-734200,36.0,,,17.04,100504,,1,2000
1790113315,2026-09-22T21:41:55Z,11440,1790101943,6.1.187-android14-11-SAGA,49646d1b0cd1,cc_governor,cc_governor,354995,173884,642819,937602,287848,158,161188,66281,322836,417387,161658,8129,adios,0,adios,0,adios,0,44.0,43.9,,36.0,45.9,39.2,57,3901000,-358200,36.0,,,16.64,81560,,1,2000
1790113350,2026-09-22T21:42:30Z,11476,1790101943,6.1.187-android14-11-SAGA,49646d1b0cd1,cc_governor,cc_governor,365456,186884,657494,969267,291962,159,168135,69657,331688,430687,163561,8438,adios,0,adios,0,adios,0,51.8,53.2,,36.0,51.2,41.3,57,3881000,-745800,36.0,,,16.59,119652,,1,2000
1790113386,2026-09-22T21:43:06Z,11511,1790101943,6.1.187-android14-11-SAGA,49646d1b0cd1,cc_governor,cc_governor,381274,196141,681610,1007347,300336,161,172117,72438,339888,441904,167771,8744,adios,0,adios,0,adios,0,44.4,46.8,43.4,36.0,47.1,39.9,57,3896000,-617600,36.0,,,16.44,131952,,1,2000
1790113422,2026-09-22T21:43:42Z,11547,1790101943,6.1.187-android14-11-SAGA,49646d1b0cd1,cc_governor,cc_governor,399609,207648,707545,1049386,307934,163,175044,78244,346823,455145,171778,9056,adios,0,adios,0,adios,0,45.7,45.5,,36.0,47.8,40.1,57,3902000,-336900,36.0,,,17.20,107976,,1,2000
1790113457,2026-09-22T21:44:17Z,11582,1790101943,6.1.187-android14-11-SAGA,49646d1b0cd1,cc_governor,cc_governor,416146,217958,732691,1089385,316564,165,178723,83076,355817,469420,177110,9354,adios,0,adios,0,adios,0,50.9,47.2,44.9,36.0,49.2,40.7,57,3876000,-725000,36.0,,,17.61,109292,,1,2000
1790113492,2026-09-22T21:44:52Z,11617,1790101943,6.1.187-android14-11-SAGA,49646d1b0cd1,cc_governor,cc_governor,423633,229347,747395,1118107,323761,166,179194,86079,358751,475493,179557,9657,adios,0,adios,0,adios,0,43.5,44.5,,36.0,49.4,39.7,57,3894000,-436400,36.0,,,17.32,103284,,1,2000
1790113527,2026-09-22T21:45:27Z,11653,1790101943,6.1.187-android14-11-SAGA,49646d1b0cd1,cc_governor,cc_governor,448887,238024,781022,1168166,332142,171,189306,90683,375577,498817,186287,9973,adios,0,adios,0,adios,0,51.9,49.9,47.7,37.0,57.9,42.9,57,3872000,-886800,37.0,,,21.45,111908,,1,2000
1790113563,2026-09-22T21:46:03Z,11689,1790101943,6.1.187-android14-11-SAGA,49646d1b0cd1,cc_governor,cc_governor,464688,245934,808309,1210694,343466,182,193513,93977,384319,512029,190776,10330,adios,0,adios,0,adios,11,57.4,59.4,58.1,37.0,56.6,44.4,57,3867000,-963100,37.0,,,20.30,132400,,1,2000
1790113600,2026-09-22T21:46:40Z,11725,1790101943,6.1.187-android14-11-SAGA,49646d1b0cd1,cc_governor,cc_governor,494282,248051,852903,1265590,358692,206,204861,94915,405719,536181,200772,10756,adios,0,adios,0,adios,0,60.1,57.0,,37.0,59.2,44.0,57,3883000,-790400,37.0,,,21.28,335800,,1,2000
1790113799,2026-09-22T21:49:59Z,11925,1790101943,6.1.187-android14-11-SAGA,49646d1b0cd1,cc_governor,cc_governor,2,0,43,59,58,0,17,0,55,58,43,9,adios,0,adios,0,adios,0,42.6,40.9,,36.0,44.1,37.7,56,3907000,-235500,36.0,,,80.79,193644,,1,2000
1790113919,2026-09-22T21:51:59Z,12044,1790101943,6.1.187-android14-11-SAGA,49646d1b0cd1,cc_governor,cc_governor,15685,4306,22388,30066,6647,0,5769,2617,10786,13963,4996,15,adios,0,adios,0,adios,0,54.6,47.4,45.1,35.0,52.1,40.4,56,3885000,-803200,35.0,,,52.56,109284,,1,2000
1790113956,2026-09-22T21:52:36Z,12081,1790101943,6.1.187-android14-11-SAGA,49646d1b0cd1,cc_governor,cc_governor,38200,10872,57306,77982,19105,46,13199,5931,25630,33174,12426,398,adios,0,adios,0,adios,0,46.5,47.5,,35.0,48.0,39.9,56,3884000,-532200,36.0,,,37.66,180080,,1,2000
1790113991,2026-09-22T21:53:11Z,12117,1790101943,6.1.187-android14-11-SAGA,49646d1b0cd1,cc_governor,cc_governor,54698,19566,82833,118226,28135,50,17422,9034,35712,46824,18290,717,adios,0,adios,0,adios,0,43.4,44.5,,35.0,47.1,39.3,56,3888000,-565700,35.0,,,28.57,220872,,1,2000
1790114026,2026-09-22T21:53:46Z,12152,1790101943,6.1.187-android14-11-SAGA,49646d1b0cd1,cc_governor,cc_governor,61247,34603,92879,145600,31624,51,18715,13872,38543,54653,19822,1042,adios,0,adios,0,adios,0,44.8,45.9,,35.0,48.1,39.1,56,3882000,-616400,35.0,,,23.68,217336,,1,2000
1790114062,2026-09-22T21:54:22Z,12188,1790101943,6.1.187-android14-11-SAGA,49646d1b0cd1,cc_governor,cc_governor,69408,48971,105301,174998,35845,53,20448,18944,41888,63371,21435,1399,adios,0,adios,0,adios,0,43.3,45.1,,35.0,45.3,38.6,56,3894000,-376500,35.0,,,20.73,115632,,1,2000
1790114098,2026-09-22T21:54:58Z,12223,1790101943,6.1.187-android14-11-SAGA,49646d1b0cd1,cc_governor,cc_governor,84878,59037,129233,212694,44366,56,27238,23459,55205,81941,27969,1711,adios,0,adios,0,adios,0,44.3,44.2,,35.0,47.2,39.3,56,3883000,-428400,35.0,,,19.25,83212,,1,2000
1790114133,2026-09-22T21:55:33Z,12258,1790101943,6.1.187-android14-11-SAGA,49646d1b0cd1,cc_governor,cc_governor,107655,62587,167864,260123,60205,79,49262,26004,88617,119789,39364,2025,adios,0,adios,0,adios,0,53.3,49.2,,35.0,63.8,41.9,56,3875000,-1096100,35.0,,,19.49,87864,,1,2000
1790114170,2026-09-22T21:56:10Z,12295,1790101943,6.1.187-android14-11-SAGA,49646d1b0cd1,cc_governor,cc_governor,137342,72288,206384,316521,68999,124,53840,32927,99254,137902,45409,2419,adios,0,adios,0,adios,0,50.5,48.2,,36.0,52.6,40.5,56,3882000,-386300,36.0,,,18.23,128048,,1,2000
1790114205,2026-09-22T21:56:45Z,12331,1790101943,6.1.187-android14-11-SAGA,49646d1b0cd1,cc_governor,cc_governor,154722,85753,229398,359783,74603,128,56457,39657,104499,150255,47985,2724,adios,0,adios,0,adios,3,52.1,48.8,,36.0,51.1,41.2,56,3880000,-369800,36.0,,,18.20,110668,,1,2000
1790114241,2026-09-22T21:57:21Z,12366,1790101943,6.1.187-android14-11-SAGA,49646d1b0cd1,cc_governor,cc_governor,165732,97805,246315,392444,80576,137,59665,47069,110128,163924,50457,3035,adios,0,adios,0,adios,0,45.9,47.2,44.8,36.0,50.6,40.5,55,3848000,-496200,36.0,,,17.55,114260,,1,2000
1790114276,2026-09-22T21:57:56Z,12402,1790101943,6.1.187-android14-11-SAGA,49646d1b0cd1,cc_governor,cc_governor,183998,104475,274386,432482,90325,141,66139,49980,121910,179466,55743,3341,adios,0,adios,0,adios,0,49.0,46.4,,36.0,49.7,40.2,55,3878000,-510200,36.0,,,16.89,127152,,1,2000
1790114312,2026-09-22T21:58:32Z,12437,1790101943,6.1.187-android14-11-SAGA,49646d1b0cd1,cc_governor,cc_governor,198192,110685,302468,471487,104270,141,71291,52067,134368,194817,63077,3639,adios,0,adios,0,adios,0,45.6,45.3,,36.0,48.5,39.9,55,3875000,-464400,36.0,,,17.73,129944,,1,2000
1790114347,2026-09-22T21:59:07Z,12472,1790101943,6.1.187-android14-11-SAGA,49646d1b0cd1,cc_governor,cc_governor,207998,122003,321142,504628,113155,142,73070,55462,140093,204260,67028,3931,adios,0,adios,0,adios,0,50.2,48.6,45.5,36.0,49.5,40.6,55,3868000,-682900,36.0,,,17.37,133568,,1,2000
1790114382,2026-09-22T21:59:42Z,12508,1790101943,6.1.187-android14-11-SAGA,49646d1b0cd1,cc_governor,cc_governor,230798,123532,361576,552552,130783,145,83515,56185,163044,229327,79446,4267,adios,0,adios,0,adios,0,53.5,59.2,52.7,36.0,67.8,43.7,55,3870000,-988700,36.0,,,20.92,118052,,1,2000
1790114420,2026-09-22T22:00:20Z,12546,1790101943,6.1.187-android14-11-SAGA,49646d1b0cd1,cc_governor,cc_governor,249078,132347,392111,597833,143049,236,90125,59100,175580,246778,85460,4782,adios,0,adios,0,adios,0,45.4,45.3,,36.0,48.7,40.3,55,3875000,-302100,36.0,,,19.31,105068,,1,2000
1790114456,2026-09-22T22:00:56Z,12581,1790101943,6.1.187-android14-11-SAGA,49646d1b0cd1,cc_governor,cc_governor,259133,142113,413997,633551,154836,236,91600,62419,181104,256546,89504,5071,adios,0,adios,0,adios,0,44.7,44.8,43.0,36.0,48.5,39.9,55,3862000,-793400,36.0,,,19.45,108132,,1,2000
1790114491,2026-09-22T22:01:31Z,12617,1790101943,6.1.187-android14-11-SAGA,49646d1b0cd1,cc_governor,cc_governor,270162,152994,435593,670015,165431,238,93871,66879,186738,268267,92867,5371,adios,0,adios,0,adios,0,45.6,46.2,,36.0,49.8,40.2,55,3877000,-376500,36.0,,,19.29,99276,,1,2000
1790114526,2026-09-22T22:02:06Z,12652,1790101943,6.1.187-android14-11-SAGA,49646d1b0cd1,cc_governor,cc_governor,280978,160216,460711,706267,179733,240,95054,69577,192721,277715,97667,5678,adios,0,adios,0,adios,0,44.6,45.2,43.0,36.0,50.9,40.0,55,3870000,-362500,36.0,,,18.85,97212,,1,2000
1790114562,2026-09-22T22:02:42Z,12687,1790101943,6.1.187-android14-11-SAGA,49646d1b0cd1,cc_governor,cc_governor,290542,176045,475515,740721,184973,245,96118,74490,196066,286316,99948,5986,adios,0,adios,0,adios,0,44.7,46.3,,36.0,47.7,39.6,55,3874000,-714100,36.0,,,18.41,82704,,1,2000
1790114597,2026-09-22T22:03:17Z,12722,1790101943,6.1.187-android14-11-SAGA,49646d1b0cd1,cc_governor,cc_governor,299842,188890,493277,774991,193434,246,97200,79167,199776,295270,102576,6284,adios,0,adios,0,adios,0,45.1,45.8,42.9,36.0,48.0,39.6,55,3872000,-346600,36.0,,,18.09,98812,,1,2000
1790114632,2026-09-22T22:03:52Z,12757,1790101943,6.1.187-android14-11-SAGA,49646d1b0cd1,cc_governor,cc_governor,309709,202366,511004,809667,201295,247,97754,83963,202656,303295,104902,6590,adios,0,adios,0,adios,0,44.3,44.6,,36.0,47.5,39.5,55,3874000,-357000,36.0,,,17.63,104288,,1,2000
1790114667,2026-09-22T22:04:27Z,12792,1790101943,6.1.187-android14-11-SAGA,49646d1b0cd1,cc_governor,cc_governor,318997,216539,527403,843813,208417,249,98734,88999,205669,311940,106940,6876,adios,0,adios,0,adios,0,45.1,45.1,,36.0,48.1,39.6,54,3848000,-737900,36.0,,,17.59,115748,,1,2000
1790114702,2026-09-22T22:05:02Z,12827,1790101943,6.1.187-android14-11-SAGA,49646d1b0cd1,cc_governor,cc_governor,330512,224516,551836,880094,221324,250,100199,92161,211683,321861,111484,7163,adios,0,adios,0,adios,0,44.7,44.8,,36.0,54.1,39.8,54,3864000,-582200,35.0,,,17.75,155724,,1,2000
1790114737,2026-09-22T22:05:37Z,12862,1790101943,6.1.187-android14-11-SAGA,49646d1b0cd1,cc_governor,cc_governor,341012,236936,571394,915963,230373,252,101280,96173,215347,330072,114032,7476,adios,0,adios,0,adios,0,46.3,46.4,,36.0,48.0,39.7,54,3874000,-368600,36.0,,,17.28,141568,,1,2000
1790114772,2026-09-22T22:06:12Z,12897,1790101943,6.1.187-android14-11-SAGA,49646d1b0cd1,cc_governor,cc_governor,350132,252525,586177,949823,236045,253,101621,100483,217680,336871,116059,7782,adios,0,adios,0,adios,0,44.8,45.4,,36.0,47.2,39.5,54,3866000,-964300,35.0,,,16.94,103292,,1,2000
1790114808,2026-09-22T22:06:48Z,12933,1790101943,6.1.187-android14-11-SAGA,49646d1b0cd1,cc_governor,cc_governor,353347,260872,594381,968353,241034,259,101757,102077,218531,339365,116774,8090,adios,0,adios,0,adios,0,42.2,43.7,,36.0,45.1,38.8,54,3867000,-401600,36.0,,,16.31,83216,,1,2000
1790114843,2026-09-22T22:07:23Z,12968,1790101943,6.1.187-android14-11-SAGA,49646d1b0cd1,cc_governor,cc_governor,353775,268972,597693,980832,243906,263,101768,103326,218678,340837,116910,8394,adios,0,adios,0,adios,0,41.8,42.3,,35.0,45.5,38.6,54,3874000,-393000,35.0,,,16.24,98988,,1,2000
1790114878,2026-09-22T22:07:58Z,13003,1790101943,6.1.187-android14-11-SAGA,49646d1b0cd1,cc_governor,cc_governor,354536,274652,603769,993934,249244,266,101970,104094,219983,343073,118017,8700,adios,0,adios,0,adios,0,44.0,43.8,,35.0,46.7,38.6,54,3868000,-349100,35.0,,,16.08,107776,,1,2000
1790114913,2026-09-22T22:08:33Z,13038,1790101943,6.1.187-android14-11-SAGA,49646d1b0cd1,cc_governor,cc_governor,360166,277682,617712,1013544,257558,269,106324,104567,226692,350947,120373,9002,adios,0,adios,0,adios,0,41.5,43.0,,35.0,46.0,38.5,54,3883000,-267300,35.0,,,16.16,127396,,1,2000
1790115044,2026-09-22T22:10:44Z,13169,1790101943,6.1.187-android14-11-SAGA,49646d1b0cd1,cc_governor,cc_governor,9988,109,12826,15509,2841,5,4823,82,7436,8225,2561,49,adios,0,adios,0,adios,0,52.2,54.0,51.5,34.0,61.3,40.9,54,3831000,-1318900,35.0,,,19.98,149580,,1,2000
1790115081,2026-09-22T22:11:21Z,13206,1790101943,6.1.187-android14-11-SAGA,49646d1b0cd1,cc_governor,cc_governor,36660,2729,54364,68058,17682,47,22263,1729,34336,42563,12059,482,adios,0,adios,0,adios,0,60.7,56.0,50.7,35.0,54.4,42.6,54,3819000,-1398300,35.0,,,22.29,185592,,1,2000
1790115118,2026-09-22T22:11:58Z,13243,1790101943,6.1.187-android14-11-SAGA,49646d1b0cd1,cc_governor,cc_governor,59136,6125,91054,114153,31893,73,35236,3271,55266,67956,20030,896,adios,0,adios,0,adios,0,48.7,52.9,,35.0,52.6,41.0,54,3862000,-1334200,35.0,,,19.72,206660,,1,2000
1790115154,2026-09-22T22:12:34Z,13279,1790101943,6.1.187-android14-11-SAGA,49646d1b0cd1,cc_governor,cc_governor,100475,7558,146188,182928,45720,93,54184,4841,85355,102241,31177,1268,adios,0,adios,0,adios,0,52.0,47.4,,36.0,49.4,41.2,53,3865000,-472400,36.0,,,20.22,148340,,1,2000
1790115189,2026-09-22T22:13:09Z,13315,1790101943,6.1.187-android14-11-SAGA,49646d1b0cd1,cc_governor,cc_governor,110563,13372,167467,213449,56864,94,58539,6081,93302,112717,34763,1568,adios,0,adios,0,adios,0,46.2,45.7,44.2,36.0,59.8,41.1,53,3838000,-743400,36.0,,,20.51,75372,,1,2000
1790115225,2026-09-22T22:13:45Z,13350,1790101943,6.1.187-android14-11-SAGA,49646d1b0cd1,cc_governor,cc_governor,129902,19529,196815,254363,66913,97,65886,7197,106159,127108,40273,1847,adios,0,adios,0,adios,0,44.0,44.1,42.6,36.0,50.2,40.1,53,3831000,-1027200,36.0,,,19.18,107952,,1,2000
1790115260,2026-09-22T22:14:20Z,13385,1790101943,6.1.187-android14-11-SAGA,49646d1b0cd1,cc_governor,cc_governor,140208,29820,215000,285980,74792,99,68904,10047,112668,137107,43764,2191,adios,0,adios,0,adios,0,43.8,45.4,,36.0,58.0,41.5,53,3850000,-687200,36.0,,,17.89,183420,,1,2000
1790115296,2026-09-22T22:14:56Z,13422,1790101943,6.1.187-android14-11-SAGA,49646d1b0cd1,cc_governor,cc_governor,160841,36778,247279,330174,86410,108,73016,12830,122441,150368,49444,2596,adios,0,adios,0,adios,0,46.4,46.4,,36.0,52.8,40.3,53,3869000,-371000,36.0,,,18.19,117568,,1,2000
1790115332,2026-09-22T22:15:32Z,13458,1790101943,6.1.187-android14-11-SAGA,49646d1b0cd1,cc_governor,cc_governor,174410,46448,270881,369083,96471,114,74087,16117,128082,159515,53995,2922,adios,0,adios,0,adios,0,43.6,46.4,,36.0,49.6,39.8,53,3864000,-666500,36.0,,,17.72,132204,,1,2000
1790115368,2026-09-22T22:16:08Z,13493,1790101943,6.1.187-android14-11-SAGA,49646d1b0cd1,cc_governor,cc_governor,184704,60901,285532,400752,100857,117,76960,24019,132531,172200,55594,3243,adios,0,adios,0,adios,0,47.8,45.3,44.0,36.0,47.2,40.0,53,3866000,-335000,36.0,,,17.54,161800,,1,2000
1790115403,2026-09-22T22:16:43Z,13529,1790101943,6.1.187-android14-11-SAGA,49646d1b0cd1,cc_governor,cc_governor,194197,74741,300977,432823,106780,119,80068,30218,139989,186067,59912,3572,adios,0,adios,0,adios,0,45.1,46.2,,36.0,52.7,40.4,53,3870000,-303300,36.0,,,18.33,256976,,1,2000
1790115439,2026-09-22T22:17:19Z,13565,1790101943,6.1.187-android14-11-SAGA,49646d1b0cd1,cc_governor,cc_governor,216455,82084,334225,479996,117758,121,90993,34319,157044,208942,66023,3911,adios,0,adios,0,adios,0,55.7,51.9,,36.0,61.9,42.8,53,3823000,-918500,36.0,,,19.82,136384,,1,2000
1790115476,2026-09-22T22:17:56Z,13601,1790101943,6.1.187-android14-11-SAGA,49646d1b0cd1,cc_governor,cc_governor,234579,92065,362603,523818,128002,138,99629,40007,173777,232151,74147,4324,adios,0,adios,0,adios,0,45.1,47.4,,37.0,50.8,40.4,53,3861000,-335000,36.0,,,18.73,221324,,1,2000
1790115511,2026-09-22T22:18:31Z,13637,1790101943,6.1.187-android14-11-SAGA,49646d1b0cd1,cc_governor,cc_governor,251002,104096,386512,563618,135510,140,104258,47648,184017,250413,79759,4669,adios,0,adios,0,adios,0,45.3,45.9,,36.0,48.5,40.6,53,3859000,-361900,36.0,,,18.69,99168,,1,2000
1790115547,2026-09-22T22:19:07Z,13673,1790101943,6.1.187-android14-11-SAGA,49646d1b0cd1,cc_governor,cc_governor,276159,109731,424506,612589,148357,144,106871,51076,193990,265024,87129,4991,adios,0,adios,0,adios,0,49.9,47.7,,37.0,51.2,41.1,52,3840000,-464400,36.0,,,18.25,155888,,1,2000
1790115583,2026-09-22T22:19:43Z,13708,1790101943,6.1.187-android14-11-SAGA,49646d1b0cd1,cc_governor,cc_governor,282434,118960,439463,639229,157029,147,107290,51540,197462,269069,90172,5334,adios,0,adios,0,adios,0,43.3,43.5,,36.0,48.0,39.4,52,3867000,-243500,36.0,,,17.27,105088,,1,2000
1790115618,2026-09-22T22:20:18Z,13744,1790101943,6.1.187-android14-11-SAGA,49646d1b0cd1,cc_governor,cc_governor,283318,130721,445133,657656,161815,148,107345,52977,197733,270893,90388,5641,adios,0,adios,0,adios,0,42.7,42.8,,36.0,46.0,39.0,52,3867000,-281300,36.0,,,16.54,98212,,1,2000
1790115653,2026-09-22T22:20:53Z,13779,1790101943,6.1.187-android14-11-SAGA,49646d1b0cd1,cc_governor,cc_governor,284932,142740,451593,677472,166666,150,107616,53951,199153,273497,91542,5940,adios,0,adios,0,adios,0,43.2,44.6,,36.0,46.1,39.0,52,3872000,-515700,36.0,,,16.47,112480,,1,2000
1790115689,2026-09-22T22:21:29Z,13814,1790101943,6.1.187-android14-11-SAGA,49646d1b0cd1,cc_governor,cc_governor,314285,147796,491662,730311,177385,151,118766,55719,218449,295676,99694,6248,adios,0,adios,0,adios,0,51.7,50.9,47.2,36.0,68.9,43.0,52,3804000,-1486200,36.0,,,21.53,123940,,1,2000
1790115726,2026-09-22T22:22:06Z,13852,1790101943,6.1.187-android14-11-SAGA,49646d1b0cd1,cc_governor,cc_governor,333272,150142,527683,775775,194346,216,131533,56808,240114,323502,108585,6794,adios,0,adios,0,adios,0,55.1,56.8,49.7,36.0,57.7,42.6,52,3847000,-588300,36.0,,,20.08,107992,,1,2000
1790115762,2026-09-22T22:22:42Z,13888,1790101943,6.1.187-android14-11-SAGA,49646d1b0cd1,cc_governor,cc_governor,351920,152060,562851,819749,210947,224,137924,58050,257096,343374,119179,7110,adios,0,adios,0,adios,0,52.8,55.3,48.2,36.0,52.4,42.0,52,3849000,-341700,37.0,,,19.48,91560,,1,2000
1790115799,2026-09-22T22:23:19Z,13924,1790101943,6.1.187-android14-11-SAGA,49646d1b0cd1,cc_governor,cc_governor,3,0,60,74,75,0,39,0,91,92,55,17,adios,0,adios,0,adios,0,45.4,45.5,,37.0,47.8,40.9,52,3861000,-258700,37.0,,,18.48,164516,,1,2000
1790115870,2026-09-22T22:24:30Z,13995,1790101943,6.1.187-android14-11-SAGA,49646d1b0cd1,cc_governor,cc_governor,1120,127,4938,5413,3834,0,1391,49,2020,2259,633,19,adios,0,adios,0,adios,0,42.6,43.8,,36.0,46.1,39.1,52,3872000,-263600,36.0,,,27.28,92268,,1,2000
1790116093,2026-09-22T22:28:13Z,14218,1790101943,6.1.187-android14-11-SAGA,49646d1b0cd1,cc_governor,cc_governor,0,0,49,68,66,0,4,0,91,96,60,11,adios,0,adios,0,adios,0,40.4,39.8,,35.0,42.6,36.4,52,3866000,-671900,35.0,,,22.33,149132,,1,2000
1790116323,2026-09-22T22:32:03Z,14449,1790101943,6.1.187-android14-11-SAGA,49646d1b0cd1,cc_governor,cc_governor,36,0,136,160,125,0,14,0,127,144,122,18,adios,0,adios,0,adios,11,45.6,43.2,,35.0,48.7,38.4,52,3834000,-339300,35.0,,,35.65,90512,,1,2000
1790116399,2026-09-22T22:33:19Z,14524,1790101943,6.1.187-android14-11-SAGA,49646d1b0cd1,cc_governor,cc_governor,7,0,377,392,383,0,14,0,71,75,61,16,adios,0,adios,0,adios,0,40.0,40.6,,35.0,43.0,37.1,51,3871000,-799500,35.0,,,26.43,135544,,1,2000
1790116466,2026-09-22T22:34:26Z,14591,1790101943,6.1.187-android14-11-SAGA,49646d1b0cd1,cc_governor,cc_governor,18510,2378,23269,30931,4714,11,6466,1615,10026,12475,3560,35,adios,0,adios,0,adios,0,45.3,44.6,,35.0,49.2,39.4,51,3934000,885000,35.0,,,23.31,88392,,1,2000
1790116501,2026-09-22T22:35:01Z,14626,1790101943,6.1.187-android14-11-SAGA,49646d1b0cd1,cc_governor,cc_governor,53957,4916,71438,87757,17474,14,32099,3278,45782,53509,13608,381,adios,0,adios,0,adios,0,48.7,47.1,,36.0,62.0,42.1,52,3919000,302100,36.0,,,21.61,106032,,1,2000
1790116544,2026-09-22T22:35:44Z,14669,1790101943,6.1.187-android14-11-SAGA,49646d1b0cd1,cc_governor,cc_governor,114283,5552,148717,174468,34216,62,66262,3993,97132,110613,30838,1334,adios,0,adios,0,adios,0,49.7,51.5,,37.0,54.7,43.4,52,3947000,876400,36.0,,,21.29,112092,,1,2000
1790116582,2026-09-22T22:36:22Z,14708,1790101943,6.1.187-android14-11-SAGA,49646d1b0cd1,cc_governor,cc_governor,162662,10842,209168,248445,46513,70,78918,9326,123659,144112,44754,1858,adios,0,adios,0,adios,0,54.3,54.3,51.0,37.0,60.4,43.9,52,3940000,659100,37.0,,,20.75,76688,,1,2000
1790116618,2026-09-22T22:36:58Z,14743,1790101943,6.1.187-android14-11-SAGA,49646d1b0cd1,cc_governor,cc_governor,216375,14400,273824,327950,57404,70,84041,13280,141944,166837,57911,2158,adios,0,adios,0,adios,2,55.3,58.0,,37.0,54.1,43.7,52,3953000,949000,37.0,,,19.62,111176,,1,2000
1790116654,2026-09-22T22:37:34Z,14779,1790101943,6.1.187-android14-11-SAGA,49646d1b0cd1,cc_governor,cc_governor,279450,17668,345911,412913,66435,73,90684,17871,159962,190032,69303,2481,adios,0,adios,0,adios,0,50.7,50.5,47.8,37.0,62.6,43.2,52,3947000,632300,37.0,,,19.53,123368,,1,2000
1790116690,2026-09-22T22:38:10Z,14815,1790101943,6.1.187-android14-11-SAGA,49646d1b0cd1,cc_governor,cc_governor,338765,20349,416082,495175,77207,78,99059,21041,182871,216670,83687,2790,adios,0,adios,0,adios,0,56.1,60.1,52.4,37.0,60.6,44.6,53,3945000,779400,37.0,,,18.63,105480,,1,2000
1790116726,2026-09-22T22:38:46Z,14851,1790101943,6.1.187-android14-11-SAGA,49646d1b0cd1,cc_governor,cc_governor,393389,23989,481643,573191,88212,84,117094,26388,214897,254275,97796,3088,adios,0,adios,0,adios,0,57.1,58.3,53.8,37.0,62.4,45.5,53,3959000,676800,38.0,,,18.31,108200,,1,2000
1790116761,2026-09-22T22:39:21Z,14887,1790101943,6.1.187-android14-11-SAGA,49646d1b0cd1,cc_governor,cc_governor,449970,24965,551526,653374,101537,85,137623,27770,253465,294773,115818,3419,adios,0,adios,0,adios,0,56.0,56.7,,38.0,65.4,45.7,53,3917000,664000,38.0,,,19.31,111040,,1,2000
1790116797,2026-09-22T22:39:57Z,14923,1790101943,6.1.187-android14-11-SAGA,49646d1b0cd1,cc_governor,cc_governor,502618,30680,613199,728091,110437,98,157824,34863,284900,336050,127061,3746,adios,0,adios,0,adios,0,50.3,52.7,48.9,38.0,52.3,44.3,53,3960000,791600,38.0,,,21.41,139288,,1,2000
1790116837,2026-09-22T22:40:37Z,14962,1790101943,6.1.187-android14-11-SAGA,49646d1b0cd1,cc_governor,cc_governor,549965,36767,672766,802461,122763,105,181267,41838,322918,383950,141605,4343,adios,0,adios,0,adios,0,57.3,58.0,57.0,38.0,63.1,46.9,53,3940000,399100,38.0,,,22.23,145024,,1,2000
1790116877,2026-09-22T22:41:17Z,15002,1790101943,6.1.187-android14-11-SAGA,49646d1b0cd1,cc_governor,cc_governor,598518,37287,740419,881870,141883,181,219443,42376,381764,445659,162323,4981,adios,0,adios,0,adios,0,59.1,58.2,53.3,38.0,60.7,47.1,53,3846000,-1091300,38.0,,,20.90,113616,,1,2000
1790116915,2026-09-22T22:41:55Z,15041,1790101943,6.1.187-android14-11-SAGA,49646d1b0cd1,cc_governor,cc_governor,642795,38055,802754,953681,159970,221,239308,43086,421436,487912,182005,5538,adios,0,adios,0,adios,0,58.5,57.1,,39.0,63.5,46.6,53,3842000,-1028400,39.0,,,22.18,102188,,1,2000
1790116952,2026-09-22T22:42:32Z,15077,1790101943,6.1.187-android14-11-SAGA,49646d1b0cd1,cc_governor,cc_governor,696583,39159,871722,1031472,175128,225,289916,43941,487659,556231,197724,5942,adios,0,adios,0,adios,0,58.6,59.5,,39.0,66.3,47.0,53,3842000,-1008300,39.0,,,22.53,109500,,1,2000
1790116989,2026-09-22T22:43:09Z,15114,1790101943,6.1.187-android14-11-SAGA,49646d1b0cd1,cc_governor,cc_governor,757779,40457,946184,1115082,188248,229,328978,45190,543001,613924,214015,6349,adios,0,adios,0,adios,0,61.9,62.2,56.7,39.0,69.4,48.0,53,3816000,-1382400,39.0,,,21.46,107472,,1,2000
1790117026,2026-09-22T22:43:46Z,15151,1790101943,6.1.187-android14-11-SAGA,49646d1b0cd1,cc_governor,cc_governor,824207,43292,1023868,1203938,199601,256,361587,48535,591127,666443,229546,6828,adios,0,adios,0,adios,0,58.6,60.5,54.0,39.0,66.0,47.2,53,3832000,-1137000,39.0,,,21.20,115016,,1,2000
1790117062,2026-09-22T22:44:22Z,15187,1790101943,6.1.187-android14-11-SAGA,49646d1b0cd1,cc_governor,cc_governor,878699,46960,1090814,1281259,211974,267,404584,53264,646690,728175,241951,7209,adios,0,adios,0,adios,0,56.7,55.5,,39.0,56.4,46.0,52,3853000,-897800,39.0,,,21.10,74784,,1,2000
1790117101,2026-09-22T22:45:01Z,15227,1790101943,6.1.187-android14-11-SAGA,49646d1b0cd1,cc_governor,cc_governor,945178,54179,1165999,1371037,220627,291,467665,61170,719644,810694,251844,7868,adios,0,adios,0,adios,0,54.3,54.9,51.5,39.0,55.2,45.4,52,3840000,-803200,39.0,,,21.76,116740,,1,2000
1790117141,2026-09-22T22:45:41Z,15266,1790101943,6.1.187-android14-11-SAGA,49646d1b0cd1,cc_governor,cc_governor,1017198,57252,1249723,1464815,232383,326,536901,64774,801249,897936,264242,8564,adios,0,adios,0,adios,0,57.2,54.6,,39.0,58.1,45.8,52,3830000,-619500,39.0,,,23.47,91716,,1,2000
1790117179,2026-09-22T22:46:19Z,15304,1790101943,6.1.187-android14-11-SAGA,49646d1b0cd1,cc_governor,cc_governor,1081662,59186,1327858,1552057,246187,345,593521,66827,873264,973888,279743,9047,adios,0,adios,0,adios,0,52.7,53.4,50.7,39.0,55.1,45.2,52,3844000,-766600,39.0,,,23.00,120344,,1,2000
1790117218,2026-09-22T22:46:58Z,15343,1790101943,6.1.187-android14-11-SAGA,49646d1b0cd1,cc_governor,cc_governor,1137422,61559,1398609,1631667,260988,370,667887,69283,960487,1065124,292557,9656,adios,0,adios,0,adios,0,55.7,60.1,52.9,39.0,64.8,45.9,52,3845000,-684800,39.0,,,22.87,118708,,1,2000
1790117255,2026-09-22T22:47:35Z,15380,1790101943,6.1.187-android14-11-SAGA,49646d1b0cd1,cc_governor,cc_governor,1192203,65861,1465730,1709828,273430,384,722404,72376,1029204,1138187,306772,10133,adios,0,adios,0,adios,0,57.3,55.5,51.6,39.0,58.6,45.4,52,3833000,-791600,39.0,,,23.37,79748,,1,2000
1790117293,2026-09-22T22:48:13Z,15418,1790101943,6.1.187-android14-11-SAGA,49646d1b0cd1,cc_governor,cc_governor,1250072,69928,1536374,1790895,286177,409,791024,76212,1109882,1224278,318799,10701,adios,0,adios,0,adios,0,60.0,63.5,54.8,38.0,63.4,46.5,51,3826000,-872100,39.0,,,22.98,78496,,1,2000
1790117329,2026-09-22T22:48:49Z,15455,1790101943,6.1.187-android14-11-SAGA,49646d1b0cd1,cc_governor,cc_governor,1310057,75653,1605933,1872706,295669,428,850713,81779,1179746,1301966,328892,11169,adios,0,adios,0,adios,0,54.2,53.8,50.6,39.0,55.6,44.8,51,3842000,-538900,39.0,,,21.50,132824,,1,2000
1790117369,2026-09-22T22:49:29Z,15494,1790101943,6.1.187-android14-11-SAGA,49646d1b0cd1,cc_governor,cc_governor,1363126,82064,1670457,1951369,307334,465,878809,89813,1221839,1353089,343044,11739,adios,0,adios,0,adios,0,58.9,59.9,53.5,38.0,60.7,46.0,51,3814000,-1024700,38.0,,,21.61,88780,,1,2000
1790117405,2026-09-22T22:50:05Z,15530,1790101943,6.1.187-android14-11-SAGA,49646d1b0cd1,cc_governor,cc_governor,1422512,86565,1740516,2033333,318007,479,928040,94146,1284216,1421163,356198,12158,adios,0,adios,0,adios,0,53.4,53.2,,38.0,56.9,45.4,51,3823000,-904500,38.0,,,21.56,72876,,1,2000
1790117443,2026-09-22T22:50:43Z,15569,1790101943,6.1.187-android14-11-SAGA,49646d1b0cd1,cc_governor,cc_governor,1472814,95881,1799816,2108813,326810,498,982770,103838,1347384,1495490,364529,12628,adios,0,adios,0,adios,0,56.1,53.2,51.0,38.0,58.8,45.5,51,3837000,-781800,39.0,,,22.23,114376,,1,2000
1790117483,2026-09-22T22:51:23Z,15608,1790101943,6.1.187-android14-11-SAGA,49646d1b0cd1,cc_governor,cc_governor,1544351,102813,1879670,2202117,335294,525,1060142,111082,1432569,1589650,372359,13284,adios,0,adios,0,adios,0,56.1,54.2,50.9,38.0,56.6,45.0,51,3826000,-819000,38.0,,,23.86,115788,,1,2000
1790117523,2026-09-22T22:52:03Z,15648,1790101943,6.1.187-android14-11-SAGA,49646d1b0cd1,cc_governor,cc_governor,1612839,104753,1962286,2294352,349205,570,1112236,114716,1500192,1662783,387872,14037,adios,0,adios,0,adios,0,54.6,52.2,50.3,38.0,59.3,44.9,50,3821000,-877600,38.0,,,22.51,98720,,1,2000
1790117562,2026-09-22T22:52:42Z,15688,1790101943,6.1.187-android14-11-SAGA,49646d1b0cd1,cc_governor,cc_governor,1693376,106540,2054668,2396233,360974,613,1176160,117209,1578445,1745599,402139,14869,adios,0,adios,0,adios,0,54.7,53.4,50.2,38.0,54.7,44.7,50,3834000,-667700,38.0,,,22.66,124936,,1,2000
1790117604,2026-09-22T22:53:24Z,15729,1790101943,6.1.187-android14-11-SAGA,49646d1b0cd1,cc_governor,cc_governor,1782860,111009,2152765,2506393,369568,668,1241961,122058,1655659,1829646,413632,15869,adios,0,adios,0,adios,0,55.7,53.0,50.1,38.0,54.6,44.6,50,3833000,-665200,38.0,,,22.89,113996,,1,2000
1790117645,2026-09-22T22:54:05Z,15770,1790101943,6.1.187-android14-11-SAGA,49646d1b0cd1,cc_governor,cc_governor,1869058,119587,2244015,2613832,374845,748,1305172,132417,1725326,1911608,420078,16923,adios,0,adios,0,adios,0,56.0,53.7,50.7,38.0,57.7,44.8,50,3828000,-698800,38.0,,,23.60,139504,,1,2000
1790117685,2026-09-22T22:54:45Z,15810,1790101943,6.1.187-android14-11-SAGA,49646d1b0cd1,cc_governor,cc_governor,1941831,127420,2324004,2708746,382118,805,1364063,140376,1794211,1990214,430059,17703,adios,0,adios,0,adios,0,57.2,59.9,53.3,38.0,70.6,46.1,50,3806000,-1260900,38.0,,,22.17,127264,,1,2000
1790117722,2026-09-22T22:55:22Z,15848,1790101943,6.1.187-android14-11-SAGA,49646d1b0cd1,cc_governor,cc_governor,1995927,132831,2389319,2788101,393413,838,1394317,147189,1837655,2041358,443348,18223,adios,0,adios,0,adios,0,51.7,52.2,,38.0,54.8,44.0,50,3826000,-504100,38.0,,,21.33,122552,,1,2000
1790117759,2026-09-22T22:55:59Z,15885,1790101943,6.1.187-android14-11-SAGA,49646d1b0cd1,cc_governor,cc_governor,2029655,138363,2437919,2850020,408255,844,1415451,153323,1875044,2085663,459603,18636,adios,0,adios,0,adios,0,52.7,51.4,49.1,38.0,55.9,43.8,50,3825000,-840400,38.0,,,22.84,118440,,1,2000
1790117804,2026-09-22T22:56:44Z,15930,1790101943,6.1.187-android14-11-SAGA,49646d1b0cd1,cc_governor,cc_governor,51,0,158,179,118,0,36,22,124,153,65,15,adios,0,adios,0,adios,0,46.6,47.4,,38.0,49.8,42.3,49,3843000,-352100,38.0,,,20.78,742880,,1,2000
1790118076,2026-09-22T23:01:16Z,16201,1790101943,6.1.187-android14-11-SAGA,49646d1b0cd1,cc_governor,cc_governor,2,0,93,111,97,0,3,0,48,24,16,1,adios,0,adios,0,adios,0,38.8,39.5,,34.0,41.4,35.9,49,3845000,-813500,34.0,,,18.16,243636,,1,2000
1790118290,2026-09-22T23:04:50Z,16415,1790101943,6.1.187-android14-11-SAGA,49646d1b0cd1,cc_governor,cc_governor,3,0,107,120,115,0,6,0,60,27,16,2,adios,0,adios,0,adios,0,34.3,38.9,42.1,33.0,60.8,38.0,49,3828000,-635900,33.0,,,18.26,170788,,1,2000
1790118413,2026-09-22T23:06:53Z,16538,1790101943,6.1.187-android14-11-SAGA,49646d1b0cd1,cc_governor,cc_governor,10883,5886,21019,30578,10126,98,5335,1142,8861,10989,3526,432,adios,0,adios,0,adios,0,39.3,39.7,,33.0,42.9,35.9,49,3851000,-465600,33.0,,,17.61,143280,,1,2000
1790118448,2026-09-22T23:07:28Z,16573,1790101943,6.1.187-android14-11-SAGA,49646d1b0cd1,cc_governor,cc_governor,20792,16332,37317,60968,16525,100,7496,5244,13591,20130,6095,721,adios,0,adios,0,adios,0,39.6,40.4,,33.0,48.2,36.4,49,3837000,-363700,33.0,,,17.09,107392,,1,2000
1790118483,2026-09-22T23:08:03Z,16609,1790101943,6.1.187-android14-11-SAGA,49646d1b0cd1,cc_governor,cc_governor,21615,24393,43918,76947,22317,101,7628,6189,14767,22365,7143,1039,adios,0,adios,0,adios,0,39.1,39.6,,33.0,42.7,35.8,49,3848000,-413200,33.0,,,16.53,149212,,1,2000
1790118518,2026-09-22T23:08:38Z,16644,1790101943,6.1.187-android14-11-SAGA,49646d1b0cd1,cc_governor,cc_governor,22375,31114,51123,91896,28747,103,7714,7033,15830,24336,8116,1339,adios,0,adios,0,adios,0,38.6,40.0,,33.0,42.0,35.6,49,3795000,-1222500,33.0,,,16.09,133136,,1,2000
1790118609,2026-09-22T23:10:09Z,16735,1790101943,6.1.187-android14-11-SAGA,49646d1b0cd1,cc_governor,cc_governor,686,22,1899,2021,1201,0,119,6,428,497,314,14,adios,0,adios,0,adios,0,38.5,39.1,,33.0,44.5,34.1,49,3839000,-164100,33.0,,,15.73,268556,,1,2000
1790119078,2026-09-22T23:17:58Z,17204,1790101943,6.1.187-android14-11-SAGA,49646d1b0cd1,cc_governor,cc_governor,1,0,82,29,14,0,2,0,35,40,38,5,adios,0,adios,0,adios,0,35.2,34.6,,32.0,37.5,32.3,49,3859000,-295400,31.0,,,16.40,234316,,1,2000
1790119213,2026-09-22T23:20:13Z,17339,1790101943,6.1.187-android14-11-SAGA,49646d1b0cd1,cc_governor,cc_governor,29131,352,41347,47887,12229,10,12778,234,22222,23615,9452,107,adios,0,adios,0,adios,0,40.6,40.7,,32.0,43.0,35.6,49,3841000,-242300,32.0,,,17.91,114408,,1,2000
1790119395,2026-09-22T23:23:15Z,17520,1790101943,6.1.187-android14-11-SAGA,49646d1b0cd1,cc_governor,cc_governor,10860,143,12770,14969,1886,0,4891,37,7041,7369,2142,114,adios,0,adios,0,adios,0,45.4,41.6,39.0,31.0,52.4,35.3,49,3827000,-692100,31.0,,,19.74,217008,,1,2000
1790119435,2026-09-22T23:23:55Z,17560,1790101943,6.1.187-android14-11-SAGA,49646d1b0cd1,cc_governor,cc_governor,26066,1903,35748,41622,9688,2,5615,1025,12342,14040,6734,38,adios,0,adios,0,adios,0,44.7,42.6,,32.0,44.9,35.9,49,3839000,-336900,32.0,,,19.58,127956,,1,2000
1790119470,2026-09-22T23:24:30Z,17596,1790101943,6.1.187-android14-11-SAGA,49646d1b0cd1,cc_governor,cc_governor,47752,9278,69013,89964,21241,4,14596,4809,27611,34359,13015,369,adios,0,adios,0,adios,21,44.0,44.5,,32.0,44.7,36.5,48,3828000,-371000,32.0,,,18.57,102268,,1,2000
1790119506,2026-09-22T23:25:06Z,17631,1790101943,6.1.187-android14-11-SAGA,49646d1b0cd1,cc_governor,cc_governor,56729,21861,84489,121834,27769,8,15301,6435,32591,41118,17290,705,adios,0,adios,0,adios,0,44.7,47.9,41.5,32.0,51.3,37.0,48,3828000,-491300,32.0,,,18.30,90816,,1,2000
1790119542,2026-09-22T23:25:42Z,17668,1790101943,6.1.187-android14-11-SAGA,49646d1b0cd1,cc_governor,cc_governor,75547,30489,113927,164774,38380,11,22109,10460,44342,57627,22233,1070,adios,0,adios,0,adios,0,40.9,41.6,,33.0,44.5,36.4,48,3834000,-369800,33.0,,,17.97,130960,,1,2000
1790119577,2026-09-22T23:26:17Z,17703,1790101943,6.1.187-android14-11-SAGA,49646d1b0cd1,cc_governor,cc_governor,78226,43609,122054,187698,43827,13,22444,12269,45856,61002,23412,1372,adios,0,adios,0,adios,0,39.5,39.8,,33.0,42.0,35.7,48,3833000,-290500,33.0,,,16.92,133112,,1,2000
1790119612,2026-09-22T23:26:52Z,17738,1790101943,6.1.187-android14-11-SAGA,49646d1b0cd1,cc_governor,cc_governor,80709,59424,127127,210174,46415,15,22559,14992,46280,64198,23721,1670,adios,0,adios,0,adios,0,38.8,39.9,,33.0,42.6,35.4,48,3842000,-263600,33.0,,,16.50,118684,,1,2000
1790119647,2026-09-22T23:27:27Z,17773,1790101943,6.1.187-android14-11-SAGA,49646d1b0cd1,cc_governor,cc_governor,84241,72535,136680,234957,52434,16,22774,17570,47439,68017,24665,1965,adios,0,adios,0,adios,0,38.8,39.5,,33.0,44.9,35.6,48,3819000,-923400,32.0,,,16.39,391620,,1,2000
1790119834,2026-09-22T23:30:34Z,17959,1790101943,6.1.187-android14-11-SAGA,49646d1b0cd1,cc_governor,cc_governor,3,0,96,112,105,0,12,0,140,146,66,15,adios,0,adios,0,adios,0,37.3,48.6,,32.0,56.1,36.4,48,3817000,-1281700,32.0,,,16.77,176496,,1,2000
1790119891,2026-09-22T23:31:31Z,18016,1790101943,6.1.187-android14-11-SAGA,49646d1b0cd1,cc_governor,cc_governor,23152,4183,34721,46417,11568,103,9885,887,17739,19470,7854,409,adios,0,adios,0,adios,0,39.3,40.1,,32.0,43.0,34.8,48,3843000,-332600,33.0,,,16.55,163400,,1,2000
1790119955,2026-09-22T23:32:35Z,18080,1790101943,6.1.187-android14-11-SAGA,49646d1b0cd1,cc_governor,cc_governor,47,0,526,583,494,0,29,0,190,200,167,0,adios,0,adios,0,adios,0,36.6,37.9,,32.0,42.5,33.9,48,3851000,-243500,32.0,,,15.60,123568,,1,2000
1790120187,2026-09-22T23:36:27Z,18312,1790101943,6.1.187-android14-11-SAGA,49646d1b0cd1,cc_governor,cc_governor,7427,0,12012,13822,4595,2,4102,0,7127,7578,3031,30,adios,0,adios,0,adios,0,41.2,41.0,,32.0,42.1,34.9,48,3839000,-415600,32.0,,,16.98,312288,,1,2000
1790120222,2026-09-22T23:37:02Z,18348,1790101943,6.1.187-android14-11-SAGA,49646d1b0cd1,cc_governor,cc_governor,9293,6812,26233,37232,16956,5,4191,557,8711,9883,4524,340,adios,0,adios,0,adios,0,38.2,38.7,,32.0,42.1,34.6,48,3823000,-555400,32.0,,,16.87,248840,,1,2000
1790120257,2026-09-22T23:37:37Z,18383,1790101943,6.1.187-android14-11-SAGA,49646d1b0cd1,cc_governor,cc_governor,21397,8975,53816,72085,32419,7,14013,2015,25483,31753,11463,632,adios,0,adios,0,adios,0,43.0,45.1,42.3,32.0,47.4,36.9,48,3806000,-726900,32.0,,,19.71,202556,,1,2000
1790120293,2026-09-22T23:38:13Z,18418,1790101943,6.1.187-android14-11-SAGA,49646d1b0cd1,cc_governor,cc_governor,34152,15950,79325,109100,45165,10,19651,5052,36620,47081,16969,965,adios,0,adios,0,adios,0,42.1,44.1,40.0,32.0,45.2,36.5,47,3834000,-325300,32.0,,,18.74,95820,,1,2000
1790120328,2026-09-22T23:38:48Z,18454,1790101943,6.1.187-android14-11-SAGA,49646d1b0cd1,cc_governor,cc_governor,40553,24965,94143,135866,53600,13,21113,6412,40888,53110,19790,1270,adios,0,adios,0,adios,0,42.3,48.1,42.7,32.0,45.4,36.7,47,3820000,-584700,32.0,,,17.84,107376,,1,2000
1790120685,2026-09-22T23:44:45Z,18811,1790101943,6.1.187-android14-11-SAGA,49646d1b0cd1,cc_governor,cc_governor,102,22,401,502,317,0,22,8,228,273,216,17,adios,0,adios,0,adios,0,38.6,36.0,,31.0,36.9,31.4,47,3847000,-238000,31.0,,,19.00,140008,,1,2000
1790120890,2026-09-22T23:48:10Z,19016,1790101943,6.1.187-android14-11-SAGA,49646d1b0cd1,cc_governor,cc_governor,12253,4120,20136,27738,7883,1,5350,744,8558,10136,3206,124,adios,0,adios,0,adios,0,36.8,38.1,35.6,31.0,39.9,33.4,47,3811000,-349700,31.0,,,18.01,96544,,1,2000
1790120926,2026-09-22T23:48:46Z,19051,1790101943,6.1.187-android14-11-SAGA,49646d1b0cd1,cc_governor,cc_governor,13939,17912,23067,46196,9127,4,5430,3437,8790,13142,3360,437,adios,0,adios,0,adios,0,36.6,37.0,35.5,31.0,40.5,33.4,47,3836000,-271600,31.0,,,17.69,113724,,1,2000
1790120961,2026-09-22T23:49:21Z,19086,1790101943,6.1.187-android14-11-SAGA,49646d1b0cd1,cc_governor,cc_governor,15977,31368,27139,65550,11162,5,5575,6272,9181,16454,3606,736,adios,0,adios,0,adios,0,36.5,39.1,,31.0,40.9,33.5,47,3833000,-565700,31.0,,,17.42,98112,,1,2000
1790121070,2026-09-22T23:51:10Z,19196,1790101943,6.1.187-android14-11-SAGA,49646d1b0cd1,cc_governor,cc_governor,7,0,123,133,128,0,14,0,37,40,31,3,adios,0,adios,0,adios,0,34.5,36.2,,31.0,39.8,32.2,47,3846000,-207500,31.0,,,16.85,208244,,1,2000
1790121330,2026-09-22T23:55:30Z,19455,1790101943,6.1.187-android14-11-SAGA,49646d1b0cd1,cc_governor,cc_governor,4146,0,5800,6395,1692,1,3114,0,4419,4738,1319,21,adios,0,adios,0,adios,0,45.4,47.6,40.4,30.0,50.3,34.6,47,3806000,-1316500,30.0,,,17.81,198748,,1,2000
1790121366,2026-09-22T23:56:06Z,19492,1790101943,6.1.187-android14-11-SAGA,49646d1b0cd1,cc_governor,cc_governor,28401,8488,41772,60215,13390,12,6396,4813,14302,20010,7917,381,adios,0,adios,0,adios,0,43.0,41.5,40.5,31.0,46.1,35.4,47,3826000,-247100,31.0,,,17.38,105064,,1,2000
1790121402,2026-09-22T23:56:42Z,19527,1790101943,6.1.187-android14-11-SAGA,49646d1b0cd1,cc_governor,cc_governor,37105,18928,59238,92466,22133,16,7696,6650,19558,27438,11862,705,adios,0,adios,0,adios,0,38.1,38.3,,31.0,41.7,34.4,47,3822000,-477200,31.0,,,16.90,132612,,1,2000
1790121437,2026-09-22T23:57:17Z,19562,1790101943,6.1.187-android14-11-SAGA,49646d1b0cd1,cc_governor,cc_governor,38560,31857,66176,113646,27615,19,7744,8140,19969,29530,12225,1003,adios,0,adios,0,adios,0,37.5,37.9,,31.0,40.6,34.1,47,3821000,-347900,31.0,,,16.64,188124,,1,2000
1790121472,2026-09-22T23:57:52Z,19598,1790101943,6.1.187-android14-11-SAGA,49646d1b0cd1,cc_governor,cc_governor,39956,44400,73305,134545,33343,21,7845,9575,20323,31359,12478,1308,adios,0,adios,0,adios,0,37.5,38.1,,31.0,40.6,34.0,47,3827000,-281300,31.0,,,16.38,194596,,1,2000
1790121507,2026-09-22T23:58:27Z,19633,1790101943,6.1.187-android14-11-SAGA,49646d1b0cd1,cc_governor,cc_governor,42301,54340,84300,156934,42007,29,7918,11050,21126,33711,13216,1610,adios,0,adios,0,adios,0,39.4,40.8,39.8,31.0,43.7,34.9,47,3816000,-610300,31.0,,,16.52,351400,,1,2000
1790121543,2026-09-22T23:59:03Z,19668,1790101943,6.1.187-android14-11-SAGA,49646d1b0cd1,cc_governor,cc_governor,44822,63407,91046,173819,46242,46,9033,11377,24220,37381,15192,1955,adios,0,adios,0,adios,0,36.9,36.8,,31.0,39.7,33.6,47,3839000,-262400,31.0,,,15.79,368264,,1,2000
1790121638,2026-09-23T00:00:38Z,19763,1790101943,6.1.187-android14-11-SAGA,49646d1b0cd1,cc_governor,cc_governor,28,0,661,709,646,0,23,0,137,153,122,10,adios,0,adios,0,adios,0,36.7,36.3,,31.0,43.4,32.4,47,3830000,-458300,31.0,,,15.35,194664,,1,2000
1790121879,2026-09-23T00:04:39Z,20005,1790101943,6.1.187-android14-11-SAGA,49646d1b0cd1,cc_governor,cc_governor,21241,230,26093,32079,4843,14,11684,285,16587,18353,4915,131,adios,0,adios,0,adios,2,49.2,48.5,,30.0,52.3,36.7,46,3802000,-582200,31.0,,,17.25,154624,,1,2000
1790121915,2026-09-23T00:05:15Z,20040,1790101943,6.1.187-android14-11-SAGA,49646d1b0cd1,cc_governor,cc_governor,44588,3162,65140,80622,20512,21,15581,2056,29816,33920,14229,452,adios,0,adios,0,adios,0,45.2,43.2,41.1,31.0,49.0,36.2,46,3789000,-388700,31.0,,,17.45,135084,,1,2000
1790121951,2026-09-23T00:05:51Z,20076,1790101943,6.1.187-android14-11-SAGA,49646d1b0cd1,cc_governor,cc_governor,68043,13524,95767,128668,27736,26,21041,6965,41058,50650,20007,792,adios,0,adios,0,adios,0,51.1,48.4,43.6,31.0,48.4,37.1,46,3816000,-478500,32.0,,,18.09,134356,,1,2000
1790121987,2026-09-23T00:06:27Z,20113,1790101943,6.1.187-android14-11-SAGA,49646d1b0cd1,cc_governor,cc_governor,92485,20214,131169,178259,38682,80,25254,10644,51950,65791,26696,1169,adios,0,adios,0,adios,0,42.7,41.5,,32.0,44.2,36.4,46,3808000,-1066800,32.0,,,17.92,118764,,1,2000
1790122023,2026-09-23T00:07:03Z,20148,1790101943,6.1.187-android14-11-SAGA,49646d1b0cd1,cc_governor,cc_governor,111335,26431,163068,224910,51724,84,28297,14018,62524,81035,34256,1494,adios,0,adios,0,adios,0,50.3,45.8,,32.0,45.4,37.4,46,3818000,-263600,32.0,,,18.02,118124,,1,2000
1790122058,2026-09-23T00:07:38Z,20183,1790101943,6.1.187-android14-11-SAGA,49646d1b0cd1,cc_governor,cc_governor,112220,34321,170009,240910,57778,87,28595,14483,64215,83220,35620,1812,adios,0,adios,0,adios,0,38.8,39.4,,33.0,42.2,35.5,46,3824000,-397900,33.0,,,16.98,113644,,1,2000
1790122093,2026-09-23T00:08:13Z,20219,1790101943,6.1.187-android14-11-SAGA,49646d1b0cd1,cc_governor,cc_governor,112854,43033,175065,255673,62211,91,28633,15738,64411,84725,35778,2111,adios,0,adios,0,adios,0,38.2,38.9,,32.0,42.2,35.2,46,3829000,-361900,32.0,,,16.57,121952,,1,2000
1790122128,2026-09-23T00:08:48Z,20254,1790101943,6.1.187-android14-11-SAGA,49646d1b0cd1,cc_governor,cc_governor,115712,52495,183201,274851,67478,94,28769,17991,65104,87742,36335,2416,adios,0,adios,0,adios,0,40.5,44.4,39.4,32.0,44.6,35.9,46,3810000,-838000,32.0,,,16.41,66384,,1,2000
1790122164,2026-09-23T00:09:24Z,20289,1790101943,6.1.187-android14-11-SAGA,49646d1b0cd1,cc_governor,cc_governor,124905,65385,196959,304246,72084,96,29605,23636,67625,96141,38027,2758,adios,0,adios,0,adios,0,42.4,45.1,,32.0,46.3,36.2,46,3818000,-407100,33.0,,,17.44,151068,,1,2000
1790122199,2026-09-23T00:09:59Z,20325,1790101943,6.1.187-android14-11-SAGA,49646d1b0cd1,cc_governor,cc_governor,130014,76494,206900,327313,76885,98,30204,26505,70441,101907,40237,3084,adios,0,adios,0,adios,0,41.9,40.1,,33.0,42.1,35.6,46,3819000,-523600,33.0,,,16.69,141856,,1,2000
1790122235,2026-09-23T00:10:35Z,20360,1790101943,6.1.187-android14-11-SAGA,49646d1b0cd1,cc_governor,cc_governor,138319,88366,220214,355043,81865,101,31220,31636,73810,110599,42590,3410,adios,0,adios,0,adios,0,42.4,40.6,,33.0,43.6,36.2,46,3818000,-485200,33.0,,,16.81,94296,,1,2000
1790122270,2026-09-23T00:11:10Z,20395,1790101943,6.1.187-android14-11-SAGA,49646d1b0cd1,cc_governor,cc_governor,148714,101382,235525,386270,86826,104,32136,37706,77039,120103,44912,3733,adios,0,adios,0,adios,0,41.6,42.1,40.2,33.0,44.4,36.5,45,3817000,-288000,33.0,,,18.07,133816,,1,2000
1790122331,2026-09-23T00:12:11Z,20456,1790101943,6.1.187-android14-11-SAGA,49646d1b0cd1,cc_governor,cc_governor,3,0,209,227,213,0,25,0,97,99,76,13,adios,0,adios,0,adios,0,38.0,36.7,,33.0,37.7,33.7,45,3820000,-748200,33.0,,,16.93,104140,,1,2000
1790122707,2026-09-23T00:18:27Z,20832,1790101943,6.1.187-android14-11-SAGA,49646d1b0cd1,cc_governor,cc_governor,0,0,80,93,96,0,5,0,52,54,51,11,adios,0,adios,0,adios,0,36.3,37.7,,32.0,42.3,33.6,45,3838000,-697000,32.0,,,24.36,117716,,1,2000
1790122973,2026-09-23T00:22:53Z,21098,1790101943,6.1.187-android14-11-SAGA,49646d1b0cd1,cc_governor,cc_governor,20587,648,27509,34018,6935,70,10791,621,16970,19597,6181,90,adios,0,adios,0,adios,0,52.1,50.1,46.4,32.0,55.9,38.4,45,3800000,-748200,33.0,,,25.39,195836,,1,2000
1790123009,2026-09-23T00:23:29Z,21135,1790101943,6.1.187-android14-11-SAGA,49646d1b0cd1,cc_governor,cc_governor,39270,6774,60258,78528,21006,83,14004,4224,27546,34538,13557,441,adios,0,adios,0,adios,0,43.2,47.0,,33.0,50.0,38.2,45,3798000,-714100,33.0,,,21.99,120972,,1,2000
1790123045,2026-09-23T00:24:05Z,21171,1790101943,6.1.187-android14-11-SAGA,49646d1b0cd1,cc_governor,cc_governor,58719,6843,101254,132184,42529,91,14916,4268,37941,45363,23039,787,adios,0,adios,0,adios,0,44.4,45.1,43.1,33.0,48.9,38.2,45,3799000,-599900,33.0,,,20.35,193176,,1,2000
1790123082,2026-09-23T00:24:42Z,21207,1790101943,6.1.187-android14-11-SAGA,49646d1b0cd1,cc_governor,cc_governor,78100,14761,133739,182404,55636,94,15158,6495,44186,54126,29028,1138,adios,0,adios,0,adios,0,45.4,44.8,43.0,33.0,47.2,38.2,45,3798000,-642000,33.0,,,18.81,87496,,1,2000
1790123118,2026-09-23T00:25:18Z,21244,1790101943,6.1.187-android14-11-SAGA,49646d1b0cd1,cc_governor,cc_governor,96735,29323,159257,231229,62533,100,15295,11488,47082,62288,31798,1519,adios,0,adios,0,adios,0,45.2,45.4,43.3,33.0,57.6,38.7,45,3762000,-1514200,33.0,,,18.20,150692,,1,2000
1790123155,2026-09-23T00:25:55Z,21280,1790101943,6.1.187-android14-11-SAGA,49646d1b0cd1,cc_governor,cc_governor,109824,39655,184510,272684,74676,102,23125,19551,64504,89567,41379,1888,adios,0,adios,0,adios,0,43.9,43.9,,34.0,48.3,38.3,45,3793000,-1162700,33.0,,,18.48,195024,,1,2000
1790123190,2026-09-23T00:26:30Z,21316,1790101943,6.1.187-android14-11-SAGA,49646d1b0cd1,cc_governor,cc_governor,128752,54627,209502,319320,80748,104,26608,28654,71652,106245,45044,2242,adios,0,adios,0,adios,0,46.4,45.8,43.8,34.0,52.0,39.2,45,3773000,-1318900,34.0,,,18.44,160280,,1,2000
1790123226,2026-09-23T00:27:06Z,21352,1790101943,6.1.187-android14-11-SAGA,49646d1b0cd1,cc_governor,cc_governor,150218,55708,250330,370512,100112,109,32296,29470,90254,126348,57958,2611,adios,0,adios,0,adios,0,46.4,53.4,,34.0,49.3,39.5,44,3798000,-344200,34.0,,,18.49,233992,,1,2000
1790123262,2026-09-23T00:27:42Z,21387,1790101943,6.1.187-android14-11-SAGA,49646d1b0cd1,cc_governor,cc_governor,152789,69242,258445,394001,105675,112,32689,30951,91831,129591,59147,2934,adios,0,adios,0,adios,1,43.2,42.1,,34.0,44.9,37.6,44,3809000,-506500,34.0,,,17.49,198152,,1,2000
1790123297,2026-09-23T00:28:17Z,21422,1790101943,6.1.187-android14-11-SAGA,49646d1b0cd1,cc_governor,cc_governor,154694,84600,263636,415878,108942,114,32724,32154,92602,131651,59878,3221,adios,0,adios,0,adios,0,40.7,42.6,,34.0,43.5,37.1,44,3815000,-512000,34.0,,,16.75,161540,,1,2000
1790123332,2026-09-23T00:28:52Z,21458,1790101943,6.1.187-android14-11-SAGA,49646d1b0cd1,cc_governor,cc_governor,156410,101462,266966,437337,110556,115,32743,33972,92658,133545,59915,3517,adios,0,adios,0,adios,0,40.4,41.1,,34.0,44.0,36.8,44,3807000,-447900,34.0,,,16.65,165216,,1,2000
1790123367,2026-09-23T00:29:27Z,21493,1790101943,6.1.187-android14-11-SAGA,49646d1b0cd1,cc_governor,cc_governor,167286,116328,283367,472150,116077,116,37358,43866,99621,150777,62255,3822,adios,0,adios,0,adios,0,43.7,45.3,44.4,34.0,54.5,38.8,44,3788000,-791600,34.0,,,16.93,188612,,1,2000
1790123403,2026-09-23T00:30:03Z,21529,1790101943,6.1.187-android14-11-SAGA,49646d1b0cd1,cc_governor,cc_governor,190716,122983,320071,523812,129361,128,42704,47591,114593,170529,71905,4233,adios,0,adios,0,adios,0,47.9,48.7,46.0,34.0,48.7,39.7,44,3789000,-811100,34.0,,,18.43,138932,,1,2000
1790123455,2026-09-23T00:30:55Z,21581,1790101943,6.1.187-android14-11-SAGA,49646d1b0cd1,cc_governor,cc_governor,20,99,234,378,229,0,46,49,135,192,94,14,adios,0,adios,0,adios,0,40.9,41.8,,34.0,43.9,36.8,44,3821000,-207500,34.0,,,17.34,118244,,1,2000
1790123738,2026-09-23T00:35:38Z,21864,1790101943,6.1.187-android14-11-SAGA,49646d1b0cd1,cc_governor,cc_governor,7,0,130,151,142,0,27,0,46,51,23,2,adios,0,adios,0,adios,0,36.6,36.1,,32.0,37.5,33.3,44,3818000,-582200,32.0,,,16.70,114664,,1,2000
1790123888,2026-09-23T00:38:08Z,22013,1790101943,6.1.187-android14-11-SAGA,49646d1b0cd1,cc_governor,cc_governor,7,0,84,99,91,0,2,0,66,73,69,14,adios,0,adios,0,adios,0,36.5,35.2,,32.0,40.0,33.0,44,3825000,-253200,32.0,,,16.30,128200,,1,2000
1790124023,2026-09-23T00:40:23Z,22149,1790101943,6.1.187-android14-11-SAGA,49646d1b0cd1,cc_governor,cc_governor,5,0,83,101,96,0,11,0,65,46,19,2,adios,0,adios,0,adios,0,36.8,37.2,,32.0,39.0,34.0,44,3823000,-310000,32.0,,,24.07,118716,,1,2000
1790124112,2026-09-23T00:41:52Z,22238,1790101943,6.1.187-android14-11-SAGA,49646d1b0cd1,cc_governor,cc_governor,139,0,1282,1371,1166,0,72,0,276,292,208,17,adios,0,adios,0,adios,0,38.5,38.3,,32.0,41.6,34.8,44,3823000,-225200,32.0,,,54.45,130484,,1,2000
1790124217,2026-09-23T00:43:37Z,22342,1790101943,6.1.187-android14-11-SAGA,49646d1b0cd1,cc_governor,cc_governor,119,0,459,512,356,0,59,0,198,213,145,16,adios,0,adios,0,adios,0,38.2,38.1,,32.0,42.3,34.7,44,3818000,-264800,32.0,,,55.24,112732,,1,2000
1790124268,2026-09-23T00:44:28Z,22393,1790101943,6.1.187-android14-11-SAGA,49646d1b0cd1,cc_governor,cc_governor,1021,108,2772,3240,1769,0,1647,100,2262,2747,620,18,adios,0,adios,0,adios,0,41.6,40.5,,33.0,41.0,35.0,44,3818000,-228200,33.0,,,38.24,103796,,1,2000
1790124320,2026-09-23T00:45:20Z,22446,1790101943,6.1.187-android14-11-SAGA,49646d1b0cd1,cc_governor,cc_governor,14119,1736,20958,25000,6845,9,5925,887,10182,12348,4282,51,adios,0,adios,0,adios,0,43.7,44.4,,33.0,54.4,38.6,43,3790000,-629200,33.0,,,32.24,152096,,1,2000
1790124374,2026-09-23T00:46:14Z,22499,1790101943,6.1.187-android14-11-SAGA,49646d1b0cd1,cc_governor,cc_governor,81,217,1327,1672,1242,1,166,70,327,461,131,15,adios,0,adios,0,adios,0,40.9,41.8,,33.0,44.4,36.6,43,3807000,-444300,33.0,,,25.11,126340,,1,2000
1790124434,2026-09-23T00:47:14Z,22559,1790101943,6.1.187-android14-11-SAGA,49646d1b0cd1,cc_governor,cc_governor,58,107,872,1049,829,0,117,28,204,238,91,14,adios,0,adios,0,adios,0,40.9,41.5,,33.0,43.8,36.6,43,3816000,-300900,33.0,,,21.18,109724,,1,2000
1790124533,2026-09-23T00:48:53Z,22658,1790101943,6.1.187-android14-11-SAGA,49646d1b0cd1,cc_governor,cc_governor,70,424,828,1343,758,0,84,35,193,271,109,16,adios,0,adios,0,adios,0,38.9,41.4,,33.0,42.1,35.8,43,3804000,-569400,33.0,,,18.42,103360,,1,2000
1790124624,2026-09-23T00:50:24Z,22749,1790101943,6.1.187-android14-11-SAGA,49646d1b0cd1,cc_governor,cc_governor,5,0,95,118,106,0,7,0,62,71,14,1,adios,0,adios,0,adios,0,37.0,38.6,,34.0,38.4,34.9,43,3793000,-252000,34.0,,,17.58,213512,,1,2000
1790124964,2026-09-23T00:56:04Z,23090,1790101943,6.1.187-android14-11-SAGA,49646d1b0cd1,cc_governor,cc_governor,0,0,50,75,64,0,15,0,58,59,46,14,adios,0,adios,0,adios,0,38.4,38.9,,34.0,39.4,35.1,43,3816000,-458300,34.0,,,16.62,140160,,1,2000
1790125067,2026-09-23T00:57:47Z,23193,1790101943,6.1.187-android14-11-SAGA,49646d1b0cd1,cc_governor,cc_governor,20463,2142,29712,37150,9244,0,7320,779,12925,14779,5605,71,adios,0,adios,0,adios,0,43.2,43.7,,34.0,45.8,37.6,43,3789000,-441200,34.0,,,16.39,110844,,1,2000
1790125103,2026-09-23T00:58:23Z,23228,1790101943,6.1.187-android14-11-SAGA,49646d1b0cd1,cc_governor,cc_governor,27791,13649,42751,64909,14958,3,8713,3464,17139,21936,8426,396,adios,0,adios,0,adios,0,40.3,40.7,,34.0,43.5,37.0,43,3812000,-256300,34.0,,,16.74,78064,,1,2000
1790125138,2026-09-23T00:58:58Z,23263,1790101943,6.1.187-android14-11-SAGA,49646d1b0cd1,cc_governor,cc_governor,29128,23221,48406,81169,19291,4,9179,5155,18152,24752,8977,708,adios,0,adios,0,adios,0,41.1,41.9,,34.0,44.2,37.1,43,3810000,-479700,34.0,,,16.53,110080,,1,2000
1790125173,2026-09-23T00:59:33Z,23299,1790101943,6.1.187-android14-11-SAGA,49646d1b0cd1,cc_governor,cc_governor,30719,33323,54293,98356,23574,6,9501,7045,19129,27691,9628,1005,adios,0,adios,0,adios,0,40.5,42.5,,34.0,45.0,37.0,43,3818000,-387500,34.0,,,16.47,104172,,1,2000
1790125208,2026-09-23T01:00:08Z,23334,1790101943,6.1.187-android14-11-SAGA,49646d1b0cd1,cc_governor,cc_governor,42025,39089,74263,127337,32253,8,18331,8589,31823,44500,13496,1298,adios,0,adios,0,adios,0,41.7,42.3,,34.0,47.5,38.3,43,3794000,-375900,34.0,,,17.50,111344,,1,2000
1790125244,2026-09-23T01:00:44Z,23369,1790101943,6.1.187-android14-11-SAGA,49646d1b0cd1,cc_governor,cc_governor,51311,45456,91760,155006,40343,12,24025,10103,41094,57254,17088,1599,adios,0,adios,0,adios,2,49.7,47.1,,34.0,49.8,39.8,43,3789000,-745800,34.0,,,17.70,108812,,1,2000
1790125280,2026-09-23T01:01:20Z,23405,1790101943,6.1.187-android14-11-SAGA,49646d1b0cd1,cc_governor,cc_governor,72900,49303,129752,202962,56805,15,30662,12431,60163,79350,29501,1928,adios,0,adios,0,adios,0,45.6,51.8,45.6,35.0,52.4,40.0,43,3797000,-377800,35.0,,,17.48,102160,,1,2000
1790125316,2026-09-23T01:01:56Z,23441,1790101943,6.1.187-android14-11-SAGA,49646d1b0cd1,cc_governor,cc_governor,97237,52108,170401,252865,73153,25,36615,14164,75542,97080,38932,2292,adios,0,adios,0,adios,0,51.8,48.9,,35.0,51.9,40.3,42,3798000,-410700,35.0,,,17.77,107040,,1,2000
1790125352,2026-09-23T01:02:32Z,23477,1790101943,6.1.187-android14-11-SAGA,49646d1b0cd1,cc_governor,cc_governor,123207,54499,213064,305690,89854,33,45597,15210,94562,118795,48978,2649,adios,0,adios,0,adios,0,50.3,49.3,,35.0,53.4,41.2,42,3798000,-718900,35.0,,,18.28,131300,,1,2000
1790125387,2026-09-23T01:03:07Z,23513,1790101943,6.1.187-android14-11-SAGA,49646d1b0cd1,cc_governor,cc_governor,130389,61377,234736,338633,104365,38,47901,18216,103814,132184,55929,2950,adios,0,adios,0,adios,0,46.0,46.2,,36.0,50.3,40.3,42,3788000,-516900,36.0,,,18.74,124116,,1,2000
1790125423,2026-09-23T01:03:43Z,23548,1790101943,6.1.187-android14-11-SAGA,49646d1b0cd1,cc_governor,cc_governor,137106,70626,253628,370778,116539,41,49655,22698,111036,145036,61385,3252,adios,0,adios,0,adios,0,45.8,46.2,,36.0,47.7,39.9,42,3795000,-371000,36.0,,,18.21,103480,,1,2000
1790125458,2026-09-23T01:04:18Z,23583,1790101943,6.1.187-android14-11-SAGA,49646d1b0cd1,cc_governor,cc_governor,142799,84150,267011,400949,124212,42,50263,28842,114440,155352,64177,3531,adios,0,adios,0,adios,0,45.4,46.3,,36.0,48.6,40.0,42,3795000,-427200,36.0,,,18.37,125404,,1,2000
1790125492,2026-09-23T01:04:52Z,23618,1790101943,6.1.187-android14-11-SAGA,49646d1b0cd1,cc_governor,cc_governor,149136,92474,286670,432339,137534,44,50962,32797,120071,165436,69109,3800,adios,0,adios,0,adios,0,45.5,45.1,,36.0,51.1,40.0,42,3798000,-578600,36.0,,,17.99,130028,,1,2000
1790125527,2026-09-23T01:05:27Z,23653,1790101943,6.1.187-android14-11-SAGA,49646d1b0cd1,cc_governor,cc_governor,154248,105056,300570,461794,146322,46,51477,38246,123793,175019,72316,4102,adios,0,adios,0,adios,0,45.5,45.5,43.2,36.0,49.1,40.0,42,3803000,-651200,36.0,,,18.08,105804,,1,2000
1790125562,2026-09-23T01:06:02Z,23688,1790101943,6.1.187-android14-11-SAGA,49646d1b0cd1,cc_governor,cc_governor,161864,117350,316953,493712,155112,48,53280,43643,128980,186702,75705,4404,adios,0,adios,0,adios,0,46.2,45.8,,36.0,48.4,40.2,42,3786000,-689600,36.0,,,18.42,124904,,1,2000
1790125598,2026-09-23T01:06:38Z,23723,1790101943,6.1.187-android14-11-SAGA,49646d1b0cd1,cc_governor,cc_governor,167297,129568,331693,523827,164421,50,53695,48697,132882,196136,79196,4708,adios,0,adios,0,adios,0,45.6,46.1,,36.0,49.6,40.2,42,3793000,-347900,36.0,,,18.56,137004,,1,2000
1790125633,2026-09-23T01:07:13Z,23758,1790101943,6.1.187-android14-11-SAGA,49646d1b0cd1,cc_governor,cc_governor,172978,139711,348885,554578,175920,53,54367,52958,138021,206059,83670,4999,adios,0,adios,0,adios,0,45.7,45.5,,36.0,50.0,40.5,42,3797000,-634700,36.0,,,18.81,106632,,1,2000
1790125668,2026-09-23T01:07:48Z,23793,1790101943,6.1.187-android14-11-SAGA,49646d1b0cd1,cc_governor,cc_governor,179712,149582,367238,586239,187519,58,56265,57156,144698,217980,88431,5311,adios,0,adios,0,adios,0,46.3,47.1,,36.0,50.3,40.5,42,3801000,-624300,36.0,,,18.50,134844,,1,2000
1790125703,2026-09-23T01:08:23Z,23828,1790101943,6.1.187-android14-11-SAGA,49646d1b0cd1,cc_governor,cc_governor,186123,153390,391380,617607,205252,60,57118,58593,153175,228558,96062,5612,adios,0,adios,0,adios,0,45.5,46.0,,36.0,49.3,40.4,42,3800000,-661600,36.0,,,18.41,106268,,1,2000
1790125738,2026-09-23T01:08:58Z,23864,1790101943,6.1.187-android14-11-SAGA,49646d1b0cd1,cc_governor,cc_governor,206597,159138,425298,665689,218670,66,69960,62190,176273,258243,106312,5921,adios,0,adios,0,adios,0,52.2,51.0,48.4,37.0,53.2,42.8,41,3783000,-604200,37.0,,,22.99,123092,,1,2000
1790125774,2026-09-23T01:09:34Z,23900,1790101943,6.1.187-android14-11-SAGA,49646d1b0cd1,cc_governor,cc_governor,219363,164201,454558,708130,235218,71,72655,64577,188650,273862,116010,6288,adios,0,adios,0,adios,0,51.2,51.3,48.6,37.0,53.8,42.5,41,3790000,-493700,37.0,,,20.95,100800,,1,2000
1790125810,2026-09-23T01:10:10Z,23936,1790101943,6.1.187-android14-11-SAGA,49646d1b0cd1,cc_governor,cc_governor,240570,167545,491918,757835,251338,74,82007,66474,208810,297503,126803,6639,adios,0,adios,0,adios,0,48.5,49.6,,37.0,51.7,42.3,41,3787000,-402800,37.0,,,21.20,90168,,1,2000
1790125845,2026-09-23T01:10:45Z,23971,1790101943,6.1.187-android14-11-SAGA,49646d1b0cd1,cc_governor,cc_governor,250246,179990,509848,792473,259626,76,83275,72172,214981,310663,131713,6934,adios,0,adios,0,adios,0,48.4,48.8,,37.0,53.6,42.0,41,3791000,-704900,37.0,,,20.71,155484,,1,2000
1790125880,2026-09-23T01:11:21Z,24006,1790101943,6.1.187-android14-11-SAGA,49646d1b0cd1,cc_governor,cc_governor,265249,183675,540678,830500,275375,78,84800,74578,225131,324322,140310,7218,adios,0,adios,0,adios,13,52.0,50.2,,37.0,52.1,42.1,41,3790000,-402800,38.0,,,19.31,78552,,1,2000
1790125916,2026-09-23T01:11:56Z,24041,1790101943,6.1.187-android14-11-SAGA,49646d1b0cd1,cc_governor,cc_governor,278844,190111,567337,867158,288449,79,85953,77956,233347,336903,147416,7503,adios,0,adios,0,adios,0,49.1,48.2,,38.0,51.0,41.9,41,3790000,-617600,38.0,,,19.28,171264,,1,2000
1790125951,2026-09-23T01:12:31Z,24076,1790101943,6.1.187-android14-11-SAGA,49646d1b0cd1,cc_governor,cc_governor,287964,198162,589679,901000,301730,80,86638,81427,240284,347932,153651,7795,adios,0,adios,0,adios,0,47.9,47.5,,38.0,49.5,41.7,41,3791000,-709800,38.0,,,19.08,134704,,1,2000
1790125986,2026-09-23T01:13:06Z,24112,1790101943,6.1.187-android14-11-SAGA,49646d1b0cd1,cc_governor,cc_governor,296873,210012,607999,934716,311135,80,87272,87073,244326,358228,157061,8085,adios,0,adios,0,adios,0,47.1,49.4,,38.0,51.5,42.0,41,3791000,-459500,38.0,,,18.95,165704,,1,2000
1790126021,2026-09-23T01:13:41Z,24147,1790101943,6.1.187-android14-11-SAGA,49646d1b0cd1,cc_governor,cc_governor,307009,219059,629605,968636,322609,81,88209,91067,250661,369264,162462,8361,adios,0,adios,0,adios,0,47.2,48.0,,38.0,50.3,41.7,41,3799000,-440000,38.0,,,19.08,181604,,1,2000
1790126056,2026-09-23T01:14:16Z,24182,1790101943,6.1.187-android14-11-SAGA,49646d1b0cd1,cc_governor,cc_governor,316820,228616,650481,1002196,333686,82,88987,95475,256404,380067,167423,8646,adios,0,adios,0,adios,0,47.7,47.8,,38.0,51.8,42.0,41,3791000,-523000,38.0,,,19.00,187348,,1,2000
1790126091,2026-09-23T01:14:51Z,24217,1790101943,6.1.187-android14-11-SAGA,49646d1b0cd1,cc_governor,cc_governor,328225,237737,673484,1037588,345251,84,90100,99083,262265,390235,172165,8926,adios,0,adios,0,adios,0,49.5,47.1,,38.0,49.7,41.6,41,3779000,-498000,38.0,,,18.25,119660,,1,2000
1790126126,2026-09-23T01:15:26Z,24252,1790101943,6.1.187-android14-11-SAGA,49646d1b0cd1,cc_governor,cc_governor,351409,241848,709211,1084451,357701,89,100388,100454,278999,409479,178581,9238,adios,0,adios,0,adios,0,55.9,54.6,,38.0,63.7,44.3,40,3780000,-502900,38.0,,,18.27,230116,,1,2000
1790126163,2026-09-23T01:16:03Z,24288,1790101943,6.1.187-android14-11-SAGA,49646d1b0cd1,cc_governor,cc_governor,372872,244848,743176,1130408,370304,114,115084,102183,300448,436958,185364,9646,adios,0,adios,0,adios,0,46.8,52.1,,38.0,50.4,42.4,40,3782000,-640800,38.0,,,17.97,95220,,1,2000
1790126198,2026-09-23T01:16:38Z,24323,1790101943,6.1.187-android14-11-SAGA,49646d1b0cd1,cc_governor,cc_governor,375257,250140,753860,1147991,378616,115,116846,103246,303570,442456,186727,9918,adios,0,adios,0,adios,0,45.1,45.6,,38.0,47.9,40.9,40,3780000,-827600,37.0,,,16.86,116884,,1,2000
1790126233,2026-09-23T01:17:13Z,24359,1790101943,6.1.187-android14-11-SAGA,49646d1b0cd1,cc_governor,cc_governor,375936,254954,759267,1159031,383343,116,117014,104125,304617,444453,187607,10223,adios,0,adios,0,adios,0,43.6,44.7,,37.0,47.1,40.0,40,3797000,-332600,37.0,,,16.17,114872,,1,2000
1790126269,2026-09-23T01:17:49Z,24394,1790101943,6.1.187-android14-11-SAGA,49646d1b0cd1,cc_governor,cc_governor,377553,259360,766809,1172238,389256,121,117278,105181,306029,447120,188751,10527,adios,0,adios,0,adios,0,44.0,43.6,,37.0,46.9,39.8,40,3799000,-253200,37.0,,,16.50,120052,,1,2000
1790126304,2026-09-23T01:18:24Z,24430,1790101943,6.1.187-android14-11-SAGA,49646d1b0cd1,cc_governor,cc_governor,385082,265100,780543,1195112,395376,123,122029,106992,313892,457859,191869,10827,adios,0,adios,0,adios,0,54.6,49.1,,37.0,50.8,41.4,40,3786000,-492500,37.0,,,17.60,206100,,1,2000
1790126340,2026-09-23T01:19:00Z,24465,1790101943,6.1.187-android14-11-SAGA,49646d1b0cd1,cc_governor,cc_governor,418741,266629,825479,1252369,406724,124,138358,107737,339045,485748,200687,11112,adios,0,adios,0,adios,0,53.9,56.1,53.0,37.0,67.0,44.1,40,3779000,-905700,37.0,,,21.67,77672,,1,2000
1790126440,2026-09-23T01:20:40Z,24566,1790101943,6.1.187-android14-11-SAGA,49646d1b0cd1,cc_governor,cc_governor,31500,84,34350,43642,2779,9,17249,59,22611,23704,5323,25,adios,0,adios,0,adios,0,56.5,55.2,,36.0,64.5,43.6,40,3752000,-1016800,36.0,,,24.78,181100,,1,2000
1790126477,2026-09-23T01:21:17Z,24602,1790101943,6.1.187-android14-11-SAGA,49646d1b0cd1,cc_governor,cc_governor,51147,4223,68044,87797,16892,24,32573,1578,47465,52114,14892,402,adios,0,adios,0,adios,0,55.2,51.9,,37.0,52.9,42.2,40,3789000,-340500,37.0,,,21.94,80792,,1,2000
1790126513,2026-09-23T01:21:53Z,24639,1790101943,6.1.187-android14-11-SAGA,49646d1b0cd1,cc_governor,cc_governor,70950,8325,103071,130995,32114,45,37343,3360,60528,68658,23185,767,adios,0,adios,0,adios,0,44.6,44.7,,37.0,47.6,40.2,40,3797000,-308800,37.0,,,19.96,166536,,1,2000
1790126548,2026-09-23T01:22:28Z,24674,1790101943,6.1.187-android14-11-SAGA,49646d1b0cd1,cc_governor,cc_governor,78989,19566,118568,159343,39577,48,38717,4949,64292,74289,25575,1065,adios,0,adios,0,adios,0,43.9,43.8,,37.0,45.9,39.6,40,3795000,-455300,37.0,,,18.14,106008,,1,2000
1790126584,2026-09-23T01:23:04Z,24709,1790101943,6.1.187-android14-11-SAGA,49646d1b0cd1,cc_governor,cc_governor,82260,27152,132415,181871,50155,51,39251,6487,65937,78180,26686,1368,adios,0,adios,0,adios,0,43.0,43.3,,36.0,48.2,39.3,39,3786000,-480900,36.0,,,17.23,82684,,1,2000
1790126619,2026-09-23T01:23:39Z,24745,1790101943,6.1.187-android14-11-SAGA,49646d1b0cd1,cc_governor,cc_governor,88385,38649,145469,207955,57102,53,40012,8080,68498,82537,28492,1691,adios,0,adios,0,adios,0,44.9,46.9,,36.0,48.6,39.8,39,3790000,-355800,36.0,,,16.57,111416,,1,2000
1790126654,2026-09-23T01:24:14Z,24780,1790101943,6.1.187-android14-11-SAGA,49646d1b0cd1,cc_governor,cc_governor,109540,44598,179931,252380,70348,54,45950,10387,79547,97003,33601,1965,adios,0,adios,0,adios,0,49.3,50.3,,36.0,46.5,39.9,39,3789000,-203800,36.0,,,17.50,143764,,1,2000
1790127147,2026-09-23T01:32:27Z,25272,1790101943,6.1.187-android14-11-SAGA,49646d1b0cd1,cc_governor,cc_governor,7,1,518,541,503,0,20,18,66,39,18,1,adios,0,adios,0,adios,0,40.2,40.2,,34.0,38.9,35.4,39,3810000,-250800,34.0,,,16.28,124708,,1,2000
1790127268,2026-09-23T01:34:28Z,25393,1790101943,6.1.187-android14-11-SAGA,49646d1b0cd1,cc_governor,cc_governor,20391,2642,32337,42540,11954,16,9506,1084,16045,20354,6544,60,adios,0,adios,0,adios,0,43.1,44.6,,35.0,46.2,38.6,39,3789000,-284400,35.0,,,32.48,82104,,1,2000
1790127303,2026-09-23T01:35:03Z,25428,1790101943,6.1.187-android14-11-SAGA,49646d1b0cd1,cc_governor,cc_governor,21054,8935,40306,57572,19267,19,9517,1934,16674,21910,7160,360,adios,0,adios,0,adios,0,40.8,41.4,,35.0,44.0,37.6,39,3795000,-455300,35.0,,,25.02,151408,,1,2000
1790127338,2026-09-23T01:35:38Z,25464,1790101943,6.1.187-android14-11-SAGA,49646d1b0cd1,cc_governor,cc_governor,26426,18203,49747,78118,23321,21,10970,3308,19789,26902,8819,655,adios,0,adios,0,adios,0,41.1,41.4,,35.0,44.7,37.5,39,3800000,-253200,35.0,,,21.04,111948,,1,2000
1790127373,2026-09-23T01:36:13Z,25499,1790101943,6.1.187-android14-11-SAGA,49646d1b0cd1,cc_governor,cc_governor,26943,28708,52789,92416,25861,22,10997,4735,19917,28478,8925,947,adios,0,adios,0,adios,0,43.6,54.0,44.6,35.0,56.6,39.7,39,3772000,-826400,35.0,,,18.69,112704,,1,2000
1790127410,2026-09-23T01:36:50Z,25536,1790101943,6.1.187-android14-11-SAGA,49646d1b0cd1,cc_governor,cc_governor,46726,32204,89777,142711,43054,62,16254,6504,34572,46371,18331,1362,adios,0,adios,0,adios,0,47.8,47.8,,35.0,48.1,39.8,39,3766000,-687200,35.0,,,18.82,85312,,1,2000
1790127446,2026-09-23T01:37:26Z,25571,1790101943,6.1.187-android14-11-SAGA,49646d1b0cd1,cc_governor,cc_governor,61432,41041,116032,184393,54600,64,19026,11210,42635,59641,23609,1713,adios,0,adios,0,adios,0,45.1,45.4,46.0,35.0,57.5,41.1,39,3775000,-523000,35.0,,,17.57,138432,,1,2000
1790127490,2026-09-23T01:38:10Z,25615,1790101943,6.1.187-android14-11-SAGA,49646d1b0cd1,cc_governor,cc_governor,12667,1004,19377,23654,6710,5,7139,298,10095,11632,2956,58,adios,0,adios,0,adios,9,44.6,44.2,,35.0,46.5,39.4,39,3775000,-557800,35.0,,,17.02,101568,,1,2000
1790127525,2026-09-23T01:38:45Z,25650,1790101943,6.1.187-android14-11-SAGA,49646d1b0cd1,cc_governor,cc_governor,15907,10976,28456,44372,12548,7,7499,2459,11735,15746,4236,358,adios,0,adios,0,adios,0,42.3,42.4,,35.0,45.4,38.5,39,3784000,-371000,35.0,,,16.52,118900,,1,2000
1790127560,2026-09-23T01:39:20Z,25686,1790101943,6.1.187-android14-11-SAGA,49646d1b0cd1,cc_governor,cc_governor,21686,21666,38567,67440,16896,9,8603,4811,14084,20676,5485,660,adios,0,adios,0,adios,0,42.7,42.9,,35.0,45.2,38.5,39,3784000,-454100,35.0,,,16.19,96424,,1,2000
1790127596,2026-09-23T01:39:56Z,25721,1790101943,6.1.187-android14-11-SAGA,49646d1b0cd1,cc_governor,cc_governor,22765,29852,45036,82977,22271,11,8805,6242,14868,23662,6063,966,adios,0,adios,0,adios,0,41.5,42.6,,35.0,45.0,38.1,38,3784000,-405800,35.0,,,15.96,82880,,1,2000
1790127631,2026-09-23T01:40:31Z,25757,1790101943,6.1.187-android14-11-SAGA,49646d1b0cd1,cc_governor,cc_governor,23286,37107,50962,96920,27676,12,8820,7004,15528,25302,6708,1266,adios,0,adios,0,adios,0,41.4,42.9,,35.0,44.7,37.9,38,3796000,-399100,35.0,,,16.09,120348,,1,2000
1790127666,2026-09-23T01:41:06Z,25792,1790101943,6.1.187-android14-11-SAGA,49646d1b0cd1,cc_governor,cc_governor,24463,45287,56373,111427,31910,15,8873,8410,15870,27081,6997,1561,adios,0,adios,0,adios,0,41.7,42.0,,35.0,44.4,37.9,38,3787000,-527300,35.0,,,15.82,111820,,1,2000
1790127747,2026-09-23T01:42:27Z,25872,1790101943,6.1.187-android14-11-SAGA,49646d1b0cd1,cc_governor,cc_governor,13,0,163,172,162,0,16,0,72,75,61,18,adios,0,adios,0,adios,0,40.3,40.6,,35.0,54.4,38.2,38,3765000,-744600,35.0,,,16.32,166400,,1,2000
1790127810,2026-09-23T01:43:30Z,25935,1790101943,6.1.187-android14-11-SAGA,49646d1b0cd1,cc_governor,cc_governor,21563,4213,31466,41188,9908,50,8634,525,15308,17106,6687,313,adios,0,adios,0,adios,2,50.2,46.7,,35.0,48.2,39.5,38,3777000,-458300,35.0,,,17.96,121880,,1,2000
1790127845,2026-09-23T01:44:05Z,25970,1790101943,6.1.187-android14-11-SAGA,49646d1b0cd1,cc_governor,cc_governor,31887,13525,53572,75124,21661,50,9469,2724,19397,23614,9928,613,adios,0,adios,0,adios,0,43.4,43.7,,35.0,46.3,38.7,38,3792000,-496800,35.0,,,17.50,100564,,1,2000
1790127880,2026-09-23T01:44:40Z,26005,1790101943,6.1.187-android14-11-SAGA,49646d1b0cd1,cc_governor,cc_governor,40203,27611,68213,106200,27999,52,9670,6262,20776,28707,11114,906,adios,0,adios,0,adios,0,43.5,43.5,,35.0,46.6,38.7,38,3775000,-408300,35.0,,,17.73,129192,,1,2000
1790127916,2026-09-23T01:45:16Z,26041,1790101943,6.1.187-android14-11-SAGA,49646d1b0cd1,cc_governor,cc_governor,47402,37747,85786,136671,38378,54,10533,10831,25977,38985,15439,1209,adios,0,adios,0,adios,0,44.1,44.3,,35.0,47.9,39.1,38,3761000,-379000,35.0,,,17.70,74280,,1,2000
1790127951,2026-09-23T01:45:51Z,26076,1790101943,6.1.187-android14-11-SAGA,49646d1b0cd1,cc_governor,cc_governor,51452,51544,96774,164041,45322,55,10939,16162,29109,47750,18170,1520,adios,0,adios,0,adios,0,44.2,44.4,,36.0,47.4,39.1,38,3790000,-507800,35.0,,,18.06,99908,,1,2000
1790127986,2026-09-23T01:46:26Z,26111,1790101943,6.1.187-android14-11-SAGA,49646d1b0cd1,cc_governor,cc_governor,67492,57666,126909,204704,59403,57,18082,19230,45635,68473,27461,1813,adios,0,adios,0,adios,0,50.7,48.0,46.5,36.0,52.0,41.1,38,3765000,-614000,36.0,,,18.16,138444,,1,2000
1790128022,2026-09-23T01:47:02Z,26147,1790101943,6.1.187-android14-11-SAGA,49646d1b0cd1,cc_governor,cc_governor,99853,58746,176810,263899,76884,63,32715,20211,76125,100761,43417,2176,adios,0,adios,0,adios,0,50.0,49.1,,36.0,55.9,41.8,38,3739000,-808700,36.0,,,19.32,90816,,1,2000
1790128057,2026-09-23T01:47:37Z,26183,1790101943,6.1.187-android14-11-SAGA,49646d1b0cd1,cc_governor,cc_governor,131989,59596,226101,322976,94055,69,51216,20780,109352,136817,58078,2550,adios,0,adios,0,adios,0,60.2,61.0,53.1,36.0,66.5,44.4,38,3767000,-444300,37.0,,,21.25,119668,,1,2000
1790128095,2026-09-23T01:48:15Z,26220,1790101943,6.1.187-android14-11-SAGA,49646d1b0cd1,cc_governor,cc_governor,147425,63214,257540,366456,110132,139,60749,22180,127789,161732,67045,3050,adios,0,adios,0,adios,0,47.8,49.9,,37.0,51.4,41.9,37,3771000,-549900,37.0,,,19.20,238104,,1,2000
1790128130,2026-09-23T01:48:50Z,26256,1790101943,6.1.187-android14-11-SAGA,49646d1b0cd1,cc_governor,cc_governor,160544,67477,286287,406467,125735,143,70688,25131,147489,186181,76805,3367,adios,0,adios,0,adios,0,50.7,49.6,47.6,37.0,54.1,42.9,37,3771000,-575500,37.0,,,18.78,73696,,1,2000
1790128166,2026-09-23T01:49:26Z,26291,1790101943,6.1.187-android14-11-SAGA,49646d1b0cd1,cc_governor,cc_governor,172740,68352,319276,446566,146531,150,73326,25424,158904,198521,85583,3675,adios,0,adios,0,adios,0,47.4,47.2,,37.0,50.8,41.6,37,3775000,-567000,37.0,,,18.39,97724,,1,2000
1790128201,2026-09-23T01:50:01Z,26326,1790101943,6.1.187-android14-11-SAGA,49646d1b0cd1,cc_governor,cc_governor,180900,69538,348046,481921,167154,152,74048,25858,166358,206726,92317,3989,adios,0,adios,0,adios,0,46.1,46.2,,37.0,50.6,41.1,37,3781000,-409500,37.0,,,17.95,118684,,1,2000
1790128237,2026-09-23T01:50:37Z,26362,1790101943,6.1.187-android14-11-SAGA,49646d1b0cd1,cc_governor,cc_governor,182952,69810,366512,504947,183577,155,74084,25893,168953,209445,94873,4320,adios,0,adios,0,adios,0,44.7,45.4,,37.0,48.8,40.7,37,3780000,-390600,37.0,,,16.88,114372,,1,2000
1790128272,2026-09-23T01:51:12Z,26397,1790101943,6.1.187-android14-11-SAGA,49646d1b0cd1,cc_governor,cc_governor,183610,77809,371996,519364,188386,157,74087,26375,169900,210988,95813,4635,adios,0,adios,0,adios,0,43.8,45.6,,37.0,46.9,40.3,37,3786000,-322800,37.0,,,16.35,126316,,1,2000
1790128307,2026-09-23T01:51:47Z,26432,1790101943,6.1.187-android14-11-SAGA,49646d1b0cd1,cc_governor,cc_governor,186399,87160,378188,536086,191785,159,74647,28512,170727,214066,96095,4949,adios,0,adios,0,adios,0,45.8,45.8,,37.0,49.3,40.5,37,3775000,-451600,37.0,,,17.51,102468,,1,2000
1790128342,2026-09-23T01:52:22Z,26468,1790101943,6.1.187-android14-11-SAGA,49646d1b0cd1,cc_governor,cc_governor,197527,90413,406973,572853,209469,160,78804,30188,182828,228714,104036,5260,adios,0,adios,0,adios,0,48.5,48.5,,37.0,51.2,41.5,37,3769000,-624300,37.0,,,18.19,111144,,1,2000
1790128378,2026-09-23T01:52:58Z,26503,1790101943,6.1.187-android14-11-SAGA,49646d1b0cd1,cc_governor,cc_governor,213222,91575,441719,615783,228495,162,86427,30877,200415,248764,113995,5554,adios,0,adios,0,adios,0,46.8,47.1,44.8,37.0,50.1,41.5,37,3761000,-548700,37.0,,,18.35,124032,,1,2000
1790128413,2026-09-23T01:53:33Z,26538,1790101943,6.1.187-android14-11-SAGA,49646d1b0cd1,cc_governor,cc_governor,225784,91967,475319,654407,249506,163,88875,31029,210106,258977,121243,5848,adios,0,adios,0,adios,0,48.9,48.0,,37.0,53.4,41.9,37,3753000,-650000,37.0,,,17.71,165564,,1,2000
1790128448,2026-09-23T01:54:08Z,26573,1790101943,6.1.187-android14-11-SAGA,49646d1b0cd1,cc_governor,cc_governor,234336,92407,505346,690406,271010,167,89433,31190,217803,267129,128370,6165,adios,0,adios,0,adios,0,47.3,47.3,,38.0,52.8,41.5,37,3774000,-643300,37.0,,,17.85,166920,,1,2000
1790128483,2026-09-23T01:54:43Z,26608,1790101943,6.1.187-android14-11-SAGA,49646d1b0cd1,cc_governor,cc_governor,242860,92958,535386,726606,292531,169,89976,31398,224962,274796,134993,6489,adios,0,adios,0,adios,0,46.7,46.9,,37.0,49.7,41.4,37,3778000,-537100,37.0,,,17.02,124972,,1,2000
1790128518,2026-09-23T01:55:18Z,26644,1790101943,6.1.187-android14-11-SAGA,49646d1b0cd1,cc_governor,cc_governor,251546,93704,565383,762938,313847,174,90658,31667,232378,282808,141725,6809,adios,0,adios,0,adios,0,46.9,48.1,,37.0,49.9,41.4,36,3768000,-519400,37.0,,,16.91,98276,,1,2000
1790128554,2026-09-23T01:55:54Z,26679,1790101943,6.1.187-android14-11-SAGA,49646d1b0cd1,cc_governor,cc_governor,260736,94481,592838,797452,332120,178,93076,31934,240106,291509,147036,7149,adios,0,adios,0,adios,0,46.6,45.9,,38.0,48.0,41.2,36,3775000,-688400,38.0,,,16.53,87188,,1,2000
1790128590,2026-09-23T01:56:30Z,26715,1790101943,6.1.187-android14-11-SAGA,49646d1b0cd1,cc_governor,cc_governor,266569,101112,611539,826388,344964,181,94207,33813,244940,298426,150733,7491,adios,0,adios,0,adios,0,46.1,48.0,,38.0,49.9,41.3,36,3766000,-607900,38.0,,,16.48,113380,,1,2000
1790128625,2026-09-23T01:57:05Z,26750,1790101943,6.1.187-android14-11-SAGA,49646d1b0cd1,cc_governor,cc_governor,273265,114368,625749,855377,352480,183,94932,38069,247665,305576,152733,7786,adios,0,adios,0,adios,0,46.6,46.3,,38.0,49.6,41.1,36,3770000,-651200,38.0,,,17.40,119344,,1,2000
1790128660,2026-09-23T01:57:40Z,26785,1790101943,6.1.187-android14-11-SAGA,49646d1b0cd1,cc_governor,cc_governor,281196,118721,651013,889735,369839,185,95418,39611,253132,312846,157720,8070,adios,0,adios,0,adios,0,47.1,46.4,,38.0,50.1,41.3,36,3771000,-510200,38.0,,,17.08,127180,,1,2000
1790128695,2026-09-23T01:58:15Z,26820,1790101943,6.1.187-android14-11-SAGA,49646d1b0cd1,cc_governor,cc_governor,287441,131265,665802,919614,378359,187,96260,43053,256971,320332,160711,8383,adios,0,adios,0,adios,0,46.0,46.2,,37.0,50.0,41.0,36,3774000,-514500,37.0,,,16.99,105736,,1,2000
1790128730,2026-09-23T01:58:50Z,26855,1790101943,6.1.187-android14-11-SAGA,49646d1b0cd1,cc_governor,cc_governor,295134,140000,686271,953109,391139,189,96800,46068,260927,327512,164134,8685,adios,0,adios,0,adios,0,46.2,47.7,,37.0,50.7,41.2,36,3765000,-546200,38.0,,,16.82,112376,,1,2000
1790128765,2026-09-23T01:59:25Z,26890,1790101943,6.1.187-android14-11-SAGA,49646d1b0cd1,cc_governor,cc_governor,302635,147347,707779,984910,405147,191,97409,47962,265855,334508,168450,8986,adios,0,adios,0,adios,0,45.5,47.8,,37.0,50.3,41.0,36,3774000,-532200,37.0,,,16.64,118812,,1,2000
1790128800,2026-09-23T02:00:00Z,26925,1790101943,6.1.187-android14-11-SAGA,49646d1b0cd1,cc_governor,cc_governor,309618,156523,726910,1017063,417284,193,98129,50670,270335,341969,172207,9289,adios,0,adios,0,adios,0,49.1,47.5,,37.0,51.0,41.3,36,3765000,-452800,38.0,,,16.82,91468,,1,2000
1790128835,2026-09-23T02:00:35Z,26961,1790101943,6.1.187-android14-11-SAGA,49646d1b0cd1,cc_governor,cc_governor,317507,164946,747368,1049412,429841,196,99299,52964,275883,350344,176584,9593,adios,0,adios,0,adios,0,46.1,46.3,,38.0,49.7,41.1,36,3772000,-510200,37.0,,,17.21,124380,,1,2000
1790128871,2026-09-23T02:01:11Z,26996,1790101943,6.1.187-android14-11-SAGA,49646d1b0cd1,cc_governor,cc_governor,325661,173592,768284,1082316,442630,198,100971,55955,281353,359284,180394,9887,adios,0,adios,0,adios,0,47.0,48.1,,37.0,49.6,41.4,36,3762000,-563900,37.0,,,18.00,84728,,1,2000
1790128906,2026-09-23T02:01:46Z,27031,1790101943,6.1.187-android14-11-SAGA,49646d1b0cd1,cc_governor,cc_governor,333281,178871,791961,1115240,458672,200,101592,57462,287113,366853,185521,10211,adios,0,adios,0,adios,0,45.7,45.7,,37.0,49.2,41.1,36,3769000,-352100,38.0,,,18.14,130240,,1,2000
1790128941,2026-09-23T02:02:21Z,27066,1790101943,6.1.187-android14-11-SAGA,49646d1b0cd1,cc_governor,cc_governor,340491,187611,811609,1146486,471131,201,102357,60091,291631,374213,189290,10501,adios,0,adios,0,adios,0,46.4,47.5,,37.0,49.8,41.1,36,3772000,-510800,37.0,,,17.94,121188,,1,2000
1790128976,2026-09-23T02:02:56Z,27101,1790101943,6.1.187-android14-11-SAGA,49646d1b0cd1,cc_governor,cc_governor,348432,190895,837958,1180654,489526,203,102945,61003,297908,381660,194963,10796,adios,0,adios,0,adios,0,46.4,46.2,,37.0,50.8,41.1,35,3748000,-570600,37.0,,,17.86,133724,,1,2000
1790129011,2026-09-23T02:03:31Z,27137,1790101943,6.1.187-android14-11-SAGA,49646d1b0cd1,cc_governor,cc_governor,354104,208038,847169,1208514,493054,205,103662,66356,299516,388855,195854,11086,adios,0,adios,0,adios,0,45.6,45.7,,37.0,48.9,40.9,35,3775000,-618200,37.0,,,18.39,122576,,1,2000
1790129046,2026-09-23T02:04:06Z,27172,1790101943,6.1.187-android14-11-SAGA,49646d1b0cd1,cc_governor,cc_governor,362279,211255,873762,1243347,511489,207,104234,67442,305649,396279,201426,11377,adios,0,adios,0,adios,0,46.5,47.1,,37.0,49.8,41.1,35,3756000,-452800,37.0,,,18.37,124460,,1,2000
1790129081,2026-09-23T02:04:41Z,27207,1790101943,6.1.187-android14-11-SAGA,49646d1b0cd1,cc_governor,cc_governor,368853,222465,889963,1272998,521122,209,105355,70571,310101,404146,204754,11690,adios,0,adios,0,adios,0,45.4,45.9,,38.0,48.4,41.0,35,3770000,-402800,37.0,,,18.13,119384,,1,2000
1790129116,2026-09-23T02:05:16Z,27242,1790101943,6.1.187-android14-11-SAGA,49646d1b0cd1,cc_governor,cc_governor,376486,229273,912158,1305635,535672,210,105916,72784,314763,411242,208855,12001,adios,0,adios,0,adios,0,46.4,46.8,,38.0,49.4,41.1,35,3770000,-361900,37.0,,,17.96,122496,,1,2000
1790129152,2026-09-23T02:05:52Z,27277,1790101943,6.1.187-android14-11-SAGA,49646d1b0cd1,cc_governor,cc_governor,381801,233074,932256,1332811,550455,211,106579,73126,319847,417055,213268,12318,adios,0,adios,0,adios,0,44.3,44.7,,37.0,47.8,40.7,35,3763000,-766600,38.0,,,17.19,112804,,1,2000
1790129187,2026-09-23T02:06:27Z,27313,1790101943,6.1.187-android14-11-SAGA,49646d1b0cd1,cc_governor,cc_governor,388903,244741,948194,1362117,559311,217,107874,76570,324168,425073,216300,12649,adios,0,adios,0,adios,0,46.3,46.9,,37.0,50.3,40.9,35,3771000,-643300,37.0,,,16.86,130448,,1,2000
1790129222,2026-09-23T02:07:02Z,27348,1790101943,6.1.187-android14-11-SAGA,49646d1b0cd1,cc_governor,cc_governor,398692,252818,969572,1395861,570889,219,110857,79574,330842,435395,219992,12952,adios,0,adios,0,adios,0,45.3,46.0,,38.0,48.5,41.1,35,3760000,-498000,37.0,,,16.98,175336,,1,2000
1790129258,2026-09-23T02:07:38Z,27383,1790101943,6.1.187-android14-11-SAGA,49646d1b0cd1,cc_governor,cc_governor,401998,255978,986552,1419686,584553,223,111357,80592,334135,439900,222778,13271,adios,0,adios,0,adios,0,46.7,46.3,,37.0,50.7,41.0,35,3765000,-431500,37.0,,,16.73,161476,,1,2000
1790129293,2026-09-23T02:08:13Z,27418,1790101943,6.1.187-android14-11-SAGA,49646d1b0cd1,cc_governor,cc_governor,407693,273582,995368,1447556,587668,225,112112,86107,335713,447210,223601,13588,adios,0,adios,0,adios,0,46.2,46.2,,37.0,48.7,40.9,35,3771000,-422300,37.0,,,16.89,151240,,1,2000
1790129328,2026-09-23T02:08:48Z,27453,1790101943,6.1.187-android14-11-SAGA,49646d1b0cd1,cc_governor,cc_governor,413807,290854,1005035,1476002,591242,225,112748,91361,337212,454154,224469,13904,adios,0,adios,0,adios,0,45.5,45.6,,37.0,48.7,40.8,35,3774000,-432700,37.0,,,16.87,134396,,1,2000
1790129363,2026-09-23T02:09:23Z,27489,1790101943,6.1.187-android14-11-SAGA,49646d1b0cd1,cc_governor,cc_governor,421512,298199,1026803,1508195,605297,228,113951,93887,342422,462390,228479,14214,adios,0,adios,0,adios,0,46.0,46.3,,37.0,49.9,41.1,35,3752000,-484000,37.0,,,17.17,114516,,1,2000
1790129398,2026-09-23T02:09:58Z,27524,1790101943,6.1.187-android14-11-SAGA,49646d1b0cd1,cc_governor,cc_governor,428939,304093,1049937,1541481,620996,228,114595,95609,348145,470108,233550,14512,adios,0,adios,0,adios,0,45.8,47.5,,37.0,49.9,41.0,35,3754000,-570600,37.0,,,17.18,115608,,1,2000
1790129433,2026-09-23T02:10:33Z,27559,1790101943,6.1.187-android14-11-SAGA,49646d1b0cd1,cc_governor,cc_governor,433767,317077,1059910,1565825,626154,229,115373,98504,350778,475764,235408,14829,adios,0,adios,0,adios,0,44.6,44.4,,37.0,47.8,40.5,35,3773000,-249600,37.0,,,16.59,78692,,1,2000
1790129469,2026-09-23T02:11:09Z,27594,1790101943,6.1.187-android14-11-SAGA,49646d1b0cd1,cc_governor,cc_governor,436717,326537,1067790,1584295,631073,231,116208,100515,352905,480078,236697,15137,adios,0,adios,0,adios,0,45.9,46.0,,37.0,50.1,40.6,35,3770000,-447900,37.0,,,16.81,109852,,1,2000
1790129504,2026-09-23T02:11:44Z,27630,1790101943,6.1.187-android14-11-SAGA,49646d1b0cd1,cc_governor,cc_governor,444410,332856,1090874,1618007,646484,232,116898,102665,358266,487875,241370,15458,adios,0,adios,0,adios,0,46.6,47.4,,37.0,49.1,40.9,35,3766000,-469300,37.0,,,17.13,113568,,1,2000
1790129539,2026-09-23T02:12:19Z,27665,1790101943,6.1.187-android14-11-SAGA,49646d1b0cd1,cc_governor,cc_governor,451142,343195,1108582,1648677,657425,233,117482,105534,362487,495214,245005,15769,adios,0,adios,0,adios,0,45.9,45.8,,37.0,50.5,40.7,34,3767000,-437600,37.0,,,17.27,81180,,1,2000
1790129574,2026-09-23T02:12:54Z,27700,1790101943,6.1.187-android14-11-SAGA,49646d1b0cd1,cc_governor,cc_governor,459564,349406,1132012,1682603,672475,234,118231,108213,367402,503100,249176,16081,adios,0,adios,0,adios,0,46.4,46.0,,37.0,49.4,41.0,34,3766000,-535800,37.0,,,17.23,102128,,1,2000
1790129609,2026-09-23T02:13:29Z,27735,1790101943,6.1.187-android14-11-SAGA,49646d1b0cd1,cc_governor,cc_governor,467644,354977,1155770,1714934,688111,237,119339,109972,373589,511349,254250,16389,adios,0,adios,0,adios,0,45.5,46.0,,37.0,49.4,40.9,34,3768000,-621900,37.0,,,16.97,119428,,1,2000
1790129645,2026-09-23T02:14:05Z,27770,1790101943,6.1.187-android14-11-SAGA,49646d1b0cd1,cc_governor,cc_governor,474541,365263,1173709,1747033,699195,237,119883,113481,377213,518689,257346,16696,adios,0,adios,0,adios,0,46.4,47.5,,37.0,50.1,41.1,34,3761000,-535800,37.0,,,17.82,118864,,1,2000
1790129680,2026-09-23T02:14:40Z,27805,1790101943,6.1.187-android14-11-SAGA,49646d1b0cd1,cc_governor,cc_governor,481761,372671,1194951,1779153,713187,240,120493,115411,382279,525904,261786,17006,adios,0,adios,0,adios,0,46.1,46.8,,38.0,49.8,40.9,34,3763000,-657300,37.0,,,18.01,86352,,1,2000
1790129715,2026-09-23T02:15:15Z,27840,1790101943,6.1.187-android14-11-SAGA,49646d1b0cd1,cc_governor,cc_governor,488806,378567,1217396,1811396,728598,241,121038,117284,387605,533336,266577,17296,adios,0,adios,0,adios,0,47.7,46.4,,37.0,49.5,41.1,34,3760000,-389400,37.0,,,17.69,109116,,1,2000
1790129750,2026-09-23T02:15:50Z,27875,1790101943,6.1.187-android14-11-SAGA,49646d1b0cd1,cc_governor,cc_governor,495941,386055,1238433,1843185,742485,242,121795,119323,392788,540868,270993,17602,adios,0,adios,0,adios,0,46.4,45.9,,37.0,49.7,40.9,34,3768000,-567000,37.0,,,17.76,99920,,1,2000
1790129785,2026-09-23T02:16:25Z,27910,1790101943,6.1.187-android14-11-SAGA,49646d1b0cd1,cc_governor,cc_governor,502628,397692,1254533,1874254,751921,243,122419,123199,395948,548095,273533,17904,adios,0,adios,0,adios,0,46.3,46.1,,37.0,50.4,41.0,34,3762000,-504100,37.0,,,18.87,93744,,1,2000
1790129820,2026-09-23T02:17:00Z,27946,1790101943,6.1.187-android14-11-SAGA,49646d1b0cd1,cc_governor,cc_governor,510262,402863,1278729,1907576,768467,246,122971,124741,401555,555465,278584,18211,adios,0,adios,0,adios,0,45.8,45.8,,37.0,49.0,41.0,34,3765000,-624300,38.0,,,18.22,130844,,1,2000
1790129856,2026-09-23T02:17:36Z,27981,1790101943,6.1.187-android14-11-SAGA,49646d1b0cd1,cc_governor,cc_governor,517266,412150,1297754,1938553,780479,246,123900,127711,406190,563329,282290,18507,adios,0,adios,0,adios,0,46.2,47.8,,37.0,49.4,41.0,34,3756000,-335000,37.0,,,17.64,89092,,1,2000
1790129891,2026-09-23T02:18:11Z,28016,1790101943,6.1.187-android14-11-SAGA,49646d1b0cd1,cc_governor,cc_governor,523295,425962,1310753,1967015,787473,250,124619,131780,409080,570427,284465,18792,adios,0,adios,0,adios,0,45.9,46.0,,37.0,48.9,40.9,34,3767000,-603600,37.0,,,17.73,87572,,1,2000
1790129926,2026-09-23T02:18:46Z,28051,1790101943,6.1.187-android14-11-SAGA,49646d1b0cd1,cc_governor,cc_governor,531903,442012,1323678,1998366,791771,251,127359,136548,414230,580839,286871,19095,adios,0,adios,0,adios,0,48.5,53.5,,37.0,52.7,41.8,34,3740000,-1235300,37.0,,,18.12,144144,,1,2000
1790129961,2026-09-23T02:19:21Z,28087,1790101943,6.1.187-android14-11-SAGA,49646d1b0cd1,cc_governor,cc_governor,542861,445027,1352177,2035998,809325,258,132515,138274,426895,595817,294396,19438,adios,0,adios,0,adios,0,47.6,48.7,,38.0,51.1,41.8,34,3757000,-487600,38.0,,,17.72,91988,,1,2000
1790129997,2026-09-23T02:19:57Z,28122,1790101943,6.1.187-android14-11-SAGA,49646d1b0cd1,cc_governor,cc_governor,551641,445042,1382826,2072651,831202,260,133208,138285,435004,604269,301805,19756,adios,0,adios,0,adios,0,47.4,47.1,,38.0,51.3,41.8,34,3763000,-604200,38.0,,,17.77,127952,,1,2000
1790130032,2026-09-23T02:20:32Z,28157,1790101943,6.1.187-android14-11-SAGA,49646d1b0cd1,cc_governor,cc_governor,561026,446274,1412621,2109724,851609,263,134046,138767,442926,612980,308886,20078,adios,0,adios,0,adios,0,47.2,48.0,,38.0,50.6,41.7,33,3757000,-619500,38.0,,,17.82,96388,,1,2000
1790130067,2026-09-23T02:21:07Z,28193,1790101943,6.1.187-android14-11-SAGA,49646d1b0cd1,cc_governor,cc_governor,570200,446441,1443486,2146844,873285,266,134531,138866,450421,620851,315899,20388,adios,0,adios,0,adios,0,47.6,47.8,,38.0,51.0,41.9,33,3758000,-445500,38.0,,,17.40,123396,,1,2000
1790130102,2026-09-23T02:21:42Z,28228,1790101943,6.1.187-android14-11-SAGA,49646d1b0cd1,cc_governor,cc_governor,579136,446906,1473748,2183410,894630,267,135384,139055,458428,629313,323050,20696,adios,0,adios,0,adios,0,47.2,47.4,,38.0,50.8,41.9,33,3752000,-477200,38.0,,,18.28,135288,,1,2000
1790130138,2026-09-23T02:22:18Z,28263,1790101943,6.1.187-android14-11-SAGA,49646d1b0cd1,cc_governor,cc_governor,587935,446906,1504735,2220626,916809,268,135975,139055,466245,637407,330275,21023,adios,0,adios,0,adios,0,47.7,47.7,,38.0,50.8,41.9,33,3756000,-634700,38.0,,,17.80,106840,,1,2000
1790130173,2026-09-23T02:22:53Z,28298,1790101943,6.1.187-android14-11-SAGA,49646d1b0cd1,cc_governor,cc_governor,596718,447045,1535095,2257356,938379,270,136380,139082,473291,644715,336895,21351,adios,0,adios,0,adios,0,47.7,48.7,,38.0,50.6,41.8,33,3740000,-549900,38.0,,,20.10,85248,,1,2000
1790130208,2026-09-23T02:23:28Z,28334,1790101943,6.1.187-android14-11-SAGA,49646d1b0cd1,cc_governor,cc_governor,605190,447257,1565440,2294252,960266,271,136990,139200,480469,652242,343489,21680,adios,0,adios,0,adios,0,47.4,48.5,,38.0,50.4,41.8,33,3750000,-510200,38.0,,,18.99,77480,,1,2000
1790130243,2026-09-23T02:24:03Z,28369,1790101943,6.1.187-android14-11-SAGA,49646d1b0cd1,cc_governor,cc_governor,611018,460702,1578702,2323034,967664,273,137572,142761,483655,659154,346083,21990,adios,0,adios,0,adios,0,46.5,47.0,,38.0,51.3,41.6,33,3760000,-583400,38.0,,,18.52,126712,,1,2000
1790130279,2026-09-23T02:24:39Z,28404,1790101943,6.1.187-android14-11-SAGA,49646d1b0cd1,cc_governor,cc_governor,619862,462224,1607798,2359274,987919,275,138103,143290,490324,666634,352218,22308,adios,0,adios,0,adios,0,46.3,48.4,,38.0,49.7,41.6,33,3756000,-519400,38.0,,,18.16,138436,,1,2000
1790130314,2026-09-23T02:25:14Z,28439,1790101943,6.1.187-android14-11-SAGA,49646d1b0cd1,cc_governor,cc_governor,626244,476048,1621088,2388458,994854,276,138803,147370,493083,673663,354289,22622,adios,0,adios,0,adios,0,47.2,46.7,,38.0,49.7,41.5,33,3756000,-464400,38.0,,,18.03,132504,,1,2000
1790130349,2026-09-23T02:25:49Z,28474,1790101943,6.1.187-android14-11-SAGA,49646d1b0cd1,cc_governor,cc_governor,635031,476442,1651276,2424007,1016224,278,139409,147499,500221,681135,360818,22941,adios,0,adios,0,adios,0,46.4,46.2,,38.0,50.4,41.5,33,3761000,-583400,38.0,,,17.59,128052,,1,2000
1790130384,2026-09-23T02:26:24Z,28509,1790101943,6.1.187-android14-11-SAGA,49646d1b0cd1,cc_governor,cc_governor,641503,488546,1666491,2454235,1024985,281,140154,151324,503638,688567,363489,23241,adios,0,adios,0,adios,0,47.0,48.9,,38.0,49.7,41.5,33,3756000,-647500,38.0,,,17.10,115224,,1,2000
1790130419,2026-09-23T02:26:59Z,28545,1790101943,6.1.187-android14-11-SAGA,49646d1b0cd1,cc_governor,cc_governor,649124,493888,1690235,2487501,1041108,282,140767,152891,509299,695998,368532,23560,adios,0,adios,0,adios,0,46.1,46.4,,38.0,49.5,41.4,33,3748000,-493700,38.0,,,17.85,97172,,1,2000
1790130455,2026-09-23T02:27:35Z,28580,1790101943,6.1.187-android14-11-SAGA,49646d1b0cd1,cc_governor,cc_governor,656496,504107,1708683,2519801,1052202,284,141259,156421,512752,703168,371499,23876,adios,0,adios,0,adios,0,46.9,48.2,,38.0,50.3,41.4,33,3744000,-721400,38.0,,,17.79,102152,,1,2000
1790130490,2026-09-23T02:28:10Z,28615,1790101943,6.1.187-android14-11-SAGA,49646d1b0cd1,cc_governor,cc_governor,664404,509562,1732658,2552875,1068252,286,141857,157940,518266,710452,376409,24192,adios,0,adios,0,adios,0,45.8,46.2,,38.0,51.5,41.3,33,3760000,-411900,38.0,,,17.26,92144,,1,2000
1790130525,2026-09-23T02:28:45Z,28650,1790101943,6.1.187-android14-11-SAGA,49646d1b0cd1,cc_governor,cc_governor,672158,518192,1753213,2586360,1081069,287,142334,161017,522265,717747,379943,24495,adios,0,adios,0,adios,0,46.4,47.1,,38.0,49.8,41.4,32,3748000,-515700,38.0,,,16.79,83932,,1,2000
1790130560,2026-09-23T02:29:20Z,28686,1790101943,6.1.187-android14-11-SAGA,49646d1b0cd1,cc_governor,cc_governor,678528,529425,1769234,2616314,1090702,289,142973,164286,526210,725237,383237,24816,adios,0,adios,0,adios,0,46.6,46.3,,38.0,50.4,41.2,32,3757000,-524900,38.0,,,18.15,127624,,1,2000
1790130595,2026-09-23T02:29:55Z,28721,1790101943,6.1.187-android14-11-SAGA,49646d1b0cd1,cc_governor,cc_governor,685485,538818,1787983,2648276,1102514,290,143519,167421,529864,732185,386349,25119,adios,0,adios,0,adios,0,46.5,46.7,,38.0,50.6,41.3,32,3751000,-527300,38.0,,,17.71,116456,,1,2000
1790130630,2026-09-23T02:30:30Z,28756,1790101943,6.1.187-android14-11-SAGA,49646d1b0cd1,cc_governor,cc_governor,692808,549238,1805974,2680044,1113154,292,144486,170328,534339,739850,389853,25445,adios,0,adios,0,adios,0,47.9,46.4,,38.0,49.7,41.3,32,3752000,-450400,38.0,,,17.56,91608,,1,2000
1790130666,2026-09-23T02:31:06Z,28791,1790101943,6.1.187-android14-11-SAGA,49646d1b0cd1,cc_governor,cc_governor,695040,557511,1814301,2697555,1119260,294,144731,171739,535573,742626,390842,25774,adios,0,adios,0,adios,1,44.4,45.0,,38.0,49.5,40.7,32,3755000,-313700,38.0,,,16.95,102556,,1,2000
1790130701,2026-09-23T02:31:41Z,28826,1790101943,6.1.187-android14-11-SAGA,49646d1b0cd1,cc_governor,cc_governor,705635,561467,1836322,2727205,1130679,299,151228,172906,546128,756237,394903,26082,adios,0,adios,0,adios,0,47.5,48.4,45.3,38.0,49.9,41.6,32,3747000,-616400,38.0,,,18.36,128792,,1,2000
1790130736,2026-09-23T02:32:16Z,28862,1790101943,6.1.187-android14-11-SAGA,49646d1b0cd1,cc_governor,cc_governor,720446,571095,1858666,2763715,1138208,303,157264,175832,556344,770705,399080,26397,adios,0,adios,0,adios,0,47.5,47.2,,38.0,50.9,42.0,32,3753000,-560300,38.0,,,18.74,126692,,1,2000
1790130772,2026-09-23T02:32:52Z,28897,1790101943,6.1.187-android14-11-SAGA,49646d1b0cd1,cc_governor,cc_governor,728531,577326,1882312,2798098,1153801,306,158253,178134,562218,779340,403982,26723,adios,0,adios,0,adios,0,47.6,46.9,,38.0,50.7,41.6,32,3749000,-540100,38.0,,,18.32,121580,,1,2000
1790130807,2026-09-23T02:33:27Z,28932,1790101943,6.1.187-android14-11-SAGA,49646d1b0cd1,cc_governor,cc_governor,737062,577472,1912604,2834459,1175565,307,159121,178181,570492,787939,411381,27014,adios,0,adios,0,adios,14,47.6,47.3,,38.0,51.2,41.7,32,3749000,-547400,38.0,,,18.10,96856,,1,2000
1790130842,2026-09-23T02:34:02Z,28968,1790101943,6.1.187-android14-11-SAGA,49646d1b0cd1,cc_governor,cc_governor,745517,578066,1942359,2870981,1196860,307,159778,178420,577903,795946,418134,27315,adios,0,adios,0,adios,0,47.1,47.2,,38.0,50.8,41.8,31,3754000,-336900,38.0,,,17.77,92120,,1,2000
1790130877,2026-09-23T02:34:37Z,29003,1790101943,6.1.187-android14-11-SAGA,49646d1b0cd1,cc_governor,cc_governor,750943,591917,1954565,2899325,1203643,307,160491,182353,581270,803510,420791,27623,adios,0,adios,0,adios,0,46.9,46.9,,38.0,50.8,41.5,31,3744000,-646300,38.0,,,17.71,106008,,1,2000
1790130913,2026-09-23T02:35:13Z,29038,1790101943,6.1.187-android14-11-SAGA,49646d1b0cd1,cc_governor,cc_governor,760787,594484,1982951,2935023,1222164,308,162176,183093,589546,812957,427370,27916,adios,0,adios,0,adios,0,46.5,47.7,,38.0,51.5,41.5,31,3752000,-397900,38.0,,,17.14,115952,,1,2000
1790130948,2026-09-23T02:35:48Z,29073,1790101943,6.1.187-android14-11-SAGA,49646d1b0cd1,cc_governor,cc_governor,769437,599679,2007875,2970340,1238458,311,162878,185140,595070,820807,432199,28214,adios,0,adios,0,adios,0,47.6,47.5,,38.0,51.4,41.9,31,3746000,-592600,38.0,,,17.61,189376,,1,2000
1790130983,2026-09-23T02:36:23Z,29108,1790101943,6.1.187-android14-11-SAGA,49646d1b0cd1,cc_governor,cc_governor,777080,605087,2031623,3002725,1254552,312,163579,186595,600552,828027,436987,28524,adios,0,adios,0,adios,0,46.8,48.0,,38.0,50.0,41.6,31,3737000,-483300,38.0,,,18.67,156092,,1,2000
1790131018,2026-09-23T02:36:58Z,29143,1790101943,6.1.187-android14-11-SAGA,49646d1b0cd1,cc_governor,cc_governor,785401,608190,2058513,3037257,1273106,312,164076,187593,606580,835257,442504,28846,adios,0,adios,0,adios,0,46.7,47.7,,38.0,50.5,41.6,31,3752000,-383900,38.0,,,17.44,145972,,1,2000
1790131053,2026-09-23T02:37:33Z,29179,1790101943,6.1.187-android14-11-SAGA,49646d1b0cd1,cc_governor,cc_governor,793175,615712,2080206,3070200,1287021,313,164776,190388,611129,842821,446362,29154,adios,0,adios,0,adios,0,46.9,47.2,,38.0,52.2,41.7,31,3705000,-1391600,38.0,,,17.10,145464,,1,2000
1790131089,2026-09-23T02:38:09Z,29214,1790101943,6.1.187-android14-11-SAGA,49646d1b0cd1,cc_governor,cc_governor,799832,625727,2098368,3101703,1298528,317,165385,193187,615628,850317,450251,29460,adios,0,adios,0,adios,0,46.2,47.0,,38.0,49.1,41.5,31,3749000,-440000,38.0,,,16.88,145764,,1,2000
1790131124,2026-09-23T02:38:44Z,29249,1790101943,6.1.187-android14-11-SAGA,49646d1b0cd1,cc_governor,cc_governor,807076,633238,2119298,3134104,1312234,319,165873,195256,620400,857333,454538,29761,adios,0,adios,0,adios,0,46.9,47.1,,38.0,50.6,41.6,31,3731000,-827600,38.0,,,16.47,138676,,1,2000
1790131159,2026-09-23T02:39:19Z,29284,1790101943,6.1.187-android14-11-SAGA,49646d1b0cd1,cc_governor,cc_governor,814221,640028,2140927,3165591,1326697,321,166571,197048,625799,864711,459228,30076,adios,0,adios,0,adios,0,46.1,47.3,,38.0,49.8,41.4,31,3748000,-276400,38.0,,,16.64,119752,,1,2000
1790131194,2026-09-23T02:39:54Z,29319,1790101943,6.1.187-android14-11-SAGA,49646d1b0cd1,cc_governor,cc_governor,820954,652699,2156066,3196781,1335136,323,166973,201031,628479,871558,461517,30375,adios,0,adios,0,adios,0,47.1,47.5,,38.0,50.1,41.5,31,3743000,-584700,38.0,,,17.24,115688,,1,2000
1790131229,2026-09-23T02:40:29Z,29355,1790101943,6.1.187-android14-11-SAGA,49646d1b0cd1,cc_governor,cc_governor,828090,660259,2176676,3228644,1348586,325,167843,203134,633970,879393,466127,30669,adios,0,adios,0,adios,0,46.6,46.5,,38.0,50.6,41.5,30,3736000,-345400,38.0,,,17.13,84148,,1,2000
1790131264,2026-09-23T02:41:04Z,29390,1790101943,6.1.187-android14-11-SAGA,49646d1b0cd1,cc_governor,cc_governor,835154,670668,2194544,3260945,1359398,329,168304,206575,637520,886624,469219,30966,adios,0,adios,0,adios,0,47.3,47.2,,38.0,50.2,41.7,30,3744000,-554100,38.0,,,18.09,93360,,1,2000
1790131300,2026-09-23T02:41:40Z,29425,1790101943,6.1.187-android14-11-SAGA,49646d1b0cd1,cc_governor,cc_governor,841390,682140,2210046,3290651,1368638,331,169044,209840,641398,893957,472354,31274,adios,0,adios,0,adios,0,47.6,47.6,,38.0,49.8,41.6,30,3746000,-543800,38.0,,,17.75,88072,,1,2000
1790131335,2026-09-23T02:42:15Z,29460,1790101943,6.1.187-android14-11-SAGA,49646d1b0cd1,cc_governor,cc_governor,847879,695681,2223641,3319650,1375784,332,169865,214258,644322,901638,474461,31581,adios,0,adios,0,adios,0,46.5,47.7,,38.0,49.8,41.5,30,3743000,-547400,38.0,,,17.36,148756,,1,2000
1790131370,2026-09-23T02:42:50Z,29495,1790101943,6.1.187-android14-11-SAGA,49646d1b0cd1,cc_governor,cc_governor,853511,712910,2232568,3347262,1379036,334,170477,219508,645874,908654,475397,31881,adios,0,adios,0,adios,0,46.4,46.0,,38.0,49.3,41.4,30,3747000,-442500,38.0,,,19.53,145588,,1,2000
1790131405,2026-09-23T02:43:25Z,29531,1790101943,6.1.187-android14-11-SAGA,49646d1b0cd1,cc_governor,cc_governor,860858,724387,2249212,3377028,1388354,335,171461,223537,649547,916619,478086,32198,adios,0,adios,0,adios,0,46.6,47.2,,38.0,48.4,41.4,30,3753000,-312500,38.0,,,18.63,88860,,1,2000
1790131440,2026-09-23T02:44:00Z,29566,1790101943,6.1.187-android14-11-SAGA,49646d1b0cd1,cc_governor,cc_governor,862951,727399,2262680,3394549,1399752,344,171616,223968,651475,919101,479863,32501,adios,0,adios,0,adios,0,44.7,45.8,,38.0,47.8,40.9,30,3749000,-298400,38.0,,,17.30,115012,,1,2000
1790131476,2026-09-23T02:44:36Z,29601,1790101943,6.1.187-android14-11-SAGA,49646d1b0cd1,cc_governor,cc_governor,863402,735534,2266795,3407600,1403393,346,171622,225010,651943,920716,480321,32791,adios,0,adios,0,adios,0,44.3,45.1,,38.0,48.0,40.6,30,3750000,-413200,38.0,,,16.50,110888,,1,2000
1790131511,2026-09-23T02:45:11Z,29636,1790101943,6.1.187-android14-11-SAGA,49646d1b0cd1,cc_governor,cc_governor,863780,744729,2269889,3420664,1406109,347,171655,226345,652249,922407,480594,33084,adios,0,adios,0,adios,0,43.9,44.3,,38.0,47.3,40.5,30,3740000,-355800,38.0,,,16.33,90180,,1,2000
1790131615,2026-09-23T02:46:55Z,29741,1790101943,6.1.187-android14-11-SAGA,49646d1b0cd1,cc_governor,cc_governor,9,0,358,419,360,0,61,0,153,159,105,0,adios,0,adios,0,adios,0,42.4,43.0,,37.0,43.0,38.8,30,3740000,-537700,37.0,,,39.03,121076,,1,2000
1790131898,2026-09-23T02:51:41Z,30027,1790101943,6.1.187-android14-11-SAGA,49646d1b0cd1,cc_governor,cc_governor,0,0,51,76,60,0,11,0,57,62,50,13,adios,0,adios,0,adios,0,40.9,37.2,,36.0,43.3,37.1,30,3748000,-431500,36.0,,,28.81,97832,,1,2000
1790132278,2026-09-23T02:57:58Z,30403,1790101943,6.1.187-android14-11-SAGA,49646d1b0cd1,cc_governor,cc_governor,15857,124,22297,26750,6454,7,10353,103,15144,16857,4799,77,adios,0,adios,0,adios,0,47.0,48.7,45.5,35.0,55.6,41.2,29,3743000,-538900,35.0,,,25.07,203688,,1,2000
1790132314,2026-09-23T02:58:34Z,30439,1790101943,6.1.187-android14-11-SAGA,49646d1b0cd1,cc_governor,cc_governor,44052,1353,67327,82279,23311,26,32497,1042,48459,55705,15951,550,adios,0,adios,0,adios,0,47.1,53.7,,36.0,67.6,43.3,29,3717000,-856900,36.0,,,26.94,86184,,1,2000
1790132354,2026-09-23T02:59:14Z,30480,1790101943,6.1.187-android14-11-SAGA,49646d1b0cd1,cc_governor,cc_governor,98716,2312,137212,161705,38452,80,76572,1930,106171,120912,29597,1229,adios,0,adios,0,adios,0,58.2,61.5,53.2,37.0,60.2,44.3,29,3681000,-1119300,36.0,,,24.25,115628,,1,2000
1790132390,2026-09-23T02:59:50Z,30516,1790101943,6.1.187-android14-11-SAGA,49646d1b0cd1,cc_governor,cc_governor,141674,5371,194119,228427,52432,84,90499,4751,134391,153054,43889,1506,adios,0,adios,0,adios,0,53.9,54.4,,37.0,62.3,43.2,29,3717000,-781800,37.0,,,22.26,96092,,1,2000
