ts_unix,ts_iso,uptime_s,boot_id,kernel_ver,build_hash,gov_policy0,gov_policy4,cc0_streak,cc0_instant,cc0_confirmed,cc0_total,cc0_topapp_conf,cc0_warp_conf,cc4_streak,cc4_instant,cc4_confirmed,cc4_total,cc4_topapp_conf,cc4_warp_conf,adios_sda_sched,adios_sda_io_pressure,adios_sdb_sched,adios_sdb_io_pressure,adios_sdc_sched,adios_sdc_io_pressure,thermal_cpu0_c,thermal_cpu1_c,thermal_gpu_c,thermal_batt_c,thermal_soc_max_c,thermal_skin_c,battery_pct,battery_uv,battery_ua,battery_temp_c,foreground_pkg,foreground_uid,loadavg_1m,mem_free_kb,sched_nr_running,bore_warp_enabled,bore_warp_us
1790132426,2026-09-23T03:00:26Z,30551,1790101943,6.1.187-android14-11-SAGA,49646d1b0cd1,cc_governor,cc_governor,191410,6813,258031,301421,66629,87,109775,6032,168734,190218,58967,1851,adios,0,adios,0,adios,0,54.2,55.4,51.4,37.0,59.2,43.1,28,3720000,-1303100,37.0,,,20.27,122348,,1,2000
1790132462,2026-09-23T03:01:02Z,30587,1790101943,6.1.187-android14-11-SAGA,49646d1b0cd1,cc_governor,cc_governor,235578,8852,315030,367497,79469,109,125877,7859,198443,224215,72552,2157,adios,0,adios,0,adios,0,50.9,58.7,50.2,37.0,53.3,43.1,28,3713000,-617600,37.0,,,31.52,88668,,1,2000
1790132498,2026-09-23T03:01:38Z,30623,1790101943,6.1.187-android14-11-SAGA,49646d1b0cd1,cc_governor,cc_governor,285918,8889,381168,441958,95270,113,137622,7882,226631,253926,89035,2489,adios,0,adios,0,adios,0,52.6,55.0,50.4,37.0,62.1,43.3,28,3690000,-1299400,37.0,,,27.17,111048,,1,2000
1790132534,2026-09-23T03:02:14Z,30659,1790101943,6.1.187-android14-11-SAGA,49646d1b0cd1,cc_governor,cc_governor,335019,9482,445232,521369,110003,122,171111,8477,274656,309468,103492,2841,adios,0,adios,0,adios,0,64.3,67.3,63.0,37.0,71.5,48.0,28,3674000,-1377500,37.0,,,25.05,101060,,1,2000
1790132573,2026-09-23T03:02:53Z,30698,1790101943,6.1.187-android14-11-SAGA,49646d1b0cd1,cc_governor,cc_governor,402439,10995,526609,621698,124150,170,216653,10129,336009,376434,119283,3384,adios,0,adios,0,adios,0,65.5,66.8,62.7,38.0,73.6,48.5,27,3693000,-1211500,38.0,,,23.81,127344,,1,2000
1790132610,2026-09-23T03:03:30Z,30735,1790101943,6.1.187-android14-11-SAGA,49646d1b0cd1,cc_governor,cc_governor,461723,14689,597940,709461,136227,194,244586,14425,377395,424075,132816,3828,adios,0,adios,0,adios,0,56.8,59.3,53.3,38.0,57.4,45.5,27,3716000,-1123000,38.0,,,22.80,87536,,1,2000
1790132646,2026-09-23T03:04:06Z,30771,1790101943,6.1.187-android14-11-SAGA,49646d1b0cd1,cc_governor,cc_governor,511942,17339,661250,782403,149301,198,261186,17318,408958,459522,147772,4159,adios,0,adios,0,adios,0,54.2,54.5,50.0,38.0,61.2,44.2,27,3719000,-587100,38.0,,,20.54,86088,,1,2000
1790132681,2026-09-23T03:04:41Z,30807,1790101943,6.1.187-android14-11-SAGA,49646d1b0cd1,cc_governor,cc_governor,566391,18235,729149,857678,162753,201,275220,18394,439328,492438,164035,4446,adios,0,adios,0,adios,0,56.4,58.4,51.0,38.0,56.9,44.0,27,3708000,-931300,38.0,,,19.33,94608,,1,2000
1790132718,2026-09-23T03:05:18Z,30843,1790101943,6.1.187-android14-11-SAGA,49646d1b0cd1,cc_governor,cc_governor,621473,20894,796269,934565,174805,205,284822,20910,462947,518976,178145,4752,adios,0,adios,0,adios,0,50.0,48.5,,38.0,59.9,43.0,26,3714000,-395500,38.0,,,19.50,132184,,1,2000
1790132754,2026-09-23T03:05:54Z,30879,1790101943,6.1.187-android14-11-SAGA,49646d1b0cd1,cc_governor,cc_governor,673800,25315,859076,1008472,185245,207,295744,26063,486809,548972,191053,5069,adios,0,adios,0,adios,0,53.8,52.5,48.2,37.0,52.8,42.6,26,3702000,-737900,37.0,,,19.28,187832,,1,2000
1790132789,2026-09-23T03:06:30Z,30915,1790101943,6.1.187-android14-11-SAGA,49646d1b0cd1,cc_governor,cc_governor,734908,27540,930138,1094247,195236,217,336794,28599,540246,611582,203430,5387,adios,0,adios,0,adios,0,62.8,62.7,56.9,37.0,65.9,46.5,26,3693000,-759800,38.0,,,22.37,123748,,1,2000
1790132825,2026-09-23T03:07:05Z,30951,1790101943,6.1.187-android14-11-SAGA,49646d1b0cd1,cc_governor,cc_governor,779870,30506,988500,1162505,208617,220,354924,32206,574253,650391,219329,5673,adios,0,adios,0,adios,0,57.9,60.1,54.0,38.0,64.4,45.7,26,3686000,-1135800,38.0,,,20.94,262004,,1,2000
1790132861,2026-09-23T03:07:41Z,30987,1790101943,6.1.187-android14-11-SAGA,49646d1b0cd1,cc_governor,cc_governor,829960,32006,1051892,1235053,221921,227,384674,33770,617976,700336,233266,5966,adios,0,adios,0,adios,0,66.2,68.5,,38.0,67.3,47.5,25,3691000,-945400,38.0,,,20.79,114072,,1,2000
1790132899,2026-09-23T03:08:19Z,31025,1790101943,6.1.187-android14-11-SAGA,49646d1b0cd1,cc_governor,cc_governor,876709,34290,1114074,1308869,237189,272,419667,35985,668071,758962,248405,6456,adios,0,adios,0,adios,0,61.9,63.7,56.0,38.0,69.1,46.9,25,3685000,-1296900,38.0,,,22.58,146596,,1,2000
1790132936,2026-09-23T03:08:56Z,31061,1790101943,6.1.187-android14-11-SAGA,49646d1b0cd1,cc_governor,cc_governor,957285,35060,1204302,1409639,247017,283,466738,37318,730437,825657,263625,6887,adios,0,adios,0,adios,0,61.9,64.6,57.0,38.0,70.8,47.6,25,3657000,-905700,38.0,,,24.74,96384,,1,2000
1790132973,2026-09-23T03:09:33Z,31099,1790101943,6.1.187-android14-11-SAGA,49646d1b0cd1,cc_governor,cc_governor,1034568,35290,1292821,1508363,258114,298,520872,37891,799937,899162,278947,7417,adios,0,adios,0,adios,0,64.4,65.9,58.1,38.0,70.2,48.0,25,3674000,-1271300,38.0,,,23.57,114800,,1,2000
1790133011,2026-09-23T03:10:11Z,31136,1790101943,6.1.187-android14-11-SAGA,49646d1b0cd1,cc_governor,cc_governor,1117619,35828,1386030,1611622,268414,343,579490,38541,873327,976991,293859,7972,adios,0,adios,0,adios,0,63.1,63.7,57.1,39.0,72.1,48.3,24,3646000,-1383600,39.0,,,25.53,223828,,1,2000
1790133049,2026-09-23T03:10:49Z,31174,1790101943,6.1.187-android14-11-SAGA,49646d1b0cd1,cc_governor,cc_governor,1198686,36823,1477248,1713370,278565,370,643722,39877,951545,1059019,307845,8593,adios,0,adios,0,adios,0,60.8,60.0,56.1,39.0,69.0,47.6,24,3671000,-1002800,39.0,,,24.27,134496,,1,2000
1790133086,2026-09-23T03:11:26Z,31211,1790101943,6.1.187-android14-11-SAGA,49646d1b0cd1,cc_governor,cc_governor,1258650,37700,1550987,1796658,292141,388,674410,41465,999611,1110193,325030,9055,adios,0,adios,0,adios,0,64.7,62.9,57.2,39.0,71.0,47.9,24,3671000,-1363500,39.0,,,24.61,134976,,1,2000
1790133123,2026-09-23T03:12:03Z,31249,1790101943,6.1.187-android14-11-SAGA,49646d1b0cd1,cc_governor,cc_governor,1337535,38950,1639755,1895784,302192,419,734014,43040,1072964,1187204,338963,9612,adios,0,adios,0,adios,0,59.5,60.8,,38.0,64.0,47.0,23,3632000,-1368400,39.0,,,24.34,97300,,1,2000
1790133160,2026-09-23T03:12:40Z,31285,1790101943,6.1.187-android14-11-SAGA,49646d1b0cd1,cc_governor,cc_governor,1411668,41166,1723692,1990736,311871,433,776971,46253,1129599,1249290,352572,10016,adios,0,adios,0,adios,0,60.1,63.7,56.5,39.0,72.0,47.8,23,3660000,-1209100,39.0,,,25.96,109832,,1,2000
1790133197,2026-09-23T03:13:17Z,31322,1790101943,6.1.187-android14-11-SAGA,49646d1b0cd1,cc_governor,cc_governor,1497065,43389,1816709,2095426,319583,449,827036,49548,1193561,1318989,366356,10595,adios,0,adios,0,adios,0,64.2,65.9,57.9,39.0,63.8,47.8,23,3668000,-1036300,39.0,,,27.51,124992,,1,2000
1790133234,2026-09-23T03:13:54Z,31360,1790101943,6.1.187-android14-11-SAGA,49646d1b0cd1,cc_governor,cc_governor,1577607,44645,1906915,2196117,329186,465,871717,51753,1253593,1382942,381830,11134,adios,0,adios,0,adios,0,63.7,66.3,,39.0,73.0,48.2,22,3665000,-1292100,39.0,,,26.05,135676,,1,2000
1790133272,2026-09-23T03:14:32Z,31398,1790101943,6.1.187-android14-11-SAGA,49646d1b0cd1,cc_governor,cc_governor,1647290,45624,1988990,2288233,341541,501,922393,53759,1319139,1452556,396698,11762,adios,0,adios,0,adios,0,63.2,66.4,58.2,39.0,72.0,48.3,22,3661000,-1244500,39.0,,,24.30,140920,,1,2000
1790133310,2026-09-23T03:15:10Z,31436,1790101943,6.1.187-android14-11-SAGA,49646d1b0cd1,cc_governor,cc_governor,1732729,47080,2083373,2393966,350609,540,994237,55487,1403643,1540844,409401,12366,adios,0,adios,0,adios,0,64.9,65.9,57.8,39.0,71.9,48.4,22,3657000,-1259700,39.0,,,24.66,110620,,1,2000
1790133348,2026-09-23T03:15:48Z,31473,1790101943,6.1.187-android14-11-SAGA,49646d1b0cd1,cc_governor,cc_governor,1817913,47969,2178101,2500171,360201,580,1055004,56825,1478977,1619990,423968,12937,adios,0,adios,0,adios,0,62.3,64.5,57.5,39.0,67.1,48.0,21,3664000,-1091300,39.0,,,23.61,201424,,1,2000
1790133385,2026-09-23T03:16:25Z,31510,1790101943,6.1.187-android14-11-SAGA,49646d1b0cd1,cc_governor,cc_governor,1882641,49028,2255035,2586596,372371,602,1105537,58386,1544187,1688454,438630,13380,adios,0,adios,0,adios,0,64.6,68.1,59.2,39.0,69.2,48.6,21,3663000,-687200,39.0,,,23.52,95020,,1,2000
1790133422,2026-09-23T03:17:02Z,31548,1790101943,6.1.187-android14-11-SAGA,49646d1b0cd1,cc_governor,cc_governor,1963167,51869,2343984,2688053,380715,628,1174616,62095,1624708,1775605,450098,13952,adios,0,adios,0,adios,0,63.5,67.3,58.4,39.0,72.4,48.7,21,3661000,-1285400,39.0,,,26.66,197024,,1,2000
1790133460,2026-09-23T03:17:40Z,31585,1790101943,6.1.187-android14-11-SAGA,49646d1b0cd1,cc_governor,cc_governor,2024596,53561,2418915,2773546,394204,649,1221451,64832,1686323,1841798,464747,14505,adios,0,adios,0,adios,0,64.0,63.8,58.2,39.0,69.5,48.4,21,3644000,-1528300,39.0,,,27.19,124736,,1,2000
1790133497,2026-09-23T03:18:17Z,31623,1790101943,6.1.187-android14-11-SAGA,49646d1b0cd1,cc_governor,cc_governor,2110127,55786,2512296,2877764,402132,671,1313369,68127,1787970,1950305,474535,15141,adios,0,adios,0,adios,3,68.1,69.2,60.2,39.0,68.8,49.3,20,3658000,-825100,39.0,,,25.42,250224,,1,2000
1790133535,2026-09-23T03:18:55Z,31660,1790101943,6.1.187-android14-11-SAGA,49646d1b0cd1,cc_governor,cc_governor,2202737,57060,2612076,2989017,409200,703,1405131,70049,1890292,2058342,485056,15676,adios,0,adios,0,adios,0,66.9,69.6,60.1,39.0,73.3,49.6,20,3643000,-1169400,39.0,,,25.89,199568,,1,2000
1790133573,2026-09-23T03:19:33Z,31698,1790101943,6.1.187-android14-11-SAGA,49646d1b0cd1,cc_governor,cc_governor,2272575,59178,2693064,3080772,420317,753,1467779,72450,1966284,2139741,498337,16328,adios,0,adios,0,adios,0,66.4,68.9,59.9,39.0,71.1,49.4,19,3627000,-1761400,39.0,,,27.92,44464,,1,2000
1790133611,2026-09-23T03:20:11Z,31737,1790101943,6.1.187-android14-11-SAGA,49646d1b0cd1,cc_governor,cc_governor,2352230,59659,2783373,3182081,431151,836,1535383,73104,2047742,2226087,512375,17024,adios,0,adios,0,adios,0,62.7,66.3,58.7,39.0,73.7,49.3,19,3643000,-1486200,39.0,,,26.99,145044,,1,2000
1790133650,2026-09-23T03:20:50Z,31775,1790101943,6.1.187-android14-11-SAGA,49646d1b0cd1,cc_governor,cc_governor,2425489,61965,2867321,3276505,441719,869,1604649,75999,2129274,2312610,524573,17683,adios,0,adios,0,adios,0,62.2,61.8,56.2,39.0,68.3,48.1,19,3647000,-1395200,39.0,,,24.23,105148,,1,2000
1790133686,2026-09-23T03:21:26Z,31812,1790101943,6.1.187-android14-11-SAGA,49646d1b0cd1,cc_governor,cc_governor,2501166,63414,2953027,3372355,451853,889,1676154,77622,2213871,2400360,537609,18145,adios,0,adios,0,adios,0,63.3,64.0,56.9,39.0,73.0,48.3,19,3653000,-1386700,39.0,,,24.47,73820,,1,2000
1790133723,2026-09-23T03:22:03Z,31848,1790101943,6.1.187-android14-11-SAGA,49646d1b0cd1,cc_governor,cc_governor,2555761,64007,3023172,3450884,467273,914,1712445,79160,2266754,2456412,554268,18611,adios,0,adios,0,adios,0,58.7,61.5,55.3,39.0,68.0,47.2,18,3662000,-1114500,39.0,,,22.95,181784,,1,2000
1790133760,2026-09-23T03:22:40Z,31885,1790101943,6.1.187-android14-11-SAGA,49646d1b0cd1,cc_governor,cc_governor,2616936,65414,3097076,3533576,480150,922,1760854,80469,2330650,2524849,569811,19046,adios,0,adios,0,adios,0,56.9,62.6,,39.0,65.2,46.8,18,3624000,-1312200,39.0,,,22.46,129552,,1,2000
1790133796,2026-09-23T03:23:16Z,31922,1790101943,6.1.187-android14-11-SAGA,49646d1b0cd1,cc_governor,cc_governor,2666426,65733,3162158,3607478,495640,926,1781062,80857,2368732,2566111,587672,19410,adios,0,adios,0,adios,0,58.2,59.1,,39.0,63.6,46.3,18,3655000,-704900,39.0,,,22.24,74460,,1,2000
1790133858,2026-09-23T03:24:18Z,31984,1790101943,6.1.187-android14-11-SAGA,49646d1b0cd1,cc_governor,cc_governor,70,0,236,288,171,0,4,0,78,113,78,7,adios,0,adios,0,adios,0,46.2,45.4,,38.0,68.9,44.5,18,3746000,374700,38.0,,,27.88,122800,,1,2000
1790133906,2026-09-23T03:25:06Z,32032,1790101943,6.1.187-android14-11-SAGA,49646d1b0cd1,cc_governor,cc_governor,12,0,359,402,355,0,4,8,62,75,58,17,adios,0,adios,0,adios,0,45.6,46.1,,38.0,46.5,40.8,18,3814000,1489800,38.0,,,24.42,115212,,1,2000
1790133983,2026-09-23T03:26:23Z,32109,1790101943,6.1.187-android14-11-SAGA,49646d1b0cd1,cc_governor,cc_governor,23,0,474,499,461,0,1,0,65,69,69,12,adios,0,adios,0,adios,0,44.3,46.7,,38.0,47.8,40.7,19,3833000,1307300,38.0,,,20.22,112164,,1,2000
1790134038,2026-09-23T03:27:18Z,32163,1790101943,6.1.187-android14-11-SAGA,49646d1b0cd1,cc_governor,cc_governor,1,0,216,237,228,0,22,0,75,78,58,15,adios,0,adios,0,adios,0,44.4,45.6,,38.0,47.0,40.4,19,3834000,1489800,38.0,,,18.07,118552,,1,2000
1790134100,2026-09-23T03:28:20Z,32226,1790101943,6.1.187-android14-11-SAGA,49646d1b0cd1,cc_governor,cc_governor,4,0,309,348,317,0,3,0,61,65,63,14,adios,0,adios,0,adios,0,43.1,44.6,,38.0,43.9,39.7,20,3828000,1420800,37.0,,,35.06,123248,,1,2000
1790134159,2026-09-23T03:29:19Z,32284,1790101943,6.1.187-android14-11-SAGA,49646d1b0cd1,cc_governor,cc_governor,13267,466,18883,22903,5614,72,10646,386,15122,18232,4461,214,adios,0,adios,0,adios,0,60.3,62.6,58.0,37.0,62.8,45.0,20,3697000,-844100,37.0,,,30.45,116208,,1,2000
1790134195,2026-09-23T03:29:55Z,32320,1790101943,6.1.187-android14-11-SAGA,49646d1b0cd1,cc_governor,cc_governor,43458,4674,64782,79498,21337,74,18604,4323,36719,44927,18128,524,adios,0,adios,0,adios,0,56.0,58.0,53.7,37.0,65.4,44.4,20,3706000,-825100,37.0,,,28.09,151244,,1,2000
1790134231,2026-09-23T03:30:31Z,32356,1790101943,6.1.187-android14-11-SAGA,49646d1b0cd1,cc_governor,cc_governor,93228,9386,124934,151835,31662,84,25388,9707,53568,67813,28172,849,adios,0,adios,0,adios,0,50.2,50.3,,37.0,53.4,42.7,20,3719000,-598700,37.0,,,23.10,113680,,1,2000
1790134266,2026-09-23T03:31:06Z,32392,1790101943,6.1.187-android14-11-SAGA,49646d1b0cd1,cc_governor,cc_governor,152303,16277,190209,231493,37880,87,31919,17850,67296,90430,35366,1170,adios,0,adios,0,adios,0,50.9,51.1,49.7,37.0,61.7,43.1,20,3708000,-702500,37.0,,,21.61,88040,,1,2000
1790134302,2026-09-23T03:31:42Z,32428,1790101943,6.1.187-android14-11-SAGA,49646d1b0cd1,cc_governor,cc_governor,195377,24106,242625,301223,47260,90,41949,25144,87452,118915,45511,1501,adios,0,adios,0,adios,0,55.6,57.6,53.1,38.0,57.1,44.1,19,3707000,-748200,37.0,,,20.73,138132,,1,2000
1790134338,2026-09-23T03:32:18Z,32463,1790101943,6.1.187-android14-11-SAGA,49646d1b0cd1,cc_governor,cc_governor,243456,31115,299318,374305,55834,98,48932,32095,103159,142192,54226,1797,adios,0,adios,0,adios,0,52.6,54.5,50.8,38.0,56.1,44.0,19,3710000,-693300,38.0,,,19.26,105432,,1,2000
1790134374,2026-09-23T03:32:54Z,32499,1790101943,6.1.187-android14-11-SAGA,49646d1b0cd1,cc_governor,cc_governor,291581,41000,353338,447359,61767,99,52403,41051,113284,161523,60892,2095,adios,0,adios,0,adios,0,53.5,53.4,50.9,38.0,61.6,43.9,19,3687000,-626800,38.0,,,19.25,137256,,1,2000
1790134409,2026-09-23T03:33:29Z,32535,1790101943,6.1.187-android14-11-SAGA,49646d1b0cd1,cc_governor,cc_governor,332824,48693,404022,513572,71184,100,60356,47982,131200,187172,70861,2383,adios,0,adios,0,adios,0,56.7,52.2,49.4,38.0,61.3,44.3,19,3693000,-579800,38.0,,,19.31,93876,,1,2000
1790134445,2026-09-23T03:34:05Z,32571,1790101943,6.1.187-android14-11-SAGA,49646d1b0cd1,cc_governor,cc_governor,386949,51909,469559,589333,82585,102,71480,51784,155116,215405,83630,2671,adios,0,adios,0,adios,0,55.7,56.4,49.8,38.0,53.6,43.4,19,3697000,-717700,38.0,,,19.00,88896,,1,2000
1790134481,2026-09-23T03:34:41Z,32606,1790101943,6.1.187-android14-11-SAGA,49646d1b0cd1,cc_governor,cc_governor,441716,55569,534836,665253,93098,103,80591,55430,176956,241264,96367,2963,adios,0,adios,0,adios,0,51.8,52.1,48.3,37.0,62.4,43.2,19,3683000,-981400,38.0,,,19.89,117580,,1,2000
1790134516,2026-09-23T03:35:16Z,32642,1790101943,6.1.187-android14-11-SAGA,49646d1b0cd1,cc_governor,cc_governor,495706,56278,602239,748143,106415,123,98422,56250,210319,281028,111770,3252,adios,0,adios,0,adios,0,67.1,66.8,,38.0,71.6,48.0,18,3640000,-1047300,38.0,,,22.15,101612,,1,2000
1790134554,2026-09-23T03:35:54Z,32680,1790101943,6.1.187-android14-11-SAGA,49646d1b0cd1,cc_governor,cc_governor,551774,57661,672687,835894,120935,161,155611,57347,280013,359514,124355,3734,adios,0,adios,0,adios,4,66.7,68.0,,38.0,67.1,48.6,18,3634000,-1781600,38.0,,,21.68,76512,,1,2000
1790134592,2026-09-23T03:36:33Z,32718,1790101943,6.1.187-android14-11-SAGA,49646d1b0cd1,cc_governor,cc_governor,593777,59789,730189,905297,136249,194,186044,59333,325378,416355,139335,4191,adios,0,adios,0,adios,0,56.2,54.6,52.8,38.0,66.4,46.3,18,3664000,-1195000,38.0,,,23.76,128000,,1,2000
1790134633,2026-09-23T03:37:13Z,32758,1790101943,6.1.187-android14-11-SAGA,49646d1b0cd1,cc_governor,cc_governor,644926,61092,798463,982599,153558,257,237623,60461,392938,489100,155269,4921,adios,0,adios,0,adios,0,54.8,54.0,52.1,38.0,68.5,46.2,17,3641000,-1597200,38.0,,,25.12,119084,,1,2000
1790134671,2026-09-23T03:37:51Z,32796,1790101943,6.1.187-android14-11-SAGA,49646d1b0cd1,cc_governor,cc_governor,716699,62710,881854,1074649,165074,292,314496,61787,482084,582815,167520,5501,adios,0,adios,0,adios,0,55.9,59.8,52.2,38.0,56.0,45.2,17,3686000,-578600,38.0,,,23.24,68744,,1,2000
1790134708,2026-09-23T03:38:28Z,32834,1790101943,6.1.187-android14-11-SAGA,49646d1b0cd1,cc_governor,cc_governor,792193,63475,969454,1170275,176988,309,387489,62556,568589,672837,181109,6063,adios,0,adios,0,adios,0,58.2,55.6,51.0,38.0,55.4,44.6,17,3658000,-749500,38.0,,,22.92,94784,,1,2000
1790134747,2026-09-23T03:39:07Z,32872,1790101943,6.1.187-android14-11-SAGA,49646d1b0cd1,cc_governor,cc_governor,861933,64861,1052048,1260750,190103,345,467907,63812,661451,769465,193557,6696,adios,0,adios,0,adios,0,51.2,49.8,48.9,38.0,52.8,43.8,17,3664000,-1215200,38.0,,,21.66,81884,,1,2000
1790134786,2026-09-23T03:39:46Z,32912,1790101943,6.1.187-android14-11-SAGA,49646d1b0cd1,cc_governor,cc_governor,913422,67329,1114127,1332873,200610,525,513433,66493,717699,833170,204165,7463,adios,0,adios,0,adios,0,65.6,64.0,58.4,38.0,67.6,48.0,17,3642000,-1250000,38.0,,,28.79,104060,,1,2000
1790134824,2026-09-23T03:40:24Z,32949,1790101943,6.1.187-android14-11-SAGA,49646d1b0cd1,cc_governor,cc_governor,997540,68010,1207866,1438105,210132,545,576694,67346,795402,914936,218603,7970,adios,0,adios,0,adios,0,64.9,65.7,58.2,38.0,66.4,47.9,16,3628000,-1223100,38.0,,,25.73,97276,,1,2000
1790134861,2026-09-23T03:41:01Z,32986,1790101943,6.1.187-android14-11-SAGA,49646d1b0cd1,cc_governor,cc_governor,1058115,68760,1282346,1521079,224241,564,615712,68261,852104,974536,236411,8426,adios,0,adios,0,adios,0,57.4,62.5,54.7,38.0,67.3,46.9,16,3638000,-1226800,39.0,,,23.60,93316,,1,2000
1790134899,2026-09-23T03:41:39Z,33024,1790101943,6.1.187-android14-11-SAGA,49646d1b0cd1,cc_governor,cc_governor,1149930,71817,1380871,1631831,230765,607,665136,74163,913389,1043891,248103,8997,adios,0,adios,0,adios,0,62.9,64.4,56.8,39.0,65.4,47.5,16,3657000,-1113800,39.0,,,23.90,115648,,1,2000
1790134936,2026-09-23T03:42:16Z,33061,1790101943,6.1.187-android14-11-SAGA,49646d1b0cd1,cc_governor,cc_governor,1224133,73465,1465723,1726312,241503,635,719447,76173,982298,1116986,262746,9483,adios,0,adios,0,adios,0,59.3,59.2,55.2,39.0,62.8,46.6,16,3674000,-790400,39.0,,,23.97,118192,,1,2000
1790134973,2026-09-23T03:42:53Z,33098,1790101943,6.1.187-android14-11-SAGA,49646d1b0cd1,cc_governor,cc_governor,1285920,76486,1538886,1810270,252970,656,755466,80755,1032089,1172671,276642,9927,adios,0,adios,0,adios,0,57.3,59.3,,39.0,62.7,46.5,15,3640000,-926500,39.0,,,23.27,126584,,1,2000
1790135009,2026-09-23T03:43:29Z,33135,1790101943,6.1.187-android14-11-SAGA,49646d1b0cd1,cc_governor,cc_governor,1330492,78491,1599121,1879329,268478,676,785681,83035,1079731,1224139,293904,10344,adios,0,adios,0,adios,0,60.4,59.2,,38.0,67.3,46.8,15,3626000,-1257300,38.0,,,25.01,99868,,1,2000
1790135047,2026-09-23T03:44:07Z,33172,1790101943,6.1.187-android14-11-SAGA,49646d1b0cd1,cc_governor,cc_governor,1396859,80952,1676996,1967182,280159,712,829774,85624,1138977,1287558,309191,10910,adios,0,adios,0,adios,0,54.8,57.4,53.8,38.0,69.9,46.7,15,3630000,-1480100,38.0,,,23.99,152692,,1,2000
1790135084,2026-09-23T03:44:44Z,33210,1790101943,6.1.187-android14-11-SAGA,49646d1b0cd1,cc_governor,cc_governor,1476713,83261,1766129,2067374,289287,759,887922,89099,1209578,1363945,321537,11494,adios,0,adios,0,adios,0,61.8,63.9,56.3,38.0,70.3,47.4,15,3651000,-845900,39.0,,,23.17,123268,,1,2000
1790135121,2026-09-23T03:45:21Z,33247,1790101943,6.1.187-android14-11-SAGA,49646d1b0cd1,cc_governor,cc_governor,1566022,85807,1862165,2175588,296070,793,953854,92817,1286855,1447824,332970,12014,adios,0,adios,0,adios,0,59.6,60.1,54.4,39.0,64.6,46.9,14,3642000,-997900,39.0,,,22.60,131400,,1,2000
1790135157,2026-09-23T03:45:57Z,33283,1790101943,6.1.187-android14-11-SAGA,49646d1b0cd1,cc_governor,cc_governor,1643178,87758,1948340,2272651,305135,804,1007347,96137,1352750,1519275,345419,12406,adios,0,adios,0,adios,0,61.5,65.7,56.0,38.0,70.8,47.6,14,3642000,-1166300,38.0,,,22.56,124672,,1,2000
1790135194,2026-09-23T03:46:34Z,33320,1790101943,6.1.187-android14-11-SAGA,49646d1b0cd1,cc_governor,cc_governor,1722693,88902,2038379,2372690,315496,831,1067438,98212,1426703,1597621,359109,12914,adios,0,adios,0,adios,0,63.2,63.7,,38.0,66.4,47.3,14,3624000,-1272500,39.0,,,24.19,116020,,1,2000
1790135231,2026-09-23T03:47:11Z,33357,1790101943,6.1.187-android14-11-SAGA,49646d1b0cd1,cc_governor,cc_governor,1774789,94101,2101548,2448402,326778,863,1104462,104168,1475721,1654129,371232,13416,adios,0,adios,0,adios,0,66.7,68.2,58.6,39.0,72.6,48.3,14,3607000,-959400,39.0,,,26.30,98024,,1,2000
1790135270,2026-09-23T03:47:50Z,33396,1790101943,6.1.187-android14-11-SAGA,49646d1b0cd1,cc_governor,cc_governor,1848990,96670,2185773,2543345,336686,984,1153034,107798,1537337,1721120,384256,14083,adios,0,adios,0,adios,0,61.8,62.1,55.4,39.0,66.8,46.8,13,3616000,-944200,39.0,,,25.99,128184,,1,2000
1790135307,2026-09-23T03:48:27Z,33432,1790101943,6.1.187-android14-11-SAGA,49646d1b0cd1,cc_governor,cc_governor,1930869,100052,2274806,2643229,343742,995,1197175,112936,1593670,1784027,396394,14498,adios,0,adios,0,adios,0,55.7,57.9,52.3,38.0,67.9,46.5,13,3633000,-1266400,39.0,,,25.12,109048,,1,2000
1790135344,2026-09-23T03:49:04Z,33470,1790101943,6.1.187-android14-11-SAGA,49646d1b0cd1,cc_governor,cc_governor,1979388,102103,2338554,2718817,359142,1031,1238749,115653,1650735,1846839,411918,15066,adios,0,adios,0,adios,0,60.8,61.3,55.2,38.0,64.7,46.7,13,3620000,-1010700,39.0,,,23.79,115156,,1,2000
1790135381,2026-09-23T03:49:41Z,33507,1790101943,6.1.187-android14-11-SAGA,49646d1b0cd1,cc_governor,cc_governor,2036499,103500,2409877,2801236,373135,1045,1277261,117179,1706459,1906910,429118,15526,adios,0,adios,0,adios,0,60.2,61.4,54.7,39.0,62.2,46.2,13,3639000,-986300,38.0,,,23.81,108176,,1,2000
1790135418,2026-09-23T03:50:19Z,33544,1790101943,6.1.187-android14-11-SAGA,49646d1b0cd1,cc_governor,cc_governor,2120918,105708,2502379,2902986,381267,1064,1368011,119445,1807068,2013469,438930,16028,adios,0,adios,0,adios,0,57.2,55.6,51.8,38.0,58.9,45.4,13,3633000,-858100,38.0,,,25.24,114404,,1,2000
1790135457,2026-09-23T03:50:57Z,33583,1790101943,6.1.187-android14-11-SAGA,49646d1b0cd1,cc_governor,cc_governor,2199833,109696,2590186,3004601,390288,1118,1429152,124840,1879964,2094952,450679,16781,adios,0,adios,0,adios,0,60.4,60.6,55.2,38.0,66.5,46.7,12,3629000,-1113800,38.0,,,23.15,126540,,1,2000
1790135495,2026-09-23T03:51:35Z,33620,1790101943,6.1.187-android14-11-SAGA,49646d1b0cd1,cc_governor,cc_governor,2254659,111533,2659785,3085992,405012,1137,1482474,126833,1948493,2168208,465880,17246,adios,0,adios,0,adios,0,61.5,65.2,,38.0,67.0,47.2,12,3634000,-869700,38.0,,,22.68,78660,,1,2000
1790135533,2026-09-23T03:52:13Z,33659,1790101943,6.1.187-android14-11-SAGA,49646d1b0cd1,cc_governor,cc_governor,2298698,112517,2721518,3159325,422737,1188,1509997,127876,1995479,2218013,485459,17723,adios,0,adios,0,adios,0,60.0,58.7,53.4,39.0,67.0,46.5,12,3620000,-1023500,38.0,,,22.03,134940,,1,2000
1790135571,2026-09-23T03:52:51Z,33696,1790101943,6.1.187-android14-11-SAGA,49646d1b0cd1,cc_governor,cc_governor,2369325,117393,2800755,3251647,431122,1222,1583076,133304,2077875,2308358,494661,18240,adios,0,adios,0,adios,0,53.7,53.0,50.3,38.0,58.0,44.9,12,3613000,-896600,38.0,,,24.11,153756,,1,2000
1790135611,2026-09-23T03:53:31Z,33736,1790101943,6.1.187-android14-11-SAGA,49646d1b0cd1,cc_governor,cc_governor,2451817,122879,2890983,3354424,438957,1278,1655906,139812,2160252,2399968,504166,19099,adios,0,adios,0,adios,0,54.0,51.2,48.9,38.0,53.3,43.9,11,3643000,-779400,38.0,,,23.65,124664,,1,2000
1790135650,2026-09-23T03:54:10Z,33776,1790101943,6.1.187-android14-11-SAGA,49646d1b0cd1,cc_governor,cc_governor,2526427,124206,2978014,3449531,451403,1300,1733108,141386,2251507,2495241,518292,19646,adios,0,adios,0,adios,0,58.5,57.1,53.0,38.0,57.6,45.1,11,3638000,-690900,38.0,,,23.58,106740,,1,2000
1790135688,2026-09-23T03:54:48Z,33813,1790101943,6.1.187-android14-11-SAGA,49646d1b0cd1,cc_governor,cc_governor,2600162,129032,3060270,3543303,459823,1337,1800973,147225,2329582,2581862,528435,20185,adios,0,adios,0,adios,0,54.2,55.0,51.4,38.0,56.4,44.5,11,3634000,-748200,38.0,,,23.74,126724,,1,2000
1790135727,2026-09-23T03:55:28Z,33853,1790101943,6.1.187-android14-11-SAGA,49646d1b0cd1,cc_governor,cc_governor,2672031,132669,3142838,3639627,470822,1377,1859892,152856,2400497,2660879,540587,20985,adios,0,adios,0,adios,0,58.4,57.8,52.8,38.0,61.6,45.5,11,3626000,-766600,38.0,,,22.97,111072,,1,2000
1790135764,2026-09-23T03:56:04Z,33889,1790101943,6.1.187-android14-11-SAGA,49646d1b0cd1,cc_governor,cc_governor,2712828,137660,3196930,3707317,484100,1383,1887053,157683,2442547,2709468,555524,21366,adios,0,adios,0,adios,0,57.2,59.0,52.4,38.0,67.3,45.6,11,3603000,-1405600,38.0,,,23.00,100068,,1,2000
1790135800,2026-09-23T03:56:40Z,33925,1790101943,6.1.187-android14-11-SAGA,49646d1b0cd1,cc_governor,cc_governor,2795834,141600,3285921,3808657,490069,1395,1928366,164599,2494937,2770617,566511,21817,adios,0,adios,0,adios,0,55.4,54.3,,38.0,57.6,44.6,10,3614000,-786700,38.0,,,22.48,122048,,1,2000
1790135838,2026-09-23T03:57:18Z,33964,1790101943,6.1.187-android14-11-SAGA,49646d1b0cd1,cc_governor,cc_governor,2878953,145987,3376322,3911089,497121,1414,2011164,170622,2586266,2870755,574984,22367,adios,0,adios,0,adios,0,55.2,53.1,50.3,38.0,62.4,44.9,10,3606000,-939900,38.0,,,22.03,113812,,1,2000
1790135877,2026-09-23T03:57:57Z,34003,1790101943,6.1.187-android14-11-SAGA,49646d1b0cd1,cc_governor,cc_governor,2946597,146975,3456210,4005395,509447,1482,2058785,171848,2648310,2940872,589521,23106,adios,0,adios,0,adios,0,65.7,66.3,,38.0,62.4,47.3,10,3604000,-1386700,38.0,,,22.46,143028,,1,2000
1790135916,2026-09-23T03:58:36Z,34042,1790101943,6.1.187-android14-11-SAGA,49646d1b0cd1,cc_governor,cc_governor,3012087,147573,3535835,4098974,523814,1558,2107314,172392,2711982,3009226,604670,23689,adios,0,adios,0,adios,4,67.0,57.7,,38.0,56.6,46.2,10,3582000,-1230400,38.0,,,22.54,103300,,1,2000
1790135954,2026-09-23T03:59:14Z,34079,1790101943,6.1.187-android14-11-SAGA,49646d1b0cd1,cc_governor,cc_governor,3057368,148918,3594892,4168762,537486,1599,2123390,173456,2738931,3041069,615549,24082,adios,0,adios,0,adios,0,52.2,52.0,49.8,38.0,57.3,44.8,9,3637000,-1015600,38.0,,,21.64,561956,,1,2000
1790135990,2026-09-23T03:59:50Z,34115,1790101943,6.1.187-android14-11-SAGA,49646d1b0cd1,cc_governor,cc_governor,3096924,151574,3649186,4231836,552270,1604,2126614,175192,2753615,3058306,627012,24400,adios,0,adios,0,adios,0,47.5,47.3,,38.0,51.4,42.4,9,3632000,-748200,38.0,,,20.34,449608,,1,2000
1790136025,2026-09-23T04:00:25Z,34151,1790101943,6.1.187-android14-11-SAGA,49646d1b0cd1,cc_governor,cc_governor,3133639,153731,3701054,4291519,567385,1608,2131985,176732,2771318,3078624,639333,24726,adios,0,adios,0,adios,0,48.1,48.7,,38.0,53.2,42.4,9,3636000,-611500,38.0,,,19.22,203816,,1,2000
1790136061,2026-09-23T04:01:01Z,34186,1790101943,6.1.187-android14-11-SAGA,49646d1b0cd1,cc_governor,cc_governor,3162647,154951,3746788,4347203,584160,1614,2144457,177492,2795502,3105120,651059,25071,adios,0,adios,0,adios,0,51.5,56.0,48.9,38.0,58.2,42.9,9,3626000,-800700,37.0,,,19.19,182112,,1,2000
1790136097,2026-09-23T04:01:37Z,34222,1790101943,6.1.187-android14-11-SAGA,49646d1b0cd1,cc_governor,cc_governor,3178813,155990,3777664,4388641,598865,1648,2155352,178403,2817043,3132131,661703,25474,adios,0,adios,0,adios,3,71.5,72.3,61.9,38.0,67.6,48.8,9,3581000,-1244500,38.0,,,27.69,142644,,1,2000
1790136148,2026-09-23T04:02:28Z,34273,1790101943,6.1.187-android14-11-SAGA,49646d1b0cd1,cc_governor,cc_governor,0,0,46,64,49,0,13,10,40,56,27,13,adios,0,adios,0,adios,0,42.8,42.5,,37.0,46.2,39.3,9,3631000,-367400,37.0,,,29.39,123388,,1,2000
1790136565,2026-09-23T04:09:25Z,34691,1790101943,6.1.187-android14-11-SAGA,49646d1b0cd1,cc_governor,cc_governor,8,0,154,184,158,0,18,0,68,73,54,12,adios,0,adios,0,adios,0,40.5,37.7,,34.0,39.6,35.1,8,3664000,-179400,34.0,,,22.97,120076,,1,2000
1790136975,2026-09-23T04:16:15Z,35100,1790101943,6.1.187-android14-11-SAGA,49646d1b0cd1,cc_governor,cc_governor,0,0,46,56,58,0,18,0,60,64,46,16,adios,0,adios,0,adios,0,38.0,38.2,,34.0,40.9,34.7,8,3659000,-284400,33.0,,,19.71,121352,,1,2000
1790137596,2026-09-23T04:26:36Z,35722,1790101943,6.1.187-android14-11-SAGA,49646d1b0cd1,cc_governor,cc_governor,0,0,62,89,78,0,8,0,59,64,57,14,adios,0,adios,0,adios,0,36.4,35.1,,33.0,38.5,34.0,8,3662000,-255100,33.0,,,17.49,128380,,1,2000
1790140429,2026-09-23T05:13:49Z,38554,1790101943,6.1.187-android14-11-SAGA,49646d1b0cd1,cc_governor,cc_governor,17,0,317,378,307,0,49,0,195,273,151,11,adios,0,adios,0,adios,0,37.1,39.4,,32.0,45.8,35.4,8,3672000,-256300,32.0,,,16.65,103940,,1,2000
1790141945,2026-09-23T05:39:05Z,40071,1790101943,6.1.187-android14-11-SAGA,49646d1b0cd1,cc_governor,cc_governor,1,0,101,131,0,0,32,21,32,59,0,7,adios,0,adios,0,adios,0,35.3,36.7,,32.0,36.3,32.7,8,3650000,-738500,32.0,,,16.00,125628,,1,2000
1790147688,2026-09-23T07:14:48Z,45813,1790101943,6.1.187-android14-11-SAGA,49646d1b0cd1,cc_governor,cc_governor,1650,4472,3883,8832,2240,0,2880,422,3257,3827,382,13,adios,0,adios,0,adios,0,36.8,33.9,,32.0,39.3,32.8,8,3663000,-357000,32.0,,,15.55,118752,,1,2000
1790151725,2026-09-23T08:22:05Z,49850,1790101943,6.1.187-android14-11-SAGA,49646d1b0cd1,cc_governor,cc_governor,231,2537,2749,5448,2518,0,257,315,565,972,308,17,adios,0,adios,0,adios,0,35.8,36.4,,32.0,41.8,33.5,8,3647000,-430200,32.0,,,63.47,108836,,1,2000
1790155214,2026-09-23T09:20:14Z,53340,1790101943,6.1.187-android14-11-SAGA,49646d1b0cd1,cc_governor,cc_governor,4213,408,8776,10277,4563,1,4761,270,7138,8547,2377,17,adios,0,adios,0,adios,0,38.4,39.1,,31.0,41.3,34.6,7,3658000,-424800,31.0,,,42.42,103812,,1,2000
1790155449,2026-09-23T09:24:09Z,53575,1790101943,6.1.187-android14-11-SAGA,49646d1b0cd1,cc_governor,cc_governor,5,0,8,23,25,0,49,0,76,92,32,7,adios,0,adios,0,adios,0,38.1,37.4,,32.0,38.1,32.7,7,3673000,-456500,32.0,,,48.18,127764,,1,2000
1790156110,2026-09-23T09:35:10Z,54235,1790101943,6.1.187-android14-11-SAGA,49646d1b0cd1,cc_governor,cc_governor,6724,143,10905,12678,4200,18,1927,105,4072,4543,2162,42,adios,0,adios,0,adios,0,40.1,40.2,,31.0,42.4,34.9,7,3646000,-761100,31.0,,,33.77,103768,,1,2000
1790156161,2026-09-23T09:36:01Z,54287,1790101943,6.1.187-android14-11-SAGA,49646d1b0cd1,cc_governor,cc_governor,2,0,34,53,48,0,17,0,55,59,43,10,adios,0,adios,0,adios,0,37.1,34.6,,32.0,37.6,33.5,7,3664000,-454100,32.0,,,26.28,219232,,1,2000
1790156756,2026-09-23T09:45:56Z,54881,1790101943,6.1.187-android14-11-SAGA,49646d1b0cd1,cc_governor,cc_governor,0,0,51,62,65,0,14,0,61,62,50,19,adios,0,adios,0,adios,0,36.1,36.5,,32.0,36.1,32.8,7,3654000,-576700,32.0,,,21.49,145916,,1,2000
1790157495,2026-09-23T09:58:15Z,55620,1790101943,6.1.187-android14-11-SAGA,49646d1b0cd1,cc_governor,cc_governor,8,0,386,453,389,0,142,0,242,252,106,20,adios,0,adios,0,adios,0,36.6,37.4,,31.0,40.3,33.6,7,3664000,-223900,31.0,,,18.73,135532,,1,2000
1790157621,2026-09-23T10:00:21Z,55746,1790101943,6.1.187-android14-11-SAGA,49646d1b0cd1,cc_governor,cc_governor,14860,4941,21281,28709,6402,14,3324,1613,5961,7873,2621,21,adios,0,adios,0,adios,0,39.6,41.0,,31.0,42.8,34.8,7,3651000,-449200,32.0,,,18.45,189296,,1,2000
1790157708,2026-09-23T10:01:48Z,55834,1790101943,6.1.187-android14-11-SAGA,49646d1b0cd1,cc_governor,cc_governor,1,0,63,78,77,0,10,0,62,65,57,15,adios,0,adios,0,adios,4,36.4,35.0,,32.0,38.1,33.2,6,3670000,-316100,32.0,,,25.30,302204,,1,2000
1790158229,2026-09-23T10:10:29Z,56354,1790101943,6.1.187-android14-11-SAGA,49646d1b0cd1,cc_governor,cc_governor,458,0,1036,1471,586,0,36,0,186,351,159,12,adios,0,adios,0,adios,0,41.0,38.6,,33.0,39.0,34.3,6,3667000,-240400,33.0,,,20.77,135256,,1,2000
1790158657,2026-09-23T10:17:37Z,56782,1790101943,6.1.187-android14-11-SAGA,49646d1b0cd1,cc_governor,cc_governor,65,0,384,442,317,0,69,0,217,227,154,7,adios,0,adios,0,adios,0,40.7,38.2,,34.0,38.0,35.4,6,3669000,-235500,34.0,,,18.42,137256,,1,2000
1790158886,2026-09-23T10:21:26Z,57012,1790101943,6.1.187-android14-11-SAGA,49646d1b0cd1,cc_governor,cc_governor,15219,927,18030,22462,2817,10,12606,1533,15892,20477,3301,23,adios,0,adios,0,adios,0,51.6,51.4,,34.0,53.6,40.7,6,3737000,909400,34.0,,,24.97,121588,,1,2000
1790158922,2026-09-23T10:22:02Z,57047,1790101943,6.1.187-android14-11-SAGA,49646d1b0cd1,cc_governor,cc_governor,28791,7890,39570,56168,10773,15,14688,3298,22017,31772,7329,315,adios,0,adios,0,adios,0,47.8,47.9,,35.0,50.0,40.3,6,3777000,1380000,35.0,,,20.96,811940,,1,2000
1790158957,2026-09-23T10:22:37Z,57083,1790101943,6.1.187-android14-11-SAGA,49646d1b0cd1,cc_governor,cc_governor,30657,12566,46275,68371,15627,18,14726,4584,22452,34190,7731,600,adios,0,adios,0,adios,0,47.0,45.4,,35.0,49.5,39.4,7,3788000,1413500,35.0,,,18.54,717256,,1,2000
1790158993,2026-09-23T10:23:13Z,57118,1790101943,6.1.187-android14-11-SAGA,49646d1b0cd1,cc_governor,cc_governor,30893,19609,48355,77887,17462,20,14731,5502,22859,35943,8128,899,adios,0,adios,0,adios,0,45.4,44.3,,35.0,48.4,38.8,7,3788000,1292100,35.0,,,17.11,649216,,1,2000
1790159051,2026-09-23T10:24:11Z,57176,1790101943,6.1.187-android14-11-SAGA,49646d1b0cd1,cc_governor,cc_governor,0,9,218,268,239,0,15,16,53,79,42,14,adios,0,adios,0,adios,0,40.2,41.3,,35.0,45.2,37.7,7,3805000,1345800,35.0,,,16.17,874884,,1,2000
1790159086,2026-09-23T10:24:46Z,57212,1790101943,6.1.187-android14-11-SAGA,49646d1b0cd1,cc_governor,cc_governor,49,3174,2846,6275,2797,0,105,326,331,876,226,22,adios,0,adios,0,adios,0,40.4,42.1,,35.0,43.9,37.5,8,3809000,1491700,35.0,,,15.15,860980,,1,2000
1790159121,2026-09-23T10:25:21Z,57247,1790101943,6.1.187-android14-11-SAGA,49646d1b0cd1,cc_governor,cc_governor,13,2887,986,4035,973,0,37,222,117,492,80,17,adios,0,adios,0,adios,0,40.1,40.6,,35.0,43.7,37.5,8,3805000,1369600,35.0,,,15.59,829416,,1,2000
1790159164,2026-09-23T10:26:04Z,57289,1790101943,6.1.187-android14-11-SAGA,49646d1b0cd1,cc_governor,cc_governor,3,0,68,81,77,0,22,0,69,76,53,17,adios,0,adios,0,adios,0,39.7,40.6,,35.0,43.3,37.2,9,3787000,1151100,35.0,,,15.27,813292,,1,2000
1790159297,2026-09-23T10:28:17Z,57423,1790101943,6.1.187-android14-11-SAGA,49646d1b0cd1,cc_governor,cc_governor,2,0,157,180,174,0,3,0,55,68,58,17,adios,0,adios,0,adios,0,39.4,40.0,,35.0,41.5,36.0,10,3826000,1454400,35.0,,,15.05,810708,,1,2000
1790159482,2026-09-23T10:31:22Z,57608,1790101943,6.1.187-android14-11-SAGA,49646d1b0cd1,cc_governor,cc_governor,4,6,547,573,554,0,68,15,157,213,94,14,adios,0,adios,0,adios,0,38.9,41.2,,34.0,39.3,35.6,12,3847000,1413500,34.0,,,15.78,876960,,1,2000
1790159640,2026-09-23T10:34:00Z,57765,1790101943,6.1.187-android14-11-SAGA,49646d1b0cd1,cc_governor,cc_governor,1,0,105,121,6,0,6,0,35,40,34,6,adios,0,adios,0,adios,0,38.3,38.1,,34.0,38.5,34.9,13,3857000,1510600,34.0,,,63.12,848008,,1,2000
1790159743,2026-09-23T10:35:43Z,57869,1790101943,6.1.187-android14-11-SAGA,49646d1b0cd1,cc_governor,cc_governor,22,334,636,1070,614,0,111,117,269,498,158,19,adios,0,adios,0,adios,0,38.2,38.9,,34.0,41.9,35.7,14,3869000,1450100,34.0,,,79.31,847732,,1,2000
1790159844,2026-09-23T10:37:24Z,57970,1790101943,6.1.187-android14-11-SAGA,49646d1b0cd1,cc_governor,cc_governor,1902,94,3045,3695,1028,37,1900,46,2552,2870,589,123,adios,0,adios,0,adios,0,53.8,57.4,49.9,33.0,56.1,40.1,15,3733000,-650000,33.0,,,49.25,189776,,1,2000
1790159883,2026-09-23T10:38:03Z,58008,1790101943,6.1.187-android14-11-SAGA,49646d1b0cd1,cc_governor,cc_governor,30552,6083,46192,63722,15648,95,15699,3425,26965,33190,11287,901,adios,0,adios,0,adios,0,48.8,47.5,45.6,34.0,48.4,39.4,15,3730000,-512000,34.0,,,35.91,146060,,1,2000
1790159919,2026-09-23T10:38:39Z,58044,1790101943,6.1.187-android14-11-SAGA,49646d1b0cd1,cc_governor,cc_governor,47368,10814,78861,112685,31511,96,18244,5754,39882,49145,21650,1258,adios,0,adios,0,adios,0,47.8,47.7,,34.0,50.9,39.6,14,3716000,-512000,34.0,,,28.16,90948,,1,2000
1790159955,2026-09-23T10:39:15Z,58081,1790101943,6.1.187-android14-11-SAGA,49646d1b0cd1,cc_governor,cc_governor,68536,12580,115587,163786,47050,131,32640,7141,62874,77722,30238,1642,adios,0,adios,0,adios,0,55.9,55.2,51.0,34.0,61.3,43.5,14,3683000,-952700,34.0,,,26.47,100684,,1,2000
1790159991,2026-09-23T10:39:51Z,58117,1790101943,6.1.187-android14-11-SAGA,49646d1b0cd1,cc_governor,cc_governor,95622,14748,159807,222141,64203,136,45773,8976,91398,111651,45650,2031,adios,0,adios,0,adios,0,50.5,51.2,48.0,35.0,52.0,41.8,14,3702000,-587100,35.0,,,23.46,78376,,1,2000
1790160027,2026-09-23T10:40:27Z,58153,1790101943,6.1.187-android14-11-SAGA,49646d1b0cd1,cc_governor,cc_governor,118733,15290,202430,276451,83724,141,51702,9347,111580,133618,59900,2369,adios,0,adios,0,adios,0,53.1,51.3,48.0,35.0,53.6,41.8,14,3679000,-631100,35.0,,,21.26,139720,,1,2000
1790160063,2026-09-23T10:41:03Z,58189,1790101943,6.1.187-android14-11-SAGA,49646d1b0cd1,cc_governor,cc_governor,129043,15819,234693,322849,105670,143,52703,9562,122127,145033,69429,2734,adios,0,adios,0,adios,0,45.8,45.6,,35.0,48.6,40.0,14,3700000,-514500,35.0,,,19.63,138120,,1,2000
1790160098,2026-09-23T10:41:38Z,58224,1790101943,6.1.187-android14-11-SAGA,49646d1b0cd1,cc_governor,cc_governor,134424,18147,259068,358553,124633,145,53439,9964,127421,150993,73982,3042,adios,0,adios,0,adios,0,43.1,43.2,,35.0,46.0,39.0,14,3712000,-302100,35.0,,,18.15,139260,,1,2000
1790160134,2026-09-23T10:42:14Z,58259,1790101943,6.1.187-android14-11-SAGA,49646d1b0cd1,cc_governor,cc_governor,138329,34941,266367,385341,128030,148,53799,14067,128611,156483,74812,3328,adios,0,adios,0,adios,0,43.2,42.9,,35.0,45.5,38.4,14,3709000,-396700,35.0,,,17.23,145932,,1,2000
1790160169,2026-09-23T10:42:49Z,58295,1790101943,6.1.187-android14-11-SAGA,49646d1b0cd1,cc_governor,cc_governor,158702,39757,300770,431543,142062,152,58722,15761,143567,174002,84835,3667,adios,0,adios,0,adios,0,50.4,47.5,,35.0,47.7,39.8,14,3720000,-445500,35.0,,,17.86,193888,,1,2000
1790160205,2026-09-23T10:43:25Z,58331,1790101943,6.1.187-android14-11-SAGA,49646d1b0cd1,cc_governor,cc_governor,80,4762,2014,7075,1934,1,65,355,174,606,109,19,adios,0,adios,0,adios,0,40.7,41.2,,35.0,43.5,37.4,14,3715000,-363700,35.0,,,40.94,123932,,1,2000
1790160332,2026-09-23T10:45:32Z,58457,1790101943,6.1.187-android14-11-SAGA,49646d1b0cd1,cc_governor,cc_governor,2158,81,2842,3651,579,23,1731,66,2294,2735,510,59,adios,0,adios,0,adios,0,49.7,45.0,,34.0,44.7,37.4,14,3721000,-249600,34.0,,,32.33,176952,,1,2000
1790160450,2026-09-23T10:47:30Z,58575,1790101943,6.1.187-android14-11-SAGA,49646d1b0cd1,cc_governor,cc_governor,3,0,127,139,135,0,12,0,56,62,48,14,adios,0,adios,0,adios,0,38.0,39.0,,33.0,40.4,34.9,14,3723000,-198300,33.0,,,24.64,122368,,1,2000
1790160766,2026-09-23T10:52:46Z,58891,1790101943,6.1.187-android14-11-SAGA,49646d1b0cd1,cc_governor,cc_governor,5,0,164,215,170,0,68,0,142,146,78,19,adios,0,adios,0,adios,0,37.4,38.7,,33.0,42.9,35.1,14,3711000,-325300,33.0,,,20.23,84436,,1,2000
1790160888,2026-09-23T10:54:48Z,59014,1790101943,6.1.187-android14-11-SAGA,49646d1b0cd1,cc_governor,cc_governor,0,0,56,65,66,0,3,0,44,47,45,15,adios,0,adios,0,adios,0,38.4,39.3,,32.0,41.0,34.7,13,3720000,-189800,33.0,,,18.55,125432,,1,2000
1790161201,2026-09-23T11:00:01Z,59326,1790101943,6.1.187-android14-11-SAGA,49646d1b0cd1,cc_governor,cc_governor,4,0,59,71,64,0,2,0,40,44,42,0,adios,0,adios,0,adios,0,37.5,36.4,,32.0,39.3,34.1,13,3691000,-844100,32.0,,,17.69,275232,,1,2000
1790161490,2026-09-23T11:04:50Z,59615,1790101943,6.1.187-android14-11-SAGA,49646d1b0cd1,cc_governor,cc_governor,1,0,137,144,141,0,16,0,38,40,24,4,adios,0,adios,0,adios,0,38.1,37.1,,32.0,40.3,34.0,13,3713000,-174500,32.0,,,77.47,131092,,1,2000
1790161607,2026-09-23T11:06:47Z,59733,1790101943,6.1.187-android14-11-SAGA,49646d1b0cd1,cc_governor,cc_governor,10,0,278,305,279,0,63,0,150,161,92,15,adios,0,adios,0,adios,0,36.9,36.9,,32.0,44.7,34.0,13,3691000,-597500,32.0,,,73.51,113768,,1,2000
1790161695,2026-09-23T11:08:15Z,59821,1790101943,6.1.187-android14-11-SAGA,49646d1b0cd1,cc_governor,cc_governor,5741,987,14631,17939,8912,50,5917,192,8764,9801,2851,68,adios,0,adios,0,adios,0,39.0,40.9,,33.0,43.3,35.6,13,3692000,-579800,32.0,,,50.33,122072,,1,2000
1790161730,2026-09-23T11:08:51Z,59856,1790101943,6.1.187-android14-11-SAGA,49646d1b0cd1,cc_governor,cc_governor,21189,5985,42033,57628,20870,52,11571,1972,21974,25969,10420,378,adios,0,adios,0,adios,0,45.4,50.8,44.2,33.0,52.1,38.2,13,3646000,-604200,33.0,,,36.05,144716,,1,2000
1790161767,2026-09-23T11:09:27Z,59892,1790101943,6.1.187-android14-11-SAGA,49646d1b0cd1,cc_governor,cc_governor,41223,8011,78937,105555,37649,60,28920,3448,50113,59327,21188,783,adios,0,adios,0,adios,0,52.1,48.8,,33.0,49.1,39.9,13,3679000,-437600,33.0,,,29.63,168332,,1,2000
1790161802,2026-09-23T11:10:02Z,59927,1790101943,6.1.187-android14-11-SAGA,49646d1b0cd1,cc_governor,cc_governor,56790,12756,108515,143948,51718,61,32469,5336,59655,71535,27200,1085,adios,0,adios,0,adios,0,47.1,45.8,,33.0,53.0,38.3,13,3673000,-812300,33.0,,,23.59,273524,,1,2000
1790161837,2026-09-23T11:10:37Z,59963,1790101943,6.1.187-android14-11-SAGA,49646d1b0cd1,cc_governor,cc_governor,75513,17158,140707,185501,65205,66,36930,7149,70649,84880,33723,1402,adios,0,adios,0,adios,0,43.7,45.9,,33.0,47.9,38.6,13,3679000,-704900,33.0,,,21.40,98736,,1,2000
1790161873,2026-09-23T11:11:13Z,59999,1790101943,6.1.187-android14-11-SAGA,49646d1b0cd1,cc_governor,cc_governor,93829,19317,173819,226585,79979,81,45136,8199,86307,102753,41171,1768,adios,0,adios,0,adios,0,46.1,47.0,,34.0,47.8,39.0,12,3681000,-510200,34.0,,,20.13,71948,,1,2000
1790161909,2026-09-23T11:11:49Z,60035,1790101943,6.1.187-android14-11-SAGA,49646d1b0cd1,cc_governor,cc_governor,101136,24657,191049,252203,89914,88,49025,9599,93718,111893,44716,2117,adios,0,adios,0,adios,0,45.0,44.0,,34.0,46.1,37.9,12,3686000,-408300,34.0,,,18.51,146144,,1,2000
1790161944,2026-09-23T11:12:25Z,60070,1790101943,6.1.187-android14-11-SAGA,49646d1b0cd1,cc_governor,cc_governor,119779,29588,222439,294702,102671,90,56287,11483,107324,128690,51046,2427,adios,0,adios,0,adios,0,43.7,44.1,,34.0,49.8,38.8,12,3666000,-769000,34.0,,,17.78,120064,,1,2000
1790161981,2026-09-23T11:13:01Z,60106,1790101943,6.1.187-android14-11-SAGA,49646d1b0cd1,cc_governor,cc_governor,137333,35252,255206,338323,117874,98,60080,13429,118625,142531,58552,2780,adios,0,adios,0,adios,0,44.8,45.0,42.9,34.0,47.9,38.9,12,3647000,-964300,34.0,,,17.02,92096,,1,2000
1790162016,2026-09-23T11:13:36Z,60142,1790101943,6.1.187-android14-11-SAGA,49646d1b0cd1,cc_governor,cc_governor,160074,38262,294951,387107,134897,100,66039,15195,136080,162409,70043,3118,adios,0,adios,0,adios,0,47.8,45.9,,34.0,48.5,39.1,12,3668000,-482100,34.0,,,17.25,127916,,1,2000
1790162052,2026-09-23T11:14:12Z,60177,1790101943,6.1.187-android14-11-SAGA,49646d1b0cd1,cc_governor,cc_governor,183002,42198,333491,435307,150505,103,70468,17344,150239,179169,79776,3422,adios,0,adios,0,adios,0,44.5,48.6,43.8,35.0,48.2,39.4,12,3665000,-1349400,34.0,,,17.83,124836,,1,2000
1790162087,2026-09-23T11:14:47Z,60213,1790101943,6.1.187-android14-11-SAGA,49646d1b0cd1,cc_governor,cc_governor,199580,46818,366414,477218,166828,107,75533,19412,163984,195710,88451,3750,adios,0,adios,0,adios,0,44.6,45.0,,35.0,48.0,39.1,12,3671000,-630400,35.0,,,18.19,121148,,1,2000
1790162122,2026-09-23T11:15:22Z,60248,1790101943,6.1.187-android14-11-SAGA,49646d1b0cd1,cc_governor,cc_governor,208514,60047,383017,509797,174503,109,75863,23329,166323,202217,90447,4053,adios,0,adios,0,adios,0,43.2,43.5,,35.0,46.2,38.5,12,3664000,-625600,35.0,,,17.83,119944,,1,2000
1790162203,2026-09-23T11:16:43Z,60329,1790101943,6.1.187-android14-11-SAGA,49646d1b0cd1,cc_governor,cc_governor,30,0,248,278,226,0,10,0,88,90,84,0,adios,0,adios,0,adios,0,39.7,38.6,,34.0,42.2,35.9,12,3696000,-198300,34.0,,,18.33,237224,,1,2000
1790162438,2026-09-23T11:20:38Z,60563,1790101943,6.1.187-android14-11-SAGA,49646d1b0cd1,cc_governor,cc_governor,277,195,1242,1568,965,0,456,82,764,875,308,22,adios,0,adios,0,adios,0,37.9,37.9,,32.0,41.4,34.6,12,3687000,-332600,32.0,,,17.43,116496,,1,2000
1790162474,2026-09-23T11:21:14Z,60599,1790101943,6.1.187-android14-11-SAGA,49646d1b0cd1,cc_governor,cc_governor,4,12,331,369,340,0,13,16,64,87,54,15,adios,0,adios,0,adios,0,38.8,38.5,,32.0,41.2,34.5,12,3691000,-264800,32.0,,,16.52,125424,,1,2000
1790162724,2026-09-23T11:25:24Z,60850,1790101943,6.1.187-android14-11-SAGA,49646d1b0cd1,cc_governor,cc_governor,16,0,621,690,617,0,265,0,402,406,140,18,adios,0,adios,0,adios,0,36.8,38.0,,32.0,38.6,33.8,12,3664000,-551700,32.0,,,69.35,482548,,1,2000
1790163028,2026-09-23T11:30:28Z,61154,1790101943,6.1.187-android14-11-SAGA,49646d1b0cd1,cc_governor,cc_governor,2999,38,4144,4732,1171,39,2625,50,3620,3958,999,49,adios,0,adios,0,adios,3,56.2,59.9,,32.0,57.6,39.1,11,3614000,-1194400,32.0,,,44.06,169412,,1,2000
1790163066,2026-09-23T11:31:06Z,61191,1790101943,6.1.187-android14-11-SAGA,49646d1b0cd1,cc_governor,cc_governor,32703,974,51870,60436,19187,114,16787,842,30309,33422,13532,428,adios,0,adios,0,adios,0,54.2,51.2,48.2,33.0,53.0,40.2,11,3649000,-447900,33.0,,,34.64,163836,,1,2000
1790163103,2026-09-23T11:31:43Z,61228,1790101943,6.1.187-android14-11-SAGA,49646d1b0cd1,cc_governor,cc_governor,55316,7006,89338,111154,34046,147,24240,3323,45348,52334,21127,894,adios,0,adios,0,adios,0,50.6,49.9,45.6,34.0,58.5,39.5,11,3624000,-798300,34.0,,,27.93,115356,,1,2000
1790163139,2026-09-23T11:32:19Z,61265,1790101943,6.1.187-android14-11-SAGA,49646d1b0cd1,cc_governor,cc_governor,75845,13757,123459,158108,47635,152,33277,5709,63626,74538,30362,1261,adios,0,adios,0,adios,0,43.5,43.5,,34.0,46.4,38.2,11,3629000,-792200,34.0,,,22.90,99136,,1,2000
1790163175,2026-09-23T11:32:55Z,61300,1790101943,6.1.187-android14-11-SAGA,49646d1b0cd1,cc_governor,cc_governor,84138,14839,151418,192630,67291,153,34986,6180,73601,85894,38627,1544,adios,0,adios,0,adios,0,44.6,43.5,,34.0,47.4,38.3,11,3655000,-728100,34.0,,,21.05,146772,,1,2000
1790163210,2026-09-23T11:33:30Z,61335,1790101943,6.1.187-android14-11-SAGA,49646d1b0cd1,cc_governor,cc_governor,92045,21361,173647,225388,81601,153,35777,8007,79574,94037,43797,1848,adios,0,adios,0,adios,0,43.6,43.9,,34.0,46.3,38.3,11,3558000,-589600,34.0,,,18.99,126156,,1,2000
1790163245,2026-09-23T11:34:05Z,61370,1790101943,6.1.187-android14-11-SAGA,49646d1b0cd1,cc_governor,cc_governor,99528,34659,188343,256347,88795,154,35941,11671,81914,100248,45973,2147,adios,0,adios,0,adios,0,42.9,44.2,,34.0,46.9,38.6,11,3627000,-602400,34.0,,,18.72,97508,,1,2000
1790163280,2026-09-23T11:34:40Z,61405,1790101943,6.1.187-android14-11-SAGA,49646d1b0cd1,cc_governor,cc_governor,107394,47936,203421,287558,96026,156,36236,15803,84208,106958,47972,2437,adios,0,adios,0,adios,0,43.9,43.7,,35.0,48.9,39.0,10,3642000,-670100,35.0,,,19.07,89392,,1,2000
1790163315,2026-09-23T11:35:15Z,61440,1790101943,6.1.187-android14-11-SAGA,49646d1b0cd1,cc_governor,cc_governor,22,0,1376,1443,1366,0,114,0,271,276,162,15,adios,0,adios,0,adios,0,41.8,42.5,,35.0,45.3,38.5,10,3669000,-304500,35.0,,,17.61,718824,,1,2000
1790163350,2026-09-23T11:35:50Z,61475,1790101943,6.1.187-android14-11-SAGA,49646d1b0cd1,cc_governor,cc_governor,44,4899,2634,7916,2599,2,90,601,516,1329,431,77,adios,0,adios,0,adios,0,41.5,42.0,,35.0,44.9,37.9,10,3671000,-331400,35.0,,,16.22,724856,,1,2000
1790163409,2026-09-23T11:36:49Z,61534,1790101943,6.1.187-android14-11-SAGA,49646d1b0cd1,cc_governor,cc_governor,14160,431,18638,23841,4495,19,9447,374,13502,15592,4076,32,adios,0,adios,0,adios,0,53.3,56.2,,35.0,53.5,41.7,10,3753000,967400,35.0,,,17.01,119380,,1,2000
1790163445,2026-09-23T11:37:25Z,61570,1790101943,6.1.187-android14-11-SAGA,49646d1b0cd1,cc_governor,cc_governor,34497,1242,57348,73225,22844,23,21716,856,37642,42518,15944,370,adios,0,adios,0,adios,0,54.4,55.5,47.6,35.0,52.8,41.5,10,3763000,966700,35.0,,,17.39,174136,,1,2000
1790163480,2026-09-23T11:38:00Z,61606,1790101943,6.1.187-android14-11-SAGA,49646d1b0cd1,cc_governor,cc_governor,47674,5223,84247,107796,36585,30,30424,1544,54246,61155,23826,682,adios,0,adios,0,adios,0,44.0,45.6,,35.0,47.8,39.8,11,3768000,953300,35.0,,,17.84,279892,,1,2000
1790163516,2026-09-23T11:38:36Z,61641,1790101943,6.1.187-android14-11-SAGA,49646d1b0cd1,cc_governor,cc_governor,49636,11689,96587,128440,46963,30,30555,2443,56158,64128,25607,958,adios,0,adios,0,adios,0,42.6,43.5,,35.0,47.0,38.8,11,3772000,958200,35.0,,,17.05,223000,,1,2000
1790163551,2026-09-23T11:39:11Z,61676,1790101943,6.1.187-android14-11-SAGA,49646d1b0cd1,cc_governor,cc_governor,53075,20924,108106,155274,55024,34,31883,4171,59855,70098,27978,1272,adios,0,adios,0,adios,0,42.5,42.7,,35.0,45.5,38.2,11,3776000,965500,35.0,,,16.66,163896,,1,2000
1790163586,2026-09-23T11:39:46Z,61711,1790101943,6.1.187-android14-11-SAGA,49646d1b0cd1,cc_governor,cc_governor,64958,24302,133383,189930,68421,37,40385,6041,74583,90817,34139,1597,adios,0,adios,0,adios,0,65.4,71.1,,35.0,63.4,44.3,11,3774000,961900,35.0,,,20.30,132920,,1,2000
1790163623,2026-09-23T11:40:23Z,61748,1790101943,6.1.187-android14-11-SAGA,49646d1b0cd1,cc_governor,cc_governor,95654,26726,177647,246572,81935,110,60068,7856,105006,129105,44886,2035,adios,0,adios,0,adios,0,63.9,66.4,54.1,35.0,58.6,44.3,11,3776000,432700,35.0,,,20.81,124708,,1,2000
1790163659,2026-09-23T11:40:59Z,61785,1790101943,6.1.187-android14-11-SAGA,49646d1b0cd1,cc_governor,cc_governor,107258,32534,204257,288863,96999,129,63590,9227,116199,142832,52609,2398,adios,0,adios,0,adios,0,46.3,45.2,,35.0,49.6,40.4,12,3780000,845900,35.0,,,19.94,98736,,1,2000
1790163694,2026-09-23T11:41:35Z,61820,1790101943,6.1.187-android14-11-SAGA,49646d1b0cd1,cc_governor,cc_governor,108653,41886,213988,309332,105335,132,63888,10508,117883,146022,53995,2696,adios,0,adios,0,adios,0,42.5,45.8,,35.0,46.5,38.9,12,3787000,775100,35.0,,,18.42,117884,,1,2000
1790163730,2026-09-23T11:42:10Z,61855,1790101943,6.1.187-android14-11-SAGA,49646d1b0cd1,cc_governor,cc_governor,109976,52212,222233,329300,112276,134,64008,11709,119476,148940,55472,2995,adios,0,adios,0,adios,0,41.7,42.9,,35.0,44.5,38.0,12,3790000,964300,35.0,,,17.16,90228,,1,2000
1790163765,2026-09-23T11:42:45Z,61891,1790101943,6.1.187-android14-11-SAGA,49646d1b0cd1,cc_governor,cc_governor,111677,62049,231649,350141,119964,135,64138,13013,120961,151774,56823,3321,adios,0,adios,0,adios,0,41.3,41.5,,34.0,44.5,37.6,12,3793000,964300,34.0,,,16.81,99332,,1,2000
1790163801,2026-09-23T11:43:21Z,61926,1790101943,6.1.187-android14-11-SAGA,49646d1b0cd1,cc_governor,cc_governor,76,1919,2548,4777,2472,0,156,253,426,761,270,16,adios,0,adios,0,adios,0,40.6,40.9,,34.0,43.8,37.2,12,3821000,1044900,34.0,,,16.27,145244,,1,2000
1790163836,2026-09-23T11:43:56Z,61961,1790101943,6.1.187-android14-11-SAGA,49646d1b0cd1,cc_governor,cc_governor,22,178,647,860,633,0,19,13,100,116,85,15,adios,0,adios,0,adios,0,39.5,42.1,,34.0,43.2,36.7,13,3830000,1339100,34.0,,,15.84,111740,,1,2000
1790163871,2026-09-23T11:44:31Z,61996,1790101943,6.1.187-android14-11-SAGA,49646d1b0cd1,cc_governor,cc_governor,114,5781,3437,9754,3323,3,34,1033,730,1818,696,323,adios,0,adios,0,adios,0,39.3,39.7,,34.0,42.6,36.2,13,3848000,1501400,34.0,,,15.30,100216,,1,2000
1790163968,2026-09-23T11:46:08Z,62093,1790101943,6.1.187-android14-11-SAGA,49646d1b0cd1,cc_governor,cc_governor,64,0,349,400,293,0,58,0,193,212,140,17,adios,0,adios,0,adios,0,38.4,37.8,,33.0,43.0,35.3,14,3864000,1523400,33.0,,,15.21,101924,,1,2000
1790164067,2026-09-23T11:47:47Z,62193,1790101943,6.1.187-android14-11-SAGA,49646d1b0cd1,cc_governor,cc_governor,355,1082,1546,2860,1197,2,117,216,423,760,310,19,adios,0,adios,0,adios,0,37.9,38.3,,33.0,41.1,34.8,15,3877000,1532500,33.0,,,15.43,147496,,1,2000
1790164144,2026-09-23T11:49:04Z,62269,1790101943,6.1.187-android14-11-SAGA,49646d1b0cd1,cc_governor,cc_governor,6,0,466,517,467,0,0,0,65,76,70,16,adios,0,adios,0,adios,0,37.7,38.0,,32.0,40.7,34.4,16,3861000,1589900,32.0,,,15.04,115632,,1,2000
1790164179,2026-09-23T11:49:39Z,62304,1790101943,6.1.187-android14-11-SAGA,49646d1b0cd1,cc_governor,cc_governor,3,1569,962,2658,959,11,16,139,93,243,77,16,adios,0,adios,0,adios,0,36.8,37.4,,32.0,40.3,34.2,16,3888000,1517900,32.0,,,14.74,109536,,1,2000
1790164214,2026-09-23T11:50:14Z,62340,1790101943,6.1.187-android14-11-SAGA,49646d1b0cd1,cc_governor,cc_governor,51,1290,1671,3293,1628,0,12,214,227,463,219,20,adios,0,adios,0,adios,0,36.2,37.1,,32.0,39.5,34.0,16,3889000,1503900,32.0,,,14.63,109584,,1,2000
1790164250,2026-09-23T11:50:50Z,62375,1790101943,6.1.187-android14-11-SAGA,49646d1b0cd1,cc_governor,cc_governor,2,8,509,565,507,0,28,18,127,162,99,12,adios,0,adios,0,adios,0,36.6,36.7,,32.0,40.2,33.8,17,3890000,1394000,32.0,,,14.58,127060,,1,2000
1790164285,2026-09-23T11:51:25Z,62410,1790101943,6.1.187-android14-11-SAGA,49646d1b0cd1,cc_governor,cc_governor,86,3380,1779,5763,1693,1,34,1062,657,1768,623,320,adios,0,adios,0,adios,0,36.2,37.4,,32.0,39.5,33.6,17,3892000,1368400,32.0,,,14.59,105308,,1,2000
1790164321,2026-09-23T11:52:01Z,62446,1790101943,6.1.187-android14-11-SAGA,49646d1b0cd1,cc_governor,cc_governor,15,995,160,1356,145,0,22,315,51,401,29,16,adios,0,adios,0,adios,0,36.1,36.3,,32.0,39.6,33.5,17,3899000,1517900,32.0,,,14.59,121984,,1,2000
1790164356,2026-09-23T11:52:36Z,62481,1790101943,6.1.187-android14-11-SAGA,49646d1b0cd1,cc_governor,cc_governor,29,4666,853,6265,824,2,54,1692,259,2014,205,315,adios,0,adios,0,adios,0,36.1,36.7,,31.0,39.5,33.3,18,3901000,1411100,31.0,,,14.49,75324,,1,2000
1790164391,2026-09-23T11:53:11Z,62517,1790101943,6.1.187-android14-11-SAGA,49646d1b0cd1,cc_governor,cc_governor,188,731,2507,3661,2331,0,197,165,697,975,504,17,adios,0,adios,0,adios,0,35.9,37.1,,31.0,39.5,33.2,18,3900000,1355500,31.0,,,14.82,304676,,1,2000
1790164427,2026-09-23T11:53:47Z,62553,1790101943,6.1.187-android14-11-SAGA,49646d1b0cd1,cc_governor,cc_governor,241,2165,5167,8379,4929,4,260,571,1940,2674,1684,320,adios,0,adios,0,adios,0,35.8,37.9,,31.0,38.3,33.0,18,3907000,1615600,31.0,,,14.69,282752,,1,2000
1790164462,2026-09-23T11:54:22Z,62588,1790101943,6.1.187-android14-11-SAGA,49646d1b0cd1,cc_governor,cc_governor,301,4363,7487,13536,7186,6,260,1238,2852,4309,2592,631,adios,0,adios,0,adios,0,35.3,36.4,,31.0,39.2,33.0,19,3915000,1464800,31.0,,,14.55,262440,,1,2000
1790164498,2026-09-23T11:54:58Z,62623,1790101943,6.1.187-android14-11-SAGA,49646d1b0cd1,cc_governor,cc_governor,343,6552,9003,17894,8660,8,349,1962,3691,5891,3342,934,adios,0,adios,0,adios,0,35.4,36.7,,31.0,38.9,32.8,19,3914000,1381200,31.0,,,14.54,279048,,1,2000
1790164533,2026-09-23T11:55:33Z,62658,1790101943,6.1.187-android14-11-SAGA,49646d1b0cd1,cc_governor,cc_governor,1917,10026,14836,27837,12919,10,639,3416,4952,8782,4313,1244,adios,0,adios,0,adios,0,35.6,36.6,,31.0,38.7,32.9,19,3919000,1511800,31.0,,,14.79,148820,,1,2000
1790164569,2026-09-23T11:56:09Z,62694,1790101943,6.1.187-android14-11-SAGA,49646d1b0cd1,cc_governor,cc_governor,4753,1427,7324,10450,2571,1,7790,1245,9957,13209,2177,15,adios,0,adios,0,adios,0,51.2,44.2,,31.0,44.2,35.8,20,3901000,1049100,31.0,,,16.89,85220,,1,2000
1790164605,2026-09-23T11:56:45Z,62730,1790101943,6.1.187-android14-11-SAGA,49646d1b0cd1,cc_governor,cc_governor,14878,6653,25574,37769,10604,5,36398,5254,44543,56718,8150,346,adios,0,adios,0,adios,0,52.9,51.2,,31.0,54.5,39.0,20,3860000,452800,31.0,,,18.09,135100,,1,2000
1790164641,2026-09-23T11:57:21Z,62766,1790101943,6.1.187-android14-11-SAGA,49646d1b0cd1,cc_governor,cc_governor,23127,9225,41677,59034,18550,22,52225,7771,67933,83863,15708,624,adios,0,adios,0,adios,0,40.3,42.3,,32.0,43.7,36.2,20,3874000,813500,32.0,,,17.46,128504,,1,2000
1790164676,2026-09-23T11:57:56Z,62802,1790101943,6.1.187-android14-11-SAGA,49646d1b0cd1,cc_governor,cc_governor,23449,9470,49485,77877,26044,24,52230,7876,70040,86579,17815,939,adios,0,adios,0,adios,0,39.8,41.2,,32.0,43.1,35.8,20,3896000,936200,32.0,,,16.32,111916,,1,2000
1790164711,2026-09-23T11:58:31Z,62837,1790101943,6.1.187-android14-11-SAGA,49646d1b0cd1,cc_governor,cc_governor,23636,9975,56227,92553,32607,25,52254,8018,71957,88911,19707,1243,adios,0,adios,0,adios,0,38.7,39.5,,32.0,43.3,35.6,21,3890000,1543500,32.0,,,15.83,155116,,1,2000
1790164747,2026-09-23T11:59:07Z,62872,1790101943,6.1.187-android14-11-SAGA,49646d1b0cd1,cc_governor,cc_governor,23739,11612,59434,100359,35695,27,52269,8639,73175,90873,20906,1568,adios,0,adios,0,adios,0,37.2,39.6,,32.0,41.0,34.7,21,3927000,1496500,32.0,,,15.26,77052,,1,2000
1790164783,2026-09-23T11:59:43Z,62908,1790101943,6.1.187-android14-11-SAGA,49646d1b0cd1,cc_governor,cc_governor,23847,14851,60138,104887,36291,28,52269,10059,73326,92574,21057,1879,adios,0,adios,0,adios,0,36.9,37.3,,32.0,40.5,34.1,21,3923000,1502600,32.0,,,15.20,143784,,1,2000
1790164818,2026-09-23T12:00:18Z,62943,1790101943,6.1.187-android14-11-SAGA,49646d1b0cd1,cc_governor,cc_governor,24221,16297,63692,110467,39471,31,52632,10644,74859,94766,22227,2198,adios,0,adios,0,adios,0,36.7,37.7,,32.0,39.9,33.8,22,3930000,1422100,32.0,,,14.91,93096,,1,2000
1790164853,2026-09-23T12:00:53Z,62979,1790101943,6.1.187-android14-11-SAGA,49646d1b0cd1,cc_governor,cc_governor,28326,18095,71082,121360,42760,37,56851,11439,80749,102085,23898,2531,adios,0,adios,0,adios,0,46.6,43.8,,31.0,62.1,36.7,22,3862000,807400,31.0,,,17.97,88800,,1,2000
1790164889,2026-09-23T12:01:29Z,63015,1790101943,6.1.187-android14-11-SAGA,49646d1b0cd1,cc_governor,cc_governor,55741,19958,113487,173985,57674,55,83236,12740,118197,146310,34904,2868,adios,0,adios,0,adios,0,49.7,55.6,,32.0,47.0,38.6,22,3916000,1114500,32.0,,,22.61,100840,,1,2000
1790164926,2026-09-23T12:02:06Z,63051,1790101943,6.1.187-android14-11-SAGA,49646d1b0cd1,cc_governor,cc_governor,301,3305,5229,9021,4928,4,111,352,1024,1512,913,130,adios,0,adios,0,adios,0,38.3,38.5,,32.0,41.5,35.2,22,3930000,1442800,32.0,,,19.10,84136,,1,2000
1790164961,2026-09-23T12:02:41Z,63086,1790101943,6.1.187-android14-11-SAGA,49646d1b0cd1,cc_governor,cc_governor,828,6963,10787,18826,9970,6,330,1635,1719,3792,1395,439,adios,0,adios,0,adios,0,38.0,37.7,,32.0,40.4,34.3,23,3930000,1342700,32.0,,,16.92,110420,,1,2000
1790164996,2026-09-23T12:03:16Z,63122,1790101943,6.1.187-android14-11-SAGA,49646d1b0cd1,cc_governor,cc_governor,939,13714,12565,27877,11626,8,360,2890,2093,5479,1733,751,adios,0,adios,0,adios,0,37.3,37.7,,32.0,39.8,33.8,23,3942000,1364700,32.0,,,15.86,123616,,1,2000
1790165032,2026-09-23T12:03:52Z,63157,1790101943,6.1.187-android14-11-SAGA,49646d1b0cd1,cc_governor,cc_governor,253,1286,2794,4441,2549,0,208,92,552,810,346,14,adios,0,adios,0,adios,0,36.7,37.2,,31.0,40.9,33.7,24,3933000,1364700,31.0,,,15.33,155872,,1,2000
1790165067,2026-09-23T12:04:27Z,63193,1790101943,6.1.187-android14-11-SAGA,49646d1b0cd1,cc_governor,cc_governor,439,5399,7483,13882,7044,2,242,624,1830,2728,1588,330,adios,0,adios,0,adios,0,35.9,36.7,,31.0,38.9,33.4,24,3939000,1466000,31.0,,,15.08,99864,,1,2000
1790165103,2026-09-23T12:05:03Z,63228,1790101943,6.1.187-android14-11-SAGA,49646d1b0cd1,cc_governor,cc_governor,47,1182,1045,2672,998,0,27,386,258,700,231,20,adios,0,adios,0,adios,0,36.2,36.3,,31.0,39.0,33.2,24,3944000,1450800,31.0,,,14.87,91408,,1,2000
1790165138,2026-09-23T12:05:38Z,63263,1790101943,6.1.187-android14-11-SAGA,49646d1b0cd1,cc_governor,cc_governor,49,49,700,866,651,0,15,50,208,286,193,14,adios,0,adios,0,adios,0,36.1,38.2,,31.0,39.0,33.2,25,3940000,1363500,31.0,,,14.77,132412,,1,2000
1790165173,2026-09-23T12:06:13Z,63299,1790101943,6.1.187-android14-11-SAGA,49646d1b0cd1,cc_governor,cc_governor,148,3396,1986,6055,1847,2,241,1491,813,2421,576,316,adios,0,adios,0,adios,0,36.3,36.6,,31.0,39.9,33.1,25,3943000,1483700,31.0,,,14.94,135928,,1,2000
1790165209,2026-09-23T12:06:49Z,63334,1790101943,6.1.187-android14-11-SAGA,49646d1b0cd1,cc_governor,cc_governor,13,1004,245,1484,232,0,2,302,45,400,43,13,adios,0,adios,0,adios,0,35.7,36.4,,31.0,38.1,32.9,25,3945000,1430000,31.0,,,14.92,136164,,1,2000
1790165244,2026-09-23T12:07:24Z,63369,1790101943,6.1.187-android14-11-SAGA,49646d1b0cd1,cc_governor,cc_governor,65,3980,1486,6232,1421,4,9,1698,256,2066,247,337,adios,0,adios,0,adios,0,36.4,36.4,,31.0,39.1,32.9,26,3948000,1404400,31.0,,,14.82,102728,,1,2000
1790165280,2026-09-23T12:08:00Z,63405,1790101943,6.1.187-android14-11-SAGA,49646d1b0cd1,cc_governor,cc_governor,40,1411,852,2662,812,0,31,438,238,706,207,20,adios,0,adios,0,adios,0,35.5,36.5,,31.0,39.1,32.8,26,3952000,1437300,31.0,,,14.53,91124,,1,2000
1790165315,2026-09-23T12:08:35Z,63440,1790101943,6.1.187-android14-11-SAGA,49646d1b0cd1,cc_governor,cc_governor,64,4699,1389,6987,1325,2,51,1923,368,2376,317,331,adios,0,adios,0,adios,0,35.4,36.1,,31.0,39.7,32.8,26,3951000,1416000,31.0,,,14.59,109380,,1,2000
1790165350,2026-09-23T12:09:10Z,63476,1790101943,6.1.187-android14-11-SAGA,49646d1b0cd1,cc_governor,cc_governor,227,6707,4134,12331,3907,3,70,2726,1199,4088,1129,652,adios,0,adios,0,adios,0,35.6,36.1,,31.0,38.0,32.7,27,3949000,1351900,31.0,,,14.72,114556,,1,2000
1790165386,2026-09-23T12:09:46Z,63512,1790101943,6.1.187-android14-11-SAGA,49646d1b0cd1,cc_governor,cc_governor,269,9684,5088,16853,4819,7,116,4140,1486,5834,1370,985,adios,0,adios,0,adios,0,35.2,35.7,,30.0,38.3,32.6,27,3941000,1292100,30.0,,,14.56,118708,,1,2000
1790165422,2026-09-23T12:10:22Z,63547,1790101943,6.1.187-android14-11-SAGA,49646d1b0cd1,cc_governor,cc_governor,335,13073,5611,21303,5276,10,137,5698,1623,7613,1486,1291,adios,0,adios,0,adios,0,35.4,45.5,,30.0,40.2,33.0,27,3956000,1212700,30.0,,,14.52,106072,,1,2000
1790165457,2026-09-23T12:10:57Z,63583,1790101943,6.1.187-android14-11-SAGA,49646d1b0cd1,cc_governor,cc_governor,107,1705,1563,3572,1456,0,6,343,230,608,224,19,adios,0,adios,0,adios,0,35.4,36.4,,30.0,38.0,32.5,28,3954000,1392800,30.0,,,14.61,99388,,1,2000
1790165493,2026-09-23T12:11:33Z,63618,1790101943,6.1.187-android14-11-SAGA,49646d1b0cd1,cc_governor,cc_governor,256,5468,3587,10022,3339,2,241,1855,924,2926,686,332,adios,0,adios,0,adios,0,35.5,37.7,,30.0,40.3,32.6,28,3961000,1466000,30.0,,,14.78,283572,,1,2000
1790165528,2026-09-23T12:12:08Z,63653,1790101943,6.1.187-android14-11-SAGA,49646d1b0cd1,cc_governor,cc_governor,309,7309,5492,14394,5191,4,247,2692,1716,4671,1473,638,adios,0,adios,0,adios,0,35.0,35.8,,30.0,38.5,32.3,28,3953000,1403100,30.0,,,14.59,271580,,1,2000
1790165563,2026-09-23T12:12:43Z,63689,1790101943,6.1.187-android14-11-SAGA,49646d1b0cd1,cc_governor,cc_governor,378,10063,7227,19555,6849,6,265,3612,2494,6430,2229,952,adios,0,adios,0,adios,0,34.8,35.5,,30.0,38.0,32.2,29,3965000,1427600,30.0,,,14.77,286656,,1,2000
1790165599,2026-09-23T12:13:19Z,63724,1790101943,6.1.187-android14-11-SAGA,49646d1b0cd1,cc_governor,cc_governor,401,12926,7960,23747,7558,7,281,4974,2746,8074,2465,1257,adios,0,adios,0,adios,0,37.2,36.0,,30.0,38.0,32.2,29,3958000,1369600,30.0,,,14.66,269244,,1,2000
1790165634,2026-09-23T12:13:54Z,63759,1790101943,6.1.187-android14-11-SAGA,49646d1b0cd1,cc_governor,cc_governor,1,994,343,1637,342,0,17,344,89,443,72,18,adios,0,adios,0,adios,0,34.5,35.5,,30.0,40.2,32.1,29,3960000,1442800,30.0,,,14.72,263152,,1,2000
1790165669,2026-09-23T12:14:29Z,63795,1790101943,6.1.187-android14-11-SAGA,49646d1b0cd1,cc_governor,cc_governor,70,3590,1669,6168,1599,1,22,1538,451,2036,429,328,adios,0,adios,0,adios,0,34.7,35.5,,30.0,37.2,32.1,30,3965000,1416000,30.0,,,14.61,269920,,1,2000
1790165705,2026-09-23T12:15:05Z,63831,1790101943,6.1.187-android14-11-SAGA,49646d1b0cd1,cc_governor,cc_governor,118,6463,2362,10335,2244,4,23,2902,652,3635,629,652,adios,0,adios,0,adios,0,34.6,34.7,,30.0,37.7,32.1,30,3960000,1381200,30.0,,,14.50,268888,,1,2000
1790165741,2026-09-23T12:15:41Z,63866,1790101943,6.1.187-android14-11-SAGA,49646d1b0cd1,cc_governor,cc_governor,6,288,286,665,280,0,11,82,86,181,75,16,adios,0,adios,0,adios,0,35.3,35.2,,30.0,39.5,32.3,31,3959000,1416000,30.0,,,14.49,258504,,1,2000
1790165776,2026-09-23T12:16:16Z,63901,1790101943,6.1.187-android14-11-SAGA,49646d1b0cd1,cc_governor,cc_governor,210,2153,3768,6792,3569,2,211,850,1346,2267,1138,334,adios,0,adios,0,adios,0,35.0,35.6,,30.0,38.1,32.4,31,3968000,1408000,30.0,,,14.35,239160,,1,2000
1790165811,2026-09-23T12:16:51Z,63936,1790101943,6.1.187-android14-11-SAGA,49646d1b0cd1,cc_governor,cc_governor,32,958,492,1707,460,0,30,214,146,378,116,18,adios,0,adios,0,adios,0,34.4,37.1,,30.0,38.4,32.2,31,3972000,1523400,30.0,,,14.48,230704,,1,2000
1790165847,2026-09-23T12:17:27Z,63972,1790101943,6.1.187-android14-11-SAGA,49646d1b0cd1,cc_governor,cc_governor,79,4232,1181,6240,1102,1,33,1630,328,2001,295,328,adios,0,adios,0,adios,0,34.4,36.0,,30.0,37.7,32.2,32,3968000,1334200,30.0,,,14.65,221144,,1,2000
1790165882,2026-09-23T12:18:02Z,64007,1790101943,6.1.187-android14-11-SAGA,49646d1b0cd1,cc_governor,cc_governor,27,1201,541,2149,514,0,20,425,160,598,140,16,adios,0,adios,0,adios,0,34.6,35.0,,30.0,37.5,32.1,32,3976000,1460500,30.0,,,14.44,221760,,1,2000
1790165917,2026-09-23T12:18:37Z,64043,1790101943,6.1.187-android14-11-SAGA,49646d1b0cd1,cc_governor,cc_governor,97,4140,1689,6822,1601,3,42,1841,488,2408,451,329,adios,0,adios,0,adios,0,34.6,36.6,,30.0,38.4,32.2,32,3973000,1426300,30.0,,,14.57,207740,,1,2000
1790165953,2026-09-23T12:19:13Z,64078,1790101943,6.1.187-android14-11-SAGA,49646d1b0cd1,cc_governor,cc_governor,796,6154,6542,14605,5746,6,525,2435,2455,5193,1930,649,adios,0,adios,0,adios,0,35.2,36.9,,30.0,38.6,32.5,33,3977000,1329900,30.0,,,14.54,139916,,1,2000
1790165988,2026-09-23T12:19:48Z,64114,1790101943,6.1.187-android14-11-SAGA,49646d1b0cd1,cc_governor,cc_governor,855,8522,8354,19910,7507,8,535,3583,2895,6852,2365,960,adios,0,adios,0,adios,0,35.1,35.6,,30.0,38.6,32.6,33,3973000,1343300,30.0,,,14.73,129084,,1,2000
1790166024,2026-09-23T12:20:24Z,64149,1790101943,6.1.187-android14-11-SAGA,49646d1b0cd1,cc_governor,cc_governor,1131,8789,14472,28019,13352,14,579,3629,4741,8919,4167,1276,adios,0,adios,0,adios,0,35.6,36.2,,30.0,45.9,32.9,33,3953000,1428800,30.0,,,14.57,130788,,1,2000
1790166059,2026-09-23T12:20:59Z,64185,1790101943,6.1.187-android14-11-SAGA,49646d1b0cd1,cc_governor,cc_governor,29,1252,1628,3349,1611,2,9,412,414,863,410,53,adios,0,adios,0,adios,0,35.2,35.5,,30.0,38.9,32.6,34,3977000,1399500,30.0,,,14.65,116472,,1,2000
1790166095,2026-09-23T12:21:35Z,64220,1790101943,6.1.187-android14-11-SAGA,49646d1b0cd1,cc_governor,cc_governor,136,3266,4358,8695,4222,4,67,1357,1164,2612,1097,377,adios,0,adios,0,adios,0,34.8,35.4,,30.0,38.3,32.5,34,3980000,1448900,30.0,,,14.57,90100,,1,2000
1790166130,2026-09-23T12:22:10Z,64256,1790101943,6.1.187-android14-11-SAGA,49646d1b0cd1,cc_governor,cc_governor,226,6069,5521,13327,5295,6,81,2661,1457,4268,1376,688,adios,0,adios,0,adios,0,35.4,35.8,,30.0,40.5,32.5,35,3982000,1448900,30.0,,,14.51,105716,,1,2000
1790166166,2026-09-23T12:22:46Z,64291,1790101943,6.1.187-android14-11-SAGA,49646d1b0cd1,cc_governor,cc_governor,36,327,880,1491,844,0,9,130,229,370,220,17,adios,0,adios,0,adios,0,34.7,51.5,43.9,30.0,59.6,36.8,35,3916000,662800,30.0,,,14.73,194344,,1,2000
1790166205,2026-09-23T12:23:25Z,64331,1790101943,6.1.187-android14-11-SAGA,49646d1b0cd1,cc_governor,cc_governor,24186,978,45158,59843,20991,210,7562,551,20446,22630,12894,824,adios,0,adios,0,adios,0,42.3,42.5,,30.0,44.4,35.6,35,3956000,1125400,30.0,,,17.81,123756,,1,2000
1790166241,2026-09-23T12:24:01Z,64366,1790101943,6.1.187-android14-11-SAGA,49646d1b0cd1,cc_governor,cc_governor,45941,1536,84624,116660,38721,222,24253,1183,49527,56560,25284,1236,adios,0,adios,0,adios,0,61.1,62.3,54.2,31.0,58.7,41.1,35,3872000,-107400,31.0,,,23.14,120096,,1,2000
1790166279,2026-09-23T12:24:39Z,64404,1790101943,6.1.187-android14-11-SAGA,49646d1b0cd1,cc_governor,cc_governor,66054,5379,120976,170136,54904,404,36894,3349,74632,87345,37749,1794,adios,0,adios,0,adios,0,45.8,45.8,43.7,32.0,49.1,38.6,35,3940000,775100,32.0,,,20.37,125676,,1,2000
1790166315,2026-09-23T12:25:15Z,64440,1790101943,6.1.187-android14-11-SAGA,49646d1b0cd1,cc_governor,cc_governor,81722,10209,153238,216280,71508,408,41897,5865,89070,105031,47173,2101,adios,0,adios,0,adios,0,44.4,47.1,,32.0,50.2,38.0,36,3940000,944200,32.0,,,20.88,131528,,1,2000
1790166351,2026-09-23T12:25:51Z,64476,1790101943,6.1.187-android14-11-SAGA,49646d1b0cd1,cc_governor,cc_governor,99360,17917,182737,260495,83363,413,51370,8897,105987,125716,54625,2461,adios,0,adios,0,adios,0,48.4,47.9,,32.0,51.7,38.7,36,3940000,955800,32.0,,,22.50,193932,,1,2000
1790166386,2026-09-23T12:26:26Z,64512,1790101943,6.1.187-android14-11-SAGA,49646d1b0cd1,cc_governor,cc_governor,121973,23326,220037,312925,98053,420,56490,10822,120464,143383,63983,2809,adios,0,adios,0,adios,0,49.5,53.1,47.0,32.0,58.0,39.8,36,3921000,700000,32.0,,,21.12,214472,,1,2000
1790166423,2026-09-23T12:27:03Z,64548,1790101943,6.1.187-android14-11-SAGA,49646d1b0cd1,cc_governor,cc_governor,146026,27137,260945,375616,114939,438,60437,12188,132908,159122,72478,3250,adios,0,adios,0,adios,0,45.9,47.3,,32.0,49.2,38.7,36,3941000,931300,32.0,,,19.71,76984,,1,2000
1790166459,2026-09-23T12:27:39Z,64585,1790101943,6.1.187-android14-11-SAGA,49646d1b0cd1,cc_governor,cc_governor,156404,33252,286048,417719,129644,445,61674,13787,138547,166804,76873,3598,adios,0,adios,0,adios,0,42.4,42.6,,33.0,45.9,37.6,37,3942000,964300,33.0,,,18.73,140580,,1,2000
1790166495,2026-09-23T12:28:15Z,64620,1790101943,6.1.187-android14-11-SAGA,49646d1b0cd1,cc_governor,cc_governor,171511,40603,312099,458800,140595,457,72175,15799,156525,188308,84378,3929,adios,0,adios,0,adios,0,52.6,49.9,47.4,33.0,51.4,40.0,37,3939000,953300,33.0,,,18.85,209136,,1,2000
1790166530,2026-09-23T12:28:50Z,64656,1790101943,6.1.187-android14-11-SAGA,49646d1b0cd1,cc_governor,cc_governor,180101,46060,333402,489727,153301,461,77756,17159,166426,200102,88670,4286,adios,0,adios,0,adios,0,42.9,44.2,42.5,33.0,46.7,38.1,37,3939000,947800,33.0,,,17.68,133324,,1,2000
1790166566,2026-09-23T12:29:26Z,64691,1790101943,6.1.187-android14-11-SAGA,49646d1b0cd1,cc_governor,cc_governor,184595,53026,349194,515012,164597,463,78856,18315,170749,205910,91893,4596,adios,0,adios,0,adios,0,41.3,41.0,,33.0,44.0,36.9,37,3942000,972200,33.0,,,17.35,185348,,1,2000
1790166601,2026-09-23T12:30:01Z,64726,1790101943,6.1.187-android14-11-SAGA,49646d1b0cd1,cc_governor,cc_governor,196644,60462,371420,550817,174678,463,81732,20044,178696,216089,96962,4891,adios,0,adios,0,adios,0,49.9,51.1,47.7,33.0,52.8,39.6,37,3937000,904500,33.0,,,17.44,231948,,1,2000
1790166638,2026-09-23T12:30:38Z,64763,1790101943,6.1.187-android14-11-SAGA,49646d1b0cd1,cc_governor,cc_governor,222643,64351,412511,609187,189868,508,97695,22804,207135,249139,109440,5373,adios,0,adios,0,adios,0,45.3,47.4,45.4,33.0,56.3,39.5,38,3940000,828800,33.0,,,17.77,153056,,1,2000
1790166674,2026-09-23T12:31:14Z,64799,1790101943,6.1.187-android14-11-SAGA,49646d1b0cd1,cc_governor,cc_governor,238318,66974,446132,666922,207829,523,108731,24973,231567,282181,122847,5692,adios,0,adios,0,adios,0,50.7,53.4,45.5,33.0,66.7,41.5,38,3912000,585900,33.0,,,20.28,107488,,1,2000
1790166711,2026-09-23T12:31:51Z,64837,1790101943,6.1.187-android14-11-SAGA,49646d1b0cd1,cc_governor,cc_governor,265364,68037,490249,722159,224898,664,124284,25863,260157,313736,135880,6173,adios,0,adios,0,adios,0,48.5,48.2,45.8,33.0,51.5,40.2,38,3940000,762300,33.0,,,18.82,182684,,1,2000
1790166747,2026-09-23T12:32:27Z,64873,1790101943,6.1.187-android14-11-SAGA,49646d1b0cd1,cc_governor,cc_governor,288033,71218,528599,771592,240591,666,130387,28040,275293,332267,144918,6557,adios,0,adios,0,adios,0,49.2,50.2,46.6,33.0,53.8,40.0,38,3938000,914900,33.0,,,19.42,81380,,1,2000
1790166784,2026-09-23T12:33:04Z,64909,1790101943,6.1.187-android14-11-SAGA,49646d1b0cd1,cc_governor,cc_governor,314233,72162,572297,825598,258003,674,141407,28878,298258,357529,156835,6946,adios,0,adios,0,adios,0,48.2,56.2,49.3,33.0,65.3,41.7,38,3930000,786700,33.0,,,19.64,117480,,1,2000
1790166822,2026-09-23T12:33:42Z,64947,1790101943,6.1.187-android14-11-SAGA,49646d1b0cd1,cc_governor,cc_governor,342085,79611,611535,881564,269322,791,150141,33509,314722,381117,164568,7490,adios,0,adios,0,adios,5,52.8,60.3,49.8,33.0,59.2,40.9,39,3919000,419900,33.0,,,23.25,413672,,1,2000
1790166860,2026-09-23T12:34:20Z,64985,1790101943,6.1.187-android14-11-SAGA,49646d1b0cd1,cc_governor,cc_governor,387954,80753,671537,954564,283571,941,178796,34533,357040,431178,178264,8040,adios,0,adios,0,adios,0,54.2,52.6,48.4,33.0,58.0,42.1,39,3903000,509000,33.0,,,22.99,147248,,1,2000
1790166896,2026-09-23T12:34:56Z,65022,1790101943,6.1.187-android14-11-SAGA,49646d1b0cd1,cc_governor,cc_governor,433061,82072,731541,1024099,298474,949,227356,35540,418233,499707,190818,8463,adios,0,adios,0,adios,0,61.5,59.9,,34.0,59.7,44.6,39,3924000,828800,34.0,,,22.34,93520,,1,2000
1790166932,2026-09-23T12:35:32Z,65058,1790101943,6.1.187-android14-11-SAGA,49646d1b0cd1,cc_governor,cc_governor,488238,85060,797907,1101937,309605,951,246896,39945,452552,539925,205608,8842,adios,0,adios,0,adios,0,57.6,63.8,52.3,34.0,64.3,43.6,39,3913000,665200,34.0,,,23.41,85272,,1,2000
1790166969,2026-09-23T12:36:09Z,65094,1790101943,6.1.187-android14-11-SAGA,49646d1b0cd1,cc_governor,cc_governor,546738,88017,865757,1183490,318993,972,268067,44253,486315,579158,218264,9252,adios,0,adios,0,adios,0,52.2,51.7,49.1,34.0,55.5,42.8,39,3895000,229400,34.0,,,21.67,127044,,1,2000
1790167006,2026-09-23T12:36:46Z,65131,1790101943,6.1.187-android14-11-SAGA,49646d1b0cd1,cc_governor,cc_governor,603364,91817,933513,1266414,330105,986,280142,48279,512660,610103,232517,9699,adios,0,adios,0,adios,0,51.2,52.7,49.8,34.0,62.5,42.6,40,3932000,698200,35.0,,,20.26,93076,,1,2000
1790167043,2026-09-23T12:37:23Z,65168,1790101943,6.1.187-android14-11-SAGA,49646d1b0cd1,cc_governor,cc_governor,659388,99066,996845,1347810,337442,1005,289300,57284,531105,637822,241787,10133,adios,0,adios,0,adios,0,52.2,50.9,48.8,34.0,52.5,42.0,40,3930000,798300,35.0,,,19.46,106008,,1,2000
1790167079,2026-09-23T12:37:59Z,65205,1790101943,6.1.187-android14-11-SAGA,49646d1b0cd1,cc_governor,cc_governor,716134,105910,1060963,1428250,344766,1010,305504,66504,555994,672765,250410,10565,adios,0,adios,0,adios,0,52.4,55.1,,35.0,57.8,42.4,40,3942000,947800,35.0,,,19.10,87924,,1,2000
1790167115,2026-09-23T12:38:35Z,65241,1790101943,6.1.187-android14-11-SAGA,49646d1b0cd1,cc_governor,cc_governor,771415,115847,1120419,1506516,349010,1018,336032,77463,591338,720192,255275,10940,adios,0,adios,0,adios,0,58.6,58.2,52.6,35.0,58.1,43.7,40,3927000,568200,35.0,,,18.99,134444,,1,2000
1790167152,2026-09-23T12:39:12Z,65277,1790101943,6.1.187-android14-11-SAGA,49646d1b0cd1,cc_governor,cc_governor,826402,120100,1185929,1585229,359530,1023,358246,82981,626701,761849,268457,11365,adios,0,adios,0,adios,0,53.0,53.8,,35.0,56.3,43.0,40,3939000,921000,35.0,,,19.18,87024,,1,2000
1790167188,2026-09-23T12:39:48Z,65314,1790101943,6.1.187-android14-11-SAGA,49646d1b0cd1,cc_governor,cc_governor,882125,124376,1251662,1663559,369520,1026,375979,88839,657250,798573,281253,11712,adios,0,adios,0,adios,0,54.4,59.4,52.7,35.0,59.3,43.1,41,3932000,969800,35.0,,,19.40,97964,,1,2000
1790167225,2026-09-23T12:40:25Z,65350,1790101943,6.1.187-android14-11-SAGA,49646d1b0cd1,cc_governor,cc_governor,940001,131926,1316261,1744012,376223,1033,390190,99581,680211,832672,290020,12206,adios,0,adios,0,adios,0,49.4,49.6,,35.0,56.4,42.3,41,3923000,437600,35.0,,,18.95,122804,,1,2000
1790167261,2026-09-23T12:41:01Z,65387,1790101943,6.1.187-android14-11-SAGA,49646d1b0cd1,cc_governor,cc_governor,997723,137667,1382298,1823906,384541,1058,404269,107064,705635,866196,301347,12606,adios,0,adios,0,adios,0,52.0,52.5,51.9,35.0,61.4,42.9,41,3922000,588300,35.0,,,19.21,105520,,1,2000
1790167298,2026-09-23T12:41:38Z,65424,1790101943,6.1.187-android14-11-SAGA,49646d1b0cd1,cc_governor,cc_governor,1051154,142595,1445776,1901587,394612,1072,421313,113294,736550,903846,315204,13101,adios,0,adios,0,adios,0,54.6,54.8,52.8,35.0,56.3,43.0,41,3940000,937500,35.0,,,18.35,138676,,1,2000
1790167335,2026-09-23T12:42:15Z,65461,1790101943,6.1.187-android14-11-SAGA,49646d1b0cd1,cc_governor,cc_governor,1104360,151966,1505076,1979152,400703,1080,438513,124306,762465,941095,323960,13574,adios,0,adios,0,adios,0,53.3,57.3,52.4,35.0,57.9,43.4,42,3935000,671900,35.0,,,19.95,122668,,1,2000
1790167372,2026-09-23T12:42:52Z,65497,1790101943,6.1.187-android14-11-SAGA,49646d1b0cd1,cc_governor,cc_governor,1158344,163680,1562214,2056878,403842,1081,453748,139756,782093,976339,328334,14035,adios,0,adios,0,adios,0,53.6,54.8,52.7,35.0,62.8,43.6,42,3939000,780600,35.0,,,19.25,125492,,1,2000
1790167409,2026-09-23T12:43:29Z,65534,1790101943,6.1.187-android14-11-SAGA,49646d1b0cd1,cc_governor,cc_governor,1212980,168706,1626498,2135379,413469,1085,469273,147098,810234,1011973,340945,14466,adios,0,adios,0,adios,0,54.5,53.9,52.7,36.0,59.8,43.5,42,3941000,750700,35.0,,,19.25,101844,,1,2000
1790167445,2026-09-23T12:44:05Z,65570,1790101943,6.1.187-android14-11-SAGA,49646d1b0cd1,cc_governor,cc_governor,1267442,178586,1685712,2213280,418166,1089,485050,160166,832984,1048081,347948,14945,adios,0,adios,0,adios,0,53.1,57.0,52.7,36.0,57.4,43.8,42,3917000,460800,36.0,,,20.23,112912,,1,2000
1790167482,2026-09-23T12:44:42Z,65607,1790101943,6.1.187-android14-11-SAGA,49646d1b0cd1,cc_governor,cc_governor,1322145,183643,1750087,2291868,427949,1094,501370,167510,862056,1084724,360653,15421,adios,0,adios,0,adios,0,54.1,55.6,,36.0,58.1,44.3,42,3945000,941700,36.0,,,19.92,137104,,1,2000
1790167519,2026-09-23T12:45:19Z,65644,1790101943,6.1.187-android14-11-SAGA,49646d1b0cd1,cc_governor,cc_governor,1378264,192649,1811677,2372295,433396,1096,513967,179878,881165,1116389,367192,15909,adios,0,adios,0,adios,0,52.2,52.3,50.1,36.0,65.2,43.7,43,3940000,957000,36.0,,,19.17,92128,,1,2000
1790167555,2026-09-23T12:45:55Z,65681,1790101943,6.1.187-android14-11-SAGA,49646d1b0cd1,cc_governor,cc_governor,1434468,200866,1873997,2453841,439539,1100,524891,190118,899559,1145364,374656,16329,adios,0,adios,0,adios,0,55.2,52.4,49.7,36.0,57.7,43.4,43,3948000,753700,36.0,,,18.85,126840,,1,2000
1790167592,2026-09-23T12:46:32Z,65717,1790101943,6.1.187-android14-11-SAGA,49646d1b0cd1,cc_governor,cc_governor,1491547,206196,1940032,2535818,448460,1106,535209,197332,920726,1174120,385509,16738,adios,0,adios,0,adios,0,50.8,53.9,49.7,36.0,54.9,42.9,43,3950000,959400,36.0,,,17.97,100768,,1,2000
1790167628,2026-09-23T12:47:08Z,65754,1790101943,6.1.187-android14-11-SAGA,49646d1b0cd1,cc_governor,cc_governor,1548905,218171,1999389,2617508,450433,1110,543399,212816,931897,1200904,388484,17139,adios,0,adios,0,adios,0,50.4,52.3,48.9,36.0,53.6,42.8,43,3951000,813500,36.0,,,17.86,88924,,1,2000
1790167665,2026-09-23T12:47:45Z,65791,1790101943,6.1.187-android14-11-SAGA,49646d1b0cd1,cc_governor,cc_governor,1606626,230681,2058796,2699958,452125,1117,552088,228769,943224,1228367,391127,17537,adios,0,adios,0,adios,0,50.4,51.3,48.1,36.0,55.7,42.7,44,3953000,963100,36.0,,,18.81,78500,,1,2000
1790167702,2026-09-23T12:48:22Z,65827,1790101943,6.1.187-android14-11-SAGA,49646d1b0cd1,cc_governor,cc_governor,1664870,241678,2119948,2782974,455047,1124,559995,242906,955285,1254700,395308,17927,adios,0,adios,0,adios,0,50.9,50.7,48.0,36.0,60.6,42.5,44,3946000,967400,36.0,,,18.47,73604,,1,2000
1790167739,2026-09-23T12:48:59Z,65864,1790101943,6.1.187-android14-11-SAGA,49646d1b0cd1,cc_governor,cc_governor,1722309,252451,2180808,2865222,458471,1128,569521,256558,969372,1282646,399784,18323,adios,0,adios,0,adios,0,56.6,53.9,51.7,36.0,54.9,43.0,44,3943000,749500,36.0,,,18.64,89660,,1,2000
1790167775,2026-09-23T12:49:35Z,65901,1790101943,6.1.187-android14-11-SAGA,49646d1b0cd1,cc_governor,cc_governor,1778877,261240,2242935,2947342,464045,1132,580909,268118,987636,1312595,406723,18763,adios,0,adios,0,adios,0,51.8,58.5,52.3,36.0,54.7,43.1,44,3954000,876400,36.0,,,18.67,82124,,1,2000
1790167812,2026-09-23T12:50:12Z,65937,1790101943,6.1.187-android14-11-SAGA,49646d1b0cd1,cc_governor,cc_governor,1835884,268432,2307054,3029099,471176,1137,591806,275789,1009057,1341907,417256,19197,adios,0,adios,0,adios,0,52.9,54.5,,36.0,55.7,43.6,44,3952000,925900,36.0,,,18.51,97508,,1,2000
1790167849,2026-09-23T12:50:49Z,65974,1790101943,6.1.187-android14-11-SAGA,49646d1b0cd1,cc_governor,cc_governor,1893615,278770,2368714,3111678,475079,1143,603409,288400,1026298,1371902,422886,19638,adios,0,adios,0,adios,0,52.5,53.3,51.5,36.0,58.9,43.6,45,3947000,772700,36.0,,,20.62,104844,,1,2000
1790167885,2026-09-23T12:51:25Z,66011,1790101943,6.1.187-android14-11-SAGA,49646d1b0cd1,cc_governor,cc_governor,1948538,289689,2427473,3191860,478914,1150,617726,301439,1045590,1404639,427835,20070,adios,0,adios,0,adios,0,53.6,53.4,51.9,37.0,60.1,43.6,45,3948000,855700,37.0,,,20.26,115716,,1,2000
1790167922,2026-09-23T12:52:02Z,66047,1790101943,6.1.187-android14-11-SAGA,49646d1b0cd1,cc_governor,cc_governor,2004099,302136,2485154,3272780,481016,1156,629633,316522,1060719,1435231,431072,20503,adios,0,adios,0,adios,0,55.5,56.0,53.2,37.0,56.7,43.9,45,3957000,832500,37.0,,,18.80,96592,,1,2000
1790167959,2026-09-23T12:52:39Z,66084,1790101943,6.1.187-android14-11-SAGA,49646d1b0cd1,cc_governor,cc_governor,2059259,309404,2547626,3353194,488371,1158,647807,325724,1087778,1471933,439948,21042,adios,0,adios,0,adios,0,54.7,54.7,53.1,37.0,63.9,44.4,45,3955000,745800,37.0,,,18.59,122268,,1,2000
1790167996,2026-09-23T12:53:16Z,66122,1790101943,6.1.187-android14-11-SAGA,49646d1b0cd1,cc_governor,cc_governor,2116416,315984,2613237,3434424,496798,1163,667177,334204,1119144,1512196,451947,21569,adios,0,adios,0,adios,0,54.9,53.7,52.0,37.0,56.1,44.0,46,3956000,853200,37.0,,,18.64,75924,,1,2000
1790168033,2026-09-23T12:53:53Z,66158,1790101943,6.1.187-android14-11-SAGA,49646d1b0cd1,cc_governor,cc_governor,2178166,322845,2681368,3518135,503160,1168,683206,344854,1145837,1549743,462621,21969,adios,0,adios,0,adios,0,59.3,58.3,,37.0,66.7,45.7,46,3926000,344200,37.0,,,18.79,101524,,1,2000
1790168069,2026-09-23T12:54:29Z,66195,1790101943,6.1.187-android14-11-SAGA,49646d1b0cd1,cc_governor,cc_governor,2232171,327145,2745665,3595286,513460,1178,700515,350014,1176165,1588116,475644,22383,adios,0,adios,0,adios,0,54.2,55.2,51.7,37.0,55.5,44.4,46,3959000,366200,37.0,,,18.14,124752,,1,2000
1790168106,2026-09-23T12:55:06Z,66231,1790101943,6.1.187-android14-11-SAGA,49646d1b0cd1,cc_governor,cc_governor,2287302,330009,2812458,3673892,525077,1184,712591,354046,1203099,1620490,490489,22791,adios,0,adios,0,adios,0,60.4,60.0,55.3,37.0,68.9,46.1,46,3923000,433900,37.0,,,18.92,94420,,1,2000
1790168143,2026-09-23T12:55:43Z,66268,1790101943,6.1.187-android14-11-SAGA,49646d1b0cd1,cc_governor,cc_governor,2350646,331784,2888240,3758777,537490,1219,762373,355792,1266902,1687421,504425,23374,adios,0,adios,0,adios,0,66.5,68.7,59.7,37.0,72.9,48.5,46,3922000,755000,37.0,,,21.21,106000,,1,2000
1790168181,2026-09-23T12:56:21Z,66306,1790101943,6.1.187-android14-11-SAGA,49646d1b0cd1,cc_governor,cc_governor,2416798,336390,2963457,3847035,546565,1258,811874,361139,1327206,1754749,515238,24051,adios,0,adios,0,adios,0,66.0,67.4,59.3,37.0,67.3,48.1,47,3913000,433900,37.0,,,21.81,101132,,1,2000
1790168218,2026-09-23T12:56:58Z,66343,1790101943,6.1.187-android14-11-SAGA,49646d1b0cd1,cc_governor,cc_governor,2479565,340198,3036873,3930789,557178,1283,869795,364779,1395536,1827664,525713,24641,adios,0,adios,0,adios,0,61.8,62.4,56.5,38.0,69.6,47.9,47,3928000,460800,38.0,,,21.86,110384,,1,2000
1790168255,2026-09-23T12:57:35Z,66380,1790101943,6.1.187-android14-11-SAGA,49646d1b0cd1,cc_governor,cc_governor,2543522,348835,3106440,4016364,562778,1289,927292,373657,1458751,1900636,531451,25127,adios,0,adios,0,adios,0,63.2,64.5,58.6,38.0,67.4,48.3,47,3939000,526100,38.0,,,23.40,90264,,1,2000
1790168292,2026-09-23T12:58:12Z,66417,1790101943,6.1.187-android14-11-SAGA,49646d1b0cd1,cc_governor,cc_governor,2613106,357979,3179350,4107166,566177,1306,957745,386974,1494505,1950439,536651,25643,adios,0,adios,0,adios,0,58.7,57.4,54.5,38.0,60.9,46.7,47,3940000,776300,38.0,,,21.16,91556,,1,2000
1790168329,2026-09-23T12:58:49Z,66455,1790101943,6.1.187-android14-11-SAGA,49646d1b0cd1,cc_governor,cc_governor,2670833,365673,3244997,4187902,574077,1315,997285,395509,1542831,2007852,545448,26189,adios,0,adios,0,adios,0,63.3,65.8,58.4,38.0,63.0,47.6,47,3947000,711000,38.0,,,20.51,107900,,1,2000
1790168366,2026-09-23T12:59:26Z,66492,1790101943,6.1.187-android14-11-SAGA,49646d1b0cd1,cc_governor,cc_governor,2730971,374605,3310359,4270353,579343,1322,1029470,407301,1580949,2058316,551481,26764,adios,0,adios,0,adios,6,59.1,63.2,,38.0,71.5,47.9,47,3932000,609100,38.0,,,19.77,143320,,1,2000
1790168403,2026-09-23T13:00:03Z,66528,1790101943,6.1.187-android14-11-SAGA,49646d1b0cd1,cc_governor,cc_governor,2796482,378892,3385748,4357289,589290,1335,1091303,412026,1652351,2135920,561029,27298,adios,0,adios,0,adios,0,62.3,67.9,58.1,38.0,71.1,48.8,48,3929000,399100,38.0,,,22.79,117988,,1,2000
1790168440,2026-09-23T13:00:40Z,66566,1790101943,6.1.187-android14-11-SAGA,49646d1b0cd1,cc_governor,cc_governor,2862626,385721,3458445,4444687,595807,1352,1136259,420471,1704961,2198361,568715,27870,adios,0,adios,0,adios,0,61.2,60.1,55.4,38.0,64.3,47.5,48,3935000,701200,38.0,,,21.24,105864,,1,2000
1790168477,2026-09-23T13:01:17Z,66603,1790101943,6.1.187-android14-11-SAGA,49646d1b0cd1,cc_governor,cc_governor,2917045,392344,3522027,4522307,605000,1361,1177288,427804,1755639,2257060,578279,28430,adios,0,adios,0,adios,1,64.9,61.0,56.8,38.0,64.1,47.4,48,3952000,537100,38.0,,,22.03,83892,,1,2000
1790168514,2026-09-23T13:01:54Z,66640,1790101943,6.1.187-android14-11-SAGA,49646d1b0cd1,cc_governor,cc_governor,2969687,399381,3583516,4598917,613829,1372,1212846,435592,1800704,2310655,587832,28966,adios,0,adios,0,adios,0,63.4,62.2,56.3,38.0,62.2,47.4,48,3938000,769000,38.0,,,21.34,80628,,1,2000
1790168551,2026-09-23T13:02:31Z,66676,1790101943,6.1.187-android14-11-SAGA,49646d1b0cd1,cc_governor,cc_governor,3028411,408702,3647385,4679889,618851,1373,1241750,447597,1835363,2357584,593593,29440,adios,0,adios,0,adios,0,63.3,65.9,,38.0,71.0,48.2,48,3938000,391800,38.0,,,20.67,100840,,1,2000
1790168589,2026-09-23T13:03:09Z,66714,1790101943,6.1.187-android14-11-SAGA,49646d1b0cd1,cc_governor,cc_governor,3085777,415367,3714043,4760351,628065,1440,1288503,454494,1891063,2421324,602445,30071,adios,0,adios,0,adios,0,64.3,66.0,58.8,38.0,73.4,48.6,48,3932000,471100,38.0,,,19.95,107912,,1,2000
1790168626,2026-09-23T13:03:46Z,66752,1790101943,6.1.187-android14-11-SAGA,49646d1b0cd1,cc_governor,cc_governor,3158269,421374,3793126,4853420,634835,1467,1340125,462320,1950247,2489058,610096,30656,adios,0,adios,0,adios,0,58.4,58.8,54.6,38.0,62.3,47.1,49,3962000,817200,38.0,,,20.12,95272,,1,2000
1790168664,2026-09-23T13:04:24Z,66789,1790101943,6.1.187-android14-11-SAGA,49646d1b0cd1,cc_governor,cc_governor,3216389,428634,3858921,4934503,642460,1474,1366145,470724,1986821,2534294,620622,31201,adios,0,adios,0,adios,0,63.8,66.2,,38.0,72.5,48.2,49,3960000,576700,38.0,,,19.93,107548,,1,2000
1790168701,2026-09-23T13:05:01Z,66826,1790101943,6.1.187-android14-11-SAGA,49646d1b0cd1,cc_governor,cc_governor,3290327,433269,3940167,5028850,649824,1494,1410552,476777,2041122,2595348,630565,31805,adios,0,adios,0,adios,0,56.7,59.7,54.4,38.0,67.6,47.4,49,3928000,137300,38.0,,,20.86,87528,,1,2000
1790168737,2026-09-23T13:05:37Z,66863,1790101943,6.1.187-android14-11-SAGA,49646d1b0cd1,cc_governor,cc_governor,3352078,438312,4011045,5112032,658979,1502,1459437,482861,2099137,2660095,639655,32312,adios,0,adios,0,adios,0,64.1,64.6,,38.0,65.1,48.1,49,3936000,206200,38.0,,,21.38,74892,,1,2000
1790168774,2026-09-23T13:06:14Z,66900,1790101943,6.1.187-android14-11-SAGA,49646d1b0cd1,cc_governor,cc_governor,3411793,445767,4077637,5194046,665714,1508,1495990,492591,2142875,2714119,646869,32854,adios,0,adios,0,adios,0,65.2,65.7,58.4,38.0,69.8,48.7,49,3938000,234300,38.0,,,21.26,131120,,1,2000
1790168811,2026-09-23T13:06:51Z,66937,1790101943,6.1.187-android14-11-SAGA,49646d1b0cd1,cc_governor,cc_governor,3480353,451579,4153737,5283435,673343,1519,1553338,499252,2208435,2787184,655095,33441,adios,0,adios,0,adios,0,61.7,64.7,56.9,38.0,72.1,48.7,49,3941000,437600,38.0,,,22.15,142984,,1,2000
1790168848,2026-09-23T13:07:28Z,66974,1790101943,6.1.187-android14-11-SAGA,49646d1b0cd1,cc_governor,cc_governor,3546473,456739,4227942,5371301,681463,1549,1596966,505942,2261921,2848268,664959,34023,adios,0,adios,0,adios,0,58.5,60.0,55.5,39.0,68.3,47.9,50,3952000,494900,38.0,,,21.57,180568,,1,2000
1790168885,2026-09-23T13:08:05Z,67010,1790101943,6.1.187-android14-11-SAGA,49646d1b0cd1,cc_governor,cc_governor,3602975,459432,4296193,5449958,693202,1557,1613110,509893,2293723,2884878,680629,34458,adios,0,adios,0,adios,0,55.3,55.3,53.0,38.0,61.5,45.9,50,3962000,698800,38.0,,,19.97,143528,,1,2000
1790168921,2026-09-23T13:08:41Z,67047,1790101943,6.1.187-android14-11-SAGA,49646d1b0cd1,cc_governor,cc_governor,3658119,466904,4358365,5528946,700244,1564,1630350,520822,2319241,2922413,688914,34808,adios,0,adios,0,adios,0,55.7,56.6,54.7,38.0,62.1,46.4,50,3964000,862400,38.0,,,20.14,127012,,1,2000
1790168958,2026-09-23T13:09:18Z,67083,1790101943,6.1.187-android14-11-SAGA,49646d1b0cd1,cc_governor,cc_governor,3711623,471507,4422189,5607484,710552,1570,1651995,526853,2354317,2964634,702310,35263,adios,0,adios,0,adios,0,58.5,63.9,56.5,38.0,61.0,46.5,50,3974000,786700,38.0,,,19.70,97376,,1,2000
1790168995,2026-09-23T13:09:55Z,67121,1790101943,6.1.187-android14-11-SAGA,49646d1b0cd1,cc_governor,cc_governor,3766768,477089,4486653,5685985,719848,1577,1673892,534405,2389098,3007571,715193,35745,adios,0,adios,0,adios,0,61.1,67.0,63.5,38.0,68.0,48.4,50,3949000,526100,38.0,,,19.30,90596,,1,2000
1790169032,2026-09-23T13:10:32Z,67157,1790101943,6.1.187-android14-11-SAGA,49646d1b0cd1,cc_governor,cc_governor,3820023,481343,4550498,5762473,730446,1586,1694190,539074,2422712,3048374,728519,36232,adios,0,adios,0,adios,0,56.2,56.8,54.7,39.0,59.1,46.7,51,3942000,723800,38.0,,,20.03,102068,,1,2000
1790169069,2026-09-23T13:11:09Z,67194,1790101943,6.1.187-android14-11-SAGA,49646d1b0cd1,cc_governor,cc_governor,3877438,488494,4615202,5842493,737639,1592,1714993,548303,2453824,3090287,738783,36682,adios,0,adios,0,adios,0,56.3,58.7,53.1,38.0,64.9,46.4,51,3950000,855700,38.0,,,20.30,100676,,1,2000
1790169106,2026-09-23T13:11:46Z,67231,1790101943,6.1.187-android14-11-SAGA,49646d1b0cd1,cc_governor,cc_governor,3935102,493301,4683548,5922259,748277,1599,1772721,552597,2522141,3164269,749346,37181,adios,0,adios,0,adios,0,66.1,67.5,59.9,39.0,72.2,49.2,51,3943000,381400,38.0,,,21.58,128384,,1,2000
1790169142,2026-09-23T13:12:22Z,67268,1790101943,6.1.187-android14-11-SAGA,49646d1b0cd1,cc_governor,cc_governor,3998604,502855,4751728,6006911,753086,1617,1832615,561378,2587728,3239597,755039,37739,adios,0,adios,0,adios,0,63.5,61.6,57.6,38.0,66.5,48.4,51,3930000,-60400,39.0,,,20.40,120344,,1,2000
1790169179,2026-09-23T13:12:59Z,67305,1790101943,6.1.187-android14-11-SAGA,49646d1b0cd1,cc_governor,cc_governor,4049645,513173,4809013,6081150,759370,1621,1874523,570906,2636234,3298353,761703,38252,adios,0,adios,0,adios,0,62.7,62.3,57.3,39.0,66.5,48.6,51,3959000,820300,39.0,,,21.34,113788,,1,2000
1790169216,2026-09-23T13:13:36Z,67342,1790101943,6.1.187-android14-11-SAGA,49646d1b0cd1,cc_governor,cc_governor,4103457,519359,4872337,6157491,768893,1675,1928088,577102,2698042,3367411,769807,38899,adios,0,adios,0,adios,0,67.0,67.9,60.1,39.0,73.9,50.0,51,3936000,192200,39.0,,,21.56,101284,,1,2000
1790169253,2026-09-23T13:14:13Z,67378,1790101943,6.1.187-android14-11-SAGA,49646d1b0cd1,cc_governor,cc_governor,4171094,523577,4948810,6245874,777689,1688,1977205,582663,2757149,3432641,779924,39448,adios,0,adios,0,adios,0,60.9,65.1,57.8,39.0,68.7,48.9,51,3962000,464400,39.0,,,21.50,116112,,1,2000
1790169290,2026-09-23T13:14:50Z,67415,1790101943,6.1.187-android14-11-SAGA,49646d1b0cd1,cc_governor,cc_governor,4229018,531053,5014774,6326471,785597,1701,2028355,590259,2816415,3500513,787948,40000,adios,0,adios,0,adios,0,66.7,69.6,61.3,39.0,75.3,50.4,52,3953000,409500,39.0,,,21.49,100520,,1,2000
1790169328,2026-09-23T13:15:28Z,67453,1790101943,6.1.187-android14-11-SAGA,49646d1b0cd1,cc_governor,cc_governor,4303869,534916,5098513,6422435,794465,1740,2082969,595710,2880685,3571109,797659,40607,adios,0,adios,0,adios,0,65.8,68.4,60.3,39.0,74.0,50.1,52,3953000,524900,39.0,,,25.11,94052,,1,2000
1790169365,2026-09-23T13:16:05Z,67490,1790101943,6.1.187-android14-11-SAGA,49646d1b0cd1,cc_governor,cc_governor,4380933,543132,5178445,6519439,797512,1766,2124421,608910,2926363,3630582,801943,41141,adios,0,adios,0,adios,0,58.3,61.2,54.7,39.0,61.8,47.5,52,3964000,704900,39.0,,,22.61,114092,,1,2000
1790169402,2026-09-23T13:16:42Z,67527,1790101943,6.1.187-android14-11-SAGA,49646d1b0cd1,cc_governor,cc_governor,4417786,547328,5225123,6578639,807314,1831,2143113,613941,2953559,3665440,810449,41744,adios,0,adios,0,adios,0,66.1,64.7,58.5,39.0,72.6,50.0,52,3938000,10300,39.0,,,30.67,159000,,1,2000
1790169439,2026-09-23T13:17:19Z,67564,1790101943,6.1.187-android14-11-SAGA,49646d1b0cd1,cc_governor,cc_governor,4452863,553852,5273488,6640261,820615,1861,2153366,620562,2977319,3696835,823976,42284,adios,0,adios,0,adios,0,57.6,59.2,54.7,39.0,66.1,47.2,52,3954000,590800,39.0,,,26.24,104296,,1,2000
1790169475,2026-09-23T13:17:55Z,67600,1790101943,6.1.187-android14-11-SAGA,49646d1b0cd1,cc_governor,cc_governor,4486701,560584,5320241,6699315,833525,1864,2161620,626624,2997368,3723186,835770,42721,adios,0,adios,0,adios,0,56.6,57.8,54.1,38.0,70.3,47.1,52,3958000,340500,38.0,,,23.69,124072,,1,2000
1790169512,2026-09-23T13:18:32Z,67637,1790101943,6.1.187-android14-11-SAGA,49646d1b0cd1,cc_governor,cc_governor,4519453,570111,5363278,6757472,843825,1884,2177352,636517,3024018,3760551,846665,43191,adios,0,adios,0,adios,0,57.3,56.6,52.7,38.0,60.2,45.8,53,3985000,917300,38.0,,,21.64,91312,,1,2000
1790169548,2026-09-23T13:19:08Z,67673,1790101943,6.1.187-android14-11-SAGA,49646d1b0cd1,cc_governor,cc_governor,4553896,582569,5404639,6817049,850714,1888,2184611,649378,3038508,3788188,853874,43609,adios,0,adios,0,adios,0,57.3,60.0,54.4,38.0,65.4,46.0,53,3966000,491300,38.0,,,20.87,102124,,1,2000
1790169584,2026-09-23T13:19:44Z,67709,1790101943,6.1.187-android14-11-SAGA,49646d1b0cd1,cc_governor,cc_governor,4587541,594719,5445574,6875937,857989,1891,2198459,660956,3059668,3821229,861108,44029,adios,0,adios,0,adios,0,60.9,62.3,54.5,38.0,65.3,46.2,53,3967000,411900,38.0,,,20.56,140104,,1,2000
1790169620,2026-09-23T13:20:20Z,67745,1790101943,6.1.187-android14-11-SAGA,49646d1b0cd1,cc_governor,cc_governor,4619926,601560,5490419,6932635,870516,1898,2224229,667207,3097976,3866373,873739,44446,adios,0,adios,0,adios,0,61.5,64.4,56.7,37.0,68.9,47.1,53,3966000,523000,38.0,,,21.22,75588,,1,2000
1790169657,2026-09-23T13:20:57Z,67782,1790101943,6.1.187-android14-11-SAGA,49646d1b0cd1,cc_governor,cc_governor,4652854,609946,5534724,6990293,881840,1912,2262601,674317,3146937,3923383,884304,44943,adios,0,adios,0,adios,0,62.9,65.3,57.3,38.0,68.1,47.5,53,3970000,725700,38.0,,,21.38,121832,,1,2000
1790169694,2026-09-23T13:21:34Z,67819,1790101943,6.1.187-android14-11-SAGA,49646d1b0cd1,cc_governor,cc_governor,4680802,622448,5570562,7043014,889733,1927,2302824,684248,3194230,3981217,891377,45412,adios,0,adios,0,adios,0,60.1,61.9,55.8,38.0,67.9,47.2,53,3964000,490100,38.0,,,22.21,128132,,1,2000
1790169730,2026-09-23T13:22:10Z,67855,1790101943,6.1.187-android14-11-SAGA,49646d1b0cd1,cc_governor,cc_governor,4711512,636776,5606349,7097953,894826,1938,2342131,696861,3239068,4039102,896931,45876,adios,0,adios,0,adios,0,58.4,59.5,54.4,38.0,63.7,46.7,54,3961000,689600,38.0,,,21.10,82320,,1,2000
1790169766,2026-09-23T13:22:46Z,67891,1790101943,6.1.187-android14-11-SAGA,49646d1b0cd1,cc_governor,cc_governor,4749900,645005,5654898,7160573,904960,1950,2352733,705161,3259697,4068598,906925,46311,adios,0,adios,0,adios,0,59.8,59.8,,38.0,65.3,46.5,54,3976000,542600,38.0,,,21.19,122472,,1,2000
1790169802,2026-09-23T13:23:22Z,67927,1790101943,6.1.187-android14-11-SAGA,49646d1b0cd1,cc_governor,cc_governor,4795814,653429,5708800,7230146,912912,1954,2367122,713592,3280639,4098941,913517,46644,adios,0,adios,0,adios,0,52.6,53.1,49.8,38.0,57.6,44.9,54,3997000,957000,38.0,,,20.09,98628,,1,2000
1790169838,2026-09-23T13:23:58Z,67963,1790101943,6.1.187-android14-11-SAGA,49646d1b0cd1,cc_governor,cc_governor,4846430,663170,5764793,7303140,918340,1958,2372974,722114,3292624,4119805,919647,46972,adios,0,adios,0,adios,0,55.1,56.5,52.7,37.0,59.9,45.3,54,3997000,876400,38.0,,,19.46,98848,,1,2000
1790169874,2026-09-23T13:24:34Z,67999,1790101943,6.1.187-android14-11-SAGA,49646d1b0cd1,cc_governor,cc_governor,4895257,670452,5822121,7376795,926872,1962,2380392,728955,3307859,4142149,927468,47339,adios,0,adios,0,adios,0,58.3,58.3,56.1,37.0,63.8,45.7,54,3990000,527300,37.0,,,18.90,99532,,1,2000
1790169910,2026-09-23T13:25:10Z,68035,1790101943,6.1.187-android14-11-SAGA,49646d1b0cd1,cc_governor,cc_governor,4944823,676434,5881126,7449355,936281,1964,2390020,734523,3327307,4168598,937219,47781,adios,0,adios,0,adios,0,54.2,54.4,53.0,38.0,59.9,45.2,55,3992000,704900,37.0,,,19.58,104552,,1,2000
1790169945,2026-09-23T13:25:46Z,68071,1790101943,6.1.187-android14-11-SAGA,49646d1b0cd1,cc_governor,cc_governor,4985950,687899,5928443,7514353,942470,1968,2396780,743993,3338995,4189931,942188,48106,adios,0,adios,0,adios,0,61.7,63.5,,38.0,66.7,46.8,55,3975000,222700,38.0,,,18.62,112980,,1,2000
1790169982,2026-09-23T13:26:22Z,68107,1790101943,6.1.187-android14-11-SAGA,49646d1b0cd1,cc_governor,cc_governor,5037723,695448,5987733,7588787,950032,1982,2411767,749990,3361887,4220760,950137,48444,adios,0,adios,0,adios,0,53.0,54.6,52.0,38.0,56.4,44.8,55,4006000,510200,38.0,,,19.59,118368,,1,2000
1790170018,2026-09-23T13:26:58Z,68143,1790101943,6.1.187-android14-11-SAGA,49646d1b0cd1,cc_governor,cc_governor,5072563,703022,6034135,7648207,961550,1984,2416057,755506,3375472,4240549,959413,48802,adios,0,adios,0,adios,0,55.7,57.6,,38.0,61.8,45.4,55,4005000,903300,38.0,,,20.19,99672,,1,2000
1790170054,2026-09-23T13:27:34Z,68179,1790101943,6.1.187-android14-11-SAGA,49646d1b0cd1,cc_governor,cc_governor,5101404,716789,6069412,7701678,967980,1989,2438341,767382,3403998,4281215,965589,49209,adios,0,adios,0,adios,0,58.7,58.8,53.6,37.0,63.4,45.9,55,3989000,505300,38.0,,,20.39,86448,,1,2000
1790170090,2026-09-23T13:28:10Z,68215,1790101943,6.1.187-android14-11-SAGA,49646d1b0cd1,cc_governor,cc_governor,5129380,730715,6103587,7754310,974177,1992,2461961,779928,3433499,4323720,971513,49632,adios,0,adios,0,adios,0,56.5,58.2,54.2,38.0,68.6,46.3,56,3978000,577300,38.0,,,21.85,104584,,1,2000
1790170127,2026-09-23T13:28:47Z,68252,1790101943,6.1.187-android14-11-SAGA,49646d1b0cd1,cc_governor,cc_governor,5167238,742720,6148181,7816440,980898,2008,2488480,791685,3467170,4369605,978669,50141,adios,0,adios,0,adios,0,55.5,58.0,52.5,38.0,59.3,45.1,56,4008000,825100,37.0,,,21.12,132628,,1,2000
1790170163,2026-09-23T13:29:23Z,68288,1790101943,6.1.187-android14-11-SAGA,49646d1b0cd1,cc_governor,cc_governor,5187354,756010,6176612,7862005,989232,2011,2506855,802600,3493096,4406729,986230,50581,adios,0,adios,0,adios,0,58.8,59.6,53.7,37.0,63.9,45.7,56,3993000,678100,37.0,,,20.79,89580,,1,2000
1790170199,2026-09-23T13:29:59Z,68324,1790101943,6.1.187-android14-11-SAGA,49646d1b0cd1,cc_governor,cc_governor,5216895,766171,6216018,7916263,999136,2018,2534112,811883,3529438,4452779,995342,51019,adios,0,adios,0,adios,0,56.9,58.9,52.7,37.0,64.2,45.2,56,3995000,559000,37.0,,,21.54,78984,,1,2000
1790170235,2026-09-23T13:30:35Z,68360,1790101943,6.1.187-android14-11-SAGA,49646d1b0cd1,cc_governor,cc_governor,5240372,782590,6244279,7965008,1003888,2025,2557607,825757,3556910,4494507,999240,51425,adios,0,adios,0,adios,0,59.6,59.1,,37.0,66.2,45.8,56,3991000,455300,37.0,,,21.29,78656,,1,2000
1790170271,2026-09-23T13:31:11Z,68397,1790101943,6.1.187-android14-11-SAGA,49646d1b0cd1,cc_governor,cc_governor,5270478,798814,6278055,8019547,1007556,2027,2590487,840865,3592804,4545849,1002308,51890,adios,0,adios,0,adios,1,57.3,57.0,52.8,37.0,60.2,45.1,56,4014000,911800,37.0,,,21.13,101092,,1,2000
1790170308,2026-09-23T13:31:48Z,68433,1790101943,6.1.187-android14-11-SAGA,49646d1b0cd1,cc_governor,cc_governor,5306768,805768,6326493,8080335,1019715,2028,2605926,848458,3620243,4581264,1014238,52280,adios,0,adios,0,adios,0,60.9,62.0,55.5,37.0,65.8,46.1,57,4001000,435100,37.0,,,21.06,145500,,1,2000
1790170344,2026-09-23T13:32:24Z,68470,1790101943,6.1.187-android14-11-SAGA,49646d1b0cd1,cc_governor,cc_governor,5341017,819347,6366446,8138991,1025400,2041,2643440,861294,3662694,4636988,1019243,52752,adios,0,adios,0,adios,0,57.7,57.9,53.7,37.0,63.7,45.6,57,4003000,604200,37.0,,,21.46,104040,,1,2000
1790170380,2026-09-23T13:33:00Z,68506,1790101943,6.1.187-android14-11-SAGA,49646d1b0cd1,cc_governor,cc_governor,5371708,831718,6404500,8194098,1032786,2046,2671851,873002,3698551,4684933,1026658,53206,adios,0,adios,0,adios,0,58.9,60.6,54.1,37.0,61.4,45.6,57,3997000,371000,37.0,,,21.12,128424,,1,2000
1790170416,2026-09-23T13:33:36Z,68542,1790101943,6.1.187-android14-11-SAGA,49646d1b0cd1,cc_governor,cc_governor,5395497,848395,6432334,8242644,1036829,2048,2695884,886931,3726021,4726621,1030078,53608,adios,0,adios,0,adios,0,59.8,62.4,55.0,37.0,64.3,46.1,57,4003000,625600,37.0,,,21.40,77552,,1,2000
1790170452,2026-09-23T13:34:12Z,68578,1790101943,6.1.187-android14-11-SAGA,49646d1b0cd1,cc_governor,cc_governor,5424272,856561,6472920,8295948,1048631,2051,2729276,893836,3770487,4778465,1041118,54076,adios,0,adios,0,adios,0,60.2,60.6,,37.0,69.2,46.5,57,3991000,144600,37.0,,,20.52,77172,,1,2000
1790170489,2026-09-23T13:34:49Z,68614,1790101943,6.1.187-android14-11-SAGA,49646d1b0cd1,cc_governor,cc_governor,5448073,867823,6505918,8344599,1057844,2058,2773896,903353,3822299,4841017,1048369,54531,adios,0,adios,0,adios,0,61.9,64.4,56.7,37.0,66.7,47.0,57,4004000,477200,37.0,,,20.75,97348,,1,2000
1790170525,2026-09-23T13:35:25Z,68650,1790101943,6.1.187-android14-11-SAGA,49646d1b0cd1,cc_governor,cc_governor,5484924,878618,6550814,8405484,1065861,2060,2804187,913109,3860700,4889636,1056480,54935,adios,0,adios,0,adios,0,59.6,58.6,53.9,37.0,62.5,45.8,58,3996000,528500,37.0,,,20.10,104736,,1,2000
1790170561,2026-09-23T13:36:01Z,68687,1790101943,6.1.187-android14-11-SAGA,49646d1b0cd1,cc_governor,cc_governor,5522640,887544,6598134,8467718,1075465,2063,2811822,921821,3877210,4915013,1065388,55370,adios,0,adios,0,adios,0,55.3,55.6,51.0,37.0,57.7,44.5,58,4025000,941700,37.0,,,21.08,85048,,1,2000
1790170597,2026-09-23T13:36:37Z,68723,1790101943,6.1.187-android14-11-SAGA,49646d1b0cd1,cc_governor,cc_governor,5558710,897607,6642907,8528285,1084167,2066,2823324,930499,3895795,4942539,1072397,55787,adios,0,adios,0,adios,0,59.0,60.7,53.9,37.0,66.4,45.6,58,3997000,469300,37.0,,,21.30,83600,,1,2000
1790170634,2026-09-23T13:37:14Z,68760,1790101943,6.1.187-android14-11-SAGA,49646d1b0cd1,cc_governor,cc_governor,5600048,912069,6688118,8593675,1088025,2072,2848158,945726,3925349,4987621,1077175,56280,adios,0,adios,0,adios,0,54.8,56.6,,37.0,58.8,44.5,58,4011000,492500,37.0,,,20.80,124112,,1,2000
1790170670,2026-09-23T13:37:50Z,68796,1790101943,6.1.187-android14-11-SAGA,49646d1b0cd1,cc_governor,cc_governor,5626599,925388,6722056,8645258,1095432,2075,2857102,957323,3940234,5014346,1083091,56721,adios,0,adios,0,adios,0,55.6,58.8,52.4,37.0,66.1,45.1,58,4005000,702500,37.0,,,20.67,216216,,1,2000
1790170706,2026-09-23T13:38:26Z,68832,1790101943,6.1.187-android14-11-SAGA,49646d1b0cd1,cc_governor,cc_governor,5679369,931456,6783536,8719478,1104168,2085,2868347,962590,3960274,5040203,1091935,57063,adios,0,adios,0,adios,0,52.9,53.1,50.2,37.0,63.8,44.2,58,4022000,973500,37.0,,,19.91,90536,,1,2000
1790170742,2026-09-23T13:39:02Z,68867,1790101943,6.1.187-android14-11-SAGA,49646d1b0cd1,cc_governor,cc_governor,5730772,939862,6841199,8792424,1110401,2089,2873128,969999,3971009,5058529,1097863,57360,adios,0,adios,0,adios,0,55.4,52.9,49.7,37.0,55.3,43.3,59,4038000,969800,37.0,,,19.49,113596,,1,2000
1790170778,2026-09-23T13:39:38Z,68903,1790101943,6.1.187-android14-11-SAGA,49646d1b0cd1,cc_governor,cc_governor,5783656,949936,6898458,8866887,1114783,2093,2876510,979457,3978661,5075712,1102171,57715,adios,0,adios,0,adios,0,50.2,54.8,,37.0,54.5,43.2,59,4033000,949000,37.0,,,19.47,140912,,1,2000
1790170813,2026-09-23T13:40:13Z,68939,1790101943,6.1.187-android14-11-SAGA,49646d1b0cd1,cc_governor,cc_governor,5836150,956227,6959194,8941006,1123015,2095,2881880,985133,3992300,5095226,1110420,58002,adios,0,adios,0,adios,0,51.9,57.5,53.5,37.0,63.5,44.1,59,4031000,681700,37.0,,,19.52,92832,,1,2000
1790170849,2026-09-23T13:40:49Z,68974,1790101943,6.1.187-android14-11-SAGA,49646d1b0cd1,cc_governor,cc_governor,5883710,963842,7014779,9010977,1131068,2105,2889594,991434,4007815,5117580,1118197,58371,adios,0,adios,0,adios,0,54.5,60.4,,37.0,57.3,43.9,59,4042000,716500,37.0,,,20.21,115572,,1,2000
1790170885,2026-09-23T13:41:25Z,69010,1790101943,6.1.187-android14-11-SAGA,49646d1b0cd1,cc_governor,cc_governor,5940106,971567,7077244,9086996,1137051,2110,2893912,998361,4017736,5134626,1123824,58683,adios,0,adios,0,adios,0,50.0,50.3,48.0,37.0,54.9,43.2,59,4039000,826400,37.0,,,18.93,92308,,1,2000
1790170921,2026-09-23T13:42:01Z,69046,1790101943,6.1.187-android14-11-SAGA,49646d1b0cd1,cc_governor,cc_governor,5996853,981731,7137547,9163400,1140674,2113,2897647,1007116,4025221,5150970,1127574,58999,adios,0,adios,0,adios,0,51.1,51.4,48.1,37.0,59.7,42.7,60,4026000,537100,37.0,,,18.55,107848,,1,2000
1790170957,2026-09-23T13:42:37Z,69082,1790101943,6.1.187-android14-11-SAGA,49646d1b0cd1,cc_governor,cc_governor,6054406,990277,7200327,9240875,1145895,2114,2901219,1014899,4033500,5167164,1132263,59318,adios,0,adios,0,adios,0,53.1,52.4,48.3,37.0,56.1,42.7,60,4037000,747000,37.0,,,18.78,137032,,1,2000
1790170992,2026-09-23T13:43:12Z,69118,1790101943,6.1.187-android14-11-SAGA,49646d1b0cd1,cc_governor,cc_governor,6108274,999284,7259690,9318195,1151384,2120,2909140,1024233,4046066,5189949,1136926,59641,adios,0,adios,0,adios,0,53.7,55.2,52.3,37.0,65.2,44.7,60,4030000,552900,37.0,,,19.09,104020,,1,2000
1790171028,2026-09-23T13:43:48Z,69154,1790101943,6.1.187-android14-11-SAGA,49646d1b0cd1,cc_governor,cc_governor,6163423,1006727,7321625,9397059,1158216,2123,2915857,1031365,4059306,5211021,1143460,60048,adios,0,adios,0,adios,0,55.5,60.6,,37.0,59.3,44.6,60,4050000,941700,37.0,,,19.13,121520,,1,2000
1790171064,2026-09-23T13:44:24Z,69190,1790101943,6.1.187-android14-11-SAGA,49646d1b0cd1,cc_governor,cc_governor,6215448,1011773,7383577,9472885,1168118,2130,2921713,1036117,4075279,5232032,1153587,60417,adios,0,adios,0,adios,0,56.6,59.2,55.4,37.0,66.5,45.5,60,4034000,657300,37.0,,,18.97,125560,,1,2000
1790171100,2026-09-23T13:45:00Z,69226,1790101943,6.1.187-android14-11-SAGA,49646d1b0cd1,cc_governor,cc_governor,6265378,1019615,7441216,9547199,1175814,2135,2927728,1044003,4088920,5253774,1161205,60846,adios,0,adios,0,adios,0,55.6,63.2,54.9,37.0,59.0,45.1,60,4042000,761100,37.0,,,18.60,72128,,1,2000
1790171136,2026-09-23T13:45:36Z,69262,1790101943,6.1.187-android14-11-SAGA,49646d1b0cd1,cc_governor,cc_governor,6317630,1027229,7500695,9622752,1183046,2140,2933592,1051898,4101084,5274082,1167492,61212,adios,0,adios,0,adios,0,55.6,57.0,54.4,37.0,65.5,45.4,61,4037000,505300,37.0,,,17.98,122680,,1,2000
1790171172,2026-09-23T13:46:12Z,69298,1790101943,6.1.187-android14-11-SAGA,49646d1b0cd1,cc_governor,cc_governor,6371242,1035958,7560019,9699512,1188752,2143,2938396,1060246,4111351,5292849,1172942,61597,adios,0,adios,0,adios,0,57.8,57.1,54.5,37.0,59.5,45.2,61,4045000,738500,37.0,,,18.50,157544,,1,2000
1790171208,2026-09-23T13:46:48Z,69333,1790101943,6.1.187-android14-11-SAGA,49646d1b0cd1,cc_governor,cc_governor,6423196,1044269,7618432,9775038,1195219,2146,2943203,1067880,4122448,5311735,1179244,61978,adios,0,adios,0,adios,0,55.0,56.7,,38.0,59.2,45.4,61,4058000,897800,38.0,,,18.32,124496,,1,2000
1790171244,2026-09-23T13:47:24Z,69369,1790101943,6.1.187-android14-11-SAGA,49646d1b0cd1,cc_governor,cc_governor,6476700,1051274,7679411,9851418,1202679,2149,2948163,1074367,4134754,5330689,1186590,62379,adios,0,adios,0,adios,0,54.5,56.2,54.2,38.0,63.9,45.4,61,4040000,626800,38.0,,,18.06,114564,,1,2000
1790171280,2026-09-23T13:48:00Z,69406,1790101943,6.1.187-android14-11-SAGA,49646d1b0cd1,cc_governor,cc_governor,6530471,1057887,7741488,9929047,1211009,2153,2954331,1080606,4148800,5351299,1194463,62762,adios,0,adios,0,adios,0,58.3,58.6,54.8,38.0,60.0,45.5,61,4055000,709800,38.0,,,17.88,119904,,1,2000
1790171316,2026-09-23T13:48:36Z,69442,1790101943,6.1.187-android14-11-SAGA,49646d1b0cd1,cc_governor,cc_governor,6581018,1065759,7799328,10003158,1218283,2155,2960333,1087777,4161443,5371338,1201110,63136,adios,0,adios,0,adios,0,55.7,57.2,54.5,38.0,60.4,45.7,61,4053000,630400,38.0,,,18.37,115924,,1,2000
1790171352,2026-09-23T13:49:12Z,69478,1790101943,6.1.187-android14-11-SAGA,49646d1b0cd1,cc_governor,cc_governor,6633262,1072996,7859166,10078784,1225845,2157,2965771,1094536,4174163,5390976,1208391,63523,adios,0,adios,0,adios,0,57.0,58.0,54.9,38.0,59.4,45.6,62,4061000,477200,38.0,,,18.36,79924,,1,2000
1790171388,2026-09-23T13:49:48Z,69513,1790101943,6.1.187-android14-11-SAGA,49646d1b0cd1,cc_governor,cc_governor,6663834,1079735,7897996,10129811,1234153,2624,2975731,1100144,4189878,5417190,1214153,63920,adios,0,adios,0,adios,0,54.0,51.6,,38.0,58.0,45.1,62,4047000,490100,38.0,,,21.61,67276,,1,2000
1790171424,2026-09-23T13:50:24Z,69549,1790101943,6.1.187-android14-11-SAGA,49646d1b0cd1,cc_governor,cc_governor,6681494,1084173,7926539,10164761,1245038,2629,2985747,1101686,4204702,5436136,1218955,64204,adios,0,adios,0,adios,0,49.5,48.5,,38.0,52.0,42.6,62,4092000,1275000,38.0,,,19.88,156520,,1,2000
1790171459,2026-09-23T13:50:59Z,69584,1790101943,6.1.187-android14-11-SAGA,49646d1b0cd1,cc_governor,cc_governor,6684241,1094033,7933098,10182141,1248856,2630,2985763,1104158,4205441,5439784,1219678,64490,adios,0,adios,0,adios,0,47.5,47.3,,37.0,52.8,41.5,62,4095000,1181600,37.0,,,18.32,113288,,1,2000
1790171494,2026-09-23T13:51:34Z,69619,1790101943,6.1.187-android14-11-SAGA,49646d1b0cd1,cc_governor,cc_governor,6687767,1100859,7941947,10199528,1254187,2672,2987575,1106321,4209197,5447174,1221622,64965,adios,0,adios,0,adios,18,68.6,69.7,,37.0,74.7,48.5,63,4036000,178200,37.0,,,31.99,75804,,1,2000
1790171537,2026-09-23T13:52:17Z,69662,1790101943,6.1.187-android14-11-SAGA,49646d1b0cd1,cc_governor,cc_governor,6729242,1101492,7993939,10264575,1264658,2958,3006308,1107077,4243921,5489035,1237625,65768,adios,0,adios,0,adios,0,59.9,59.7,54.5,37.0,61.1,46.4,63,4069000,802000,37.0,,,26.75,150792,,1,2000
1790171572,2026-09-23T13:52:52Z,69698,1790101943,6.1.187-android14-11-SAGA,49646d1b0cd1,cc_governor,cc_governor,6757126,1102818,8036562,10318161,1279462,2963,3008482,1107995,4255881,5502865,1247409,66070,adios,0,adios,0,adios,0,56.8,53.8,50.8,37.0,59.2,44.2,63,4075000,952700,37.0,,,23.93,246092,,1,2000
1790171609,2026-09-23T13:53:29Z,69734,1790101943,6.1.187-android14-11-SAGA,49646d1b0cd1,cc_governor,cc_governor,6780886,1103536,8080243,10378964,1299372,2982,3012486,1108521,4270884,5519036,1258419,66459,adios,0,adios,0,adios,0,54.8,53.7,51.3,37.0,54.4,43.8,63,4082000,904500,37.0,,,21.14,120416,,1,2000
1790171646,2026-09-23T13:54:06Z,69771,1790101943,6.1.187-android14-11-SAGA,49646d1b0cd1,cc_governor,cc_governor,6794526,1107196,8113106,10432729,1318573,2985,3013149,1109464,4277761,5527097,1264612,66799,adios,0,adios,0,adios,0,48.1,48.5,,36.0,50.8,42.0,63,4089000,969800,36.0,,,19.81,71432,,1,2000
1790171682,2026-09-23T13:54:42Z,69807,1790101943,6.1.187-android14-11-SAGA,49646d1b0cd1,cc_governor,cc_governor,6803544,1112948,8139808,10480196,1336257,2990,3013365,1111150,4282863,5534162,1269511,67147,adios,0,adios,0,adios,0,48.1,48.7,45.6,36.0,50.8,41.4,63,4093000,971000,36.0,,,18.76,214540,,1,2000
1790171718,2026-09-23T13:55:18Z,69844,1790101943,6.1.187-android14-11-SAGA,49646d1b0cd1,cc_governor,cc_governor,6817634,1115932,8168647,10519621,1351023,2997,3025626,1112616,4301259,5558089,1275633,67492,adios,0,adios,0,adios,0,48.6,52.3,48.7,36.0,53.7,42.9,64,4089000,928900,36.0,,,20.88,101968,,1,2000
1790171754,2026-09-23T13:55:54Z,69879,1790101943,6.1.187-android14-11-SAGA,49646d1b0cd1,cc_governor,cc_governor,6839589,1117899,8207516,10573199,1367917,3005,3042619,1114080,4328079,5590007,1285474,67834,adios,0,adios,0,adios,0,50.8,51.3,49.2,36.0,54.0,43.2,64,4091000,925900,36.0,,,19.74,108328,,1,2000
1790171790,2026-09-23T13:56:30Z,69916,1790101943,6.1.187-android14-11-SAGA,49646d1b0cd1,cc_governor,cc_governor,6855733,1120509,8243484,10626963,1387773,3010,3043758,1114883,4336385,5599681,1292633,68203,adios,0,adios,0,adios,0,51.1,50.7,49.4,36.0,53.1,42.7,64,4087000,694500,36.0,,,18.97,161328,,1,2000
1790171827,2026-09-23T13:57:07Z,69952,1790101943,6.1.187-android14-11-SAGA,49646d1b0cd1,cc_governor,cc_governor,6876997,1123858,8282843,10683965,1405856,3020,3047625,1116023,4348720,5613616,1301117,68575,adios,0,adios,0,adios,0,51.2,53.8,49.6,36.0,53.1,43.1,64,4098000,401600,36.0,,,18.42,115612,,1,2000
1790171863,2026-09-23T13:57:43Z,69988,1790101943,6.1.187-android14-11-SAGA,49646d1b0cd1,cc_governor,cc_governor,6883324,1132726,8298901,10713291,1415577,3054,3050466,1117737,4354819,5621734,1304353,68953,adios,0,adios,0,adios,0,44.1,44.5,,36.0,51.5,40.3,64,4091000,751900,36.0,,,17.61,100476,,1,2000
1790171899,2026-09-23T13:58:19Z,70024,1790101943,6.1.187-android14-11-SAGA,49646d1b0cd1,cc_governor,cc_governor,6908001,1133727,8340225,10773444,1432219,3059,3064720,1118361,4381925,5653896,1317136,69267,adios,0,adios,0,adios,0,59.6,65.6,55.7,36.0,56.5,44.2,64,4100000,969800,36.0,,,19.59,110064,,1,2000
1790171935,2026-09-23T13:58:55Z,70061,1790101943,6.1.187-android14-11-SAGA,49646d1b0cd1,cc_governor,cc_governor,6913822,1141997,8355979,10800410,1442057,3140,3068828,1120231,4388833,5663336,1320014,69633,adios,0,adios,0,adios,0,46.3,49.2,47.6,36.0,62.0,42.5,65,4070000,310000,36.0,,,18.99,122052,,1,2000
1790171972,2026-09-23T13:59:32Z,70098,1790101943,6.1.187-android14-11-SAGA,49646d1b0cd1,cc_governor,cc_governor,6942978,1145077,8400140,10860049,1457160,3163,3088684,1122375,4419953,5698727,1331269,70087,adios,0,adios,0,adios,0,49.6,50.0,,36.0,51.9,42.7,65,4103000,952700,36.0,,,19.79,237752,,1,2000
1790172008,2026-09-23T14:00:08Z,70133,1790101943,6.1.187-android14-11-SAGA,49646d1b0cd1,cc_governor,cc_governor,6948363,1151926,8416601,10885954,1468209,3166,3090540,1124550,4424415,5705664,1333872,70403,adios,0,adios,0,adios,0,48.3,51.7,47.0,36.0,56.5,41.8,65,4080000,792200,36.0,,,18.29,201364,,1,2000
1790172044,2026-09-23T14:00:44Z,70169,1790101943,6.1.187-android14-11-SAGA,49646d1b0cd1,cc_governor,cc_governor,6972017,1154765,8457862,10942882,1485861,3184,3095733,1125935,4438884,5722713,1343162,70815,adios,0,adios,0,adios,0,50.8,51.7,49.2,36.0,56.7,42.8,65,4103000,936200,36.0,,,18.65,71604,,1,2000
1790172080,2026-09-23T14:01:20Z,70206,1790101943,6.1.187-android14-11-SAGA,49646d1b0cd1,cc_governor,cc_governor,6995169,1155797,8501033,11004126,1505900,3188,3097119,1126383,4448810,5733451,1351703,71192,adios,0,adios,0,adios,0,51.7,52.2,49.6,36.0,55.1,43.1,65,4107000,947800,36.0,,,18.76,134392,,1,2000
1790172117,2026-09-23T14:01:57Z,70242,1790101943,6.1.187-android14-11-SAGA,49646d1b0cd1,cc_governor,cc_governor,7010318,1156440,8536844,11063701,1526535,3192,3101267,1126742,4463113,5751114,1361852,71592,adios,0,adios,0,adios,0,56.2,55.6,51.9,36.0,57.7,44.0,65,4095000,832500,36.0,,,19.50,100492,,1,2000
1790172153,2026-09-23T14:02:33Z,70279,1790101943,6.1.187-android14-11-SAGA,49646d1b0cd1,cc_governor,cc_governor,7031282,1157479,8574968,11122467,1543651,3308,3118213,1127231,4490344,5781338,1372164,72073,adios,0,adios,0,adios,0,60.3,62.4,57.4,36.0,66.3,46.0,66,4095000,720200,36.0,,,23.04,204728,,1,2000
1790172190,2026-09-23T14:03:10Z,70316,1790101943,6.1.187-android14-11-SAGA,49646d1b0cd1,cc_governor,cc_governor,7043573,1164748,8600018,11164122,1556454,3323,3121386,1128455,4499465,5792437,1378085,72510,adios,0,adios,0,adios,0,47.1,47.5,,36.0,49.8,41.9,66,4110000,967400,36.0,,,20.06,96256,,1,2000
1790172225,2026-09-23T14:03:45Z,70351,1790101943,6.1.187-android14-11-SAGA,49646d1b0cd1,cc_governor,cc_governor,7052562,1174886,8616844,11194905,1564207,3420,3127173,1131283,4508364,5804801,1381154,72874,adios,0,adios,0,adios,0,57.4,58.2,52.5,36.0,68.7,44.5,66,4082000,308200,36.0,,,18.78,220744,,1,2000
1790172264,2026-09-23T14:04:24Z,70389,1790101943,6.1.187-android14-11-SAGA,49646d1b0cd1,cc_governor,cc_governor,7063624,1180327,8637488,11225650,1573873,3512,3134766,1132422,4520342,5819515,1385581,73348,adios,0,adios,0,adios,0,44.5,45.4,,36.0,47.9,40.4,66,4117000,938700,36.0,,,18.22,105792,,1,2000
1790172299,2026-09-23T14:04:59Z,70424,1790101943,6.1.187-android14-11-SAGA,49646d1b0cd1,cc_governor,cc_governor,7072387,1183066,8658168,11252217,1585787,3523,3139544,1133186,4529821,5830448,1390308,73659,adios,0,adios,0,adios,0,52.6,54.6,,36.0,56.0,42.0,66,3995000,-1350700,35.0,,,17.29,147616,,1,2000
1790172336,2026-09-23T14:05:36Z,70461,1790101943,6.1.187-android14-11-SAGA,49646d1b0cd1,cc_governor,cc_governor,7091788,1190222,8688926,11296003,1597095,3527,3149693,1136572,4546916,5852435,1397177,74038,adios,0,adios,0,adios,12,55.6,51.0,,35.0,60.6,42.3,66,3966000,-1472100,35.0,,,17.55,170848,,1,2000
1790172371,2026-09-23T14:06:11Z,70496,1790101943,6.1.187-android14-11-SAGA,49646d1b0cd1,cc_governor,cc_governor,7114825,1195446,8722326,11341547,1607512,3557,3161506,1138377,4566027,5876265,1404526,74331,adios,0,adios,0,adios,0,45.4,46.6,,35.0,56.4,40.3,66,4003000,-326500,35.0,,,17.86,159272,,1,2000
1790172406,2026-09-23T14:06:46Z,70532,1790101943,6.1.187-android14-11-SAGA,49646d1b0cd1,cc_governor,cc_governor,7116267,1203943,8729364,11358332,1613114,3561,3162060,1140110,4568311,5880745,1406254,74616,adios,0,adios,0,adios,0,42.1,42.4,,34.0,46.3,38.3,66,4023000,-423500,34.0,,,16.96,107584,,1,2000
1790172442,2026-09-23T14:07:22Z,70567,1790101943,6.1.187-android14-11-SAGA,49646d1b0cd1,cc_governor,cc_governor,7133216,1212574,8757588,11399671,1624388,3563,3170389,1146058,4585007,5903738,1414628,74936,adios,0,adios,0,adios,0,55.4,51.5,49.3,34.0,54.7,41.4,66,3977000,-1224300,34.0,,,17.84,166992,,1,2000
1790172478,2026-09-23T14:07:58Z,70604,1790101943,6.1.187-android14-11-SAGA,49646d1b0cd1,cc_governor,cc_governor,7150926,1217764,8787821,11439850,1636862,3568,3177675,1148213,4599189,5920631,1421514,75293,adios,0,adios,0,adios,0,44.5,44.4,,34.0,46.9,38.9,66,4013000,-486400,34.0,,,19.73,178668,,1,2000
1790172514,2026-09-23T14:08:34Z,70639,1790101943,6.1.187-android14-11-SAGA,49646d1b0cd1,cc_governor,cc_governor,7161011,1226715,8806702,11472035,1645691,3571,3178806,1151953,4603426,5928814,1424620,75603,adios,0,adios,0,adios,0,42.0,44.0,,34.0,45.3,37.7,66,4001000,-338100,33.0,,,18.30,209760,,1,2000
1790172549,2026-09-23T14:09:09Z,70675,1790101943,6.1.187-android14-11-SAGA,49646d1b0cd1,cc_governor,cc_governor,7165426,1236733,8815826,11492915,1650383,3574,3179814,1154902,4606036,5934543,1426221,75907,adios,0,adios,0,adios,0,44.1,43.8,,33.0,46.5,37.4,66,4001000,-377800,33.0,,,17.59,158048,,1,2000
1790172585,2026-09-23T14:09:45Z,70711,1790101943,6.1.187-android14-11-SAGA,49646d1b0cd1,cc_governor,cc_governor,7193000,1243273,8852117,11542597,1659139,3586,3194094,1158177,4626833,5960714,1432749,76215,adios,0,adios,0,adios,0,48.3,48.1,,33.0,54.8,39.4,65,4102000,1074200,33.0,,,19.68,124964,,1,2000
1790172620,2026-09-23T14:10:20Z,70746,1790101943,6.1.187-android14-11-SAGA,49646d1b0cd1,cc_governor,cc_governor,7203293,1248610,8868748,11565973,1665468,3588,3202390,1160888,4638223,5976291,1435842,76504,adios,0,adios,0,adios,0,44.2,51.1,,33.0,47.4,37.7,66,4135000,1285400,33.0,,,17.87,182356,,1,2000
1790172656,2026-09-23T14:10:56Z,70781,1790101943,6.1.187-android14-11-SAGA,49646d1b0cd1,cc_governor,cc_governor,7204206,1255121,8874736,11579236,1670527,3590,3202630,1162525,4640172,5980220,1437542,76774,adios,0,adios,0,adios,0,43.6,45.6,,33.0,45.9,36.9,66,4136000,1028400,33.0,,,16.74,117952,,1,2000
1790172691,2026-09-23T14:11:31Z,70816,1790101943,6.1.187-android14-11-SAGA,49646d1b0cd1,cc_governor,cc_governor,7205038,1264481,8877522,11592129,1672480,3593,3202730,1165116,4640895,5983911,1438165,77071,adios,0,adios,0,adios,0,42.4,43.3,,33.0,47.0,36.7,66,4138000,1074200,33.0,,,16.05,139540,,1,2000
1790172726,2026-09-23T14:12:06Z,70851,1790101943,6.1.187-android14-11-SAGA,49646d1b0cd1,cc_governor,cc_governor,7205661,1273451,8880278,11604647,1674617,3596,3202734,1167305,4641602,5987101,1438868,77364,adios,0,adios,0,adios,5,41.9,42.0,,33.0,45.4,36.5,66,4132000,821500,33.0,,,15.79,106244,,1,2000
1790172762,2026-09-23T14:12:42Z,70887,1790101943,6.1.187-android14-11-SAGA,49646d1b0cd1,cc_governor,cc_governor,7234557,1276820,8921877,11657064,1687334,3603,3215298,1169282,4663136,6013537,1447852,77673,adios,0,adios,0,adios,0,46.6,45.6,,33.0,56.7,38.6,67,4127000,872100,33.0,,,16.28,123548,,1,2000
1790172798,2026-09-23T14:13:18Z,70923,1790101943,6.1.187-android14-11-SAGA,49646d1b0cd1,cc_governor,cc_governor,7262548,1282778,8961175,11710933,1698654,3623,3227255,1173190,4683711,6039842,1456435,78071,adios,0,adios,0,adios,0,61.4,63.2,54.5,33.0,59.1,42.3,67,4121000,816000,33.0,,,19.35,149280,,1,2000
1790172837,2026-09-23T14:13:57Z,70962,1790101943,6.1.187-android14-11-SAGA,49646d1b0cd1,cc_governor,cc_governor,7290035,1284830,9006180,11769893,1716155,3750,3238963,1174772,4705800,6065677,1466854,78585,adios,0,adios,0,adios,0,51.3,53.2,48.2,33.0,55.7,40.5,67,4107000,577300,33.0,,,24.04,160696,,1,2000
1790172873,2026-09-23T14:14:33Z,70998,1790101943,6.1.187-android14-11-SAGA,49646d1b0cd1,cc_governor,cc_governor,7303705,1285109,9040364,11818596,1736677,3752,3243411,1174948,4721360,6082053,1477947,78970,adios,0,adios,0,adios,0,48.1,48.3,,33.0,55.0,40.2,67,4080000,755000,33.0,,,22.02,239448,,1,2000
1790172909,2026-09-23T14:15:09Z,71034,1790101943,6.1.187-android14-11-SAGA,49646d1b0cd1,cc_governor,cc_governor,7308462,1285190,9065086,11863167,1756482,3758,3244839,1175009,4729583,6090825,1484684,79293,adios,0,adios,0,adios,0,51.5,52.4,,33.0,53.2,40.9,67,4127000,818400,33.0,,,21.62,283424,,1,2000
1790172945,2026-09-23T14:15:45Z,71070,1790101943,6.1.187-android14-11-SAGA,49646d1b0cd1,cc_governor,cc_governor,7315341,1287879,9086194,11893561,1770868,3763,3247055,1175356,4735410,6098931,1488361,79613,adios,0,adios,0,adios,0,45.0,44.0,,34.0,47.0,39.1,67,4136000,967400,34.0,,,19.11,246652,,1,2000
1790172980,2026-09-23T14:16:20Z,71105,1790101943,6.1.187-android14-11-SAGA,49646d1b0cd1,cc_governor,cc_governor,7316816,1297492,9095212,11913789,1778396,3766,3247369,1176731,4737255,6102385,1489886,79927,adios,0,adios,0,adios,0,41.5,42.1,,34.0,45.3,37.8,68,4140000,972200,34.0,,,17.79,217928,,1,2000
1790173015,2026-09-23T14:16:55Z,71140,1790101943,6.1.187-android14-11-SAGA,49646d1b0cd1,cc_governor,cc_governor,7335431,1304773,9121134,11953420,1785705,4268,3266190,1179139,4761688,6131734,1495505,80335,adios,0,adios,0,adios,0,60.5,60.5,54.1,34.0,64.1,44.1,68,4109000,-203800,34.0,,,23.25,82256,,1,2000
1790173054,2026-09-23T14:17:34Z,71179,1790101943,6.1.187-android14-11-SAGA,49646d1b0cd1,cc_governor,cc_governor,7361584,1306195,9163437,12012953,1801835,4467,3286645,1180282,4794062,6169049,1507426,80975,adios,0,adios,0,adios,0,50.9,51.7,48.7,34.0,52.0,41.9,68,4139000,966700,34.0,,,23.52,201028,,1,2000
1790173090,2026-09-23T14:18:10Z,71216,1790101943,6.1.187-android14-11-SAGA,49646d1b0cd1,cc_governor,cc_governor,7389766,1306788,9209723,12073431,1819975,4496,3301674,1180667,4821804,6200256,1520121,81384,adios,0,adios,0,adios,0,60.5,60.1,52.8,34.0,67.5,44.4,68,4122000,597500,34.0,,,21.72,187628,,1,2000
1790173128,2026-09-23T14:18:48Z,71254,1790101943,6.1.187-android14-11-SAGA,49646d1b0cd1,cc_governor,cc_governor,7420333,1307230,9258464,12140360,1838151,4708,3318548,1181022,4853255,6234796,1534716,81934,adios,0,adios,0,adios,0,51.4,55.1,49.7,35.0,53.8,42.8,68,4140000,964300,35.0,,,20.10,133696,,1,2000
1790173164,2026-09-23T14:19:24Z,71290,1790101943,6.1.187-android14-11-SAGA,49646d1b0cd1,cc_governor,cc_governor,7439466,1308306,9296309,12202513,1856831,4721,3339115,1181721,4885469,6271476,1546276,82337,adios,0,adios,0,adios,0,57.8,64.4,56.0,35.0,67.0,43.9,68,4134000,674400,35.0,,,21.55,311736,,1,2000
1790173202,2026-09-23T14:20:02Z,71327,1790101943,6.1.187-android14-11-SAGA,49646d1b0cd1,cc_governor,cc_governor,7462878,1309155,9335778,12256945,1872901,5205,3360734,1182400,4919932,6311114,1559223,82856,adios,0,adios,0,adios,0,53.4,54.1,50.7,35.0,60.7,43.7,69,4124000,468100,35.0,,,24.73,136996,,1,2000
1790173238,2026-09-23T14:20:38Z,71364,1790101943,6.1.187-android14-11-SAGA,49646d1b0cd1,cc_governor,cc_governor,7481271,1309674,9374346,12312693,1893065,5210,3364019,1182642,4936319,6329366,1572306,83214,adios,0,adios,0,adios,0,49.8,49.3,,35.0,52.4,42.1,69,4122000,436400,35.0,,,21.64,118120,,1,2000
1790173274,2026-09-23T14:21:14Z,71399,1790101943,6.1.187-android14-11-SAGA,49646d1b0cd1,cc_governor,cc_governor,7488557,1314734,9395911,12347342,1907354,5212,3366319,1183725,4943106,6338917,1576787,83520,adios,0,adios,0,adios,0,47.6,46.4,45.6,35.0,49.1,40.9,69,4148000,960600,35.0,,,19.60,118504,,1,2000
1790173309,2026-09-23T14:21:49Z,71434,1790101943,6.1.187-android14-11-SAGA,49646d1b0cd1,cc_governor,cc_governor,7493271,1327166,9407071,12373563,1913787,5215,3368949,1186150,4947674,6346404,1578656,83823,adios,0,adios,0,adios,0,56.0,63.2,,35.0,70.5,45.5,69,4126000,606600,35.0,,,21.57,175856,,1,2000
1790173349,2026-09-23T14:22:29Z,71475,1790101943,6.1.187-android14-11-SAGA,49646d1b0cd1,cc_governor,cc_governor,7517202,1330185,9445338,12427562,1928135,6056,3392658,1187635,4981544,6385043,1588886,84717,adios,0,adios,0,adios,0,48.5,49.2,,36.0,51.9,42.6,69,4149000,965500,36.0,,,19.95,94208,,1,2000
1790173385,2026-09-23T14:23:05Z,71510,1790101943,6.1.187-android14-11-SAGA,49646d1b0cd1,cc_governor,cc_governor,7533933,1337371,9472038,12470521,1938090,6060,3403452,1190352,4999458,6407459,1596024,85060,adios,0,adios,0,adios,0,57.6,59.9,,36.0,58.7,44.3,69,4144000,557800,36.0,,,20.40,119224,,1,2000
1790173420,2026-09-23T14:23:40Z,71546,1790101943,6.1.187-android14-11-SAGA,49646d1b0cd1,cc_governor,cc_governor,7540249,1347332,9486096,12498126,1945783,6077,3408206,1191734,5008135,6418147,1599868,85418,adios,0,adios,0,adios,0,48.0,50.4,,36.0,52.5,42.3,70,4151000,911800,36.0,,,18.94,161448,,1,2000
1790173456,2026-09-23T14:24:16Z,71582,1790101943,6.1.187-android14-11-SAGA,49646d1b0cd1,cc_governor,cc_governor,7555242,1349030,9519686,12541913,1964480,6092,3411538,1192405,5020893,6433123,1609364,85755,adios,0,adios,0,adios,3,51.6,56.0,50.0,36.0,55.9,43.0,70,4149000,881300,36.0,,,18.66,125588,,1,2000
1790173493,2026-09-23T14:24:53Z,71618,1790101943,6.1.187-android14-11-SAGA,49646d1b0cd1,cc_governor,cc_governor,7576462,1352876,9557697,12591261,1981248,6097,3415554,1194715,5036408,6451701,1620865,86162,adios,0,adios,0,adios,0,49.4,51.0,48.9,36.0,52.4,42.7,70,4150000,862400,36.0,,,18.77,209764,,1,2000
1790173529,2026-09-23T14:25:29Z,71654,1790101943,6.1.187-android14-11-SAGA,49646d1b0cd1,cc_governor,cc_governor,7597175,1355751,9595584,12640720,1998341,6105,3421070,1195852,5052209,6470195,1631157,86501,adios,0,adios,0,adios,3,55.1,59.6,,36.0,64.7,45.8,70,4113000,426000,36.0,,,18.74,84248,,1,2000
1790173568,2026-09-23T14:26:08Z,71694,1790101943,6.1.187-android14-11-SAGA,49646d1b0cd1,cc_governor,cc_governor,7641539,1357173,9654734,12714402,2013201,6247,3444281,1197178,5087713,6510870,1643435,87132,adios,0,adios,0,adios,0,50.4,50.0,,36.0,49.4,42.8,70,4165000,1085800,36.0,,,17.86,162404,,1,2000
1790173604,2026-09-23T14:26:44Z,71729,1790101943,6.1.187-android14-11-SAGA,49646d1b0cd1,cc_governor,cc_governor,142,2265,4722,7570,4593,0,145,406,1024,1688,884,19,adios,0,adios,0,adios,0,44.0,44.2,,36.0,49.0,40.1,71,4186000,1106500,36.0,,,16.33,110852,,1,2000
1790173639,2026-09-23T14:27:19Z,71764,1790101943,6.1.187-android14-11-SAGA,49646d1b0cd1,cc_governor,cc_governor,24,0,526,572,513,0,32,0,117,123,89,17,adios,0,adios,0,adios,0,42.4,43.0,,36.0,45.4,39.3,71,4199000,1423300,36.0,,,15.51,117048,,1,2000
1790173674,2026-09-23T14:27:54Z,71800,1790101943,6.1.187-android14-11-SAGA,49646d1b0cd1,cc_governor,cc_governor,109,7409,1873,9921,1764,2,110,2020,517,2598,407,327,adios,0,adios,0,adios,0,41.5,41.6,,35.0,46.8,38.5,71,4199000,1322600,35.0,,,15.07,88528,,1,2000
1790173735,2026-09-23T14:28:55Z,71866,1790101943,6.1.187-android14-11-SAGA,49646d1b0cd1,cc_governor,cc_governor,11,0,63,82,58,0,16,0,58,63,48,12,adios,0,adios,0,adios,0,39.8,41.2,,35.0,43.4,37.0,72,4207000,1344600,35.0,,,14.76,131696,,1,2000
1790173857,2026-09-23T14:30:57Z,71982,1790101943,6.1.187-android14-11-SAGA,49646d1b0cd1,cc_governor,cc_governor,2,0,152,175,162,0,27,0,50,56,30,4,adios,0,adios,0,adios,0,39.1,40.5,,34.0,41.6,36.0,73,4225000,1262200,34.0,,,14.71,99956,,1,2000
1790173942,2026-09-23T14:32:22Z,72067,1790101943,6.1.187-android14-11-SAGA,49646d1b0cd1,cc_governor,cc_governor,122,15,230,287,68,0,228,41,300,379,79,7,adios,0,adios,0,adios,0,46.8,46.0,,34.0,67.2,41.3,73,4175000,312500,34.0,,,18.75,73716,,1,2000
1790173983,2026-09-23T14:33:03Z,72109,1790101943,6.1.187-android14-11-SAGA,49646d1b0cd1,cc_governor,cc_governor,12411,2962,27173,35300,14774,385,6070,622,12831,15203,6767,579,adios,0,adios,0,adios,0,42.4,42.4,,34.0,45.9,37.9,74,4205000,971000,34.0,,,18.00,91320,,1,2000
1790174019,2026-09-23T14:33:39Z,72144,1790101943,6.1.187-android14-11-SAGA,49646d1b0cd1,cc_governor,cc_governor,12937,10855,32877,50147,19944,386,6126,2403,13486,17723,7365,895,adios,0,adios,0,adios,0,41.1,41.3,,34.0,43.9,37.2,74,4206000,971000,34.0,,,17.12,118684,,1,2000
1790174054,2026-09-23T14:34:14Z,72179,1790101943,6.1.187-android14-11-SAGA,49646d1b0cd1,cc_governor,cc_governor,13417,19845,37674,65167,24257,388,6169,4124,14185,20212,8016,1211,adios,0,adios,0,adios,0,40.5,41.3,,34.0,43.6,36.9,74,4201000,967400,34.0,,,16.49,99596,,1,2000
1790174089,2026-09-23T14:34:49Z,72215,1790101943,6.1.187-android14-11-SAGA,49646d1b0cd1,cc_governor,cc_governor,15172,30093,43391,82633,28219,392,6278,6384,15057,23430,8779,1525,adios,0,adios,0,adios,0,40.3,40.5,,34.0,44.6,36.8,74,4210000,961900,34.0,,,16.11,77228,,1,2000
1790174125,2026-09-23T14:35:25Z,72250,1790101943,6.1.187-android14-11-SAGA,49646d1b0cd1,cc_governor,cc_governor,15776,40575,46873,97781,31119,394,6326,8566,15440,26069,9119,1838,adios,0,adios,0,adios,0,41.1,43.4,,34.0,43.9,36.7,74,4213000,971000,34.0,,,15.79,105580,,1,2000
1790174160,2026-09-23T14:36:00Z,72285,1790101943,6.1.187-android14-11-SAGA,49646d1b0cd1,cc_governor,cc_governor,16257,48816,52351,112769,36092,395,6362,9897,16458,28470,10096,2129,adios,0,adios,0,adios,0,42.6,40.8,,34.0,43.8,36.8,75,4215000,977100,34.0,,,15.79,117776,,1,2000
1790174195,2026-09-23T14:36:35Z,72320,1790101943,6.1.187-android14-11-SAGA,49646d1b0cd1,cc_governor,cc_governor,22593,57163,64844,135958,42263,395,9127,12285,22142,37757,13022,2441,adios,0,adios,0,adios,0,44.5,44.8,,34.0,47.0,37.8,75,4235000,1285400,34.0,,,17.12,107608,,1,2000
1790174231,2026-09-23T14:37:11Z,72356,1790101943,6.1.187-android14-11-SAGA,49646d1b0cd1,cc_governor,cc_governor,32361,63936,79523,158578,47162,396,16739,15676,31895,52348,15156,2719,adios,0,adios,0,adios,0,43.9,43.4,,34.0,46.5,37.7,75,4239000,1156600,34.0,,,16.73,92856,,1,2000
1790174266,2026-09-23T14:37:46Z,72391,1790101943,6.1.187-android14-11-SAGA,49646d1b0cd1,cc_governor,cc_governor,33085,71833,82711,170485,49626,397,16792,18507,32609,56259,15817,3015,adios,0,adios,0,adios,0,43.1,42.8,,34.0,47.8,37.6,75,4238000,1107700,34.0,,,16.12,78472,,1,2000
1790174302,2026-09-23T14:38:22Z,72427,1790101943,6.1.187-android14-11-SAGA,49646d1b0cd1,cc_governor,cc_governor,33659,78723,84395,179796,50739,398,16841,21449,33082,60092,16241,3315,adios,0,adios,0,adios,0,44.6,44.4,,34.0,46.6,37.6,76,4247000,1254800,34.0,,,15.85,128488,,1,2000
1790174337,2026-09-23T14:38:57Z,72462,1790101943,6.1.187-android14-11-SAGA,49646d1b0cd1,cc_governor,cc_governor,34250,86838,84990,189208,50739,401,16873,24793,33114,63752,16241,3607,adios,0,adios,0,adios,0,43.5,43.8,,34.0,48.9,37.5,76,4255000,1344600,34.0,,,15.89,91712,,1,2000
1790174372,2026-09-23T14:39:32Z,72498,1790101943,6.1.187-android14-11-SAGA,49646d1b0cd1,cc_governor,cc_governor,34841,94985,85996,199180,51155,403,16899,27679,33262,67104,16363,3901,adios,0,adios,0,adios,0,43.7,42.7,,34.0,46.5,37.6,76,4251000,1260900,34.0,,,15.68,103484,,1,2000
1790174408,2026-09-23T14:40:08Z,72533,1790101943,6.1.187-android14-11-SAGA,49646d1b0cd1,cc_governor,cc_governor,14271,1303,19304,24947,5030,6,10858,1242,14605,19840,3747,42,adios,0,adios,0,adios,19,54.6,49.2,46.0,34.0,58.0,40.4,76,4219000,386300,34.0,,,18.31,97680,,1,2000
1790174444,2026-09-23T14:40:44Z,72570,1790101943,6.1.187-android14-11-SAGA,49646d1b0cd1,cc_governor,cc_governor,256,0,2471,2873,2235,0,51,0,523,572,477,16,adios,0,adios,0,adios,0,42.4,42.5,,34.0,47.8,38.5,77,4262000,1303100,34.0,,,17.11,198028,,1,2000
1790174480,2026-09-23T14:41:20Z,72605,1790101943,6.1.187-android14-11-SAGA,49646d1b0cd1,cc_governor,cc_governor,883,5350,10366,20142,9483,0,353,981,2523,3853,2170,316,adios,0,adios,0,adios,0,42.7,42.9,,34.0,47.9,37.9,77,4261000,1228000,34.0,,,16.37,121300,,1,2000
1790174515,2026-09-23T14:41:55Z,72640,1790101943,6.1.187-android14-11-SAGA,49646d1b0cd1,cc_governor,cc_governor,1401,12506,15946,37209,14545,3,593,2479,3992,7010,3399,610,adios,0,adios,0,adios,1,41.4,42.9,,34.0,44.5,37.6,77,4269000,1057700,34.0,,,16.62,91504,,1,2000
1790174551,2026-09-23T14:42:31Z,72676,1790101943,6.1.187-android14-11-SAGA,49646d1b0cd1,cc_governor,cc_governor,1554,21273,19010,53385,17456,6,615,4449,4378,9452,3763,924,adios,0,adios,0,adios,0,40.8,40.9,,34.0,44.0,37.2,77,4275000,1285400,34.0,,,15.77,117160,,1,2000
1790174586,2026-09-23T14:43:06Z,72712,1790101943,6.1.187-android14-11-SAGA,49646d1b0cd1,cc_governor,cc_governor,1683,29036,20430,66173,18747,7,616,6753,4526,11967,3910,1229,adios,0,adios,0,adios,0,40.3,40.3,,34.0,43.0,36.9,78,4278000,1202300,34.0,,,15.49,81028,,1,2000
1790174622,2026-09-23T14:43:42Z,72747,1790101943,6.1.187-android14-11-SAGA,49646d1b0cd1,cc_governor,cc_governor,1711,35606,20917,77246,19206,9,616,9055,4611,14429,3995,1545,adios,0,adios,0,adios,0,40.1,40.4,,34.0,43.8,36.7,78,4266000,1217600,34.0,,,15.27,140048,,1,2000
1790174657,2026-09-23T14:44:17Z,72783,1790101943,6.1.187-android14-11-SAGA,49646d1b0cd1,cc_governor,cc_governor,1744,42058,21545,88258,19814,11,619,11193,4762,16879,4150,1858,adios,0,adios,0,adios,0,40.0,40.6,,34.0,43.8,36.6,78,4281000,1176700,34.0,,,15.29,136596,,1,2000
1790174693,2026-09-23T14:44:53Z,72818,1790101943,6.1.187-android14-11-SAGA,49646d1b0cd1,cc_governor,cc_governor,1805,47388,23520,99815,21715,12,621,12785,5447,19243,4826,2175,adios,0,adios,0,adios,0,40.0,41.7,,34.0,43.2,36.5,78,4292000,1280500,34.0,,,14.80,90880,,1,2000
1790174728,2026-09-23T14:45:28Z,72853,1790101943,6.1.187-android14-11-SAGA,49646d1b0cd1,cc_governor,cc_governor,1904,54036,24375,111576,22471,17,640,14925,5620,21741,4980,2501,adios,0,adios,0,adios,0,39.6,40.0,,34.0,42.9,36.5,79,4298000,1464200,34.0,,,15.06,90844,,1,2000
1790174763,2026-09-23T14:46:03Z,72889,1790101943,6.1.187-android14-11-SAGA,49646d1b0cd1,cc_governor,cc_governor,1944,60276,24826,122819,22882,20,645,17066,5684,24146,5039,2808,adios,0,adios,0,adios,0,39.7,40.0,,34.0,42.8,36.5,79,4284000,1218800,34.0,,,15.25,83348,,1,2000
1790174799,2026-09-23T14:46:39Z,72924,1790101943,6.1.187-android14-11-SAGA,49646d1b0cd1,cc_governor,cc_governor,2549,66898,28218,137466,25680,21,1104,19083,6623,27534,5525,3116,adios,0,adios,0,adios,0,40.6,40.4,,33.0,43.6,36.6,79,4276000,872800,33.0,,,15.68,118620,,1,2000
1790174834,2026-09-23T14:47:14Z,72960,1790101943,6.1.187-android14-11-SAGA,49646d1b0cd1,cc_governor,cc_governor,30022,68118,68696,189510,38682,28,23180,19894,39281,66170,16111,3444,adios,0,adios,0,adios,0,49.6,54.2,47.5,34.0,53.9,41.1,79,4266000,845300,34.0,,,17.67,240100,,1,2000
1790174870,2026-09-23T14:47:50Z,72995,1790101943,6.1.187-android14-11-SAGA,49646d1b0cd1,cc_governor,cc_governor,43349,74597,95657,228660,52295,36,26422,23199,50404,81578,23982,3726,adios,0,adios,0,adios,0,47.5,49.2,44.6,34.0,52.5,40.0,80,4241000,479700,34.0,,,18.99,165348,,1,2000
1790174906,2026-09-23T14:48:26Z,73031,1790101943,6.1.187-android14-11-SAGA,49646d1b0cd1,cc_governor,cc_governor,65435,77728,133761,278612,68336,42,43128,25132,78296,114005,35171,4055,adios,0,adios,0,adios,0,47.1,47.3,,34.0,48.6,40.5,80,4288000,1285400,34.0,,,20.03,144440,,1,2000
1790174941,2026-09-23T14:49:01Z,73066,1790101943,6.1.187-android14-11-SAGA,49646d1b0cd1,cc_governor,cc_governor,182,2313,1375,4011,1186,0,150,512,255,1051,105,20,adios,0,adios,0,adios,0,42.5,42.6,,34.0,44.6,38.2,80,4291000,1063200,34.0,,,17.67,96228,,1,2000
1790174976,2026-09-23T14:49:36Z,73102,1790101943,6.1.187-android14-11-SAGA,49646d1b0cd1,cc_governor,cc_governor,346,10121,6068,17291,5721,2,158,1592,1463,3439,1305,315,adios,0,adios,0,adios,0,40.6,40.9,,34.0,43.9,37.3,80,4294000,1018000,34.0,,,16.56,102128,,1,2000
1790175012,2026-09-23T14:50:12Z,73137,1790101943,6.1.187-android14-11-SAGA,49646d1b0cd1,cc_governor,cc_governor,461,19810,8323,29854,7862,4,237,3788,1749,6003,1512,633,adios,0,adios,0,adios,0,40.0,40.1,,34.0,43.9,36.9,81,4304000,1223100,34.0,,,15.59,107252,,1,2000
1790175047,2026-09-23T14:50:47Z,73172,1790101943,6.1.187-android14-11-SAGA,49646d1b0cd1,cc_governor,cc_governor,14091,25855,28644,60697,14583,6,8756,5081,15136,23612,6392,968,adios,0,adios,0,adios,0,49.7,51.0,46.6,34.0,52.4,40.7,81,4272000,574300,34.0,,,16.31,119068,,1,2000
1790175083,2026-09-23T14:51:23Z,73208,1790101943,6.1.187-android14-11-SAGA,49646d1b0cd1,cc_governor,cc_governor,40954,28498,72086,114099,31125,15,23045,6613,41649,54278,18626,1313,adios,0,adios,0,adios,0,47.5,47.5,46.3,34.0,56.2,42.0,81,4269000,505300,34.0,,,18.15,81292,,1,2000
1790175120,2026-09-23T14:52:00Z,73245,1790101943,6.1.187-android14-11-SAGA,49646d1b0cd1,cc_governor,cc_governor,72539,30399,119935,171031,47288,54,38401,8199,69671,86696,31168,1761,adios,0,adios,0,adios,0,51.0,50.5,46.8,35.0,55.4,41.6,81,4269000,872100,35.0,,,17.95,218732,,1,2000
1790175156,2026-09-23T14:52:36Z,73281,1790101943,6.1.187-android14-11-SAGA,49646d1b0cd1,cc_governor,cc_governor,90516,32711,147653,205208,57137,59,48057,9214,85550,104215,37493,2129,adios,0,adios,0,adios,0,41.8,42.6,,35.0,45.8,38.7,81,4309000,1169400,35.0,,,16.66,162196,,1,2000
1790175191,2026-09-23T14:53:11Z,73317,1790101943,6.1.187-android14-11-SAGA,49646d1b0cd1,cc_governor,cc_governor,90598,37602,151965,215042,61367,60,48069,10213,86785,106514,38716,2461,adios,0,adios,0,adios,0,40.5,41.9,,35.0,45.0,37.9,82,4316000,1188300,35.0,,,15.63,71152,,1,2000
1790175227,2026-09-23T14:53:47Z,73352,1790101943,6.1.187-android14-11-SAGA,49646d1b0cd1,cc_governor,cc_governor,90914,42730,155276,228288,64362,60,48142,11555,87966,109463,39824,2758,adios,0,adios,0,adios,0,41.5,45.4,,35.0,45.7,38.1,82,4316000,1033900,35.0,,,15.37,224216,,1,2000
1790175262,2026-09-23T14:54:22Z,73387,1790101943,6.1.187-android14-11-SAGA,49646d1b0cd1,cc_governor,cc_governor,90939,48221,157198,240539,66259,61,48152,13192,88625,112199,40473,3068,adios,0,adios,0,adios,0,41.7,43.2,,34.0,45.0,38.0,82,4322000,1133400,34.0,,,15.21,95372,,1,2000
1790175297,2026-09-23T14:54:57Z,73423,1790101943,6.1.187-android14-11-SAGA,49646d1b0cd1,cc_governor,cc_governor,90966,54622,158031,252525,67065,62,48190,15220,88809,114678,40619,3374,adios,0,adios,0,adios,0,41.3,41.7,,34.0,45.1,37.9,82,4309000,922200,34.0,,,15.28,116672,,1,2000
1790175333,2026-09-23T14:55:33Z,73458,1790101943,6.1.187-android14-11-SAGA,49646d1b0cd1,cc_governor,cc_governor,90979,59585,160414,264823,69435,66,48277,16948,89326,117668,41049,3700,adios,0,adios,0,adios,0,41.8,42.1,,34.0,47.1,37.9,83,4304000,1248100,34.0,,,14.94,290256,,1,2000
1790175369,2026-09-23T14:56:09Z,73494,1790101943,6.1.187-android14-11-SAGA,49646d1b0cd1,cc_governor,cc_governor,91057,65472,162058,276989,71001,68,48297,18631,89657,121140,41360,4024,adios,0,adios,0,adios,21,41.7,42.7,,34.0,47.8,38.0,83,4320000,832500,34.0,,,15.13,124208,,1,2000
1790175404,2026-09-23T14:56:44Z,73530,1790101943,6.1.187-android14-11-SAGA,49646d1b0cd1,cc_governor,cc_governor,94561,70096,170405,294859,75857,109,50438,20068,93991,130019,43557,4446,adios,0,adios,0,adios,0,48.5,46.3,,34.0,47.1,39.4,83,4215000,-653600,34.0,,,16.36,105188,,1,2000
1790175440,2026-09-23T14:57:20Z,73565,1790101943,6.1.187-android14-11-SAGA,49646d1b0cd1,cc_governor,cc_governor,100555,72927,186347,315552,85788,110,55446,21417,103141,142038,47695,4771,adios,0,adios,0,adios,0,45.5,44.3,,34.0,49.6,38.2,83,4218000,-338100,34.0,,,16.84,82512,,1,2000
1790175475,2026-09-23T14:57:55Z,73600,1790101943,6.1.187-android14-11-SAGA,49646d1b0cd1,cc_governor,cc_governor,108543,78768,199172,335090,90629,110,59643,24206,109346,151830,49703,5046,adios,0,adios,0,adios,0,43.7,44.9,,34.0,46.8,37.6,83,4221000,-738500,34.0,,,16.36,132520,,1,2000
1790175511,2026-09-23T14:58:31Z,73636,1790101943,6.1.187-android14-11-SAGA,49646d1b0cd1,cc_governor,cc_governor,109132,82560,202317,342603,93185,112,59981,25941,110799,155311,50818,5351,adios,0,adios,0,adios,0,38.5,39.5,,34.0,44.4,36.2,83,4229000,-186700,34.0,,,16.02,99308,,1,2000
1790175549,2026-09-23T14:59:09Z,73674,1790101943,6.1.187-android14-11-SAGA,49646d1b0cd1,cc_governor,cc_governor,5,0,522,558,534,0,15,0,149,245,15,0,adios,0,adios,0,adios,0,40.4,41.0,,34.0,43.8,36.6,83,4221000,-357000,34.0,,,16.03,127944,,1,2000
1790175617,2026-09-23T15:00:17Z,73742,1790101943,6.1.187-android14-11-SAGA,49646d1b0cd1,cc_governor,cc_governor,27323,783,39512,48538,12149,44,12884,595,21793,24881,8915,133,adios,0,adios,0,adios,0,49.8,50.5,46.7,35.0,49.7,41.0,83,4201000,-382600,35.0,,,19.36,93392,,1,2000
1790175652,2026-09-23T15:00:52Z,73778,1790101943,6.1.187-android14-11-SAGA,49646d1b0cd1,cc_governor,cc_governor,48613,5165,75075,94191,26475,51,18454,2342,34888,40420,16438,446,adios,0,adios,0,adios,0,48.6,47.8,,35.0,49.2,41.5,83,4199000,-445500,36.0,,,20.50,194128,,1,2000
1790175735,2026-09-23T15:02:15Z,73861,1790101943,6.1.187-android14-11-SAGA,49646d1b0cd1,cc_governor,cc_governor,265,0,1131,1192,877,0,110,0,439,454,335,0,adios,0,adios,0,adios,0,45.4,45.7,,37.0,46.3,39.2,83,4203000,-610300,36.0,,,18.93,343648,,1,2000
1790175821,2026-09-23T15:03:41Z,73946,1790101943,6.1.187-android14-11-SAGA,49646d1b0cd1,cc_governor,cc_governor,7,0,157,166,164,0,15,0,80,86,70,12,adios,0,adios,0,adios,0,42.9,47.3,,37.0,46.2,39.1,83,4213000,-546200,37.0,,,17.44,277656,,1,2000
1790175903,2026-09-23T15:05:03Z,74028,1790101943,6.1.187-android14-11-SAGA,49646d1b0cd1,cc_governor,cc_governor,761,876,3416,4844,2655,0,334,140,982,1239,648,18,adios,0,adios,0,adios,0,43.6,45.4,,37.0,47.6,40.0,83,4206000,-452800,37.0,,,16.42,118960,,1,2000
1790175951,2026-09-23T15:05:51Z,74076,1790101943,6.1.187-android14-11-SAGA,49646d1b0cd1,cc_governor,cc_governor,5768,698,9256,11668,3485,16,3119,490,5276,6141,2157,209,adios,0,adios,0,adios,0,47.4,48.1,,37.0,50.9,41.7,82,4199000,-445500,37.0,,,16.76,122112,,1,2000
1790176043,2026-09-23T15:07:23Z,74169,1790101943,6.1.187-android14-11-SAGA,49646d1b0cd1,cc_governor,cc_governor,1,0,8,32,23,0,12,0,49,51,41,10,adios,0,adios,0,adios,0,42.7,41.2,,37.0,44.2,38.8,82,4213000,-183100,37.0,,,16.21,122356,,1,2000
1790176133,2026-09-23T15:08:53Z,74258,1790101943,6.1.187-android14-11-SAGA,49646d1b0cd1,cc_governor,cc_governor,8152,1356,13083,16280,4950,2,4829,369,7996,9504,3173,24,adios,0,adios,0,adios,0,48.0,46.9,,37.0,49.0,40.7,82,4189000,-484000,37.0,,,17.26,84496,,1,2000
1790176168,2026-09-23T15:09:28Z,74294,1790101943,6.1.187-android14-11-SAGA,49646d1b0cd1,cc_governor,cc_governor,9864,10143,19188,32463,9337,5,5336,2857,9424,13725,4091,332,adios,0,adios,0,adios,0,47.0,45.4,,37.0,51.8,40.7,82,4191000,-671900,37.0,,,17.01,102340,,1,2000
1790176204,2026-09-23T15:10:04Z,74329,1790101943,6.1.187-android14-11-SAGA,49646d1b0cd1,cc_governor,cc_governor,21615,17397,40426,64703,18811,7,10757,4440,20358,27027,9601,663,adios,0,adios,0,adios,0,45.0,48.3,,37.0,48.4,41.0,82,4184000,-474800,37.0,,,18.28,242532,,1,2000
1790176239,2026-09-23T15:10:39Z,74365,1790101943,6.1.187-android14-11-SAGA,49646d1b0cd1,cc_governor,cc_governor,47954,21180,80586,114781,32612,11,22931,6381,42882,52949,19917,976,adios,0,adios,0,adios,0,50.9,50.7,,37.0,52.3,42.4,82,4190000,-455300,37.0,,,18.22,89524,,1,2000
1790176275,2026-09-23T15:11:15Z,74400,1790101943,6.1.187-android14-11-SAGA,49646d1b0cd1,cc_governor,cc_governor,69970,26698,117159,161200,47206,13,29542,8868,57840,71295,28301,1301,adios,0,adios,0,adios,0,49.2,51.6,,37.0,52.7,42.7,82,4172000,-803200,37.0,,,19.45,105496,,1,2000
1790176310,2026-09-23T15:11:50Z,74436,1790101943,6.1.187-android14-11-SAGA,49646d1b0cd1,cc_governor,cc_governor,81975,33917,143397,197836,61418,15,31567,10858,64947,81468,33385,1601,adios,0,adios,0,adios,0,46.9,47.1,,38.0,50.1,41.6,82,4189000,-433900,38.0,,,19.48,97756,,1,2000
1790176345,2026-09-23T15:12:25Z,74471,1790101943,6.1.187-android14-11-SAGA,49646d1b0cd1,cc_governor,cc_governor,92117,42229,166661,232375,74553,17,32244,13535,68948,88634,36710,1909,adios,0,adios,0,adios,0,46.6,46.5,,38.0,49.2,41.5,82,4184000,-543800,38.0,,,18.05,118216,,1,2000
1790176381,2026-09-23T15:13:01Z,74506,1790101943,6.1.187-android14-11-SAGA,49646d1b0cd1,cc_governor,cc_governor,98939,54143,180011,259374,81068,22,33470,15868,72212,94697,38742,2217,adios,0,adios,0,adios,0,45.3,45.4,,38.0,47.7,40.9,82,4183000,-367400,38.0,,,17.10,92724,,1,2000
1790176416,2026-09-23T15:13:36Z,74541,1790101943,6.1.187-android14-11-SAGA,49646d1b0cd1,cc_governor,cc_governor,113800,64665,203234,296872,89434,23,37595,19053,80533,107056,42938,2536,adios,0,adios,0,adios,0,45.2,45.4,,38.0,48.5,41.2,82,4188000,-468100,38.0,,,16.88,101212,,1,2000
1790176451,2026-09-23T15:14:11Z,74576,1790101943,6.1.187-android14-11-SAGA,49646d1b0cd1,cc_governor,cc_governor,119239,77675,214228,322414,94975,25,37917,21835,82512,111904,44595,2853,adios,0,adios,0,adios,0,46.1,46.4,,37.0,50.7,41.2,82,4180000,-666500,38.0,,,16.51,91964,,1,2000
1790176486,2026-09-23T15:14:46Z,74612,1790101943,6.1.187-android14-11-SAGA,49646d1b0cd1,cc_governor,cc_governor,132429,90447,235611,359672,103149,25,40098,26348,87220,121525,47122,3152,adios,0,adios,0,adios,0,46.4,46.3,,38.0,50.3,41.4,82,4179000,-587100,38.0,,,17.21,82296,,1,2000
1790176521,2026-09-23T15:15:21Z,74647,1790101943,6.1.187-android14-11-SAGA,49646d1b0cd1,cc_governor,cc_governor,140901,102761,253129,392620,112221,26,41322,31809,91845,132041,50523,3449,adios,0,adios,0,adios,0,47.8,47.4,,38.0,55.1,41.9,81,4177000,-390600,38.0,,,17.55,80188,,1,2000
1790176557,2026-09-23T15:15:57Z,74682,1790101943,6.1.187-android14-11-SAGA,49646d1b0cd1,cc_governor,cc_governor,153066,113189,275799,429005,122736,29,43585,36509,98084,144071,54506,3766,adios,0,adios,0,adios,0,47.2,47.7,,38.0,50.3,41.9,81,4180000,-862400,38.0,,,18.61,81276,,1,2000
1790176592,2026-09-23T15:16:32Z,74717,1790101943,6.1.187-android14-11-SAGA,49646d1b0cd1,cc_governor,cc_governor,163972,124471,295428,462124,131453,32,44717,40145,101881,151854,57164,4071,adios,0,adios,0,adios,0,46.8,47.9,,38.0,50.0,41.7,81,4173000,-274000,38.0,,,17.65,99608,,1,2000
1790176627,2026-09-23T15:17:07Z,74752,1790101943,6.1.187-android14-11-SAGA,49646d1b0cd1,cc_governor,cc_governor,179631,135725,319179,500115,139522,34,47957,44070,109055,163966,61116,4391,adios,0,adios,0,adios,0,48.7,48.3,,38.0,51.3,42.0,81,4177000,-645100,38.0,,,18.25,122036,,1,2000
1790176662,2026-09-23T15:17:42Z,74788,1790101943,6.1.187-android14-11-SAGA,49646d1b0cd1,cc_governor,cc_governor,183559,147363,327378,521341,143818,36,48206,46669,110788,168418,62582,4676,adios,0,adios,0,adios,0,44.8,47.3,,38.0,49.6,41.2,81,4183000,-353300,38.0,,,17.39,134584,,1,2000
1790176697,2026-09-23T15:18:17Z,74823,1790101943,6.1.187-android14-11-SAGA,49646d1b0cd1,cc_governor,cc_governor,184065,160431,328820,536698,144755,40,48223,49254,110870,171137,62647,4967,adios,0,adios,0,adios,0,44.1,45.2,,38.0,47.9,40.9,81,4186000,-292900,38.0,,,16.55,130008,,1,2000
1790176733,2026-09-23T15:18:53Z,74858,1790101943,6.1.187-android14-11-SAGA,49646d1b0cd1,cc_governor,cc_governor,184552,171283,332512,552134,147960,42,48233,51530,111206,173781,62973,5279,adios,0,adios,0,adios,0,44.2,46.4,,38.0,49.3,40.7,81,4184000,-340500,38.0,,,16.23,120156,,1,2000
1790176768,2026-09-23T15:19:28Z,74893,1790101943,6.1.187-android14-11-SAGA,49646d1b0cd1,cc_governor,cc_governor,197121,178987,352435,583949,155328,55,54314,54241,120826,186810,66516,6051,adios,0,adios,0,adios,0,49.1,49.4,,38.0,56.2,42.8,81,4175000,-786700,38.0,,,16.64,108904,,1,2000
1790176811,2026-09-23T15:20:11Z,74936,1790101943,6.1.187-android14-11-SAGA,49646d1b0cd1,cc_governor,cc_governor,5627,4953,9592,15237,3914,0,5148,1900,7116,10406,1968,16,adios,0,adios,0,adios,0,48.4,47.7,,38.0,52.2,41.7,81,4181000,-357000,38.0,,,16.68,133712,,1,2000
1790176846,2026-09-23T15:20:46Z,74971,1790101943,6.1.187-android14-11-SAGA,49646d1b0cd1,cc_governor,cc_governor,10437,12000,18186,31718,7766,2,7775,4712,11519,18428,3741,300,adios,0,adios,0,adios,0,50.9,43.8,,38.0,48.1,40.4,81,4179000,-385100,38.0,,,16.08,101408,,1,2000
1790177095,2026-09-23T15:24:55Z,75220,1790101943,6.1.187-android14-11-SAGA,49646d1b0cd1,cc_governor,cc_governor,1,0,138,166,146,0,16,0,65,78,53,15,adios,0,adios,0,adios,0,41.7,42.4,,37.0,40.7,36.9,81,4190000,-390600,36.0,,,16.78,115988,,1,2000
1790177794,2026-09-23T15:36:34Z,75919,1790101943,6.1.187-android14-11-SAGA,49646d1b0cd1,cc_governor,cc_governor,7229,671,12654,14798,5435,1,4578,360,6806,8356,2232,37,adios,0,adios,0,adios,0,43.1,43.3,,35.0,46.5,38.5,81,4170000,-395500,35.0,,,17.05,136184,,1,2000
1790177829,2026-09-23T15:37:09Z,75955,1790101943,6.1.187-android14-11-SAGA,49646d1b0cd1,cc_governor,cc_governor,17097,7115,34365,45673,17260,3,6010,2330,12410,16451,6400,352,adios,0,adios,0,adios,0,45.0,44.4,,36.0,47.9,39.2,81,4166000,-402800,35.0,,,17.33,88352,,1,2000
1790177865,2026-09-23T15:37:45Z,75990,1790101943,6.1.187-android14-11-SAGA,49646d1b0cd1,cc_governor,cc_governor,33981,15748,62449,86695,28468,5,10007,5838,22324,30643,12317,651,adios,0,adios,0,adios,0,44.0,45.2,,36.0,47.2,39.5,81,4165000,-383900,36.0,,,16.71,134384,,1,2000
1790177900,2026-09-23T15:38:20Z,76025,1790101943,6.1.187-android14-11-SAGA,49646d1b0cd1,cc_governor,cc_governor,45511,26143,79953,117612,34448,7,14380,8684,29105,40892,14725,948,adios,0,adios,0,adios,0,47.0,39.2,,36.0,46.7,38.4,81,4177000,-374700,36.0,,,17.15,129680,,1,2000
1790177988,2026-09-23T15:39:48Z,76114,1790101943,6.1.187-android14-11-SAGA,49646d1b0cd1,cc_governor,cc_governor,7079,7211,10508,18604,3440,0,5588,3019,7151,11533,1570,185,adios,0,adios,0,adios,0,46.4,44.5,,36.0,50.6,39.5,80,4162000,-606600,36.0,,,16.72,178972,,1,2000
1790178033,2026-09-23T15:40:33Z,76159,1790101943,6.1.187-android14-11-SAGA,49646d1b0cd1,cc_governor,cc_governor,68,159,794,1047,726,0,72,42,221,287,149,17,adios,0,adios,0,adios,0,42.3,43.0,,36.0,42.3,38.3,80,4168000,-303300,36.0,,,16.37,115824,,1,2000
1790178129,2026-09-23T15:42:09Z,76254,1790101943,6.1.187-android14-11-SAGA,49646d1b0cd1,cc_governor,cc_governor,2,0,39,46,50,0,11,0,53,61,50,0,adios,0,adios,0,adios,0,42.8,41.7,,36.0,49.6,38.8,80,4131000,-757400,36.0,,,15.95,119904,,1,2000
1790178178,2026-09-23T15:42:58Z,76303,1790101943,6.1.187-android14-11-SAGA,49646d1b0cd1,cc_governor,cc_governor,5192,152,6532,7978,1359,8,4146,114,5337,6333,1194,52,adios,0,adios,0,adios,0,62.6,64.3,,36.0,72.9,46.1,80,4103000,-1422100,36.0,,,22.46,82224,,1,2000
1790178221,2026-09-23T15:43:41Z,76347,1790101943,6.1.187-android14-11-SAGA,49646d1b0cd1,cc_governor,cc_governor,42893,1569,61637,74111,18718,327,24642,1084,37347,43341,12710,847,adios,0,adios,0,adios,0,49.0,50.3,,37.0,50.9,42.7,80,4155000,-357000,37.0,,,20.91,149856,,1,2000
1790178261,2026-09-23T15:44:21Z,76386,1790101943,6.1.187-android14-11-SAGA,49646d1b0cd1,cc_governor,cc_governor,460,1258,4047,5466,3587,0,191,338,621,976,430,3,adios,0,adios,0,adios,0,49.3,47.1,,37.0,49.0,41.2,80,4163000,-349700,37.0,,,18.68,93652,,1,2000
1790178297,2026-09-23T15:44:57Z,76422,1790101943,6.1.187-android14-11-SAGA,49646d1b0cd1,cc_governor,cc_governor,25,0,261,298,243,0,144,0,236,238,96,15,adios,0,adios,0,adios,0,45.5,46.0,,37.0,49.2,41.1,80,4159000,-307000,37.0,,,18.59,118852,,1,2000
1790178403,2026-09-23T15:46:43Z,76528,1790101943,6.1.187-android14-11-SAGA,49646d1b0cd1,cc_governor,cc_governor,13159,134,17729,22404,4568,6,9102,128,13105,14678,4022,96,adios,0,adios,0,adios,0,52.5,54.8,50.7,37.0,55.1,43.1,80,4149000,-591400,37.0,,,22.56,179476,,1,2000
1790178439,2026-09-23T15:47:19Z,76565,1790101943,6.1.187-android14-11-SAGA,49646d1b0cd1,cc_governor,cc_governor,20680,11427,34252,55224,13575,19,10703,2496,18710,23201,8019,521,adios,0,adios,0,adios,0,51.8,51.3,47.6,37.0,56.0,42.3,80,4141000,-619500,37.0,,,20.27,118624,,1,2000
1790178476,2026-09-23T15:47:56Z,76601,1790101943,6.1.187-android14-11-SAGA,49646d1b0cd1,cc_governor,cc_governor,40594,17136,68784,103010,28189,23,16552,3953,32501,39475,15949,952,adios,0,adios,0,adios,0,46.4,47.9,,37.0,51.8,41.7,79,4149000,-793400,37.0,,,19.43,92236,,1,2000
1790178511,2026-09-23T15:48:31Z,76637,1790101943,6.1.187-android14-11-SAGA,49646d1b0cd1,cc_governor,cc_governor,51415,32345,85051,137168,33620,26,18112,10074,36394,49877,18282,1264,adios,0,adios,0,adios,0,47.1,49.2,45.9,37.0,53.1,41.8,79,4148000,-648800,38.0,,,18.51,129856,,1,2000
1790178546,2026-09-23T15:49:06Z,76672,1790101943,6.1.187-android14-11-SAGA,49646d1b0cd1,cc_governor,cc_governor,61734,43465,104463,170387,42724,26,19730,13532,41499,58836,21769,1554,adios,0,adios,0,adios,0,47.4,47.7,,38.0,51.5,41.8,79,4143000,-694500,38.0,,,18.45,78860,,1,2000
1790178581,2026-09-23T15:49:41Z,76707,1790101943,6.1.187-android14-11-SAGA,49646d1b0cd1,cc_governor,cc_governor,71835,58879,120101,204302,48258,27,21359,20468,45659,70391,24300,1857,adios,0,adios,0,adios,0,47.6,48.9,,38.0,50.8,42.1,79,4151000,-297200,38.0,,,18.36,105608,,1,2000
1790178617,2026-09-23T15:50:17Z,76742,1790101943,6.1.187-android14-11-SAGA,49646d1b0cd1,cc_governor,cc_governor,86899,69337,145310,243704,58420,30,25191,24704,54801,84503,29624,2181,adios,0,adios,0,adios,0,50.0,49.4,,38.0,52.9,42.6,79,4147000,-349700,38.0,,,17.87,116448,,1,2000
1790178652,2026-09-23T15:50:52Z,76777,1790101943,6.1.187-android14-11-SAGA,49646d1b0cd1,cc_governor,cc_governor,94315,77138,165859,274549,71542,32,26721,29036,62463,97002,35742,2497,adios,0,adios,0,adios,0,46.2,48.5,,38.0,52.2,42.1,79,4154000,-308800,38.0,,,18.34,116952,,1,2000
1790178687,2026-09-23T15:51:27Z,76813,1790101943,6.1.187-android14-11-SAGA,49646d1b0cd1,cc_governor,cc_governor,107601,85556,191589,311375,83987,32,28869,32244,69477,107950,40604,2809,adios,0,adios,0,adios,0,47.5,47.2,,38.0,50.7,42.1,79,4144000,-561500,38.0,,,18.44,71872,,1,2000
1790178722,2026-09-23T15:52:02Z,76848,1790101943,6.1.187-android14-11-SAGA,49646d1b0cd1,cc_governor,cc_governor,119118,96683,212865,346505,93754,34,29927,36616,74162,117570,44247,3107,adios,0,adios,0,adios,0,48.0,48.4,,38.0,50.4,42.2,79,4148000,-377800,38.0,,,17.35,170872,,1,2000
1790178757,2026-09-23T15:52:37Z,76883,1790101943,6.1.187-android14-11-SAGA,49646d1b0cd1,cc_governor,cc_governor,133232,104381,240159,384267,106947,35,32214,40073,81448,128727,49234,3404,adios,0,adios,0,adios,0,47.0,48.2,,38.0,56.6,42.4,79,4140000,-889200,38.0,,,17.72,136424,,1,2000
1790178793,2026-09-23T15:53:13Z,76918,1790101943,6.1.187-android14-11-SAGA,49646d1b0cd1,cc_governor,cc_governor,145985,116241,262160,421092,116194,48,34160,43997,86823,138469,52693,3748,adios,0,adios,0,adios,0,50.8,50.1,47.6,38.0,52.5,42.6,79,4137000,-523000,38.0,,,17.52,86156,,1,2000
1790178828,2026-09-23T15:53:48Z,76953,1790101943,6.1.187-android14-11-SAGA,49646d1b0cd1,cc_governor,cc_governor,155820,129744,279592,455406,123763,49,35744,48505,91418,148290,55674,4054,adios,0,adios,0,adios,0,47.3,47.8,,38.0,50.4,42.1,79,4144000,-339300,38.0,,,17.82,102772,,1,2000
1790178863,2026-09-23T15:54:23Z,76988,1790101943,6.1.187-android14-11-SAGA,49646d1b0cd1,cc_governor,cc_governor,166087,144951,295041,488458,128953,50,36712,53743,94759,157205,58059,4341,adios,0,adios,0,adios,0,47.2,49.0,,38.0,50.7,42.2,79,4142000,-657300,38.0,,,17.36,145036,,1,2000
1790178898,2026-09-23T15:54:58Z,77024,1790101943,6.1.187-android14-11-SAGA,49646d1b0cd1,cc_governor,cc_governor,175652,155304,315237,522483,139575,50,39491,58939,103806,171972,64315,4648,adios,0,adios,0,adios,0,48.4,48.1,,38.0,51.4,42.6,79,4148000,-436400,38.0,,,17.15,122100,,1,2000
1790178933,2026-09-23T15:55:33Z,77059,1790101943,6.1.187-android14-11-SAGA,49646d1b0cd1,cc_governor,cc_governor,183231,166538,332298,553396,149073,51,42314,65418,111355,186481,69048,4934,adios,0,adios,0,adios,0,47.9,47.4,,38.0,50.4,42.6,78,4130000,-419900,38.0,,,17.27,89452,,1,2000
1790178968,2026-09-23T15:56:08Z,77094,1790101943,6.1.187-android14-11-SAGA,49646d1b0cd1,cc_governor,cc_governor,195966,181709,350445,589822,154493,52,49639,73957,121890,206483,72254,5236,adios,0,adios,0,adios,0,52.5,52.1,49.3,38.0,55.3,43.7,78,4129000,-373500,39.0,,,17.33,105808,,1,2000
1790179003,2026-09-23T15:56:43Z,77129,1790101943,6.1.187-android14-11-SAGA,49646d1b0cd1,cc_governor,cc_governor,213142,194349,375820,634952,162677,53,58547,81620,137265,230308,78718,5511,adios,0,adios,0,adios,0,47.7,47.7,,39.0,50.8,43.0,78,4147000,-236800,39.0,,,17.98,134224,,1,2000
1790179038,2026-09-23T15:57:18Z,77164,1790101943,6.1.187-android14-11-SAGA,49646d1b0cd1,cc_governor,cc_governor,216622,202858,388126,657615,171504,55,59580,84998,141451,238250,81872,5826,adios,0,adios,0,adios,0,48.5,49.0,,39.0,53.6,42.9,78,4132000,-763500,39.0,,,17.84,113604,,1,2000
1790179073,2026-09-23T15:57:53Z,77199,1790101943,6.1.187-android14-11-SAGA,49646d1b0cd1,cc_governor,cc_governor,224280,212009,407792,689771,183514,56,61715,90211,150561,253134,88857,6128,adios,0,adios,0,adios,0,50.0,59.4,50.6,39.0,58.0,44.6,78,4119000,-651200,39.0,,,17.68,117572,,1,2000
1790179110,2026-09-23T15:58:30Z,77235,1790101943,6.1.187-android14-11-SAGA,49646d1b0cd1,cc_governor,cc_governor,244268,221670,438677,735063,194394,77,69827,95467,165270,274460,95448,6520,adios,0,adios,0,adios,0,48.3,48.5,,39.0,51.5,43.4,78,4138000,-408300,39.0,,,18.44,114984,,1,2000
1790179145,2026-09-23T15:59:05Z,77270,1790101943,6.1.187-android14-11-SAGA,49646d1b0cd1,cc_governor,cc_governor,255553,233528,458810,770051,203254,79,71197,99754,170018,283726,98821,6817,adios,0,adios,0,adios,0,48.0,48.3,,39.0,51.6,42.9,78,4126000,-454100,39.0,,,18.15,108116,,1,2000
1790179180,2026-09-23T15:59:40Z,77305,1790101943,6.1.187-android14-11-SAGA,49646d1b0cd1,cc_governor,cc_governor,265538,245009,478285,803445,212738,80,71523,103662,173053,290866,101530,7096,adios,0,adios,0,adios,0,47.6,48.8,,39.0,50.8,42.8,78,4130000,-625600,39.0,,,17.72,115544,,1,2000
1790179215,2026-09-23T16:00:15Z,77340,1790101943,6.1.187-android14-11-SAGA,49646d1b0cd1,cc_governor,cc_governor,276695,256665,498626,838093,221865,80,72615,107382,177292,299098,104677,7413,adios,0,adios,0,adios,0,50.7,50.1,,39.0,54.8,43.3,78,4134000,-528500,39.0,,,18.15,97672,,1,2000
1790179250,2026-09-23T16:00:50Z,77375,1790101943,6.1.187-android14-11-SAGA,49646d1b0cd1,cc_governor,cc_governor,293797,266065,526431,880407,232639,83,78800,111045,189805,317035,111011,7723,adios,0,adios,0,adios,0,48.6,49.2,,39.0,53.4,43.4,78,4132000,-587100,39.0,,,18.05,103356,,1,2000
1790179285,2026-09-23T16:01:25Z,77410,1790101943,6.1.187-android14-11-SAGA,49646d1b0cd1,cc_governor,cc_governor,303828,278716,545016,915025,241188,85,79502,115495,193434,325502,113932,8007,adios,0,adios,0,adios,0,48.6,48.8,,39.0,52.6,43.2,78,4135000,-465600,39.0,,,18.97,95728,,1,2000
1790179320,2026-09-23T16:02:00Z,77445,1790101943,6.1.187-android14-11-SAGA,49646d1b0cd1,cc_governor,cc_governor,316073,288229,569066,952472,252994,87,82142,119126,200468,336892,118330,8281,adios,0,adios,0,adios,0,53.0,52.4,,39.0,54.6,44.0,77,4130000,-616400,39.0,,,18.70,126028,,1,2000
1790179355,2026-09-23T16:02:35Z,77480,1790101943,6.1.187-android14-11-SAGA,49646d1b0cd1,cc_governor,cc_governor,327357,300047,589877,988297,262529,90,82664,123171,204312,345021,121658,8573,adios,0,adios,0,adios,0,48.4,48.8,,39.0,54.5,43.4,77,4129000,-548700,39.0,,,18.73,135732,,1,2000
1790179390,2026-09-23T16:03:10Z,77515,1790101943,6.1.187-android14-11-SAGA,49646d1b0cd1,cc_governor,cc_governor,338203,313211,608968,1023852,270783,90,82896,127716,206772,352249,123882,8872,adios,0,adios,0,adios,0,48.3,49.0,,39.0,52.1,43.5,77,4126000,-427200,39.0,,,18.38,115896,,1,2000
1790179425,2026-09-23T16:03:45Z,77551,1790101943,6.1.187-android14-11-SAGA,49646d1b0cd1,cc_governor,cc_governor,349935,325738,629672,1060486,279735,92,83189,132001,209665,359670,126476,9181,adios,0,adios,0,adios,0,49.0,51.3,46.7,39.0,52.6,43.5,77,4122000,-778800,39.0,,,17.94,136792,,1,2000
1790179460,2026-09-23T16:04:20Z,77586,1790101943,6.1.187-android14-11-SAGA,49646d1b0cd1,cc_governor,cc_governor,361534,338399,649924,1096965,288382,92,83596,136390,212335,366986,128739,9479,adios,0,adios,0,adios,0,48.9,48.9,,40.0,52.6,43.7,77,4122000,-647500,40.0,,,17.74,86272,,1,2000
1790179495,2026-09-23T16:04:55Z,77621,1790101943,6.1.187-android14-11-SAGA,49646d1b0cd1,cc_governor,cc_governor,371629,352666,666923,1131689,295318,94,84040,141552,214599,374648,130574,9784,adios,0,adios,0,adios,0,50.4,50.1,48.3,40.0,57.6,45.1,77,4123000,-381400,40.0,,,17.04,124740,,1,2000
1790179532,2026-09-23T16:05:32Z,77657,1790101943,6.1.187-android14-11-SAGA,49646d1b0cd1,cc_governor,cc_governor,376742,358263,677345,1149923,300603,107,86635,142938,219635,381547,133000,10170,adios,0,adios,0,adios,0,46.9,47.6,,40.0,50.7,43.0,77,4129000,-372300,40.0,,,16.43,184164,,1,2000
1790179567,2026-09-23T16:06:07Z,77692,1790101943,6.1.187-android14-11-SAGA,49646d1b0cd1,cc_governor,cc_governor,393655,362107,705434,1189130,311720,118,95610,144425,236579,402050,140934,10503,adios,0,adios,0,adios,0,61.3,62.1,,39.0,65.2,47.6,77,4111000,-478500,40.0,,,20.03,80224,,1,2000
1790179604,2026-09-23T16:06:44Z,77729,1790101943,6.1.187-android14-11-SAGA,49646d1b0cd1,cc_governor,cc_governor,445057,363570,770531,1262668,325435,151,132691,145955,287872,461223,155141,10899,adios,0,adios,0,adios,0,67.9,66.2,,40.0,75.3,49.6,77,4078000,-1193200,40.0,,,19.30,108680,,1,2000
1790179641,2026-09-23T16:07:21Z,77766,1790101943,6.1.187-android14-11-SAGA,49646d1b0cd1,cc_governor,cc_governor,501382,365214,840176,1345218,338750,188,176344,148004,344678,525699,168325,11449,adios,0,adios,0,adios,0,59.1,60.9,56.1,40.0,61.3,47.9,76,4093000,-870900,40.0,,,19.87,89872,,1,2000
1790179677,2026-09-23T16:07:57Z,77803,1790101943,6.1.187-android14-11-SAGA,49646d1b0cd1,cc_governor,cc_governor,558058,371443,905236,1424643,347146,192,190513,157024,368925,559958,178342,11858,adios,0,adios,0,adios,0,64.4,64.3,56.8,40.0,65.4,47.8,76,4106000,-661600,40.0,,,20.67,111176,,1,2000
1790179714,2026-09-23T16:08:34Z,77839,1790101943,6.1.187-android14-11-SAGA,49646d1b0cd1,cc_governor,cc_governor,624784,375890,980036,1510941,355240,208,201916,163624,392949,591432,191013,12282,adios,0,adios,0,adios,0,53.3,54.0,50.4,40.0,55.0,45.3,76,4097000,-847100,40.0,,,19.76,151516,,1,2000
1790179751,2026-09-23T16:09:11Z,77876,1790101943,6.1.187-android14-11-SAGA,49646d1b0cd1,cc_governor,cc_governor,686744,384431,1047100,1593219,360298,213,209832,175015,409300,619674,199463,12649,adios,0,adios,0,adios,0,54.3,56.2,50.6,40.0,56.5,45.0,76,4104000,-708600,40.0,,,18.54,91748,,1,2000
1790179787,2026-09-23T16:09:47Z,77912,1790101943,6.1.187-android14-11-SAGA,49646d1b0cd1,cc_governor,cc_governor,747504,393514,1112074,1674891,364542,217,227017,187902,432522,656203,205492,12994,adios,0,adios,0,adios,0,57.3,63.4,55.1,39.0,64.7,46.6,76,4097000,-625600,39.0,,,19.14,104756,,1,2000
1790179823,2026-09-23T16:10:23Z,77949,1790101943,6.1.187-android14-11-SAGA,49646d1b0cd1,cc_governor,cc_governor,799906,401738,1171668,1754569,371732,226,265398,196961,477675,712774,212288,13443,adios,0,adios,0,adios,0,69.2,70.0,63.8,39.0,72.7,49.8,76,4060000,-702500,39.0,,,20.00,110148,,1,2000
1790179861,2026-09-23T16:11:01Z,77986,1790101943,6.1.187-android14-11-SAGA,49646d1b0cd1,cc_governor,cc_governor,858764,403731,1242808,1835447,384003,255,293176,199869,520544,761580,227352,13912,adios,0,adios,0,adios,0,55.7,55.9,52.4,40.0,57.9,46.7,75,4089000,-913600,40.0,,,19.42,95456,,1,2000
1790179897,2026-09-23T16:11:37Z,78022,1790101943,6.1.187-android14-11-SAGA,49646d1b0cd1,cc_governor,cc_governor,917083,408134,1310772,1914777,393679,259,300141,205599,539503,788022,239348,14260,adios,0,adios,0,adios,0,59.4,60.1,55.2,39.0,68.0,47.2,75,4068000,-858100,39.0,,,19.26,109408,,1,2000
1790179933,2026-09-23T16:12:13Z,78059,1790101943,6.1.187-android14-11-SAGA,49646d1b0cd1,cc_governor,cc_governor,968111,412967,1373143,1988451,405042,269,336815,210716,588710,843703,251876,14710,adios,0,adios,0,adios,0,61.6,63.4,,40.0,65.5,47.6,75,4069000,-1251200,40.0,,,20.96,128512,,1,2000
1790179970,2026-09-23T16:12:50Z,78096,1790101943,6.1.187-android14-11-SAGA,49646d1b0cd1,cc_governor,cc_governor,1028132,422251,1438735,2070611,410618,277,382139,220318,640487,905796,258355,15207,adios,0,adios,0,adios,0,62.7,64.2,57.2,40.0,71.4,48.7,75,4072000,-1176700,40.0,,,21.71,105296,,1,2000
1790180007,2026-09-23T16:13:27Z,78132,1790101943,6.1.187-android14-11-SAGA,49646d1b0cd1,cc_governor,cc_governor,1089870,430024,1507240,2154055,417329,287,424100,228872,690717,965192,266609,15671,adios,0,adios,0,adios,0,57.8,56.4,54.1,40.0,61.1,47.3,75,4080000,-695800,40.0,,,21.48,88736,,1,2000
1790180044,2026-09-23T16:14:04Z,78169,1790101943,6.1.187-android14-11-SAGA,49646d1b0cd1,cc_governor,cc_governor,1143456,441880,1564941,2230725,421320,292,455780,242211,726799,1015084,270873,16121,adios,0,adios,0,adios,0,60.7,63.5,56.4,39.0,68.3,48.1,75,4068000,-1018000,39.0,,,22.01,99944,,1,2000
1790180081,2026-09-23T16:14:41Z,78206,1790101943,6.1.187-android14-11-SAGA,49646d1b0cd1,cc_governor,cc_governor,1200053,448749,1630519,2309857,430399,308,501687,249857,780933,1077434,279223,16608,adios,0,adios,0,adios,0,58.6,58.7,54.6,40.0,62.0,47.7,74,4061000,-777500,40.0,,,21.98,93220,,1,2000
1790180117,2026-09-23T16:15:17Z,78243,1790101943,6.1.187-android14-11-SAGA,49646d1b0cd1,cc_governor,cc_governor,1246626,457435,1685738,2379844,439107,319,540238,258052,827595,1133015,287338,17066,adios,0,adios,0,adios,0,59.0,63.4,56.8,40.0,70.8,48.7,74,4068000,-1054000,40.0,,,22.83,90648,,1,2000
1790180154,2026-09-23T16:15:54Z,78280,1790101943,6.1.187-android14-11-SAGA,49646d1b0cd1,cc_governor,cc_governor,1312175,460488,1762340,2466968,450073,408,593058,260783,892528,1201566,299416,17571,adios,0,adios,0,adios,0,64.2,66.5,58.9,40.0,74.3,49.3,74,4038000,-1290800,40.0,,,22.66,156984,,1,2000
1790180191,2026-09-23T16:16:31Z,78316,1790101943,6.1.187-android14-11-SAGA,49646d1b0cd1,cc_governor,cc_governor,1375163,470322,1830370,2551946,455107,422,647392,270036,952509,1271720,305101,18095,adios,0,adios,0,adios,0,64.2,61.7,57.1,40.0,71.6,49.0,74,4050000,-856900,40.0,,,21.70,120800,,1,2000
1790180228,2026-09-23T16:17:08Z,78353,1790101943,6.1.187-android14-11-SAGA,49646d1b0cd1,cc_governor,cc_governor,1435928,479010,1897418,2634681,461396,437,696991,279494,1008121,1337579,311104,18623,adios,0,adios,0,adios,0,60.3,66.6,57.9,40.0,72.0,49.4,74,4038000,-1168200,40.0,,,21.08,103452,,1,2000
1790180265,2026-09-23T16:17:45Z,78390,1790101943,6.1.187-android14-11-SAGA,49646d1b0cd1,cc_governor,cc_governor,1500891,486245,1969015,2720935,468106,447,745733,287804,1064057,1402454,318312,19177,adios,0,adios,0,adios,0,59.2,63.0,56.9,40.0,70.0,48.9,73,4042000,-1238400,40.0,,,21.95,78872,,1,2000
1790180301,2026-09-23T16:18:22Z,78427,1790101943,6.1.187-android14-11-SAGA,49646d1b0cd1,cc_governor,cc_governor,1566778,495607,2039800,2808719,472982,454,793127,298459,1116520,1466419,323305,19662,adios,0,adios,0,adios,0,60.8,61.6,55.9,40.0,64.4,48.5,73,4059000,-866000,40.0,,,21.12,106704,,1,2000
1790180338,2026-09-23T16:18:58Z,78464,1790101943,6.1.187-android14-11-SAGA,49646d1b0cd1,cc_governor,cc_governor,1618224,506881,2096779,2883517,478404,458,861772,307847,1189331,1549755,327426,20159,adios,0,adios,0,adios,0,68.0,65.8,61.0,40.0,70.8,50.6,73,4029000,-1515500,40.0,,,22.37,109852,,1,2000
1790180375,2026-09-23T16:19:35Z,78501,1790101943,6.1.187-android14-11-SAGA,49646d1b0cd1,cc_governor,cc_governor,1689713,515017,2172828,2976391,483010,482,906789,318791,1239985,1612395,333099,20704,adios,0,adios,0,adios,0,64.6,66.9,59.2,40.0,74.5,49.9,73,4025000,-1440400,40.0,,,21.72,93664,,1,2000
1790180412,2026-09-23T16:20:12Z,78538,1790101943,6.1.187-android14-11-SAGA,49646d1b0cd1,cc_governor,cc_governor,1762380,521016,2252455,3070088,489987,503,969990,325748,1310656,1690994,340597,21220,adios,0,adios,0,adios,0,65.6,68.5,60.0,40.0,73.4,50.3,72,4026000,-1477000,40.0,,,21.99,79716,,1,2000
1790180450,2026-09-23T16:20:50Z,78575,1790101943,6.1.187-android14-11-SAGA,49646d1b0cd1,cc_governor,cc_governor,1827421,530625,2322567,3157066,494981,532,1026755,335478,1372524,1763483,345660,21754,adios,0,adios,0,adios,0,65.6,65.5,59.7,40.0,73.1,49.9,72,4030000,-1303100,40.0,,,22.19,107396,,1,2000
1790180486,2026-09-23T16:21:26Z,78612,1790101943,6.1.187-android14-11-SAGA,49646d1b0cd1,cc_governor,cc_governor,1886773,538460,2389268,3238698,502294,538,1078239,343320,1431249,1830768,353008,22245,adios,0,adios,0,adios,0,61.4,65.3,57.8,40.0,70.6,49.3,72,4021000,-1235900,40.0,,,22.02,105068,,1,2000
1790180523,2026-09-23T16:22:03Z,78649,1790101943,6.1.187-android14-11-SAGA,49646d1b0cd1,cc_governor,cc_governor,1943915,551267,2449563,3318636,505500,547,1125456,356565,1481187,1894464,355635,22791,adios,0,adios,0,adios,0,65.2,65.5,59.1,40.0,74.1,49.9,72,4012000,-1148600,40.0,,,22.50,103780,,1,2000
1790180560,2026-09-23T16:22:40Z,78686,1790101943,6.1.187-android14-11-SAGA,49646d1b0cd1,cc_governor,cc_governor,2020525,559268,2530139,3416165,509498,574,1171892,367309,1532948,1957713,361047,23279,adios,0,adios,0,adios,0,59.4,59.8,55.3,40.0,65.1,48.4,72,4042000,-1040000,40.0,,,22.33,95432,,1,2000
1790180597,2026-09-23T16:23:17Z,78722,1790101943,6.1.187-android14-11-SAGA,49646d1b0cd1,cc_governor,cc_governor,2072870,571905,2586241,3491123,513271,583,1222475,378951,1587055,2024183,364545,23763,adios,0,adios,0,adios,0,62.2,65.8,58.6,40.0,68.7,49.6,71,4022000,-985100,40.0,,,24.10,128256,,1,2000
1790180634,2026-09-23T16:23:54Z,78759,1790101943,6.1.187-android14-11-SAGA,49646d1b0cd1,cc_governor,cc_governor,2134485,579918,2654670,3574926,519955,591,1278756,387236,1650095,2096376,371217,24264,adios,0,adios,0,adios,0,67.5,65.9,60.0,40.0,75.0,50.3,71,4031000,-1237100,40.0,,,22.03,145400,,1,2000
1790180671,2026-09-23T16:24:31Z,78796,1790101943,6.1.187-android14-11-SAGA,49646d1b0cd1,cc_governor,cc_governor,2202074,591207,2724577,3663943,522484,622,1342364,399282,1716117,2175254,373725,24811,adios,0,adios,0,adios,0,59.8,62.3,57.3,40.0,66.8,49.0,71,4001000,-989900,40.0,,,21.80,93556,,1,2000
1790180708,2026-09-23T16:25:08Z,78833,1790101943,6.1.187-android14-11-SAGA,49646d1b0cd1,cc_governor,cc_governor,2254720,602114,2782779,3739263,528018,625,1394809,409225,1774120,2243751,379218,25319,adios,0,adios,0,adios,0,63.0,66.0,,40.0,70.3,49.9,71,4016000,-1020500,40.0,,,21.57,89220,,1,2000
1790180745,2026-09-23T16:25:45Z,78870,1790101943,6.1.187-android14-11-SAGA,49646d1b0cd1,cc_governor,cc_governor,2328498,605402,2865655,3836507,537154,635,1450055,413666,1840352,2315994,390315,25869,adios,0,adios,0,adios,0,61.0,65.3,58.2,40.0,73.4,50.0,71,3995000,-1488600,40.0,,,22.57,119632,,1,2000
1790180782,2026-09-23T16:26:22Z,78907,1790101943,6.1.187-android14-11-SAGA,49646d1b0cd1,cc_governor,cc_governor,2397823,614949,2938898,3927103,541042,662,1509887,423849,1904791,2391353,394793,26416,adios,0,adios,0,adios,0,65.7,68.5,60.9,40.0,74.7,50.5,70,4001000,-1171800,40.0,,,21.51,103628,,1,2000
1790180819,2026-09-23T16:26:59Z,78944,1790101943,6.1.187-android14-11-SAGA,49646d1b0cd1,cc_governor,cc_governor,2467846,624671,3012264,4018981,544386,704,1559029,435930,1957774,2457203,398717,26909,adios,0,adios,0,adios,0,63.8,64.6,58.5,40.0,68.8,49.6,70,4015000,-1085800,40.0,,,21.32,112164,,1,2000
1790180856,2026-09-23T16:27:36Z,78981,1790101943,6.1.187-android14-11-SAGA,49646d1b0cd1,cc_governor,cc_governor,2532765,634217,3082094,4105748,549139,720,1618559,446406,2021865,2532531,403197,27424,adios,0,adios,0,adios,0,68.0,70.1,61.6,40.0,73.3,50.5,70,3981000,-1337800,40.0,,,21.51,115820,,1,2000
1790180893,2026-09-23T16:28:13Z,79018,1790101943,6.1.187-android14-11-SAGA,49646d1b0cd1,cc_governor,cc_governor,2603892,644036,3156614,4197906,552624,742,1675346,457549,2082273,2604905,406821,27964,adios,0,adios,0,adios,0,65.6,66.5,,41.0,73.0,50.4,70,3994000,-1215200,41.0,,,22.63,132004,,1,2000
1790180930,2026-09-23T16:28:50Z,79055,1790101943,6.1.187-android14-11-SAGA,49646d1b0cd1,cc_governor,cc_governor,2671366,651074,3230920,4286696,559481,769,1744693,464629,2158565,2689123,413782,28479,adios,0,adios,0,adios,0,65.9,66.5,59.2,41.0,72.3,50.1,69,3999000,-1258500,41.0,,,23.01,87420,,1,2000
1790180967,2026-09-23T16:29:27Z,79092,1790101943,6.1.187-android14-11-SAGA,49646d1b0cd1,cc_governor,cc_governor,2745700,659612,3309303,4382129,563497,783,1814530,474287,2233077,2774648,418450,29023,adios,0,adios,0,adios,0,69.1,69.6,61.6,41.0,75.6,51.3,69,3990000,-1385400,41.0,,,23.42,98500,,1,2000
1790181004,2026-09-23T16:30:04Z,79129,1790101943,6.1.187-android14-11-SAGA,49646d1b0cd1,cc_governor,cc_governor,2815142,663906,3386627,4473211,571480,812,1857934,480854,2285517,2835399,427510,29524,adios,0,adios,0,adios,0,64.8,65.1,59.2,41.0,70.8,50.1,69,4004000,-1159000,41.0,,,21.68,113904,,1,2000
1790181040,2026-09-23T16:30:40Z,79166,1790101943,6.1.187-android14-11-SAGA,49646d1b0cd1,cc_governor,cc_governor,2875705,668616,3456386,4555431,580664,818,1880204,484832,2321866,2876863,441610,29906,adios,0,adios,0,adios,0,58.0,56.7,,41.0,58.1,47.1,69,4022000,-463200,41.0,,,21.12,156636,,1,2000
1790181076,2026-09-23T16:31:16Z,79202,1790101943,6.1.187-android14-11-SAGA,49646d1b0cd1,cc_governor,cc_governor,2933980,673566,3523652,4636173,589639,822,1896206,491952,2350809,2913764,454567,30270,adios,0,adios,0,adios,0,57.3,59.0,,40.0,64.4,47.9,69,4016000,-784300,40.0,,,19.79,128100,,1,2000
1790181113,2026-09-23T16:31:53Z,79238,1790101943,6.1.187-android14-11-SAGA,49646d1b0cd1,cc_governor,cc_governor,2991566,679646,3589365,4716435,597751,827,1919927,500102,2384739,2957050,464781,30692,adios,0,adios,0,adios,0,63.8,65.8,,41.0,69.2,49.6,69,3993000,-855700,41.0,,,18.57,90244,,1,2000
1790181150,2026-09-23T16:32:30Z,79275,1790101943,6.1.187-android14-11-SAGA,49646d1b0cd1,cc_governor,cc_governor,3045459,685737,3652239,4792599,606758,831,1941332,506690,2416975,2997889,475621,31149,adios,0,adios,0,adios,0,55.4,56.3,54.3,41.0,58.4,47.3,68,4001000,-1216400,41.0,,,18.57,100904,,1,2000
1790181186,2026-09-23T16:33:06Z,79311,1790101943,6.1.187-android14-11-SAGA,49646d1b0cd1,cc_governor,cc_governor,3089808,690067,3707681,4859239,617842,835,1960163,511155,2448917,3038322,488737,31522,adios,0,adios,0,adios,0,59.2,59.9,55.4,41.0,63.0,48.1,68,3999000,-937500,40.0,,,20.03,78320,,1,2000
1790181223,2026-09-23T16:33:43Z,79348,1790101943,6.1.187-android14-11-SAGA,49646d1b0cd1,cc_governor,cc_governor,3144083,696954,3770808,4936221,626606,840,1992523,518858,2492295,3089938,499676,32077,adios,0,adios,0,adios,0,65.2,68.8,,40.0,74.4,50.0,68,3948000,-1618000,40.0,,,20.55,122328,,1,2000
1790181260,2026-09-23T16:34:20Z,79385,1790101943,6.1.187-android14-11-SAGA,49646d1b0cd1,cc_governor,cc_governor,3212016,703409,3845600,5025248,633606,869,2058967,524661,2566537,3171586,507563,32609,adios,0,adios,0,adios,0,63.0,67.6,60.0,41.0,75.4,50.4,68,3971000,-1125400,41.0,,,24.21,124104,,1,2000
1790181297,2026-09-23T16:34:57Z,79422,1790101943,6.1.187-android14-11-SAGA,49646d1b0cd1,cc_governor,cc_governor,3278301,713980,3915520,5113478,637176,888,2116678,535360,2628507,3245065,511769,33167,adios,0,adios,0,adios,0,66.4,69.0,61.4,41.0,72.7,50.7,68,3977000,-1234100,41.0,,,23.54,73600,,1,2000
1790181333,2026-09-23T16:35:33Z,79459,1790101943,6.1.187-android14-11-SAGA,49646d1b0cd1,cc_governor,cc_governor,3352570,720621,3995059,5208424,642486,906,2167751,543352,2687002,3312283,519246,33668,adios,0,adios,0,adios,0,61.3,61.4,57.1,41.0,65.3,49.3,67,3988000,-631100,41.0,,,22.16,92456,,1,2000
1790181370,2026-09-23T16:36:10Z,79496,1790101943,6.1.187-android14-11-SAGA,49646d1b0cd1,cc_governor,cc_governor,3405497,730331,4054396,5284343,648804,914,2204480,554252,2730228,3366894,525614,34189,adios,0,adios,0,adios,0,66.4,65.5,59.7,41.0,73.7,50.2,67,3967000,-1272500,41.0,,,22.26,116016,,1,2000
1790181408,2026-09-23T16:36:48Z,79533,1790101943,6.1.187-android14-11-SAGA,49646d1b0cd1,cc_governor,cc_governor,3479560,737858,4133311,5379514,653715,943,2248191,564865,2780314,3428287,532095,34729,adios,0,adios,0,adios,0,61.3,64.0,56.8,41.0,68.1,48.8,67,3977000,-1096100,41.0,,,21.65,94952,,1,2000
1790181444,2026-09-23T16:37:24Z,79570,1790101943,6.1.187-android14-11-SAGA,49646d1b0cd1,cc_governor,cc_governor,3536875,747905,4196073,5459136,659085,945,2294426,575405,2832419,3491387,537945,35225,adios,0,adios,0,adios,0,64.4,65.5,59.7,41.0,72.3,50.3,67,3977000,-833100,41.0,,,21.51,105924,,1,2000
1790181481,2026-09-23T16:38:01Z,79606,1790101943,6.1.187-android14-11-SAGA,49646d1b0cd1,cc_governor,cc_governor,3606021,756279,4269388,5549038,663357,969,2339738,585169,2884212,3553800,544450,35765,adios,0,adios,0,adios,0,61.4,62.9,,41.0,70.9,49.5,67,3989000,-740900,41.0,,,22.23,120400,,1,2000
1790181518,2026-09-23T16:38:38Z,79643,1790101943,6.1.187-android14-11-SAGA,49646d1b0cd1,cc_governor,cc_governor,3668240,761988,4340426,5633446,672130,978,2393127,590745,2947277,3624375,554044,36294,adios,0,adios,0,adios,0,68.0,68.5,60.3,41.0,67.2,50.1,66,3978000,-936200,41.0,,,21.85,94128,,1,2000
1790181555,2026-09-23T16:39:15Z,79680,1790101943,6.1.187-android14-11-SAGA,49646d1b0cd1,cc_governor,cc_governor,3727849,769628,4407189,5715840,679328,990,2423799,601243,2986202,3674263,562339,36829,adios,0,adios,0,adios,0,61.6,63.0,57.0,41.0,68.0,49.3,66,3972000,-712800,41.0,,,22.92,95988,,1,2000
1790181592,2026-09-23T16:39:52Z,79717,1790101943,6.1.187-android14-11-SAGA,49646d1b0cd1,cc_governor,cc_governor,3791100,778094,4476130,5801541,685002,1003,2479982,609931,3048960,3747266,568968,37386,adios,0,adios,0,adios,0,60.5,63.9,57.9,41.0,67.9,49.6,66,3973000,-919800,41.0,,,21.85,75808,,1,2000
1790181629,2026-09-23T16:40:29Z,79754,1790101943,6.1.187-android14-11-SAGA,49646d1b0cd1,cc_governor,cc_governor,3846654,785732,4539618,5879926,692821,1010,2532346,618366,3109029,3816660,576552,37961,adios,0,adios,0,adios,0,68.1,66.1,60.2,41.0,69.5,50.6,66,3966000,-933800,41.0,,,22.95,104768,,1,2000
1790181666,2026-09-23T16:41:06Z,79791,1790101943,6.1.187-android14-11-SAGA,49646d1b0cd1,cc_governor,cc_governor,3911810,795802,4608219,5967118,696354,1028,2576923,630832,3157837,3878622,580844,38507,adios,0,adios,0,adios,0,66.7,68.1,60.5,41.0,69.4,50.2,65,3952000,-1605200,41.0,,,22.91,82932,,1,2000
1790181703,2026-09-23T16:41:43Z,79828,1790101943,6.1.187-android14-11-SAGA,49646d1b0cd1,cc_governor,cc_governor,3975406,804661,4677575,6052658,702145,1039,2644364,639247,3230553,3960563,586131,39040,adios,0,adios,0,adios,0,66.1,67.8,60.6,41.0,68.1,50.4,65,3961000,-1062000,41.0,,,22.88,100064,,1,2000
1790181740,2026-09-23T16:42:20Z,79865,1790101943,6.1.187-android14-11-SAGA,49646d1b0cd1,cc_governor,cc_governor,4040670,810730,4750888,6139962,710176,1053,2706184,645994,3300634,4038418,594433,39575,adios,0,adios,0,adios,0,63.6,63.7,58.1,41.0,65.3,49.5,65,3957000,-1085800,41.0,,,21.27,78528,,1,2000
1790181777,2026-09-23T16:42:57Z,79902,1790101943,6.1.187-android14-11-SAGA,49646d1b0cd1,cc_governor,cc_governor,4093415,820894,4809325,6217188,715878,1056,2735779,658782,3335593,4087304,599780,40099,adios,0,adios,0,adios,0,64.8,63.4,,41.0,67.0,49.5,65,3953000,-776300,41.0,,,20.61,135424,,1,2000
1790181813,2026-09-23T16:43:33Z,79938,1790101943,6.1.187-android14-11-SAGA,49646d1b0cd1,cc_governor,cc_governor,4153196,825246,4878042,6298228,724810,1068,2756902,666040,3368020,4129137,611095,40451,adios,0,adios,0,adios,0,58.5,56.7,52.9,41.0,57.6,47.0,65,3973000,-711000,41.0,,,20.00,137324,,1,2000
1790181849,2026-09-23T16:44:09Z,79975,1790101943,6.1.187-android14-11-SAGA,49646d1b0cd1,cc_governor,cc_governor,4208365,835419,4937762,6375452,729377,1074,2778345,678794,3395056,4169604,616706,40813,adios,0,adios,0,adios,0,57.8,62.2,57.6,40.0,65.7,47.8,65,3972000,-706100,40.0,,,19.48,70772,,1,2000
1790181886,2026-09-23T16:44:46Z,80011,1790101943,6.1.187-android14-11-SAGA,49646d1b0cd1,cc_governor,cc_governor,4256144,841916,4993654,6446994,737512,1098,2806539,685200,3431529,4215606,624973,41366,adios,0,adios,0,adios,14,72.6,72.4,66.6,40.0,78.4,51.4,64,3927000,-1566700,40.0,,,25.65,221796,,1,2000
1790181924,2026-09-23T16:45:24Z,80050,1790101943,6.1.187-android14-11-SAGA,49646d1b0cd1,cc_governor,cc_governor,4280157,844305,5032157,6495264,751995,1152,2820896,686235,3456145,4242975,635253,41978,adios,0,adios,0,adios,0,54.2,52.1,,41.0,60.5,46.0,64,3982000,-516900,41.0,,,22.63,136660,,1,2000
1790181959,2026-09-23T16:46:00Z,80085,1790101943,6.1.187-android14-11-SAGA,49646d1b0cd1,cc_governor,cc_governor,4290504,854070,5046781,6520635,756277,1154,2828566,689925,3465438,4257445,636872,42261,adios,0,adios,0,adios,0,51.2,50.3,,40.0,55.5,44.3,64,3992000,-289300,40.0,,,19.96,98020,,1,2000
1790182274,2026-09-23T16:51:14Z,80399,1790101943,6.1.187-android14-11-SAGA,49646d1b0cd1,cc_governor,cc_governor,4,0,193,350,202,0,27,0,86,90,68,16,adios,0,adios,0,adios,2,43.0,42.0,,38.0,42.0,38.5,64,4012000,-247100,38.0,,,18.22,120436,,1,2000
1790182592,2026-09-23T16:56:32Z,80718,1790101943,6.1.187-android14-11-SAGA,49646d1b0cd1,cc_governor,cc_governor,0,0,106,6,14,0,0,0,21,35,27,6,adios,0,adios,0,adios,0,41.8,41.7,,37.0,45.4,38.7,64,4004000,-209900,37.0,,,16.75,107484,,1,2000
1790182688,2026-09-23T16:58:08Z,80814,1790101943,6.1.187-android14-11-SAGA,49646d1b0cd1,cc_governor,cc_governor,84,0,1077,1143,1002,0,217,0,390,396,173,18,adios,0,adios,0,adios,0,42.4,42.4,,37.0,45.1,38.7,64,3997000,-383900,37.0,,,16.89,129408,,1,2000
1790182725,2026-09-23T16:58:45Z,80851,1790101943,6.1.187-android14-11-SAGA,49646d1b0cd1,cc_governor,cc_governor,0,0,129,147,143,0,7,0,60,63,58,15,adios,0,adios,0,adios,0,44.1,44.8,,37.0,47.8,39.8,64,3997000,-300900,37.0,,,19.32,114868,,1,2000
1790182775,2026-09-23T16:59:35Z,80901,1790101943,6.1.187-android14-11-SAGA,49646d1b0cd1,cc_governor,cc_governor,26,0,312,336,300,0,14,0,124,131,112,16,adios,0,adios,0,adios,0,44.3,45.8,,37.0,48.3,40.0,64,3988000,-625600,37.0,,,18.36,125472,,1,2000
1790182840,2026-09-23T17:00:40Z,80965,1790101943,6.1.187-android14-11-SAGA,49646d1b0cd1,cc_governor,cc_governor,0,0,52,65,64,0,1,0,40,43,43,12,adios,0,adios,0,adios,0,44.0,47.2,,37.0,54.8,40.6,64,3926000,-446700,37.0,,,26.95,94616,,1,2000
1790182878,2026-09-23T17:01:18Z,81003,1790101943,6.1.187-android14-11-SAGA,49646d1b0cd1,cc_governor,cc_governor,182,1696,3210,5295,3037,1,290,268,632,916,346,18,adios,0,adios,0,adios,0,43.8,44.0,,37.0,47.3,40.2,64,3994000,-269100,37.0,,,21.88,95576,,1,2000
1790183031,2026-09-23T17:03:51Z,81156,1790101943,6.1.187-android14-11-SAGA,49646d1b0cd1,cc_governor,cc_governor,3496,0,4533,5485,1028,6,1593,61,2398,2616,799,128,adios,0,adios,0,adios,0,48.5,51.8,,36.0,48.9,39.9,64,3975000,-667700,36.0,,,19.16,211768,,1,2000
1790183073,2026-09-23T17:04:33Z,81198,1790101943,6.1.187-android14-11-SAGA,49646d1b0cd1,cc_governor,cc_governor,3915,4411,6214,11018,2273,0,2607,1746,3440,5742,833,12,adios,0,adios,0,adios,0,47.1,47.5,,36.0,54.1,40.1,63,3994000,-500400,36.0,,,17.79,128840,,1,2000
1790183108,2026-09-23T17:05:08Z,81234,1790101943,6.1.187-android14-11-SAGA,49646d1b0cd1,cc_governor,cc_governor,10393,11821,16373,29362,5975,2,6564,4270,9011,14569,2447,300,adios,0,adios,0,adios,0,45.9,49.3,,36.0,48.7,39.9,63,3987000,-492500,36.0,,,17.15,138272,,1,2000
1790183276,2026-09-23T17:07:56Z,81401,1790101943,6.1.187-android14-11-SAGA,49646d1b0cd1,cc_governor,cc_governor,10611,299,14286,17379,3675,0,7473,278,10573,11828,3108,26,adios,0,adios,0,adios,0,55.5,58.1,48.7,35.0,51.2,41.0,63,3971000,-739700,35.0,,,18.20,123484,,1,2000
1790183312,2026-09-23T17:08:32Z,81437,1790101943,6.1.187-android14-11-SAGA,49646d1b0cd1,cc_governor,cc_governor,35200,5559,52422,67912,17234,3,16934,2755,28483,33348,11565,385,adios,0,adios,0,adios,0,45.6,46.5,,36.0,49.5,39.8,63,3972000,-526100,36.0,,,18.36,123756,,1,2000
1790183347,2026-09-23T17:09:07Z,81473,1790101943,6.1.187-android14-11-SAGA,49646d1b0cd1,cc_governor,cc_governor,54299,14205,83406,112559,29106,5,21215,6854,38845,48596,17630,705,adios,0,adios,0,adios,0,45.9,45.8,,35.0,49.7,39.8,63,3950000,-519400,35.0,,,18.11,110040,,1,2000
1790183383,2026-09-23T17:09:43Z,81508,1790101943,6.1.187-android14-11-SAGA,49646d1b0cd1,cc_governor,cc_governor,65300,30208,98994,147260,33721,8,21676,12123,40674,56051,19021,1020,adios,0,adios,0,adios,0,45.1,44.5,,35.0,46.5,38.9,63,3972000,-433900,35.0,,,18.07,104980,,1,2000
1790183418,2026-09-23T17:10:18Z,81544,1790101943,6.1.187-android14-11-SAGA,49646d1b0cd1,cc_governor,cc_governor,78336,35656,127492,184442,49179,11,22900,13838,46921,64522,24026,1342,adios,0,adios,0,adios,0,43.7,43.8,,35.0,47.5,38.8,63,3975000,-357000,35.0,,,17.80,155472,,1,2000
1790183453,2026-09-23T17:10:53Z,81579,1790101943,6.1.187-android14-11-SAGA,49646d1b0cd1,cc_governor,cc_governor,80182,44712,137946,205172,57790,13,23340,15330,47978,67134,24644,1638,adios,0,adios,0,adios,0,41.7,42.1,,35.0,49.6,38.7,63,3962000,-670100,35.0,,,17.39,81912,,1,2000
1790183489,2026-09-23T17:11:29Z,81614,1790101943,6.1.187-android14-11-SAGA,49646d1b0cd1,cc_governor,cc_governor,82632,55584,147440,227070,64804,20,24744,16812,50609,71617,25865,1970,adios,0,adios,0,adios,0,41.7,42.4,,35.0,45.1,37.7,63,3977000,-634700,35.0,,,17.06,133268,,1,2000
1790183524,2026-09-23T17:12:04Z,81649,1790101943,6.1.187-android14-11-SAGA,49646d1b0cd1,cc_governor,cc_governor,85188,69189,153645,248038,68457,22,24768,18429,51035,73700,26267,2276,adios,0,adios,0,adios,0,40.8,41.5,,34.0,43.9,37.3,63,3971000,-374700,34.0,,,16.44,109140,,1,2000
1790183755,2026-09-23T17:15:55Z,81880,1790101943,6.1.187-android14-11-SAGA,49646d1b0cd1,cc_governor,cc_governor,12588,16,16043,19403,3421,6,6565,11,9638,10075,3079,395,adios,0,adios,0,adios,0,53.1,55.3,,32.0,53.1,38.0,62,3965000,-408300,32.0,,,17.48,188956,,1,2000
1790183991,2026-09-23T17:19:51Z,82117,1790101943,6.1.187-android14-11-SAGA,49646d1b0cd1,cc_governor,cc_governor,0,0,159,180,174,0,7,0,62,65,58,14,adios,0,adios,0,adios,0,34.7,34.6,,30.0,35.1,31.1,62,3987000,-194700,30.0,,,17.45,114904,,1,2000
1790184123,2026-09-23T17:22:03Z,82248,1790101943,6.1.187-android14-11-SAGA,49646d1b0cd1,cc_governor,cc_governor,8938,2530,16684,22258,7755,0,3214,709,7051,8129,3845,56,adios,0,adios,0,adios,0,37.6,38.4,,30.0,41.2,33.3,62,3961000,-286800,30.0,,,17.25,112984,,1,2000
1790184159,2026-09-23T17:22:39Z,82284,1790101943,6.1.187-android14-11-SAGA,49646d1b0cd1,cc_governor,cc_governor,20004,13913,37237,57925,17227,1,4181,4585,10558,15708,6377,369,adios,0,adios,0,adios,0,38.5,40.7,37.8,30.0,41.9,33.9,62,3960000,-550500,30.0,,,17.42,76728,,1,2000
1790184194,2026-09-23T17:23:14Z,82319,1790101943,6.1.187-android14-11-SAGA,49646d1b0cd1,cc_governor,cc_governor,22340,23766,44926,76679,22519,3,4745,5839,12454,19086,7647,675,adios,0,adios,0,adios,0,42.4,42.5,38.3,30.0,44.9,34.1,62,3950000,-581000,30.0,,,17.01,147168,,1,2000
1790184229,2026-09-23T17:23:49Z,82355,1790101943,6.1.187-android14-11-SAGA,49646d1b0cd1,cc_governor,cc_governor,29250,35946,58510,105030,29260,5,5670,8807,16406,26166,10736,1000,adios,0,adios,0,adios,0,37.7,38.5,,30.0,40.6,33.8,62,3963000,-482100,30.0,,,17.43,112248,,1,2000
1790184264,2026-09-23T17:24:24Z,82390,1790101943,6.1.187-android14-11-SAGA,49646d1b0cd1,cc_governor,cc_governor,36123,42425,73430,128871,37258,10,8632,10231,22380,33815,13747,1313,adios,0,adios,0,adios,0,48.3,50.6,,30.0,51.1,36.2,62,3940000,-738500,30.0,,,17.47,187460,,1,2000
1790184302,2026-09-23T17:25:02Z,82427,1790101943,6.1.187-android14-11-SAGA,49646d1b0cd1,cc_governor,cc_governor,54244,53542,100649,171334,46398,91,13784,14058,32267,48292,18496,1801,adios,0,adios,0,adios,0,43.5,42.7,,31.0,44.5,35.1,62,3951000,-550500,31.0,,,18.04,153296,,1,2000
1790184337,2026-09-23T17:25:37Z,82462,1790101943,6.1.187-android14-11-SAGA,49646d1b0cd1,cc_governor,cc_governor,3549,4450,5929,10905,2379,0,3048,1648,4029,6364,981,17,adios,0,adios,0,adios,0,42.1,39.9,,31.0,44.2,34.7,62,3962000,-220300,31.0,,,17.40,150352,,1,2000
1790184372,2026-09-23T17:26:12Z,82498,1790101943,6.1.187-android14-11-SAGA,49646d1b0cd1,cc_governor,cc_governor,10167,13473,15151,29954,4996,2,6287,5299,8074,14829,1795,294,adios,0,adios,0,adios,0,39.9,39.1,,31.0,42.9,33.9,62,3958000,-310000,31.0,,,16.75,188856,,1,2000
1790184627,2026-09-23T17:30:27Z,82753,1790101943,6.1.187-android14-11-SAGA,49646d1b0cd1,cc_governor,cc_governor,11607,183,16690,20709,5064,25,6997,197,10339,11417,3342,76,adios,0,adios,0,adios,0,39.0,37.9,36.3,29.0,40.4,33.0,61,3892000,-1455600,29.0,,,23.73,166240,,1,2000
1790184750,2026-09-23T17:32:30Z,82875,1790101943,6.1.187-android14-11-SAGA,49646d1b0cd1,cc_governor,cc_governor,447,0,2551,2674,2114,0,132,0,451,482,323,13,adios,0,adios,0,adios,0,35.4,37.6,,29.0,36.2,30.4,61,3955000,-452800,29.0,,,21.02,105128,,1,2000
1790184876,2026-09-23T17:34:36Z,83001,1790101943,6.1.187-android14-11-SAGA,49646d1b0cd1,cc_governor,cc_governor,24620,1301,33608,42046,8985,8,14844,866,22026,25634,7186,86,adios,0,adios,0,adios,0,40.8,41.9,,29.0,44.8,34.3,61,3931000,-562700,29.0,,,20.41,81888,,1,2000
1790184911,2026-09-23T17:35:11Z,83037,1790101943,6.1.187-android14-11-SAGA,49646d1b0cd1,cc_governor,cc_governor,41454,5582,63274,81230,21830,11,19255,2240,33082,39070,13836,417,adios,0,adios,0,adios,0,42.0,43.1,38.8,29.0,47.9,34.3,61,3922000,-652400,29.0,,,18.75,93416,,1,2000
1790184947,2026-09-23T17:35:47Z,83073,1790101943,6.1.187-android14-11-SAGA,49646d1b0cd1,cc_governor,cc_governor,82335,7039,118126,146325,35721,17,43280,3359,69736,79758,26429,804,adios,0,adios,0,adios,0,43.3,46.8,,30.0,47.1,36.2,61,3928000,-518100,30.0,,,20.99,81636,,1,2000
1790184987,2026-09-23T17:36:27Z,83112,1790101943,6.1.187-android14-11-SAGA,49646d1b0cd1,cc_governor,cc_governor,144782,7483,194816,232235,50003,57,85479,3822,125979,142151,40478,1556,adios,0,adios,0,adios,0,50.5,51.6,44.8,31.0,54.6,38.7,61,3896000,-1226800,31.0,,,20.34,113636,,1,2000
1790185023,2026-09-23T17:37:03Z,83148,1790101943,6.1.187-android14-11-SAGA,49646d1b0cd1,cc_governor,cc_governor,195903,8344,260662,308669,64649,70,109706,4841,164806,185948,55092,1932,adios,0,adios,0,adios,0,59.0,59.8,53.3,31.0,57.4,40.8,60,3893000,-632300,32.0,,,22.26,102468,,1,2000
1790185060,2026-09-23T17:37:40Z,83185,1790101943,6.1.187-android14-11-SAGA,49646d1b0cd1,cc_governor,cc_governor,245340,9945,324846,383516,79492,86,119795,6037,189891,213316,70087,2308,adios,0,adios,0,adios,0,52.5,62.7,55.3,32.0,58.6,40.7,60,3897000,-1412300,32.0,,,20.50,88236,,1,2000
1790185096,2026-09-23T17:38:16Z,83221,1790101943,6.1.187-android14-11-SAGA,49646d1b0cd1,cc_governor,cc_governor,289901,14988,381256,451421,91326,90,138029,11705,220580,251375,82476,2636,adios,0,adios,0,adios,0,55.5,57.8,50.9,32.0,62.2,41.9,60,3883000,-958200,32.0,,,20.85,119844,,1,2000
1790185132,2026-09-23T17:38:52Z,83257,1790101943,6.1.187-android14-11-SAGA,49646d1b0cd1,cc_governor,cc_governor,337150,17580,442115,523917,104875,92,151932,15068,251719,288519,99764,2986,adios,0,adios,0,adios,0,45.2,45.4,44.3,33.0,45.8,39.0,60,3869000,-1203600,33.0,,,21.74,103776,,1,2000
1790185174,2026-09-23T17:39:34Z,83299,1790101943,6.1.187-android14-11-SAGA,49646d1b0cd1,cc_governor,cc_governor,378547,22748,498983,592610,120291,113,185110,20047,300531,346067,115329,3801,adios,0,adios,0,adios,0,60.0,60.6,52.6,33.0,64.7,43.1,60,3869000,-905700,33.0,,,25.73,70200,,1,2000
1790185211,2026-09-23T17:40:11Z,83336,1790101943,6.1.187-android14-11-SAGA,49646d1b0cd1,cc_governor,cc_governor,447139,23200,580403,683853,133100,141,231364,20532,362795,411948,131315,4252,adios,0,adios,0,adios,0,59.4,61.4,54.2,33.0,69.2,44.4,59,3870000,-1193200,34.0,,,23.99,111472,,1,2000
1790185249,2026-09-23T17:40:49Z,83374,1790101943,6.1.187-android14-11-SAGA,49646d1b0cd1,cc_governor,cc_governor,518601,23708,664530,777827,145892,201,283124,21140,429670,481371,146555,4884,adios,0,adios,0,adios,0,56.7,62.7,55.3,34.0,68.9,45.1,59,3854000,-1251200,34.0,,,23.32,98592,,1,2000
1790185287,2026-09-23T17:41:27Z,83413,1790101943,6.1.187-android14-11-SAGA,49646d1b0cd1,cc_governor,cc_governor,576768,24252,738744,861245,161797,272,317262,22199,480702,535451,163384,5607,adios,0,adios,0,adios,0,57.9,61.5,54.4,35.0,68.2,44.7,59,3867000,-1232900,34.0,,,24.32,130536,,1,2000
1790185326,2026-09-23T17:42:06Z,83451,1790101943,6.1.187-android14-11-SAGA,49646d1b0cd1,cc_governor,cc_governor,650279,27427,822017,956233,171571,310,369274,25856,545421,605976,176039,6228,adios,0,adios,0,adios,0,61.7,64.9,56.2,35.0,70.4,46.1,58,3846000,-1258500,35.0,,,24.65,116204,,1,2000
1790185365,2026-09-23T17:42:45Z,83490,1790101943,6.1.187-android14-11-SAGA,49646d1b0cd1,cc_governor,cc_governor,702338,29882,889018,1034497,186601,429,393256,28880,584107,649875,190852,7001,adios,0,adios,0,adios,0,57.0,57.0,53.7,35.0,64.0,44.5,58,3870000,-953300,35.0,,,22.50,98804,,1,2000
1790185402,2026-09-23T17:43:22Z,83527,1790101943,6.1.187-android14-11-SAGA,49646d1b0cd1,cc_governor,cc_governor,762708,33455,960520,1117245,197771,445,425398,33075,629648,700980,204270,7452,adios,0,adios,0,adios,0,55.5,59.7,54.3,35.0,63.4,45.3,58,3874000,-770200,35.0,,,23.20,118320,,1,2000
1790185439,2026-09-23T17:43:59Z,83564,1790101943,6.1.187-android14-11-SAGA,49646d1b0cd1,cc_governor,cc_governor,813210,37900,1023417,1192101,210045,494,459357,37554,676371,753595,216918,7972,adios,0,adios,0,adios,0,61.1,63.5,55.6,36.0,71.2,46.2,58,3833000,-2103800,35.0,,,24.75,80768,,1,2000
1790185477,2026-09-23T17:44:37Z,83602,1790101943,6.1.187-android14-11-SAGA,49646d1b0cd1,cc_governor,cc_governor,894612,40731,1113197,1294666,218570,551,538490,40839,765785,848354,227213,8605,adios,0,adios,0,adios,0,62.9,65.2,57.8,36.0,69.3,47.1,57,3825000,-1580800,36.0,,,23.94,102184,,1,2000
1790185514,2026-09-23T17:45:14Z,83640,1790101943,6.1.187-android14-11-SAGA,49646d1b0cd1,cc_governor,cc_governor,982356,43262,1208412,1401787,225949,582,602273,44867,840836,929299,238463,9154,adios,0,adios,0,adios,0,63.1,66.0,58.2,36.0,70.6,47.5,57,3849000,-1500200,36.0,,,24.82,89864,,1,2000
1790185552,2026-09-23T17:45:52Z,83678,1790101943,6.1.187-android14-11-SAGA,49646d1b0cd1,cc_governor,cc_governor,1034008,47214,1273603,1479868,239601,623,622721,48609,875617,968905,252909,9744,adios,0,adios,0,adios,0,53.2,52.3,50.0,36.0,54.7,44.0,57,3874000,-828800,36.0,,,23.15,91132,,1,2000
1790185591,2026-09-23T17:46:31Z,83716,1790101943,6.1.187-android14-11-SAGA,49646d1b0cd1,cc_governor,cc_governor,1089360,49654,1343962,1559332,254418,633,687551,50730,954771,1052000,267127,10234,adios,0,adios,0,adios,0,57.7,56.7,53.2,36.0,67.1,45.6,57,3862000,-1444000,36.0,,,24.17,107976,,1,2000
1790185629,2026-09-23T17:47:09Z,83754,1790101943,6.1.187-android14-11-SAGA,49646d1b0cd1,cc_governor,cc_governor,1160798,54831,1423810,1653430,262984,672,730402,57700,1009317,1114683,278886,10838,adios,0,adios,0,adios,0,56.7,60.6,53.9,36.0,66.4,45.6,57,3850000,-940500,37.0,,,23.46,108508,,1,2000
1790185666,2026-09-23T17:47:46Z,83791,1790101943,6.1.187-android14-11-SAGA,49646d1b0cd1,cc_governor,cc_governor,1198597,65456,1470325,1717730,271633,683,758790,68267,1047223,1164031,288451,11225,adios,0,adios,0,adios,0,57.6,56.9,52.4,36.0,61.2,44.6,56,3864000,-903300,36.0,,,22.27,113484,,1,2000
1790185702,2026-09-23T17:48:22Z,83827,1790101943,6.1.187-android14-11-SAGA,49646d1b0cd1,cc_governor,cc_governor,1250069,66914,1535602,1792304,285487,695,773778,70026,1079970,1199949,306217,11587,adios,0,adios,0,adios,0,54.9,57.2,54.4,36.0,65.2,44.9,56,3846000,-1041200,36.0,,,20.47,114484,,1,2000
1790185738,2026-09-23T17:48:58Z,83863,1790101943,6.1.187-android14-11-SAGA,49646d1b0cd1,cc_governor,cc_governor,1300786,72526,1596064,1869092,295277,700,782920,77576,1100829,1229041,317899,11912,adios,0,adios,0,adios,0,55.1,55.4,51.3,36.0,61.9,44.4,56,3833000,-1327500,36.0,,,20.13,148088,,1,2000
1790185774,2026-09-23T17:49:34Z,83900,1790101943,6.1.187-android14-11-SAGA,49646d1b0cd1,cc_governor,cc_governor,1345423,74773,1655515,1939393,310103,708,797996,79927,1133468,1265596,335482,12275,adios,0,adios,0,adios,0,55.5,60.3,54.4,36.0,65.8,44.6,56,3845000,-1231600,36.0,,,19.42,113748,,1,2000
1790185810,2026-09-23T17:50:10Z,83936,1790101943,6.1.187-android14-11-SAGA,49646d1b0cd1,cc_governor,cc_governor,1388527,76689,1714125,2007525,325558,710,808192,81889,1162390,1297620,354193,12615,adios,0,adios,0,adios,0,61.1,61.5,,36.0,65.6,45.4,56,3827000,-1392800,36.0,,,20.48,109568,,1,2000
1790185847,2026-09-23T17:50:47Z,83973,1790101943,6.1.187-android14-11-SAGA,49646d1b0cd1,cc_governor,cc_governor,1446793,79981,1783285,2089100,336306,721,827199,88269,1195492,1339477,368324,13041,adios,0,adios,0,adios,6,48.3,50.7,48.8,36.0,48.5,42.2,55,3872000,-502900,36.0,,,22.93,105876,,1,2000
1790185893,2026-09-23T17:51:33Z,84018,1790101943,6.1.187-android14-11-SAGA,49646d1b0cd1,cc_governor,cc_governor,1528183,81336,1878829,2197924,350619,767,857414,91069,1247026,1397619,389635,13973,adios,0,adios,0,adios,0,50.2,49.4,47.3,36.0,52.4,42.1,55,3852000,-862400,36.0,,,23.74,118824,,1,2000
1790185936,2026-09-23T17:52:16Z,84061,1790101943,6.1.187-android14-11-SAGA,49646d1b0cd1,cc_governor,cc_governor,1594826,82171,1963180,2290840,368364,818,908952,92337,1317597,1471912,408640,14935,adios,0,adios,0,adios,0,50.5,49.4,,36.0,50.8,41.9,55,3846000,-742100,36.0,,,23.28,100356,,1,2000
1790185977,2026-09-23T17:52:57Z,84102,1790101943,6.1.187-android14-11-SAGA,49646d1b0cd1,cc_governor,cc_governor,1662925,85014,2044691,2382561,381619,840,979243,95389,1401234,1560816,421984,15618,adios,0,adios,0,adios,0,57.9,58.6,51.4,35.0,58.7,43.5,55,3837000,-993600,35.0,,,24.00,99172,,1,2000
1790186015,2026-09-23T17:53:35Z,84141,1790101943,6.1.187-android14-11-SAGA,49646d1b0cd1,cc_governor,cc_governor,1734973,86308,2129730,2476454,394569,869,1054089,97071,1489032,1652423,434817,16278,adios,0,adios,0,adios,0,52.5,52.5,,35.0,56.1,43.0,55,3854000,-1369600,35.0,,,25.76,123852,,1,2000
1790186056,2026-09-23T17:54:16Z,84181,1790101943,6.1.187-android14-11-SAGA,49646d1b0cd1,cc_governor,cc_governor,1815328,90173,2219785,2578218,404481,908,1138159,101475,1582886,1752736,444722,17085,adios,0,adios,0,adios,0,56.9,51.6,,36.0,52.6,42.8,54,3855000,-698200,35.0,,,24.95,99164,,1,2000
1790186094,2026-09-23T17:54:54Z,84220,1790101943,6.1.187-android14-11-SAGA,49646d1b0cd1,cc_governor,cc_governor,1871283,94352,2288965,2658710,417484,928,1182865,106703,1642073,1819059,459087,17565,adios,0,adios,0,adios,0,53.2,51.7,48.7,35.0,59.8,42.8,54,3839000,-1029600,35.0,,,24.29,93024,,1,2000
1790186134,2026-09-23T17:55:34Z,84260,1790101943,6.1.187-android14-11-SAGA,49646d1b0cd1,cc_governor,cc_governor,1933044,101383,2360863,2745091,427531,978,1235406,115373,1705622,1893048,470209,18325,adios,0,adios,0,adios,0,51.1,49.8,47.2,35.0,53.9,42.2,54,3837000,-919800,35.0,,,23.10,78480,,1,2000
1790186175,2026-09-23T17:56:15Z,84300,1790101943,6.1.187-android14-11-SAGA,49646d1b0cd1,cc_governor,cc_governor,1998773,103611,2440376,2834769,441406,1034,1301497,117429,1785584,1977364,483966,18959,adios,0,adios,0,adios,0,54.5,55.6,49.9,35.0,58.6,43.3,54,3834000,-895300,35.0,,,28.14,88760,,1,2000
1790186214,2026-09-23T17:56:54Z,84339,1790101943,6.1.187-android14-11-SAGA,49646d1b0cd1,cc_governor,cc_governor,2066940,107889,2519673,2926103,452639,1062,1364794,122475,1861584,2060132,496772,19624,adios,0,adios,0,adios,0,50.3,50.0,47.6,35.0,54.2,42.2,54,3845000,-1049100,35.0,,,24.93,109456,,1,2000
1790186253,2026-09-23T17:57:33Z,84379,1790101943,6.1.187-android14-11-SAGA,49646d1b0cd1,cc_governor,cc_governor,2134137,113892,2596215,3015558,461851,1082,1439387,128478,1945381,2151964,505917,20169,adios,0,adios,0,adios,0,57.2,61.7,53.7,35.0,68.7,44.9,53,3817000,-1298200,35.0,,,26.77,121560,,1,2000
1790186292,2026-09-23T17:58:12Z,84417,1790101943,6.1.187-android14-11-SAGA,49646d1b0cd1,cc_governor,cc_governor,2210911,118565,2681051,3113881,470136,1161,1505751,133515,2022363,2235674,516551,20903,adios,0,adios,0,adios,0,60.6,62.6,,35.0,61.5,45.1,53,3813000,-1326200,36.0,,,25.39,126516,,1,2000
1790186329,2026-09-23T17:58:49Z,84454,1790101943,6.1.187-android14-11-SAGA,49646d1b0cd1,cc_governor,cc_governor,2265170,125059,2745210,3193087,480024,1188,1538583,140945,2067760,2289524,529190,21354,adios,0,adios,0,adios,0,52.6,51.5,48.5,36.0,52.5,42.9,53,3845000,-723800,36.0,,,22.67,101376,,1,2000
1790186368,2026-09-23T17:59:28Z,84493,1790101943,6.1.187-android14-11-SAGA,49646d1b0cd1,cc_governor,cc_governor,2325433,134067,2812903,3276769,487341,1216,1610638,149155,2147051,2378745,536373,21848,adios,0,adios,0,adios,0,57.8,55.9,51.9,36.0,66.4,44.5,53,3816000,-1196200,35.0,,,23.21,117276,,1,2000
1790186406,2026-09-23T18:00:06Z,84531,1790101943,6.1.187-android14-11-SAGA,49646d1b0cd1,cc_governor,cc_governor,2407056,136507,2903773,3379078,496600,1254,1689371,151997,2237322,2473441,547897,22498,adios,0,adios,0,adios,0,61.9,64.8,,36.0,70.1,46.5,53,3799000,-1293300,36.0,,,24.35,155140,,1,2000
1790186444,2026-09-23T18:00:44Z,84569,1790101943,6.1.187-android14-11-SAGA,49646d1b0cd1,cc_governor,cc_governor,2465657,140941,2973866,3461930,508199,1304,1724900,157377,2287193,2529981,562308,23106,adios,0,adios,0,adios,0,56.9,55.0,51.6,36.0,60.7,44.2,52,3817000,-780600,36.0,,,22.73,84192,,1,2000
1790186480,2026-09-23T18:01:20Z,84606,1790101943,6.1.187-android14-11-SAGA,49646d1b0cd1,cc_governor,cc_governor,2497340,145038,3021220,3520540,523869,1311,1744591,161655,2323746,2572570,579134,23499,adios,0,adios,0,adios,0,57.1,57.1,,36.0,61.0,44.3,52,3826000,-1245700,36.0,,,22.71,89588,,1,2000
1790186517,2026-09-23T18:01:57Z,84643,1790101943,6.1.187-android14-11-SAGA,49646d1b0cd1,cc_governor,cc_governor,2554933,148221,3091459,3601325,536321,1316,1806920,164564,2398259,2651898,591202,23866,adios,0,adios,0,adios,0,55.2,53.5,50.3,36.0,56.2,43.9,52,3833000,-1320100,36.0,,,23.84,100700,,1,2000
1790186558,2026-09-23T18:02:38Z,84683,1790101943,6.1.187-android14-11-SAGA,49646d1b0cd1,cc_governor,cc_governor,2644135,153008,3188272,3712479,544159,1381,1880526,170204,2482409,2744553,601858,24747,adios,0,adios,0,adios,0,51.8,50.6,48.7,36.0,53.3,43.0,52,3821000,-988700,36.0,,,24.94,123164,,1,2000
1790186598,2026-09-23T18:03:18Z,84723,1790101943,6.1.187-android14-11-SAGA,49646d1b0cd1,cc_governor,cc_governor,2684574,158761,3243929,3780539,559173,1402,1912630,176245,2529885,2799412,617145,25294,adios,0,adios,0,adios,0,50.3,51.4,49.7,36.0,68.1,43.9,52,3803000,-1260900,36.0,,,23.76,115012,,1,2000
1790186636,2026-09-23T18:03:56Z,84762,1790101943,6.1.187-android14-11-SAGA,49646d1b0cd1,cc_governor,cc_governor,2741228,163664,3312682,3862869,571443,1446,1949441,181452,2581713,2857937,632291,25937,adios,0,adios,0,adios,0,52.7,54.5,49.7,36.0,57.4,43.1,51,3836000,-831200,36.0,,,22.26,134764,,1,2000
1790186673,2026-09-23T18:04:33Z,84798,1790101943,6.1.187-android14-11-SAGA,49646d1b0cd1,cc_governor,cc_governor,2779700,173991,3359706,3927431,579908,1450,1975374,192664,2616789,2905210,641229,26304,adios,0,adios,0,adios,0,60.3,60.2,,36.0,61.8,44.4,51,3805000,-949000,35.0,,,21.84,83688,,1,2000
1790186710,2026-09-23T18:05:10Z,84835,1790101943,6.1.187-android14-11-SAGA,49646d1b0cd1,cc_governor,cc_governor,2839916,181715,3427204,4010716,587299,1467,2027677,201476,2677432,2975619,649767,26745,adios,0,adios,0,adios,0,53.7,53.8,49.7,36.0,58.1,43.2,51,3829000,-958200,36.0,,,21.24,101644,,1,2000
1790186746,2026-09-23T18:05:46Z,84872,1790101943,6.1.187-android14-11-SAGA,49646d1b0cd1,cc_governor,cc_governor,2870109,193218,3466848,4068312,596710,1470,2048234,214241,2708258,3019964,659969,27151,adios,0,adios,0,adios,0,49.8,48.9,,36.0,55.2,42.2,51,3828000,-751900,35.0,,,21.55,104444,,1,2000
1790186786,2026-09-23T18:06:26Z,84911,1790101943,6.1.187-android14-11-SAGA,49646d1b0cd1,cc_governor,cc_governor,2935370,199535,3541666,4157294,606288,1492,2114728,221172,2784064,3104848,669300,27749,adios,0,adios,0,adios,0,58.1,60.6,53.6,35.0,64.7,44.3,51,3796000,-1169400,35.0,,,21.67,140560,,1,2000
1790186823,2026-09-23T18:07:03Z,84948,1790101943,6.1.187-android14-11-SAGA,49646d1b0cd1,cc_governor,cc_governor,2983896,200980,3605597,4231014,621700,1508,2136872,222540,2825066,3148651,688196,28147,adios,0,adios,0,adios,0,56.1,57.0,54.0,35.0,64.6,43.7,50,3807000,-987500,35.0,,,21.01,88628,,1,2000
1790186859,2026-09-23T18:07:39Z,84984,1790101943,6.1.187-android14-11-SAGA,49646d1b0cd1,cc_governor,cc_governor,3047017,206133,3675962,4314684,628914,1510,2151114,231969,2849059,3182383,697937,28447,adios,0,adios,0,adios,0,58.2,60.2,53.5,35.0,63.8,44.6,50,3797000,-825100,35.0,,,20.20,101524,,1,2000
1790186895,2026-09-23T18:08:15Z,85020,1790101943,6.1.187-android14-11-SAGA,49646d1b0cd1,cc_governor,cc_governor,3110973,215421,3743065,4399311,632052,1514,2164924,246261,2867745,3215756,702794,28737,adios,0,adios,0,adios,0,58.2,61.7,56.0,36.0,63.4,44.7,50,3812000,-1005200,36.0,,,19.87,103656,,1,2000
1790186931,2026-09-23T18:08:51Z,85057,1790101943,6.1.187-android14-11-SAGA,49646d1b0cd1,cc_governor,cc_governor,3170155,221633,3809668,4480468,639483,1517,2180730,253197,2895942,3251852,715200,29051,adios,0,adios,0,adios,0,52.1,52.8,50.7,36.0,58.9,43.3,50,3810000,-847100,36.0,,,19.23,93296,,1,2000
1790186967,2026-09-23T18:09:27Z,85093,1790101943,6.1.187-android14-11-SAGA,49646d1b0cd1,cc_governor,cc_governor,3223215,229526,3869709,4559127,646450,1519,2191634,262436,2917157,3283233,725513,29351,adios,0,adios,0,adios,0,55.2,55.6,51.9,36.0,60.6,43.3,50,3803000,-1060100,35.0,,,18.84,72496,,1,2000
1790187003,2026-09-23T18:10:03Z,85129,1790101943,6.1.187-android14-11-SAGA,49646d1b0cd1,cc_governor,cc_governor,3266283,235096,3924461,4629879,658177,1536,2209839,268119,2948626,3322722,738725,29711,adios,0,adios,0,adios,0,62.6,59.7,56.1,36.0,62.9,45.3,49,3798000,-983800,36.0,,,19.46,141752,,1,2000
1790187039,2026-09-23T18:10:39Z,85165,1790101943,6.1.187-android14-11-SAGA,49646d1b0cd1,cc_governor,cc_governor,3314127,238743,3984675,4703824,670545,1539,2219885,272645,2974025,3353529,754142,30027,adios,0,adios,0,adios,0,56.0,57.3,53.7,36.0,57.8,43.8,49,3819000,-1013100,36.0,,,19.06,93184,,1,2000
1790187075,2026-09-23T18:11:15Z,85201,1790101943,6.1.187-android14-11-SAGA,49646d1b0cd1,cc_governor,cc_governor,3361325,242906,4043933,4776692,682590,1545,2230346,277565,2999075,3384467,768734,30346,adios,0,adios,0,adios,0,55.5,57.3,,36.0,64.0,44.3,49,3810000,-1139500,36.0,,,19.93,102564,,1,2000
1790187111,2026-09-23T18:11:51Z,85236,1790101943,6.1.187-android14-11-SAGA,49646d1b0cd1,cc_governor,cc_governor,3407631,244785,4104932,4849258,697263,1547,2244116,280081,3030599,3419817,786464,30639,adios,0,adios,0,adios,0,59.4,60.5,59.9,36.0,65.1,45.5,49,3771000,-1351900,36.0,,,20.50,80556,,1,2000
1790187149,2026-09-23T18:12:29Z,85274,1790101943,6.1.187-android14-11-SAGA,49646d1b0cd1,cc_governor,cc_governor,3459952,246281,4171894,4926597,711947,1574,2274965,282147,3078440,3471272,803452,31069,adios,0,adios,0,adios,0,61.3,65.6,,36.0,64.7,46.0,49,3792000,-1348200,36.0,,,20.31,117360,,1,2000
1790187185,2026-09-23T18:13:05Z,85311,1790101943,6.1.187-android14-11-SAGA,49646d1b0cd1,cc_governor,cc_governor,3507432,248366,4233893,5000260,726395,1581,2289675,284870,3111780,3509585,822045,31437,adios,0,adios,0,adios,0,48.6,47.7,47.5,36.0,58.0,43.0,48,3803000,-868500,36.0,,,20.57,119448,,1,2000
1790187228,2026-09-23T18:13:48Z,85353,1790101943,6.1.187-android14-11-SAGA,49646d1b0cd1,cc_governor,cc_governor,3560284,250609,4303930,5079752,743587,1637,2328402,287116,3168722,3571684,840177,32232,adios,0,adios,0,adios,0,53.0,55.3,,36.0,64.2,44.2,48,3797000,-1242000,36.0,,,21.88,109848,,1,2000
1790187266,2026-09-23T18:14:26Z,85392,1790101943,6.1.187-android14-11-SAGA,49646d1b0cd1,cc_governor,cc_governor,3643684,251197,4398094,5183347,754324,1662,2400156,287975,3254507,3660302,854220,32861,adios,0,adios,0,adios,0,61.8,63.1,56.0,36.0,68.6,45.9,48,3795000,-1301800,36.0,,,23.23,101084,,1,2000
1790187303,2026-09-23T18:15:03Z,85429,1790101943,6.1.187-android14-11-SAGA,49646d1b0cd1,cc_governor,cc_governor,3718937,252900,4483611,5278452,764677,1684,2464811,290736,3330788,3740560,865994,33351,adios,0,adios,0,adios,0,59.9,63.1,55.1,36.0,69.4,45.9,48,3774000,-1180400,36.0,,,26.40,96200,,1,2000
1790187341,2026-09-23T18:15:41Z,85466,1790101943,6.1.187-android14-11-SAGA,49646d1b0cd1,cc_governor,cc_governor,3794769,256037,4568678,5375638,773800,1719,2526403,294806,3404622,3820434,878211,33894,adios,0,adios,0,adios,0,62.0,62.9,55.7,36.0,69.4,46.2,47,3791000,-1199900,36.0,,,26.74,71864,,1,2000
1790187378,2026-09-23T18:16:18Z,85504,1790101943,6.1.187-android14-11-SAGA,49646d1b0cd1,cc_governor,cc_governor,3863615,258210,4649488,5467609,785744,1756,2573188,297354,3467109,3887404,893800,34435,adios,0,adios,0,adios,0,61.6,64.4,56.0,36.0,69.3,46.0,47,3783000,-1211500,36.0,,,24.44,95240,,1,2000
1790187416,2026-09-23T18:16:56Z,85542,1790101943,6.1.187-android14-11-SAGA,49646d1b0cd1,cc_governor,cc_governor,3942950,261505,4737200,5567391,794248,1791,2635138,301173,3540785,3966286,905550,35017,adios,0,adios,0,adios,0,58.9,63.2,55.4,36.0,69.9,46.5,47,3767000,-1347000,36.0,,,24.76,106148,,1,2000
1790187455,2026-09-23T18:17:35Z,85581,1790101943,6.1.187-android14-11-SAGA,49646d1b0cd1,cc_governor,cc_governor,4015679,264018,4821503,5664023,805834,1867,2687290,304136,3608304,4039644,920986,35706,adios,0,adios,0,adios,0,56.1,57.1,51.5,36.0,59.2,44.4,47,3792000,-747000,37.0,,,23.88,117496,,1,2000
1790187492,2026-09-23T18:18:12Z,85617,1790101943,6.1.187-android14-11-SAGA,49646d1b0cd1,cc_governor,cc_governor,4078264,267652,4894051,5747506,815642,1873,2721375,308638,3655998,4094545,934509,36086,adios,0,adios,0,adios,0,63.1,61.5,56.7,36.0,70.9,46.6,46,3751000,-1727900,36.0,,,25.13,102304,,1,2000
1790187530,2026-09-23T18:18:50Z,85655,1790101943,6.1.187-android14-11-SAGA,49646d1b0cd1,cc_governor,cc_governor,4153410,270221,4979111,5843559,825565,1923,2792696,311659,3739268,4182525,946433,36767,adios,0,adios,0,adios,0,64.0,67.3,,37.0,69.2,47.2,46,3760000,-1396400,37.0,,,24.97,146572,,1,2000
1790187567,2026-09-23T18:19:27Z,85692,1790101943,6.1.187-android14-11-SAGA,49646d1b0cd1,cc_governor,cc_governor,4224729,272879,5060958,5936432,836096,1953,2846863,315310,3806561,4255240,959653,37285,adios,0,adios,0,adios,0,59.9,62.1,55.1,37.0,68.9,46.7,46,3778000,-921000,37.0,,,23.76,88604,,1,2000
1790187604,2026-09-23T18:20:04Z,85729,1790101943,6.1.187-android14-11-SAGA,49646d1b0cd1,cc_governor,cc_governor,4304157,277831,5147060,6035877,842809,1991,2922725,321196,3890292,4347057,967513,37803,adios,0,adios,0,adios,0,67.5,67.9,58.6,37.0,68.4,47.7,46,3763000,-1378700,37.0,,,26.29,116496,,1,2000
1790187641,2026-09-23T18:20:41Z,85767,1790101943,6.1.187-android14-11-SAGA,49646d1b0cd1,cc_governor,cc_governor,4360393,281016,5214952,6116408,854563,2044,2951086,325323,3934584,4397181,983505,38265,adios,0,adios,0,adios,0,55.0,54.0,,37.0,59.4,45.1,46,3785000,-836700,37.0,,,23.94,282896,,1,2000
1790187679,2026-09-23T18:21:19Z,85805,1790101943,6.1.187-android14-11-SAGA,49646d1b0cd1,cc_governor,cc_governor,4422305,286083,5287360,6200708,864874,2054,3022052,330763,4015354,4485096,993186,38769,adios,0,adios,0,adios,0,55.4,54.5,51.9,37.0,62.5,45.6,45,3779000,-1072900,37.0,,,23.91,78992,,1,2000
1790187718,2026-09-23T18:21:58Z,85844,1790101943,6.1.187-android14-11-SAGA,49646d1b0cd1,cc_governor,cc_governor,4523380,288428,5395323,6321099,871928,2151,3090160,335160,4092884,4570162,1002664,39547,adios,0,adios,0,adios,0,67.1,68.5,,37.0,76.5,49.0,45,3750000,-1432400,37.0,,,25.41,357700,,1,2000
1790187757,2026-09-23T18:22:37Z,85882,1790101943,6.1.187-android14-11-SAGA,49646d1b0cd1,cc_governor,cc_governor,4571671,295705,5454838,6396238,883173,2199,3114211,343667,4129396,4615871,1015191,39941,adios,0,adios,0,adios,0,56.3,60.9,53.6,38.0,68.0,46.2,45,3795000,-1043700,37.0,,,23.63,197200,,1,2000
1790187793,2026-09-23T18:23:13Z,85919,1790101943,6.1.187-android14-11-SAGA,49646d1b0cd1,cc_governor,cc_governor,4629438,302735,5521081,6476283,891423,2208,3181304,350290,4204416,4698857,1023039,40354,adios,0,adios,0,adios,0,59.5,62.7,55.8,37.0,70.2,47.0,45,3760000,-1192000,37.0,,,23.68,134516,,1,2000
1790187831,2026-09-23T18:23:51Z,85956,1790101943,6.1.187-android14-11-SAGA,49646d1b0cd1,cc_governor,cc_governor,4712107,308178,5609564,6578993,897355,2247,3256766,356795,4288137,4790648,1031142,40962,adios,0,adios,0,adios,0,63.7,66.4,58.5,38.0,71.9,48.0,44,3758000,-1195000,38.0,,,24.23,133800,,1,2000
1790187869,2026-09-23T18:24:29Z,85994,1790101943,6.1.187-android14-11-SAGA,49646d1b0cd1,cc_governor,cc_governor,4771685,314253,5678919,6663733,907233,2288,3290757,364406,4334511,4845625,1043730,41528,adios,0,adios,0,adios,0,56.7,57.1,52.5,38.0,57.2,45.3,44,3787000,-800700,38.0,,,22.46,79696,,1,2000
1790187906,2026-09-23T18:25:06Z,86031,1790101943,6.1.187-android14-11-SAGA,49646d1b0cd1,cc_governor,cc_governor,4816788,325122,5731108,6733258,914077,2296,3340657,375804,4390454,4914161,1049638,41938,adios,0,adios,0,adios,0,56.1,58.8,53.7,37.0,68.6,45.8,44,3759000,-1329900,37.0,,,23.08,82996,,1,2000
1790187944,2026-09-23T18:25:44Z,86069,1790101943,6.1.187-android14-11-SAGA,49646d1b0cd1,cc_governor,cc_governor,4890105,327290,5814751,6829082,924619,2331,3371451,380556,4435969,4965687,1064518,42554,adios,0,adios,0,adios,0,52.4,58.4,52.6,37.0,60.8,44.3,44,3751000,-637200,37.0,,,21.75,136808,,1,2000
1790187980,2026-09-23T18:26:20Z,86105,1790101943,6.1.187-android14-11-SAGA,49646d1b0cd1,cc_governor,cc_governor,4947421,332661,5880563,6910394,933072,2338,3380113,387253,4456952,4993991,1076854,42850,adios,0,adios,0,adios,0,51.4,52.8,49.6,37.0,57.5,43.4,44,3788000,-942900,37.0,,,21.04,88268,,1,2000
1790188015,2026-09-23T18:26:55Z,86141,1790101943,6.1.187-android14-11-SAGA,49646d1b0cd1,cc_governor,cc_governor,5007083,338450,5947452,6993506,940341,2340,3387462,395485,4476041,5021668,1088570,43147,adios,0,adios,0,adios,0,52.4,52.7,50.2,36.0,59.0,42.9,43,3791000,-1070500,36.0,,,19.81,119084,,1,2000
1790188051,2026-09-23T18:27:31Z,86176,1790101943,6.1.187-android14-11-SAGA,49646d1b0cd1,cc_governor,cc_governor,5051646,340613,6003931,7060901,952284,2355,3404166,398038,4505431,5056867,1101267,43489,adios,0,adios,0,adios,0,54.1,57.2,52.6,37.0,62.7,45.0,43,3761000,-1290800,36.0,,,23.91,946176,,1,2000
1790188087,2026-09-23T18:28:07Z,86212,1790101943,6.1.187-android14-11-SAGA,49646d1b0cd1,cc_governor,cc_governor,5080399,343124,6047971,7117483,967574,2361,3416736,399683,4529821,5084401,1113085,43791,adios,0,adios,0,adios,0,50.7,51.5,48.2,37.0,55.1,43.0,43,3791000,-487600,36.0,,,21.78,183136,,1,2000
1790188122,2026-09-23T18:28:42Z,86248,1790101943,6.1.187-android14-11-SAGA,49646d1b0cd1,cc_governor,cc_governor,5098800,347551,6080327,7160496,981527,2365,3422696,402142,4542582,5100430,1119886,44137,adios,0,adios,0,adios,0,48.2,48.1,,36.0,57.1,41.3,43,3813000,-549900,36.0,,,19.37,163732,,1,2000
1790188158,2026-09-23T18:29:18Z,86283,1790101943,6.1.187-android14-11-SAGA,49646d1b0cd1,cc_governor,cc_governor,5111520,352339,6102890,7188988,991369,2367,3431080,404186,4554834,5116900,1123754,44406,adios,0,adios,0,adios,0,46.3,49.6,,36.0,49.8,40.1,43,3808000,-666500,36.0,,,18.16,213760,,1,2000
1790188193,2026-09-23T18:29:53Z,86318,1790101943,6.1.187-android14-11-SAGA,49646d1b0cd1,cc_governor,cc_governor,5127632,358362,6129104,7227700,1001471,2396,3441559,406180,4572378,5138752,1130831,44704,adios,0,adios,0,adios,0,61.6,59.7,56.7,35.0,65.2,44.1,43,3888000,945400,35.0,,,17.82,123328,,1,2000
1790188234,2026-09-23T18:30:34Z,86360,1790101943,6.1.187-android14-11-SAGA,49646d1b0cd1,cc_governor,cc_governor,5,256,602,934,597,0,18,49,34,89,16,16,adios,0,adios,0,adios,0,41.7,42.1,,36.0,45.6,38.7,43,3935000,1240800,35.0,,,29.48,122176,,1,2000
1790188301,2026-09-23T18:31:41Z,86427,1790101943,6.1.187-android14-11-SAGA,49646d1b0cd1,cc_governor,cc_governor,11,0,425,480,425,0,282,0,398,402,122,16,adios,0,adios,0,adios,0,39.9,40.8,,35.0,42.7,36.5,44,3952000,1404400,35.0,,,79.46,113056,,1,2000
1790188400,2026-09-23T18:33:20Z,86526,1790101943,6.1.187-android14-11-SAGA,49646d1b0cd1,cc_governor,cc_governor,5,0,100,129,103,0,28,0,59,62,34,3,adios,0,adios,0,adios,0,38.9,38.8,,34.0,40.0,35.0,45,3969000,1492900,34.0,,,51.11,109764,,1,2000
1790188505,2026-09-23T18:35:05Z,86631,1790101943,6.1.187-android14-11-SAGA,49646d1b0cd1,cc_governor,cc_governor,2,0,123,151,130,0,5,0,55,62,54,16,adios,0,adios,0,adios,0,37.4,38.0,,33.0,41.9,35.0,46,3974000,1380000,33.0,,,33.57,122448,,1,2000
1790188636,2026-09-23T18:37:16Z,86761,1790101943,6.1.187-android14-11-SAGA,49646d1b0cd1,cc_governor,cc_governor,0,0,84,112,11,0,34,0,61,68,32,6,adios,0,adios,0,adios,0,36.8,38.3,,32.0,38.1,33.4,47,3980000,1386700,32.0,,,25.51,123976,,1,2000
1790188741,2026-09-23T18:39:01Z,86866,1790101943,6.1.187-android14-11-SAGA,49646d1b0cd1,cc_governor,cc_governor,24,0,327,373,317,0,14,0,115,116,105,13,adios,0,adios,0,adios,0,37.5,37.5,,32.0,39.8,33.9,48,3994000,1330500,32.0,,,38.11,124172,,1,2000
1790188818,2026-09-23T18:40:18Z,86944,1790101943,6.1.187-android14-11-SAGA,49646d1b0cd1,cc_governor,cc_governor,1,0,216,240,223,0,111,0,179,193,79,17,adios,0,adios,0,adios,0,36.8,36.5,,32.0,39.6,33.5,49,4004000,1320100,32.0,,,30.59,119672,,1,2000
1790188924,2026-09-23T18:42:04Z,87050,1790101943,6.1.187-android14-11-SAGA,49646d1b0cd1,cc_governor,cc_governor,2744,128,4247,5119,1468,14,2502,125,3574,4150,1084,35,adios,0,adios,0,adios,0,51.5,53.7,,32.0,49.9,37.1,49,3984000,974700,31.0,,,26.16,130464,,1,2000
1790188960,2026-09-23T18:42:40Z,87086,1790101943,6.1.187-android14-11-SAGA,49646d1b0cd1,cc_governor,cc_governor,59,0,1279,1357,1231,0,7,0,172,222,7,2,adios,0,adios,0,adios,0,39.2,40.1,,32.0,42.7,34.6,50,4009000,1303700,32.0,,,22.74,271868,,1,2000
1790188996,2026-09-23T18:43:16Z,87121,1790101943,6.1.187-android14-11-SAGA,49646d1b0cd1,cc_governor,cc_governor,220,7153,5193,13046,4988,2,12,182,1090,1345,1083,301,adios,0,adios,0,adios,0,36.7,37.9,,32.0,40.4,33.9,50,3998000,1315900,32.0,,,19.08,278420,,1,2000
1790189048,2026-09-23T18:44:08Z,87174,1790101943,6.1.187-android14-11-SAGA,49646d1b0cd1,cc_governor,cc_governor,4,0,79,91,91,0,13,0,51,57,42,17,adios,0,adios,0,adios,0,36.7,38.4,,31.0,43.1,33.5,50,4021000,1337800,31.0,,,17.22,271040,,1,2000
1790189144,2026-09-23T18:45:44Z,87269,1790101943,6.1.187-android14-11-SAGA,49646d1b0cd1,cc_governor,cc_governor,11,0,502,533,507,0,24,0,116,120,100,16,adios,0,adios,0,adios,0,36.6,35.7,,31.0,40.7,32.5,51,4034000,1510600,31.0,,,16.37,224136,,1,2000
1790189274,2026-09-23T18:47:54Z,87399,1790101943,6.1.187-android14-11-SAGA,49646d1b0cd1,cc_governor,cc_governor,3,0,252,273,266,0,0,0,42,46,47,15,adios,0,adios,0,adios,0,35.4,36.3,,31.0,38.6,32.4,52,4046000,1427600,31.0,,,15.42,220604,,1,2000
1790189319,2026-09-23T18:48:39Z,87444,1790101943,6.1.187-android14-11-SAGA,49646d1b0cd1,cc_governor,cc_governor,242,6479,2833,12724,2602,1,87,277,294,595,211,18,adios,0,adios,0,adios,0,37.5,38.2,,31.0,40.3,33.6,53,4044000,1146200,31.0,,,15.30,117320,,1,2000
1790189354,2026-09-23T18:49:14Z,87479,1790101943,6.1.187-android14-11-SAGA,49646d1b0cd1,cc_governor,cc_governor,383,10516,7226,25777,6852,3,107,901,1011,2393,908,328,adios,0,adios,0,adios,0,37.9,37.8,,31.0,40.4,34.0,53,4027000,1160200,31.0,,,15.12,139740,,1,2000
1790189389,2026-09-23T18:49:50Z,87515,1790101943,6.1.187-android14-11-SAGA,49646d1b0cd1,cc_governor,cc_governor,485,14742,11835,38234,11350,4,113,1353,1833,6548,1720,659,adios,0,adios,0,adios,0,38.1,37.8,,31.0,41.3,34.5,53,4034000,1502600,31.0,,,14.95,164224,,1,2000
1790189425,2026-09-23T18:50:25Z,87551,1790101943,6.1.187-android14-11-SAGA,49646d1b0cd1,cc_governor,cc_governor,4416,20306,21399,57490,16994,7,3700,2480,7673,18649,3979,980,adios,0,adios,0,adios,0,44.9,45.2,,31.0,49.0,36.8,54,4012000,872800,31.0,,,15.72,221948,,1,2000
1790189463,2026-09-23T18:51:03Z,87589,1790101943,6.1.187-android14-11-SAGA,49646d1b0cd1,cc_governor,cc_governor,66,340,455,910,400,0,22,0,42,45,25,4,adios,0,adios,0,adios,0,39.2,40.6,,32.0,41.9,34.5,54,4055000,1455600,32.0,,,15.68,179968,,1,2000
1790189550,2026-09-23T18:52:30Z,87675,1790101943,6.1.187-android14-11-SAGA,49646d1b0cd1,cc_governor,cc_governor,0,0,57,67,73,0,57,0,95,99,42,12,adios,0,adios,0,adios,0,36.6,39.7,,31.0,39.9,33.3,55,4055000,1190700,31.0,,,15.42,128224,,1,2000
1790189642,2026-09-23T18:54:02Z,87767,1790101943,6.1.187-android14-11-SAGA,49646d1b0cd1,cc_governor,cc_governor,15088,988,21927,28887,6821,15,6315,453,11657,13803,5354,436,adios,0,adios,0,adios,0,45.9,43.4,41.6,31.0,48.0,36.2,55,4046000,1066800,31.0,,,16.48,118236,,1,2000
1790189678,2026-09-23T18:54:38Z,87803,1790101943,6.1.187-android14-11-SAGA,49646d1b0cd1,cc_governor,cc_governor,20358,10058,38094,64711,17736,18,9415,1179,20768,26459,11353,785,adios,0,adios,0,adios,0,38.9,38.5,,31.0,41.4,34.6,56,4061000,1201100,31.0,,,16.53,122168,,1,2000
1790189713,2026-09-23T18:55:13Z,87838,1790101943,6.1.187-android14-11-SAGA,49646d1b0cd1,cc_governor,cc_governor,22102,23796,43707,85483,21605,21,9727,2933,21385,28882,11658,1099,adios,0,adios,0,adios,0,38.8,39.6,,31.0,43.0,34.8,56,4035000,1204800,31.0,,,16.28,106744,,1,2000
1790189748,2026-09-23T18:55:48Z,87873,1790101943,6.1.187-android14-11-SAGA,49646d1b0cd1,cc_governor,cc_governor,25131,30448,57587,107861,32455,25,10570,4308,23927,33113,13357,1396,adios,0,adios,0,adios,0,39.7,41.0,,31.0,42.5,35.2,56,4064000,1142500,31.0,,,16.95,151336,,1,2000
1790189783,2026-09-23T18:56:23Z,87909,1790101943,6.1.187-android14-11-SAGA,49646d1b0cd1,cc_governor,cc_governor,934,4898,2513,7841,1592,0,1350,931,2028,3369,683,18,adios,0,adios,0,adios,0,42.1,43.7,,31.0,48.4,36.0,56,4061000,1074200,31.0,,,17.30,180856,,1,2000
1790189819,2026-09-23T18:56:59Z,87944,1790101943,6.1.187-android14-11-SAGA,49646d1b0cd1,cc_governor,cc_governor,11730,15297,16931,33867,5201,3,7275,4169,9815,15510,2540,301,adios,0,adios,0,adios,0,41.5,42.0,,32.0,44.5,35.7,57,4074000,1244500,32.0,,,16.72,99168,,1,2000
1790189854,2026-09-23T18:57:34Z,87979,1790101943,6.1.187-android14-11-SAGA,49646d1b0cd1,cc_governor,cc_governor,12897,23922,21175,47475,8278,6,7308,6275,10725,18864,3417,585,adios,0,adios,0,adios,0,41.4,40.7,,32.0,44.7,35.5,57,4085000,1101600,32.0,,,16.27,76952,,1,2000
1790189889,2026-09-23T18:58:09Z,88015,1790101943,6.1.187-android14-11-SAGA,49646d1b0cd1,cc_governor,cc_governor,13678,32858,24432,60421,10753,9,7383,8537,11273,21945,3890,881,adios,0,adios,0,adios,3,41.2,40.8,,32.0,45.2,35.4,57,4085000,1396400,32.0,,,16.15,105320,,1,2000
1790189924,2026-09-23T18:58:44Z,88050,1790101943,6.1.187-android14-11-SAGA,49646d1b0cd1,cc_governor,cc_governor,17665,42874,32239,79548,14565,10,12063,12095,18103,34284,6040,1187,adios,0,adios,0,adios,0,43.3,42.1,,32.0,46.1,36.1,58,4087000,1243200,32.0,,,16.12,134096,,1,2000
1790189959,2026-09-23T18:59:19Z,88085,1790101943,6.1.187-android14-11-SAGA,49646d1b0cd1,cc_governor,cc_governor,19120,51331,37269,93890,18155,11,12312,13612,19807,37908,7504,1450,adios,0,adios,0,adios,0,41.2,41.1,,32.0,44.7,35.7,58,4080000,1161400,32.0,,,16.06,125844,,1,2000
1790190002,2026-09-23T19:00:02Z,88127,1790101943,6.1.187-android14-11-SAGA,49646d1b0cd1,cc_governor,cc_governor,31,12,389,425,379,0,16,18,79,100,67,14,adios,0,adios,0,adios,0,38.8,41.5,,32.0,41.3,34.9,58,4089000,1353100,32.0,,,15.64,120404,,1,2000
1790190041,2026-09-23T19:00:41Z,88166,1790101943,6.1.187-android14-11-SAGA,49646d1b0cd1,cc_governor,cc_governor,2,0,198,215,211,0,10,0,73,75,67,17,adios,0,adios,0,adios,0,37.3,37.7,,32.0,46.1,34.5,59,4093000,1273800,32.0,,,25.63,99816,,1,2000
1790190076,2026-09-23T19:01:16Z,88201,1790101943,6.1.187-android14-11-SAGA,49646d1b0cd1,cc_governor,cc_governor,400,4048,6208,11180,5808,0,522,553,1826,2662,1304,327,adios,0,adios,0,adios,0,37.7,38.3,,32.0,41.3,34.4,59,4108000,1350700,32.0,,,20.85,123048,,1,2000
1790190111,2026-09-23T19:01:51Z,88237,1790101943,6.1.187-android14-11-SAGA,49646d1b0cd1,cc_governor,cc_governor,508,9772,7657,19038,7149,3,549,1728,1907,3959,1358,632,adios,0,adios,0,adios,0,36.5,37.4,,32.0,41.0,33.9,59,4112000,1470900,32.0,,,18.16,146744,,1,2000
1790190197,2026-09-23T19:03:17Z,88322,1790101943,6.1.187-android14-11-SAGA,49646d1b0cd1,cc_governor,cc_governor,2592,7,3658,4200,1009,5,1973,3,2958,3377,999,42,adios,0,adios,0,adios,0,47.7,44.9,42.1,31.0,48.3,35.7,60,4091000,856900,31.0,,,17.56,166204,,1,2000
1790190233,2026-09-23T19:03:53Z,88358,1790101943,6.1.187-android14-11-SAGA,49646d1b0cd1,cc_governor,cc_governor,18629,233,40511,60219,21900,18,10117,128,27178,32937,17084,402,adios,0,adios,0,adios,0,45.5,46.7,43.9,31.0,49.2,37.8,60,4056000,603600,31.0,,,18.27,99336,,1,2000
1790190269,2026-09-23T19:04:29Z,88394,1790101943,6.1.187-android14-11-SAGA,49646d1b0cd1,cc_governor,cc_governor,28113,488,71758,108913,43653,20,11066,206,39183,46045,28128,742,adios,0,adios,0,adios,0,47.6,48.9,45.5,32.0,52.2,39.3,60,4065000,565700,32.0,,,19.07,127908,,1,2000
1790190305,2026-09-23T19:05:05Z,88430,1790101943,6.1.187-android14-11-SAGA,49646d1b0cd1,cc_governor,cc_governor,35144,2166,97603,146066,62479,22,12385,670,47589,55887,35215,1063,adios,0,adios,0,adios,0,45.6,45.5,,32.0,46.8,38.4,60,4093000,951500,32.0,,,18.52,344740,,1,2000
1790190343,2026-09-23T19:05:44Z,88469,1790101943,6.1.187-android14-11-SAGA,49646d1b0cd1,cc_governor,cc_governor,9,0,409,435,414,0,65,0,150,154,89,18,adios,0,adios,0,adios,0,39.0,38.3,,33.0,43.6,36.1,61,4110000,1096100,33.0,,,17.51,373108,,1,2000
1790190403,2026-09-23T19:06:43Z,88528,1790101943,6.1.187-android14-11-SAGA,49646d1b0cd1,cc_governor,cc_governor,329,2865,4369,7667,4056,0,8,0,33,41,40,5,adios,0,adios,0,adios,0,40.4,42.5,,33.0,45.1,36.2,61,4128000,1304900,33.0,,,16.27,370920,,1,2000
1790190522,2026-09-23T19:08:42Z,88647,1790101943,6.1.187-android14-11-SAGA,49646d1b0cd1,cc_governor,cc_governor,6,0,348,406,355,0,0,0,51,55,56,16,adios,0,adios,0,adios,0,35.7,36.8,,32.0,39.6,33.6,62,4137000,693300,32.0,,,35.42,395616,,1,2000
1790190624,2026-09-23T19:10:24Z,88750,1790101943,6.1.187-android14-11-SAGA,49646d1b0cd1,cc_governor,cc_governor,4,0,90,108,100,0,0,0,56,61,61,13,adios,0,adios,0,adios,0,37.0,36.7,,32.0,38.6,33.0,63,4162000,1363500,32.0,,,30.59,303604,,1,2000
1790190727,2026-09-23T19:12:07Z,88852,1790101943,6.1.187-android14-11-SAGA,49646d1b0cd1,cc_governor,cc_governor,7,0,88,102,96,0,23,0,70,71,50,16,adios,0,adios,0,adios,0,35.7,36.8,,32.0,36.4,32.8,64,4177000,1472100,32.0,,,29.00,298216,,1,2000
1790190896,2026-09-23T19:14:56Z,89021,1790101943,6.1.187-android14-11-SAGA,49646d1b0cd1,cc_governor,cc_governor,57,0,833,898,790,0,130,0,274,279,148,19,adios,0,adios,0,adios,0,35.9,36.2,,31.0,36.5,32.3,66,4183000,1394000,31.0,,,22.14,213428,,1,2000
1790190984,2026-09-23T19:16:24Z,89109,1790101943,6.1.187-android14-11-SAGA,49646d1b0cd1,cc_governor,cc_governor,17,0,181,205,177,0,147,0,220,224,79,16,adios,0,adios,0,adios,0,35.8,35.7,,31.0,38.4,32.8,66,4186000,1321400,31.0,,,19.00,194484,,1,2000
1790191037,2026-09-23T19:17:17Z,89163,1790101943,6.1.187-android14-11-SAGA,49646d1b0cd1,cc_governor,cc_governor,13825,269,19576,23218,5764,6,8345,247,13206,15086,4873,142,adios,0,adios,0,adios,0,46.2,46.2,,31.0,48.7,36.7,67,4167000,1140700,31.0,,,22.00,129540,,1,2000
1790191073,2026-09-23T19:17:53Z,89198,1790101943,6.1.187-android14-11-SAGA,49646d1b0cd1,cc_governor,cc_governor,24879,5044,47738,67050,22858,8,11270,3284,26067,31548,14788,470,adios,0,adios,0,adios,0,45.0,44.1,,31.0,44.0,36.2,67,4179000,1216400,31.0,,,20.67,103344,,1,2000
1790191108,2026-09-23T19:18:28Z,89234,1790101943,6.1.187-android14-11-SAGA,49646d1b0cd1,cc_governor,cc_governor,591,2645,1714,4594,1119,0,546,790,1190,2161,647,11,adios,0,adios,0,adios,11,42.7,41.3,,31.0,49.4,35.9,67,4184000,1383600,31.0,,,19.24,132452,,1,2000
1790191144,2026-09-23T19:19:04Z,89269,1790101943,6.1.187-android14-11-SAGA,49646d1b0cd1,cc_governor,cc_governor,10834,10221,16034,27719,5200,2,6669,4242,9220,15023,2551,300,adios,0,adios,0,adios,0,40.8,40.6,,31.0,44.8,35.1,67,4189000,1169400,31.0,,,18.16,91072,,1,2000
1790191179,2026-09-23T19:19:39Z,89304,1790101943,6.1.187-android14-11-SAGA,49646d1b0cd1,cc_governor,cc_governor,15501,17325,24850,44692,9348,5,7430,6876,12087,21734,4665,600,adios,0,adios,0,adios,0,43.5,43.8,,31.0,46.6,35.8,68,4197000,1190700,31.0,,,17.43,162160,,1,2000
1790191214,2026-09-23T19:20:14Z,89339,1790101943,6.1.187-android14-11-SAGA,49646d1b0cd1,cc_governor,cc_governor,19942,23965,33032,60316,13090,5,7942,9419,14368,27015,6426,853,adios,0,adios,0,adios,0,41.2,41.2,,31.0,47.0,35.4,68,4188000,1282900,31.0,,,17.15,330332,,1,2000
1790191250,2026-09-23T19:20:50Z,89375,1790101943,6.1.187-android14-11-SAGA,49646d1b0cd1,cc_governor,cc_governor,20601,32559,34210,70698,13608,6,7953,12076,14529,30030,6576,1156,adios,0,adios,0,adios,0,40.8,42.9,,31.0,44.5,34.9,68,4208000,1423300,31.0,,,16.59,205776,,1,2000
1790191285,2026-09-23T19:21:25Z,89410,1790101943,6.1.187-android14-11-SAGA,49646d1b0cd1,cc_governor,cc_governor,21288,40114,36496,81311,15201,9,8008,14560,15035,33334,7027,1469,adios,0,adios,0,adios,91,46.0,43.5,,31.0,55.0,35.7,69,4168000,905700,31.0,,,16.28,104580,,1,2000
1790191329,2026-09-23T19:22:09Z,89454,1790101943,6.1.187-android14-11-SAGA,49646d1b0cd1,cc_governor,cc_governor,31,0,133,165,96,0,97,0,193,196,103,8,adios,0,adios,0,adios,0,38.2,38.4,,31.0,40.8,34.0,69,4209000,1260900,31.0,,,15.58,122960,,1,2000
1790191409,2026-09-23T19:23:29Z,89534,1790101943,6.1.187-android14-11-SAGA,49646d1b0cd1,cc_governor,cc_governor,3,0,408,451,414,0,0,0,49,51,53,16,adios,0,adios,0,adios,0,36.1,36.5,,31.0,39.0,33.0,70,4226000,1340300,31.0,,,15.24,71720,,1,2000
1790191496,2026-09-23T19:24:56Z,89621,1790101943,6.1.187-android14-11-SAGA,49646d1b0cd1,cc_governor,cc_governor,0,0,109,134,121,0,0,0,41,46,45,14,adios,0,adios,0,adios,0,35.1,36.3,,31.0,37.2,31.9,70,4241000,1416000,31.0,,,14.89,141488,,1,2000
1790191649,2026-09-23T19:27:29Z,89774,1790101943,6.1.187-android14-11-SAGA,49646d1b0cd1,cc_governor,cc_governor,3312,82,4074,5196,778,2,1681,66,2339,2694,675,40,adios,0,adios,0,adios,0,43.5,45.8,,30.0,45.4,34.6,72,4191000,360700,30.0,,,15.22,71712,,1,2000
1790191686,2026-09-23T19:28:06Z,89812,1790101943,6.1.187-android14-11-SAGA,49646d1b0cd1,cc_governor,cc_governor,37954,1146,56758,68740,18780,43,15769,898,29342,32813,13573,449,adios,0,adios,0,adios,0,39.8,41.6,,30.0,46.5,34.8,72,4221000,983800,30.0,,,16.62,77588,,1,2000
1790191722,2026-09-23T19:28:42Z,89847,1790101943,6.1.187-android14-11-SAGA,49646d1b0cd1,cc_governor,cc_governor,61562,9420,90920,117351,29358,46,22472,5279,41836,50446,19364,769,adios,0,adios,0,adios,0,41.0,37.3,,30.0,40.0,34.0,72,4251000,1116900,30.0,,,16.73,223548,,1,2000
1790191795,2026-09-23T19:29:55Z,89921,1790101943,6.1.187-android14-11-SAGA,49646d1b0cd1,cc_governor,cc_governor,33,0,342,392,333,0,97,0,224,230,133,15,adios,0,adios,0,adios,0,35.9,37.1,40.2,30.0,46.4,34.6,73,4238000,900800,30.0,,,17.14,92580,,1,2000
1790191832,2026-09-23T19:30:32Z,89958,1790101943,6.1.187-android14-11-SAGA,49646d1b0cd1,cc_governor,cc_governor,39149,1322,54934,68707,15726,95,20984,1105,35134,39318,14081,469,adios,0,adios,0,adios,0,50.9,47.1,,30.0,46.4,37.0,73,4238000,1217600,30.0,,,18.33,125168,,1,2000
1790191868,2026-09-23T19:31:08Z,89994,1790101943,6.1.187-android14-11-SAGA,49646d1b0cd1,cc_governor,cc_governor,61145,3371,94527,116170,33381,100,27615,2351,51961,58246,24353,797,adios,0,adios,0,adios,0,42.4,42.1,,30.0,48.3,36.3,73,4238000,1049100,30.0,,,20.22,124328,,1,2000
1790191904,2026-09-23T19:31:44Z,90029,1790101943,6.1.187-android14-11-SAGA,49646d1b0cd1,cc_governor,cc_governor,66342,9719,110415,141121,44071,105,29292,3493,56914,64738,27622,1100,adios,0,adios,0,adios,0,38.1,39.9,,30.0,41.2,34.2,73,4257000,1311000,31.0,,,18.67,84132,,1,2000
1790191939,2026-09-23T19:32:19Z,90064,1790101943,6.1.187-android14-11-SAGA,49646d1b0cd1,cc_governor,cc_governor,68587,17694,120449,161128,51870,106,29603,5350,58485,68352,28883,1400,adios,0,adios,0,adios,0,37.8,38.5,36.6,30.0,41.2,34.0,74,4256000,1295700,30.0,,,17.38,122612,,1,2000
1790191974,2026-09-23T19:32:54Z,90100,1790101943,6.1.187-android14-11-SAGA,49646d1b0cd1,cc_governor,cc_governor,70690,30165,125780,180849,55076,108,29829,7574,59434,71562,29605,1714,adios,0,adios,0,adios,0,37.8,40.2,,31.0,43.1,33.8,74,4260000,1211500,31.0,,,16.79,106640,,1,2000
1790192010,2026-09-23T19:33:30Z,90135,1790101943,6.1.187-android14-11-SAGA,49646d1b0cd1,cc_governor,cc_governor,76674,39287,139201,205733,62540,113,30287,9371,62098,76112,31817,2021,adios,0,adios,0,adios,0,37.4,38.9,,31.0,41.5,33.8,74,4263000,1102900,31.0,,,16.66,85844,,1,2000
1790192045,2026-09-23T19:34:05Z,90170,1790101943,6.1.187-android14-11-SAGA,49646d1b0cd1,cc_governor,cc_governor,78932,50346,145745,225236,66813,115,30780,11425,63622,79807,32852,2321,adios,0,adios,0,adios,0,39.5,39.8,,31.0,41.5,34.4,75,4261000,1176700,31.0,,,16.85,78572,,1,2000
1790192080,2026-09-23T19:34:40Z,90205,1790101943,6.1.187-android14-11-SAGA,49646d1b0cd1,cc_governor,cc_governor,93555,57667,171360,263182,77783,117,32050,13963,70956,90024,38906,2612,adios,0,adios,0,adios,0,39.6,39.4,,31.0,43.2,35.0,75,4262000,949000,31.0,,,17.17,89880,,1,2000
1790192115,2026-09-23T19:35:15Z,90241,1790101943,6.1.187-android14-11-SAGA,49646d1b0cd1,cc_governor,cc_governor,96635,67330,180795,284370,84160,119,32813,16089,73180,94473,40367,2910,adios,0,adios,0,adios,0,38.0,38.6,,31.0,41.4,34.2,75,4271000,1115700,31.0,,,16.62,78244,,1,2000
1790192150,2026-09-23T19:35:51Z,90276,1790101943,6.1.187-android14-11-SAGA,49646d1b0cd1,cc_governor,cc_governor,97773,76063,184935,299051,87162,122,32941,17982,74166,97448,41225,3210,adios,0,adios,0,adios,0,37.8,38.1,,31.0,41.8,34.1,75,4272000,1050400,31.0,,,16.13,74976,,1,2000
1790192186,2026-09-23T19:36:26Z,90311,1790101943,6.1.187-android14-11-SAGA,49646d1b0cd1,cc_governor,cc_governor,99682,85505,190163,315710,90481,124,33954,20257,75950,101698,41996,3519,adios,0,adios,0,adios,0,38.5,38.6,,31.0,42.1,34.3,76,4244000,408300,31.0,,,16.03,81952,,1,2000
1790192221,2026-09-23T19:37:01Z,90347,1790101943,6.1.187-android14-11-SAGA,49646d1b0cd1,cc_governor,cc_governor,106953,91781,203582,337299,96647,131,39912,22796,84618,114410,44718,3842,adios,0,adios,0,adios,0,41.2,40.6,,31.0,46.5,34.9,76,4282000,542600,31.0,,,16.44,129404,,1,2000
1790192257,2026-09-23T19:37:37Z,90382,1790101943,6.1.187-android14-11-SAGA,49646d1b0cd1,cc_governor,cc_governor,130615,93994,237642,377526,107036,211,51259,24475,101323,135074,50064,4302,adios,0,adios,0,adios,0,38.0,39.2,,31.0,40.8,34.5,76,4173000,-194700,31.0,,,20.28,118076,,1,2000
1790192334,2026-09-23T19:38:54Z,90459,1790101943,6.1.187-android14-11-SAGA,49646d1b0cd1,cc_governor,cc_governor,26,0,181,210,164,0,76,0,140,50,23,1,adios,0,adios,0,adios,0,35.4,35.2,,31.0,41.0,33.4,76,4169000,-340500,31.0,,,18.10,164816,,1,2000
1790192405,2026-09-23T19:40:05Z,90530,1790101943,6.1.187-android14-11-SAGA,49646d1b0cd1,cc_governor,cc_governor,94,0,583,614,495,0,49,0,188,191,145,12,adios,0,adios,0,adios,0,38.8,39.4,,32.0,44.2,34.7,76,4154000,-471100,32.0,,,39.24,106892,,1,2000
1790192492,2026-09-23T19:41:32Z,90617,1790101943,6.1.187-android14-11-SAGA,49646d1b0cd1,cc_governor,cc_governor,4,0,207,222,215,0,9,0,63,65,59,16,adios,0,adios,0,adios,0,39.8,39.9,,32.0,42.5,35.6,76,4155000,-362500,33.0,,,29.28,135424,,1,2000
1790192580,2026-09-23T19:43:00Z,90705,1790101943,6.1.187-android14-11-SAGA,49646d1b0cd1,cc_governor,cc_governor,16,0,734,815,734,0,457,0,612,617,160,19,adios,0,adios,0,adios,0,39.3,38.5,,33.0,41.5,35.3,76,4143000,-521800,33.0,,,23.27,168632,,1,2000
1790192645,2026-09-23T19:44:05Z,90771,1790101943,6.1.187-android14-11-SAGA,49646d1b0cd1,cc_governor,cc_governor,11221,623,17710,21577,6476,58,6784,207,10809,12094,4037,48,adios,0,adios,0,adios,0,45.3,51.5,45.3,33.0,51.2,39.1,75,4226000,924600,33.0,,,21.46,112216,,1,2000
1790192681,2026-09-23T19:44:41Z,90807,1790101943,6.1.187-android14-11-SAGA,49646d1b0cd1,cc_governor,cc_governor,24206,3942,45020,58371,20770,68,19369,967,30804,34033,11406,415,adios,0,adios,0,adios,43,55.5,62.7,53.5,34.0,68.9,42.0,76,4213000,598700,34.0,,,20.60,147452,,1,2000
1790192719,2026-09-23T19:45:19Z,90845,1790101943,6.1.187-android14-11-SAGA,49646d1b0cd1,cc_governor,cc_governor,38542,12870,72539,100797,34017,110,34093,8586,56361,68552,22289,934,adios,0,adios,0,adios,10,50.2,48.6,45.1,34.0,49.4,39.8,76,4240000,972200,34.0,,,20.24,264368,,1,2000
1790192755,2026-09-23T19:45:55Z,90881,1790101943,6.1.187-android14-11-SAGA,49646d1b0cd1,cc_governor,cc_governor,59644,15787,111301,148304,51668,116,39469,10354,73953,88457,34505,1287,adios,0,adios,0,adios,0,45.3,46.7,44.0,34.0,48.7,39.4,76,4246000,963100,34.0,,,19.78,174408,,1,2000
1790192795,2026-09-23T19:46:35Z,90920,1790101943,6.1.187-android14-11-SAGA,49646d1b0cd1,cc_governor,cc_governor,13,0,240,266,238,0,4,0,48,54,50,16,adios,0,adios,0,adios,0,40.8,39.5,,34.0,43.0,36.7,76,4282000,1271300,34.0,,,18.52,182120,,1,2000
1790192849,2026-09-23T19:47:29Z,90974,1790101943,6.1.187-android14-11-SAGA,49646d1b0cd1,cc_governor,cc_governor,0,0,18,26,29,0,8,0,42,51,37,10,adios,0,adios,0,adios,0,40.1,41.0,,34.0,42.7,35.5,77,4292000,1381200,34.0,,,17.30,165240,,1,2000
1790192999,2026-09-23T19:49:59Z,91124,1790101943,6.1.187-android14-11-SAGA,49646d1b0cd1,cc_governor,cc_governor,4,0,516,577,518,0,6,0,56,60,56,15,adios,0,adios,0,adios,0,38.6,40.1,,32.0,44.8,34.5,78,4304000,1243200,32.0,,,16.23,157528,,1,2000
1790193146,2026-09-23T19:52:26Z,91271,1790101943,6.1.187-android14-11-SAGA,49646d1b0cd1,cc_governor,cc_governor,0,0,198,217,209,0,10,0,62,64,56,13,adios,0,adios,0,adios,0,36.1,37.0,,31.0,39.7,33.3,80,4331000,1237100,31.0,,,15.52,124844,,1,2000
1790193258,2026-09-23T19:54:18Z,91383,1790101943,6.1.187-android14-11-SAGA,49646d1b0cd1,cc_governor,cc_governor,5,0,278,315,281,0,70,0,139,143,74,0,adios,0,adios,0,adios,0,35.3,37.4,,31.0,39.3,32.8,81,4341000,1499000,31.0,,,20.04,135284,,1,2000
1790193323,2026-09-23T19:55:23Z,91448,1790101943,6.1.187-android14-11-SAGA,49646d1b0cd1,cc_governor,cc_governor,5756,3772,9479,14365,3720,0,6070,2363,8331,12965,2261,18,adios,0,adios,0,adios,61,42.4,41.1,,31.0,42.5,34.2,81,4318000,780600,31.0,,,19.20,139968,,1,2000
1790193359,2026-09-23T19:55:59Z,91484,1790101943,6.1.187-android14-11-SAGA,49646d1b0cd1,cc_governor,cc_governor,12218,11803,19527,33544,7309,1,9387,4861,13379,21410,3992,298,adios,0,adios,0,adios,0,40.2,39.4,,31.0,43.1,34.2,81,4347000,1105300,31.0,,,17.81,109772,,1,2000
1790193394,2026-09-23T19:56:34Z,91520,1790101943,6.1.187-android14-11-SAGA,49646d1b0cd1,cc_governor,cc_governor,13743,19037,25530,47799,11772,2,9483,6923,14923,25716,5440,602,adios,0,adios,0,adios,0,40.0,41.3,,31.0,42.9,34.4,82,4354000,1313400,31.0,,,16.88,92888,,1,2000
1790193430,2026-09-23T19:57:10Z,91555,1790101943,6.1.187-android14-11-SAGA,49646d1b0cd1,cc_governor,cc_governor,14362,25971,27727,57765,13372,3,9497,9309,15475,29003,5986,902,adios,0,adios,0,adios,0,39.6,42.2,,31.0,43.3,34.4,82,4350000,1084500,31.0,,,16.21,126024,,1,2000
1790193465,2026-09-23T19:57:45Z,91590,1790101943,6.1.187-android14-11-SAGA,49646d1b0cd1,cc_governor,cc_governor,14888,33341,28828,67028,13940,5,9512,11781,15671,32027,6159,1184,adios,0,adios,0,adios,0,40.2,39.4,,31.0,44.4,34.3,82,4358000,1000300,31.0,,,15.83,125268,,1,2000
1790193509,2026-09-23T19:58:29Z,91635,1790101943,6.1.187-android14-11-SAGA,49646d1b0cd1,cc_governor,cc_governor,5,0,145,182,146,0,25,0,80,98,59,14,adios,0,adios,0,adios,0,37.1,36.3,,31.0,39.9,33.6,83,4367000,1314600,31.0,,,38.01,101096,,1,2000
1790193600,2026-09-23T20:00:00Z,91726,1790101943,6.1.187-android14-11-SAGA,49646d1b0cd1,cc_governor,cc_governor,3,0,272,325,283,0,128,0,303,335,137,14,adios,0,adios,0,adios,0,37.9,36.9,,31.0,39.2,32.9,83,4357000,1325000,31.0,,,28.17,111896,,1,2000
1790193704,2026-09-23T20:01:44Z,91829,1790101943,6.1.187-android14-11-SAGA,49646d1b0cd1,cc_governor,cc_governor,1,0,160,218,165,0,34,0,79,81,50,13,adios,0,adios,0,adios,0,35.3,37.4,,30.0,38.7,32.6,84,4386000,1213900,30.0,,,32.68,123892,,1,2000
1790193822,2026-09-23T20:03:42Z,91947,1790101943,6.1.187-android14-11-SAGA,49646d1b0cd1,cc_governor,cc_governor,0,0,91,152,100,0,6,0,55,71,54,13,adios,0,adios,0,adios,0,34.6,36.9,,30.0,38.0,31.7,85,4401000,1285400,30.0,,,24.68,99708,,1,2000
1790193937,2026-09-23T20:05:37Z,92063,1790101943,6.1.187-android14-11-SAGA,49646d1b0cd1,cc_governor,cc_governor,45,0,303,387,268,0,7,0,82,86,80,15,adios,0,adios,0,adios,0,35.8,35.5,,29.0,36.1,30.9,86,4409000,720200,29.0,,,20.33,128388,,1,2000
1790194086,2026-09-23T20:08:06Z,92212,1790101943,6.1.187-android14-11-SAGA,49646d1b0cd1,cc_governor,cc_governor,0,0,22,28,42,0,13,0,79,89,78,10,adios,0,adios,0,adios,0,33.7,34.3,,29.0,37.4,31.0,88,4431000,1163900,29.0,,,17.89,111484,,1,2000
1790194182,2026-09-23T20:09:42Z,92307,1790101943,6.1.187-android14-11-SAGA,49646d1b0cd1,cc_governor,cc_governor,48,0,1014,1133,978,0,459,0,706,711,252,18,adios,0,adios,0,adios,0,34.6,35.3,,29.0,37.4,31.2,88,4437000,1133400,29.0,,,16.40,116788,,1,2000
1790194337,2026-09-23T20:12:17Z,92462,1790101943,6.1.187-android14-11-SAGA,49646d1b0cd1,cc_governor,cc_governor,0,6,380,423,385,0,14,15,51,74,40,14,adios,0,adios,0,adios,0,33.3,37.1,,29.0,36.2,30.5,90,4434000,1118100,29.0,,,15.70,106672,,1,2000
1790194440,2026-09-23T20:14:00Z,92566,1790101943,6.1.187-android14-11-SAGA,49646d1b0cd1,cc_governor,cc_governor,13,0,304,359,300,0,123,0,243,252,126,17,adios,0,adios,0,adios,0,33.5,33.8,,29.0,35.6,30.0,91,4455000,1120600,29.0,,,15.24,121196,,1,2000
1790194607,2026-09-23T20:16:47Z,92732,1790101943,6.1.187-android14-11-SAGA,49646d1b0cd1,cc_governor,cc_governor,15,0,505,585,502,0,148,0,31,33,18,1,adios,0,adios,0,adios,0,32.9,33.0,,28.0,34.4,29.5,92,4455000,946600,28.0,,,14.95,127364,,1,2000
1790194721,2026-09-23T20:18:41Z,92847,1790101943,6.1.187-android14-11-SAGA,49646d1b0cd1,cc_governor,cc_governor,6251,216,10326,12392,4087,1,5128,234,7189,8586,2070,18,adios,0,adios,0,adios,0,36.7,38.2,36.3,28.0,51.7,32.6,93,4457000,978300,28.0,,,16.00,118092,,1,2000
1790194761,2026-09-23T20:19:21Z,92886,1790101943,6.1.187-android14-11-SAGA,49646d1b0cd1,cc_governor,cc_governor,627,2017,4378,6922,3761,0,456,641,1937,3164,1489,13,adios,0,adios,0,adios,0,38.4,38.2,,28.0,41.8,32.5,93,4460000,895300,28.0,,,16.66,184972,,1,2000
1790194797,2026-09-23T20:19:57Z,92922,1790101943,6.1.187-android14-11-SAGA,49646d1b0cd1,cc_governor,cc_governor,10357,9711,18194,29657,7852,3,6914,4116,10660,16861,3749,294,adios,0,adios,0,adios,6,38.3,38.0,,29.0,42.7,32.5,93,4456000,869700,29.0,,,16.64,115060,,1,2000
1790194832,2026-09-23T20:20:32Z,92957,1790101943,6.1.187-android14-11-SAGA,49646d1b0cd1,cc_governor,cc_governor,11565,15277,25075,43066,13507,3,7170,5319,12879,20772,5709,605,adios,0,adios,0,adios,0,37.9,37.2,,29.0,40.4,32.4,93,4459000,908200,29.0,,,16.20,117484,,1,2000
1790194867,2026-09-23T20:21:07Z,92993,1790101943,6.1.187-android14-11-SAGA,49646d1b0cd1,cc_governor,cc_governor,29236,20981,48589,76519,19373,7,17144,7524,27491,39789,10347,942,adios,0,adios,0,adios,0,41.2,40.7,,29.0,43.0,33.1,94,4460000,903300,29.0,,,18.52,120144,,1,2000
1790194972,2026-09-23T20:22:52Z,93097,1790101943,6.1.187-android14-11-SAGA,49646d1b0cd1,cc_governor,cc_governor,3,0,129,142,137,0,6,0,53,56,52,15,adios,0,adios,0,adios,0,33.7,34.8,,29.0,38.6,30.6,94,4459000,825100,29.0,,,17.04,118552,,1,2000
1790195083,2026-09-23T20:24:43Z,93208,1790101943,6.1.187-android14-11-SAGA,49646d1b0cd1,cc_governor,cc_governor,0,0,92,108,103,0,5,0,48,49,47,16,adios,0,adios,0,adios,0,32.2,31.1,,28.0,35.5,29.4,95,4459000,765300,28.0,,,15.92,188492,,1,2000
1790195175,2026-09-23T20:26:15Z,93300,1790101943,6.1.187-android14-11-SAGA,49646d1b0cd1,cc_governor,cc_governor,11,0,569,622,573,0,99,0,190,193,95,17,adios,0,adios,0,adios,0,31.8,32.5,,28.0,38.0,29.7,96,4459000,723800,28.0,,,15.68,90724,,1,2000
1790195291,2026-09-23T20:28:11Z,93416,1790101943,6.1.187-android14-11-SAGA,49646d1b0cd1,cc_governor,cc_governor,2,0,92,137,100,0,44,0,106,118,66,14,adios,0,adios,0,adios,0,33.2,34.6,,28.0,37.4,29.9,96,4459000,674400,28.0,,,37.38,123532,,1,2000
1790195435,2026-09-23T20:30:36Z,93561,1790101943,6.1.187-android14-11-SAGA,49646d1b0cd1,cc_governor,cc_governor,1,0,47,61,61,0,20,0,50,72,33,11,adios,0,adios,0,adios,0,32.0,32.5,,27.0,35.3,28.6,97,4456000,635900,27.0,,,27.41,117812,,1,2000
1790195598,2026-09-23T20:33:18Z,93723,1790101943,6.1.187-android14-11-SAGA,49646d1b0cd1,cc_governor,cc_governor,3142,994,5129,7122,2002,0,3859,652,5202,7692,1359,13,adios,0,adios,0,adios,0,35.6,35.7,,27.0,37.5,30.4,98,4459000,576700,27.0,,,21.96,141580,,1,2000
1790195663,2026-09-23T20:34:23Z,93788,1790101943,6.1.187-android14-11-SAGA,49646d1b0cd1,cc_governor,cc_governor,1,0,53,64,66,0,19,0,61,68,46,16,adios,0,adios,0,adios,0,32.0,32.9,,27.0,33.5,28.9,98,4460000,554100,27.0,,,18.82,122636,,1,2000
1790195808,2026-09-23T20:36:48Z,93933,1790101943,6.1.187-android14-11-SAGA,49646d1b0cd1,cc_governor,cc_governor,2,0,10,28,21,0,29,0,63,69,37,7,adios,0,adios,0,adios,0,30.2,31.1,,27.0,34.2,28.5,99,4459000,502900,27.0,,,17.17,113324,,1,2000
1790195915,2026-09-23T20:38:35Z,94040,1790101943,6.1.187-android14-11-SAGA,49646d1b0cd1,cc_governor,cc_governor,1861,3109,4325,7975,2464,0,1415,1103,2573,4510,1158,19,adios,0,adios,0,adios,0,36.0,35.8,,27.0,40.3,29.9,99,4459000,486400,27.0,,,16.60,136968,,1,2000
1790195950,2026-09-23T20:39:10Z,94075,1790101943,6.1.187-android14-11-SAGA,49646d1b0cd1,cc_governor,cc_governor,10184,10473,14153,26242,3969,2,4926,5190,7045,13878,2119,286,adios,0,adios,0,adios,0,35.1,35.8,,27.0,38.6,30.1,99,4460000,483300,27.0,,,16.12,100836,,1,2000
1790195985,2026-09-23T20:39:45Z,94111,1790101943,6.1.187-android14-11-SAGA,49646d1b0cd1,cc_governor,cc_governor,11129,16962,17139,36507,6010,4,5327,7342,8035,17402,2708,582,adios,0,adios,0,adios,0,36.6,36.2,,27.0,39.3,30.6,99,4460000,469900,27.0,,,16.12,93880,,1,2000
1790196021,2026-09-23T20:40:21Z,94146,1790101943,6.1.187-android14-11-SAGA,49646d1b0cd1,cc_governor,cc_governor,11787,22399,19876,45455,8089,7,5455,9297,8994,20721,3539,875,adios,0,adios,0,adios,0,35.8,35.8,,27.0,40.8,30.5,99,4460000,459500,27.0,,,16.11,92984,,1,2000
1790196056,2026-09-23T20:40:56Z,94182,1790101943,6.1.187-android14-11-SAGA,49646d1b0cd1,cc_governor,cc_governor,12427,30815,21874,56731,9422,11,5635,12514,9623,24912,3990,1165,adios,0,adios,0,adios,0,36.6,37.2,,27.0,41.7,30.9,100,4460000,463200,27.0,,,15.90,89220,,1,2000
1790196091,2026-09-23T20:41:31Z,94217,1790101943,6.1.187-android14-11-SAGA,49646d1b0cd1,cc_governor,cc_governor,13465,37506,25686,68004,12214,15,5894,15086,10916,29187,5022,1451,adios,0,adios,0,adios,0,37.3,37.4,,27.0,40.7,31.3,100,4459000,473600,27.0,,,16.20,126620,,1,2000
1790196127,2026-09-23T20:42:07Z,94252,1790101943,6.1.187-android14-11-SAGA,49646d1b0cd1,cc_governor,cc_governor,14515,42058,30842,78490,16326,15,6576,16872,12998,33473,6422,1754,adios,0,adios,0,adios,0,36.5,39.4,,28.0,38.8,31.1,100,4460000,451600,28.0,,,16.00,103032,,1,2000
1790196162,2026-09-23T20:42:42Z,94288,1790101943,6.1.187-android14-11-SAGA,49646d1b0cd1,cc_governor,cc_governor,14858,47339,33061,86579,18203,16,6582,18454,13744,35960,7162,2041,adios,0,adios,0,adios,0,35.9,37.2,,28.0,39.9,30.9,100,4460000,441200,28.0,,,15.98,133092,,1,2000
1790196198,2026-09-23T20:43:18Z,94324,1790101943,6.1.187-android14-11-SAGA,49646d1b0cd1,cc_governor,cc_governor,15248,53970,34571,95306,19323,18,6588,20645,14010,38572,7422,2354,adios,0,adios,0,adios,0,36.3,40.2,,28.0,40.4,30.9,100,4460000,442500,28.0,,,15.85,124996,,1,2000
1790196233,2026-09-23T20:43:54Z,94359,1790101943,6.1.187-android14-11-SAGA,49646d1b0cd1,cc_governor,cc_governor,15656,59920,36597,103865,20941,21,6611,22682,14409,41162,7798,2641,adios,0,adios,0,adios,0,36.4,37.7,,28.0,41.4,31.0,100,4460000,432700,28.0,,,15.79,140308,,1,2000
1790196269,2026-09-23T20:44:29Z,94394,1790101943,6.1.187-android14-11-SAGA,49646d1b0cd1,cc_governor,cc_governor,26948,64381,55111,130341,28177,27,14463,24544,26312,56859,11849,2983,adios,0,adios,0,adios,0,41.4,42.9,39.7,28.0,46.5,34.8,100,4441000,313700,28.0,,,16.97,129320,,1,2000
1790196305,2026-09-23T20:45:05Z,94431,1790101943,6.1.187-android14-11-SAGA,49646d1b0cd1,cc_governor,cc_governor,62148,68877,102739,190662,40609,53,31597,27063,53516,90307,21919,3398,adios,0,adios,0,adios,0,56.6,55.0,46.0,28.0,55.7,37.4,100,4372000,-433900,28.0,,,20.66,103204,,1,2000
1790196341,2026-09-23T20:45:41Z,94466,1790101943,6.1.187-android14-11-SAGA,49646d1b0cd1,cc_governor,cc_governor,16,1,937,1024,921,0,263,13,388,422,125,18,adios,0,adios,0,adios,0,36.6,37.7,,29.0,37.3,31.5,100,4387000,-307000,29.0,,,18.22,124376,,1,2000
1790196474,2026-09-23T20:47:54Z,94600,1790101943,6.1.187-android14-11-SAGA,49646d1b0cd1,cc_governor,cc_governor,69,0,456,496,390,0,160,0,315,322,162,14,adios,0,adios,0,adios,0,34.0,34.5,,28.0,36.7,30.6,100,4388000,-290500,28.0,,,32.45,119716,,1,2000
1790196515,2026-09-23T20:48:35Z,94640,1790101943,6.1.187-android14-11-SAGA,49646d1b0cd1,cc_governor,cc_governor,14819,864,22957,27390,8150,8,9226,835,13341,15923,4115,37,adios,0,adios,0,adios,0,40.5,40.7,,28.0,54.7,34.3,100,4288000,-1652800,28.0,,,25.54,131616,,1,2000
1790196550,2026-09-23T20:49:10Z,94676,1790101943,6.1.187-android14-11-SAGA,49646d1b0cd1,cc_governor,cc_governor,29778,4022,50444,63247,20587,18,19183,1819,29975,36099,10782,367,adios,0,adios,0,adios,0,50.2,53.3,47.7,29.0,54.1,37.4,100,4307000,-1492900,29.0,,,23.24,72312,,1,2000
1790196588,2026-09-23T20:49:48Z,94713,1790101943,6.1.187-android14-11-SAGA,49646d1b0cd1,cc_governor,cc_governor,68677,5198,104040,130640,35363,48,41267,2824,64506,76919,23239,810,adios,0,adios,0,adios,0,48.7,51.7,46.3,31.0,53.9,38.9,100,4341000,-722600,31.0,,,27.59,174408,,1,2000
1790196624,2026-09-23T20:50:24Z,94749,1790101943,6.1.187-android14-11-SAGA,49646d1b0cd1,cc_governor,cc_governor,86898,6477,142262,179293,55366,56,43987,3217,78139,91588,34168,1173,adios,0,adios,0,adios,0,47.8,47.4,45.2,31.0,49.5,38.9,100,4334000,-749500,31.0,,,23.63,126656,,1,2000
1790196660,2026-09-23T20:51:00Z,94785,1790101943,6.1.187-android14-11-SAGA,49646d1b0cd1,cc_governor,cc_governor,118094,11750,185044,236591,66833,67,58639,6127,100537,120425,41845,1561,adios,0,adios,0,adios,0,61.9,63.0,,32.0,69.0,44.0,100,4304000,-1121800,32.0,,,28.05,150368,,1,2000
1790196699,2026-09-23T20:51:39Z,94825,1790101943,6.1.187-android14-11-SAGA,49646d1b0cd1,cc_governor,cc_governor,142415,15259,225364,287738,82956,139,74136,7498,125287,149552,51158,2227,adios,0,adios,0,adios,0,46.4,47.8,,33.0,49.1,40.0,100,4334000,-496200,33.0,,,23.77,103620,,1,2000
1790196735,2026-09-23T20:52:15Z,94860,1790101943,6.1.187-android14-11-SAGA,49646d1b0cd1,cc_governor,cc_governor,176942,17350,273316,347674,96377,143,98366,8446,159230,188956,60876,2535,adios,0,adios,0,adios,0,51.3,52.0,,34.0,52.0,41.9,100,4346000,-457100,34.0,,,21.48,118180,,1,2000
1790196770,2026-09-23T20:52:50Z,94896,1790101943,6.1.187-android14-11-SAGA,49646d1b0cd1,cc_governor,cc_governor,195602,19638,310066,395054,114473,145,110295,9776,182480,216095,72190,2852,adios,0,adios,0,adios,0,46.8,48.0,,34.0,52.7,40.8,100,4337000,-913000,34.0,,,21.41,140452,,1,2000
1790196805,2026-09-23T20:53:25Z,94931,1790101943,6.1.187-android14-11-SAGA,49646d1b0cd1,cc_governor,cc_governor,205713,22418,338267,431492,132554,146,112261,11019,191801,228049,79540,3134,adios,0,adios,0,adios,0,46.0,46.3,,34.0,48.0,39.9,100,4342000,-344200,34.0,,,20.07,95280,,1,2000
1790196841,2026-09-23T20:54:01Z,94966,1790101943,6.1.187-android14-11-SAGA,49646d1b0cd1,cc_governor,cc_governor,214717,27543,363491,467639,148774,147,113238,13118,198787,238083,85549,3443,adios,0,adios,0,adios,0,47.7,46.2,,35.0,49.2,40.0,100,4344000,-321000,35.0,,,19.00,111688,,1,2000
1790196876,2026-09-23T20:54:36Z,95001,1790101943,6.1.187-android14-11-SAGA,49646d1b0cd1,cc_governor,cc_governor,230317,35619,391683,509469,161361,149,121685,17495,214626,259758,92954,3762,adios,0,adios,0,adios,0,47.7,47.4,45.4,35.0,51.0,40.8,100,4343000,-442500,35.0,,,18.66,193424,,1,2000
1790196927,2026-09-23T20:55:27Z,95052,1790101943,6.1.187-android14-11-SAGA,49646d1b0cd1,cc_governor,cc_governor,27,0,19,29,30,0,26,0,63,75,47,9,adios,0,adios,0,adios,0,43.9,43.9,,35.0,49.8,39.5,100,4354000,-289300,35.0,,,17.52,104248,,1,2000
1790197096,2026-09-23T20:58:16Z,95221,1790101943,6.1.187-android14-11-SAGA,49646d1b0cd1,cc_governor,cc_governor,3,0,224,241,233,0,126,0,195,197,74,18,adios,0,adios,0,adios,0,41.3,41.2,,35.0,44.1,37.6,100,4363000,-134200,35.0,,,18.39,126152,,1,2000
1790197162,2026-09-23T20:59:22Z,95288,1790101943,6.1.187-android14-11-SAGA,49646d1b0cd1,cc_governor,cc_governor,0,0,14,38,31,0,14,0,39,50,30,10,adios,0,adios,0,adios,0,41.8,41.5,,35.0,43.9,37.3,100,4358000,-505300,35.0,,,16.88,117432,,1,2000
1790197354,2026-09-23T21:02:34Z,95479,1790101943,6.1.187-android14-11-SAGA,49646d1b0cd1,cc_governor,cc_governor,5790,148,8830,10647,2953,6,3893,98,6643,7505,2708,124,adios,0,adios,0,adios,0,52.1,50.9,48.6,35.0,58.2,41.4,100,4282000,-1544800,35.0,,,21.43,160896,,1,2000
1790197391,2026-09-23T21:03:11Z,95516,1790101943,6.1.187-android14-11-SAGA,49646d1b0cd1,cc_governor,cc_governor,28570,4665,47244,61873,18674,30,13913,2661,27825,33965,13915,552,adios,0,adios,0,adios,0,52.3,55.1,49.5,36.0,54.1,42.0,100,4316000,-728100,36.0,,,20.24,122476,,1,2000
1790197427,2026-09-23T21:03:47Z,95553,1790101943,6.1.187-android14-11-SAGA,49646d1b0cd1,cc_governor,cc_governor,41926,11091,73448,101846,31522,36,16478,3447,36183,44252,19705,932,adios,0,adios,0,adios,0,43.9,44.2,,36.0,47.8,39.9,100,4347000,-444300,36.0,,,19.11,191204,,1,2000
1790197462,2026-09-23T21:04:22Z,95588,1790101943,6.1.187-android14-11-SAGA,49646d1b0cd1,cc_governor,cc_governor,43253,22363,80116,120708,36850,38,16546,4858,36577,46261,20037,1233,adios,0,adios,0,adios,0,44.2,44.0,,36.0,46.5,39.4,100,4351000,-303300,36.0,,,17.73,244620,,1,2000
1790197498,2026-09-23T21:04:58Z,95623,1790101943,6.1.187-android14-11-SAGA,49646d1b0cd1,cc_governor,cc_governor,44169,34448,85812,139322,41643,40,16566,5434,37510,47844,20944,1533,adios,0,adios,0,adios,0,42.6,43.1,,36.0,46.5,39.0,100,4333000,-958200,36.0,,,17.94,124092,,1,2000
1790197533,2026-09-23T21:05:33Z,95659,1790101943,6.1.187-android14-11-SAGA,49646d1b0cd1,cc_governor,cc_governor,58309,47003,106907,178765,48578,45,28171,10312,55160,71577,26989,1877,adios,0,adios,0,adios,0,44.0,46.5,,36.0,47.4,39.8,100,4345000,-383900,36.0,,,17.82,128996,,1,2000
1790197568,2026-09-23T21:06:08Z,95694,1790101943,6.1.187-android14-11-SAGA,49646d1b0cd1,cc_governor,cc_governor,59860,59130,113755,198668,53894,47,28357,11507,56108,73779,27751,2172,adios,0,adios,0,adios,0,42.9,43.2,,36.0,47.2,39.3,100,4333000,-262400,36.0,,,16.98,111776,,1,2000
1790197604,2026-09-23T21:06:44Z,95729,1790101943,6.1.187-android14-11-SAGA,49646d1b0cd1,cc_governor,cc_governor,67781,70544,130050,231782,62269,49,33319,15911,65979,88938,32659,2463,adios,0,adios,0,adios,0,46.3,46.2,,36.0,51.0,40.4,100,4336000,-560300,36.0,,,17.64,157628,,1,2000
1790197639,2026-09-23T21:07:19Z,95764,1790101943,6.1.187-android14-11-SAGA,49646d1b0cd1,cc_governor,cc_governor,76155,85715,144063,263476,67901,50,33750,20670,68071,96052,34321,2758,adios,0,adios,0,adios,0,45.5,45.9,,36.0,47.9,39.9,99,4327000,-752500,36.0,,,17.07,107764,,1,2000
1790197674,2026-09-23T21:07:54Z,95799,1790101943,6.1.187-android14-11-SAGA,49646d1b0cd1,cc_governor,cc_governor,86235,97592,163308,296986,77064,50,33994,24555,70787,103008,36793,3042,adios,0,adios,0,adios,0,44.3,45.4,,36.0,48.7,39.8,99,4321000,-557800,36.0,,,17.38,112952,,1,2000
1790197709,2026-09-23T21:08:29Z,95834,1790101943,6.1.187-android14-11-SAGA,49646d1b0cd1,cc_governor,cc_governor,88857,111805,169986,318988,81129,51,34120,26604,71164,105646,37044,3327,adios,0,adios,0,adios,0,42.5,43.4,,36.0,48.2,39.2,99,4337000,-336900,36.0,,,16.67,108000,,1,2000
1790197744,2026-09-23T21:09:04Z,95869,1790101943,6.1.187-android14-11-SAGA,49646d1b0cd1,cc_governor,cc_governor,98439,121021,188827,351813,90385,52,42534,28717,85458,123102,42924,3632,adios,0,adios,0,adios,0,43.9,44.9,,36.0,47.1,39.9,99,4339000,-295400,36.0,,,16.74,106592,,1,2000
1790197779,2026-09-23T21:09:39Z,95904,1790101943,6.1.187-android14-11-SAGA,49646d1b0cd1,cc_governor,cc_governor,103491,132586,200306,376472,96829,55,43459,30110,88247,127456,44769,3922,adios,0,adios,0,adios,0,46.3,45.2,43.1,36.0,48.0,39.9,99,4336000,-589600,36.0,,,16.81,106724,,1,2000
1790197814,2026-09-23T21:10:14Z,95939,1790101943,6.1.187-android14-11-SAGA,49646d1b0cd1,cc_governor,cc_governor,109981,146166,212217,403603,102249,57,43809,33280,89363,131860,45556,4221,adios,0,adios,0,adios,0,43.4,43.9,,36.0,47.0,39.6,99,4343000,-244700,36.0,,,16.23,74984,,1,2000
1790197850,2026-09-23T21:10:50Z,95975,1790101943,6.1.187-android14-11-SAGA,49646d1b0cd1,cc_governor,cc_governor,115194,157621,221612,426038,106436,59,44823,35049,91833,136315,47013,4539,adios,0,adios,0,adios,0,43.8,44.1,,36.0,46.1,39.5,99,4337000,-257500,37.0,,,16.01,100552,,1,2000
1790197885,2026-09-23T21:11:25Z,96010,1790101943,6.1.187-android14-11-SAGA,49646d1b0cd1,cc_governor,cc_governor,118267,171631,227073,446818,108806,61,44940,37560,92281,139372,47341,4842,adios,0,adios,0,adios,0,43.9,44.5,,37.0,47.0,39.6,99,4339000,-327700,37.0,,,16.13,100024,,1,2000
1790197920,2026-09-23T21:12:00Z,96045,1790101943,6.1.187-android14-11-SAGA,49646d1b0cd1,cc_governor,cc_governor,124373,185067,237223,472476,112854,63,46129,40604,94969,145260,48854,5160,adios,0,adios,0,adios,0,46.4,45.7,,36.0,47.9,40.1,99,4322000,-308200,37.0,,,16.03,78256,,1,2000
1790197955,2026-09-23T21:12:35Z,96080,1790101943,6.1.187-android14-11-SAGA,49646d1b0cd1,cc_governor,cc_governor,137372,192563,263676,509634,126316,66,48375,43495,101944,156061,53578,5462,adios,0,adios,0,adios,0,45.5,45.1,,37.0,48.6,40.3,99,4326000,-388700,37.0,,,16.43,138756,,1,2000
1790197990,2026-09-23T21:13:10Z,96116,1790101943,6.1.187-android14-11-SAGA,49646d1b0cd1,cc_governor,cc_governor,146442,205517,279242,540250,132800,68,49092,46751,104629,162318,55537,5764,adios,0,adios,0,adios,0,44.0,46.0,,36.0,47.0,39.9,99,4330000,-328900,37.0,,,16.76,112624,,1,2000
1790198025,2026-09-23T21:13:45Z,96151,1790101943,6.1.187-android14-11-SAGA,49646d1b0cd1,cc_governor,cc_governor,158739,216327,300453,575038,141708,70,51368,49845,110481,171961,59113,6074,adios,0,adios,0,adios,0,45.6,45.2,,37.0,48.5,40.2,99,4323000,-344200,36.0,,,17.34,216396,,1,2000
1790198060,2026-09-23T21:14:20Z,96186,1790101943,6.1.187-android14-11-SAGA,49646d1b0cd1,cc_governor,cc_governor,172193,233923,316400,611244,144207,71,52725,56224,112958,181114,60233,6363,adios,0,adios,0,adios,0,44.3,44.4,,37.0,47.3,40.0,99,4328000,-355800,37.0,,,17.33,181288,,1,2000
1790198096,2026-09-23T21:14:56Z,96221,1790101943,6.1.187-android14-11-SAGA,49646d1b0cd1,cc_governor,cc_governor,172581,246706,317829,626355,145248,74,52743,57512,113279,182751,60536,6669,adios,0,adios,0,adios,0,44.7,47.1,,37.0,47.5,39.7,99,4334000,-249600,36.0,,,16.45,152812,,1,2000
1790198131,2026-09-23T21:15:31Z,96256,1790101943,6.1.187-android14-11-SAGA,49646d1b0cd1,cc_governor,cc_governor,185732,255627,341872,663177,156142,78,55785,60400,121359,194558,65582,6977,adios,0,adios,0,adios,0,45.1,46.1,43.7,36.0,50.6,40.3,98,4322000,-314900,36.0,,,16.78,114744,,1,2000
1790198166,2026-09-23T21:16:06Z,96292,1790101943,6.1.187-android14-11-SAGA,49646d1b0cd1,cc_governor,cc_governor,197394,265448,364514,699077,167147,80,58914,65635,130116,209477,71207,7280,adios,0,adios,0,adios,0,48.0,47.0,,36.0,50.4,40.7,98,4330000,-581000,36.0,,,17.66,161400,,1,2000
1790198201,2026-09-23T21:16:41Z,96327,1790101943,6.1.187-android14-11-SAGA,49646d1b0cd1,cc_governor,cc_governor,212045,274253,391270,738011,179219,82,62571,68312,139884,222594,77313,7593,adios,0,adios,0,adios,0,45.7,45.4,,36.0,49.5,40.3,98,4323000,-400300,37.0,,,18.03,143244,,1,2000
1790198237,2026-09-23T21:17:17Z,96362,1790101943,6.1.187-android14-11-SAGA,49646d1b0cd1,cc_governor,cc_governor,222865,287626,409444,772313,186579,85,63612,72765,143089,230743,79477,7897,adios,0,adios,0,adios,0,45.1,45.4,,37.0,49.6,40.4,98,4325000,-347900,37.0,,,18.90,120800,,1,2000
1790198272,2026-09-23T21:17:52Z,96397,1790101943,6.1.187-android14-11-SAGA,49646d1b0cd1,cc_governor,cc_governor,238206,294326,438973,812306,200772,86,66374,75577,151436,242545,85075,8194,adios,0,adios,0,adios,0,46.5,46.3,,37.0,51.6,40.6,98,4317000,-529700,37.0,,,18.40,77672,,1,2000
1790198307,2026-09-23T21:18:27Z,96432,1790101943,6.1.187-android14-11-SAGA,49646d1b0cd1,cc_governor,cc_governor,257444,301987,470617,856136,213129,88,72964,79137,164345,260059,91386,8488,adios,0,adios,0,adios,0,53.5,55.9,48.9,37.0,51.8,41.9,98,4304000,-899600,37.0,,,19.29,193724,,1,2000
1790198342,2026-09-23T21:19:02Z,96468,1790101943,6.1.187-android14-11-SAGA,49646d1b0cd1,cc_governor,cc_governor,272548,312598,495515,895836,222966,93,77542,83007,174068,274392,96526,8804,adios,0,adios,0,adios,0,46.3,47.6,,37.0,50.3,41.0,98,4317000,-386300,37.0,,,18.85,155972,,1,2000
1790198377,2026-09-23T21:19:37Z,96503,1790101943,6.1.187-android14-11-SAGA,49646d1b0cd1,cc_governor,cc_governor,284046,324510,515512,930180,231482,93,79801,87652,179855,285570,100058,9086,adios,0,adios,0,adios,0,49.2,48.7,46.4,37.0,53.4,41.4,98,4309000,-771400,37.0,,,18.26,102724,,1,2000
1790198413,2026-09-23T21:20:13Z,96538,1790101943,6.1.187-android14-11-SAGA,49646d1b0cd1,cc_governor,cc_governor,301438,336254,542141,972700,240703,98,89155,95918,195337,310157,106182,9424,adios,0,adios,0,adios,0,46.2,48.1,45.0,37.0,56.2,41.6,98,4309000,-457100,37.0,,,18.88,134700,,1,2000
1790198448,2026-09-23T21:20:48Z,96574,1790101943,6.1.187-android14-11-SAGA,49646d1b0cd1,cc_governor,cc_governor,318820,342540,572932,1015240,254122,106,96776,99671,209643,330125,112876,9743,adios,0,adios,0,adios,0,51.3,48.1,,37.0,50.2,41.7,98,4316000,-603600,37.0,,,18.82,145720,,1,2000
1790198484,2026-09-23T21:21:24Z,96609,1790101943,6.1.187-android14-11-SAGA,49646d1b0cd1,cc_governor,cc_governor,330953,353512,595117,1051210,264166,107,97948,103428,214452,339081,116513,10046,adios,0,adios,0,adios,0,45.6,45.6,,37.0,48.5,40.6,98,4320000,-362500,37.0,,,18.37,89336,,1,2000
1790198519,2026-09-23T21:21:59Z,96644,1790101943,6.1.187-android14-11-SAGA,49646d1b0cd1,cc_governor,cc_governor,341594,365143,615021,1085478,273416,109,98429,107166,217892,346704,119463,10349,adios,0,adios,0,adios,0,45.5,47.3,,37.0,51.4,41.0,97,4313000,-534600,37.0,,,17.73,207048,,1,2000
1790198554,2026-09-23T21:22:34Z,96680,1790101943,6.1.187-android14-11-SAGA,49646d1b0cd1,cc_governor,cc_governor,357798,371812,644941,1126446,287147,120,104047,109871,230650,363232,126613,10684,adios,0,adios,0,adios,0,46.6,46.3,,37.0,48.9,40.8,97,4309000,-380200,37.0,,,17.90,157952,,1,2000
1790198589,2026-09-23T21:23:09Z,96715,1790101943,6.1.187-android14-11-SAGA,49646d1b0cd1,cc_governor,cc_governor,370418,381322,667904,1161551,297486,121,105699,113324,238195,374992,132496,11001,adios,0,adios,0,adios,0,46.6,46.5,,37.0,50.1,40.9,97,4314000,-450400,37.0,,,18.09,194088,,1,2000
1790198624,2026-09-23T21:23:44Z,96750,1790101943,6.1.187-android14-11-SAGA,49646d1b0cd1,cc_governor,cc_governor,382414,391402,690448,1197439,308046,122,107882,117179,245719,386837,137842,11304,adios,0,adios,0,adios,0,45.4,45.6,,37.0,48.2,40.5,97,4310000,-480900,37.0,,,18.29,197004,,1,2000
1790198659,2026-09-23T21:24:19Z,96785,1790101943,6.1.187-android14-11-SAGA,49646d1b0cd1,cc_governor,cc_governor,394573,398366,716482,1232879,321902,123,108383,119550,250100,393875,141717,11594,adios,0,adios,0,adios,0,45.5,45.9,,37.0,53.3,40.7,97,4310000,-531000,37.0,,,17.78,207560,,1,2000
1790198694,2026-09-23T21:24:54Z,96820,1790101943,6.1.187-android14-11-SAGA,49646d1b0cd1,cc_governor,cc_governor,406421,411178,736322,1268322,329895,127,110002,122976,254836,402400,144852,11927,adios,0,adios,0,adios,0,47.9,49.3,,37.0,50.0,40.7,97,4304000,-797100,37.0,,,17.47,147688,,1,2000
1790198730,2026-09-23T21:25:30Z,96855,1790101943,6.1.187-android14-11-SAGA,49646d1b0cd1,cc_governor,cc_governor,424099,418285,767622,1310157,343502,128,115393,127495,266785,419647,151392,12239,adios,0,adios,0,adios,0,46.5,46.0,,37.0,48.7,40.7,97,4308000,-358200,37.0,,,17.83,127720,,1,2000
1790198765,2026-09-23T21:26:05Z,96890,1790101943,6.1.187-android14-11-SAGA,49646d1b0cd1,cc_governor,cc_governor,436497,427396,791333,1345976,354832,131,117397,131291,274538,431896,157141,12524,adios,0,adios,0,adios,0,46.4,46.9,,37.0,50.9,40.8,97,4309000,-413200,37.0,,,19.39,183516,,1,2000
1790198800,2026-09-23T21:26:40Z,96925,1790101943,6.1.187-android14-11-SAGA,49646d1b0cd1,cc_governor,cc_governor,445405,439141,809204,1378470,363819,133,119273,137682,281427,446027,162159,12831,adios,0,adios,0,adios,0,49.3,47.6,,37.0,49.4,40.8,97,4303000,-550500,37.0,,,18.77,224600,,1,2000
1790198835,2026-09-23T21:27:15Z,96960,1790101943,6.1.187-android14-11-SAGA,49646d1b0cd1,cc_governor,cc_governor,457323,448722,831817,1413702,374487,135,121556,141992,288899,458682,167343,13109,adios,0,adios,0,adios,0,45.3,45.8,,37.0,49.8,40.6,97,4301000,-390600,37.0,,,18.66,157284,,1,2000
1790198870,2026-09-23T21:27:50Z,96996,1790101943,6.1.187-android14-11-SAGA,49646d1b0cd1,cc_governor,cc_governor,467909,460518,851205,1448281,383291,137,123672,145656,294563,468820,170902,13399,adios,0,adios,0,adios,0,47.8,50.0,46.3,37.0,52.7,41.2,97,4289000,-806200,37.0,,,18.38,114992,,1,2000
1790198906,2026-09-23T21:28:26Z,97031,1790101943,6.1.187-android14-11-SAGA,49646d1b0cd1,cc_governor,cc_governor,476745,469680,872155,1483203,395410,139,127922,150976,306768,487833,178846,13754,adios,0,adios,0,adios,0,45.7,49.3,,37.0,49.5,40.7,96,4301000,-529700,37.0,,,18.34,123644,,1,2000
1790198941,2026-09-23T21:29:01Z,97067,1790101943,6.1.187-android14-11-SAGA,49646d1b0cd1,cc_governor,cc_governor,486110,478065,894105,1516696,407983,142,130685,155302,316789,502939,186117,14061,adios,0,adios,0,adios,6,49.1,47.8,,37.0,49.5,40.9,96,4287000,-488800,37.0,,,18.67,122004,,1,2000
1790198976,2026-09-23T21:29:36Z,97102,1790101943,6.1.187-android14-11-SAGA,49646d1b0cd1,cc_governor,cc_governor,498655,489906,915746,1554006,417083,143,134101,160543,324831,516844,190738,14338,adios,0,adios,0,adios,0,47.4,48.6,,37.0,52.7,41.2,96,4299000,-570600,37.0,,,18.27,97256,,1,2000
1790199012,2026-09-23T21:30:12Z,97137,1790101943,6.1.187-android14-11-SAGA,49646d1b0cd1,cc_governor,cc_governor,511817,495403,944284,1592296,432477,147,138357,162272,338066,532448,199715,14615,adios,0,adios,0,adios,0,47.1,46.8,,37.0,50.4,40.9,96,4291000,-753700,36.0,,,17.84,110988,,1,2000
1790199047,2026-09-23T21:30:47Z,97172,1790101943,6.1.187-android14-11-SAGA,49646d1b0cd1,cc_governor,cc_governor,517645,506634,959904,1622193,442259,150,140337,168448,345630,546805,205293,14918,adios,0,adios,0,adios,0,46.1,46.7,,37.0,52.6,41.1,96,4294000,-550500,37.0,,,18.39,89556,,1,2000
1790199082,2026-09-23T21:31:22Z,97207,1790101943,6.1.187-android14-11-SAGA,49646d1b0cd1,cc_governor,cc_governor,529516,515976,982906,1657798,453380,151,142530,172745,353372,559646,210842,15230,adios,0,adios,0,adios,0,45.2,47.0,45.1,37.0,54.3,41.0,96,4296000,-460800,37.0,,,18.49,140580,,1,2000
1790199118,2026-09-23T21:31:58Z,97243,1790101943,6.1.187-android14-11-SAGA,49646d1b0cd1,cc_governor,cc_governor,542378,525528,1007582,1695058,465204,153,148298,176134,365105,575557,216814,15553,adios,0,adios,0,adios,0,45.4,47.1,,37.0,53.8,40.5,96,4266000,-1041200,37.0,,,19.11,173076,,1,2000
1790199153,2026-09-23T21:32:33Z,97278,1790101943,6.1.187-android14-11-SAGA,49646d1b0cd1,cc_governor,cc_governor,555422,535924,1030590,1731303,475168,154,150700,179519,371559,585829,220859,15858,adios,0,adios,0,adios,0,45.3,45.4,,37.0,51.9,40.7,96,4285000,-554100,37.0,,,18.48,135136,,1,2000
1790199188,2026-09-23T21:33:08Z,97313,1790101943,6.1.187-android14-11-SAGA,49646d1b0cd1,cc_governor,cc_governor,571799,544322,1057590,1773232,485788,158,161437,183991,388506,610365,227069,16169,adios,0,adios,0,adios,0,48.6,48.4,45.6,37.0,50.8,41.5,96,4290000,-463200,37.0,,,19.64,120268,,1,2000
1790199224,2026-09-23T21:33:44Z,97349,1790101943,6.1.187-android14-11-SAGA,49646d1b0cd1,cc_governor,cc_governor,594160,545646,1095449,1821072,501286,170,174269,184842,409432,636768,235178,16496,adios,0,adios,0,adios,0,51.4,50.3,47.5,37.0,53.8,42.8,96,4285000,-515700,37.0,,,20.12,152044,,1,2000
1790199259,2026-09-23T21:34:19Z,97385,1790101943,6.1.187-android14-11-SAGA,49646d1b0cd1,cc_governor,cc_governor,605867,549886,1122157,1857179,516280,173,176226,186484,418956,648927,242680,16801,adios,0,adios,0,adios,0,49.3,49.3,,37.0,52.1,41.6,95,4291000,-903300,37.0,,,19.02,85380,,1,2000
1790199295,2026-09-23T21:34:55Z,97420,1790101943,6.1.187-android14-11-SAGA,49646d1b0cd1,cc_governor,cc_governor,625125,558814,1151268,1901064,526142,176,184300,190629,433669,669494,249369,17118,adios,0,adios,0,adios,0,47.0,46.9,,37.0,50.9,41.3,95,4285000,-737900,37.0,,,19.08,114460,,1,2000
1790199330,2026-09-23T21:35:30Z,97455,1790101943,6.1.187-android14-11-SAGA,49646d1b0cd1,cc_governor,cc_governor,633330,571385,1167297,1932699,533962,179,185685,194634,437656,677814,251971,17404,adios,0,adios,0,adios,0,45.4,46.3,,37.0,49.9,40.6,95,4277000,-575500,37.0,,,17.90,83460,,1,2000
1790199365,2026-09-23T21:36:05Z,97490,1790101943,6.1.187-android14-11-SAGA,49646d1b0cd1,cc_governor,cc_governor,642340,580075,1188344,1966078,546008,180,187943,198689,446863,691708,258926,17703,adios,0,adios,0,adios,0,46.4,46.0,,37.0,48.8,40.8,95,4295000,-290500,37.0,,,17.71,95288,,1,2000
1790199400,2026-09-23T21:36:40Z,97525,1790101943,6.1.187-android14-11-SAGA,49646d1b0cd1,cc_governor,cc_governor,653532,589958,1210077,2001133,556542,181,190505,201780,454731,703313,264226,18001,adios,0,adios,0,adios,0,46.5,47.4,,37.0,48.7,40.6,95,4283000,-443100,37.0,,,17.70,97360,,1,2000
1790199435,2026-09-23T21:37:15Z,97561,1790101943,6.1.187-android14-11-SAGA,49646d1b0cd1,cc_governor,cc_governor,663016,598435,1232092,2035105,569069,183,192266,205391,461560,714164,269294,18295,adios,0,adios,0,adios,0,44.8,45.4,,37.0,48.8,40.2,95,4257000,-866000,37.0,,,17.80,112280,,1,2000
1790199470,2026-09-23T21:37:50Z,97596,1790101943,6.1.187-android14-11-SAGA,49646d1b0cd1,cc_governor,cc_governor,672391,607076,1253268,2068507,580875,184,195807,208879,471452,728296,275645,18583,adios,0,adios,0,adios,0,45.8,47.0,,36.0,49.8,40.4,95,4281000,-523000,36.0,,,18.82,116664,,1,2000
1790199505,2026-09-23T21:38:25Z,97631,1790101943,6.1.187-android14-11-SAGA,49646d1b0cd1,cc_governor,cc_governor,684814,618229,1274637,2104400,589788,184,199082,213498,478732,740685,279647,18871,adios,0,adios,0,adios,0,47.5,45.9,,37.0,49.6,40.3,95,4281000,-332600,37.0,,,18.46,110312,,1,2000
1790199540,2026-09-23T21:39:00Z,97666,1790101943,6.1.187-android14-11-SAGA,49646d1b0cd1,cc_governor,cc_governor,693433,632487,1286354,2132402,592920,186,199699,217713,480224,746606,280525,19163,adios,0,adios,0,adios,0,43.4,44.3,,36.0,49.3,39.7,95,4288000,-526100,36.0,,,17.73,103440,,1,2000
1790199576,2026-09-23T21:39:36Z,97701,1790101943,6.1.187-android14-11-SAGA,49646d1b0cd1,cc_governor,cc_governor,704683,641088,1308844,2166594,604160,187,201223,220973,486485,756707,285262,19473,adios,0,adios,0,adios,0,45.8,52.4,,36.0,49.5,40.5,95,4283000,-671300,36.0,,,17.29,199412,,1,2000
1790199611,2026-09-23T21:40:11Z,97736,1790101943,6.1.187-android14-11-SAGA,49646d1b0cd1,cc_governor,cc_governor,714367,655052,1325029,2199746,610662,194,203145,225002,490926,765659,287781,19801,adios,0,adios,0,adios,0,44.6,44.7,,36.0,54.7,40.2,95,4281000,-537700,36.0,,,17.49,148192,,1,2000
1790199646,2026-09-23T21:40:46Z,97772,1790101943,6.1.187-android14-11-SAGA,49646d1b0cd1,cc_governor,cc_governor,723812,667136,1340207,2229611,616410,195,204943,228600,495776,774485,290838,20104,adios,0,adios,0,adios,0,45.2,45.4,,36.0,47.7,40.0,94,4289000,-332600,36.0,,,17.17,135288,,1,2000
1790199681,2026-09-23T21:41:21Z,97807,1790101943,6.1.187-android14-11-SAGA,49646d1b0cd1,cc_governor,cc_governor,735680,677103,1362324,2265533,626659,195,208571,232198,503960,787172,295399,20389,adios,0,adios,0,adios,0,45.7,45.5,,36.0,48.5,40.1,94,4285000,-456500,36.0,,,17.36,140792,,1,2000
1790199716,2026-09-23T21:41:56Z,97842,1790101943,6.1.187-android14-11-SAGA,49646d1b0cd1,cc_governor,cc_governor,746002,685723,1384399,2299035,638385,197,209415,234932,508299,794633,298884,20671,adios,0,adios,0,adios,0,44.6,45.3,,36.0,48.7,40.0,94,4279000,-559000,36.0,,,17.65,112004,,1,2000
1790199751,2026-09-23T21:42:31Z,97877,1790101943,6.1.187-android14-11-SAGA,49646d1b0cd1,cc_governor,cc_governor,755977,694524,1406459,2333862,650487,198,213258,238821,519088,809879,305838,20957,adios,0,adios,0,adios,0,49.4,47.3,,36.0,49.7,40.5,94,4280000,-477200,36.0,,,18.02,102288,,1,2000
1790199786,2026-09-23T21:43:06Z,97912,1790101943,6.1.187-android14-11-SAGA,49646d1b0cd1,cc_governor,cc_governor,760479,707582,1418247,2361113,657789,198,214271,244926,523884,821348,309616,21231,adios,0,adios,0,adios,0,45.6,46.3,,36.0,47.8,40.1,94,4283000,-494900,36.0,,,17.77,105788,,1,2000
1790199822,2026-09-23T21:43:42Z,97947,1790101943,6.1.187-android14-11-SAGA,49646d1b0cd1,cc_governor,cc_governor,767325,716559,1436499,2391474,669121,200,217700,249789,533272,836249,315569,21537,adios,0,adios,0,adios,0,48.3,47.6,,36.0,50.2,40.4,94,4266000,-442500,36.0,,,18.18,104116,,1,2000
1790199857,2026-09-23T21:44:17Z,97982,1790101943,6.1.187-android14-11-SAGA,49646d1b0cd1,cc_governor,cc_governor,781424,726697,1461394,2430436,679960,201,224154,255557,545253,855178,321110,21839,adios,0,adios,0,adios,2,49.8,49.0,46.1,36.0,49.3,40.9,94,4266000,-588300,36.0,,,18.11,91456,,1,2000
1790199892,2026-09-23T21:44:52Z,98018,1790101943,6.1.187-android14-11-SAGA,49646d1b0cd1,cc_governor,cc_governor,795212,735081,1487072,2467926,691860,210,228710,258087,555264,868379,326554,22160,adios,0,adios,0,adios,0,44.5,45.6,43.9,36.0,51.0,40.5,94,4276000,-472400,36.0,,,17.93,97720,,1,2000
1790199928,2026-09-23T21:45:28Z,98053,1790101943,6.1.187-android14-11-SAGA,49646d1b0cd1,cc_governor,cc_governor,807617,749660,1505536,2503894,697902,212,230526,263108,559022,877595,328496,22484,adios,0,adios,0,adios,0,44.8,44.4,,36.0,47.7,39.9,94,4275000,-343000,36.0,,,17.74,98904,,1,2000
1790199963,2026-09-23T21:46:03Z,98088,1790101943,6.1.187-android14-11-SAGA,49646d1b0cd1,cc_governor,cc_governor,817694,761257,1524868,2537823,707183,214,231905,266495,563798,886127,331905,22782,adios,0,adios,0,adios,0,45.7,45.3,,36.0,48.0,39.7,94,4277000,-413200,36.0,,,17.80,111268,,1,2000
1790199997,2026-09-23T21:46:37Z,98123,1790101943,6.1.187-android14-11-SAGA,49646d1b0cd1,cc_governor,cc_governor,828783,770282,1547189,2572284,718424,215,234638,269621,574072,900537,339433,23073,adios,0,adios,0,adios,0,47.3,47.6,44.8,36.0,55.2,41.7,94,4228000,-1193200,36.0,,,20.94,139268,,1,2000
1790200034,2026-09-23T21:47:14Z,98159,1790101943,6.1.187-android14-11-SAGA,49646d1b0cd1,cc_governor,cc_governor,5398,5548,7908,14195,2505,0,3692,2271,4506,7967,814,15,adios,0,adios,0,adios,0,46.9,50.5,,36.0,49.4,40.2,94,4280000,-313700,36.0,,,18.81,137036,,1,2000
1790200070,2026-09-23T21:47:50Z,98195,1790101943,6.1.187-android14-11-SAGA,49646d1b0cd1,cc_governor,cc_governor,11982,11488,19580,32984,7597,2,7721,4909,10515,18161,2794,320,adios,0,adios,0,adios,0,46.2,48.5,,36.0,60.7,39.7,93,4251000,-708600,36.0,,,17.64,181108,,1,2000
1790200558,2026-09-23T21:55:58Z,98683,1790101943,6.1.187-android14-11-SAGA,49646d1b0cd1,cc_governor,cc_governor,2879,0,3492,4504,522,6,1758,0,2361,2559,543,75,adios,0,adios,0,adios,0,49.5,45.1,46.5,35.0,49.4,39.4,93,4275000,-408300,35.0,,,16.53,170288,,1,2000
1790200594,2026-09-23T21:56:34Z,98719,1790101943,6.1.187-android14-11-SAGA,49646d1b0cd1,cc_governor,cc_governor,20933,1328,39005,48398,18101,27,6524,822,15994,19015,9497,435,adios,0,adios,0,adios,0,50.1,49.5,,36.0,49.6,40.6,93,4270000,-402800,36.0,,,17.52,133944,,1,2000
1790200630,2026-09-23T21:57:10Z,98755,1790101943,6.1.187-android14-11-SAGA,49646d1b0cd1,cc_governor,cc_governor,36130,7603,69064,91881,32946,31,8338,2716,23728,29023,15393,800,adios,0,adios,0,adios,0,46.5,46.5,,36.0,47.6,40.2,93,4279000,-418700,36.0,,,17.30,132620,,1,2000
1790200666,2026-09-23T21:57:46Z,98791,1790101943,6.1.187-android14-11-SAGA,49646d1b0cd1,cc_governor,cc_governor,53767,14291,98623,133597,44855,35,15603,5115,37948,47751,22345,1111,adios,0,adios,0,adios,0,45.5,45.7,,36.0,47.7,40.2,93,4243000,-1107700,36.0,,,17.58,127256,,1,2000
1790200701,2026-09-23T21:58:21Z,98826,1790101943,6.1.187-android14-11-SAGA,49646d1b0cd1,cc_governor,cc_governor,67971,25599,122047,171325,54095,37,17663,9389,43357,58037,25702,1421,adios,0,adios,0,adios,0,46.0,45.9,,36.0,57.1,40.2,93,4261000,-537100,36.0,,,17.89,113688,,1,2000
1790200736,2026-09-23T21:58:56Z,98861,1790101943,6.1.187-android14-11-SAGA,49646d1b0cd1,cc_governor,cc_governor,79609,38857,141016,206525,61407,40,20211,15175,49805,70824,29594,1733,adios,0,adios,0,adios,0,45.5,45.3,,36.0,48.6,40.1,93,4237000,-567000,36.0,,,17.83,103880,,1,2000
1790200771,2026-09-23T21:59:31Z,98896,1790101943,6.1.187-android14-11-SAGA,49646d1b0cd1,cc_governor,cc_governor,86921,50626,154464,233947,67548,42,20680,19133,52164,77493,31484,2025,adios,0,adios,0,adios,0,43.2,43.5,,36.0,46.3,39.5,93,4270000,-325300,36.0,,,17.04,86784,,1,2000
1790200806,2026-09-23T22:00:06Z,98932,1790101943,6.1.187-android14-11-SAGA,49646d1b0cd1,cc_governor,cc_governor,100130,63813,174040,269466,73912,43,23921,24754,57919,89413,34002,2334,adios,0,adios,0,adios,0,46.3,46.5,,36.0,51.8,40.1,93,4176000,-1492900,36.0,,,17.17,95140,,1,2000
1790200841,2026-09-23T22:00:41Z,98967,1790101943,6.1.187-android14-11-SAGA,49646d1b0cd1,cc_governor,cc_governor,109714,71176,195016,299982,85320,44,25047,27038,62311,96689,37268,2619,adios,0,adios,0,adios,0,44.4,44.0,,36.0,47.3,39.7,92,4270000,-271600,36.0,,,16.72,143804,,1,2000
1790200876,2026-09-23T22:01:16Z,99002,1790101943,6.1.187-android14-11-SAGA,49646d1b0cd1,cc_governor,cc_governor,115090,75456,208375,319586,93285,49,29660,27641,69201,105147,39541,2940,adios,0,adios,0,adios,0,42.6,42.6,,36.0,46.3,39.2,92,4277000,-217800,36.0,,,16.21,99720,,1,2000
1790201008,2026-09-23T22:03:28Z,99133,1790101943,6.1.187-android14-11-SAGA,49646d1b0cd1,cc_governor,cc_governor,24,0,206,219,191,0,0,0,51,59,58,16,adios,0,adios,0,adios,0,41.4,43.4,,36.0,44.5,37.8,92,4257000,-460800,36.0,,,15.64,93696,,1,2000
1790201056,2026-09-23T22:04:16Z,99181,1790101943,6.1.187-android14-11-SAGA,49646d1b0cd1,cc_governor,cc_governor,16,45,503,22,25,0,9,0,37,45,33,8,adios,0,adios,0,adios,0,40.0,41.6,,36.0,45.8,38.2,92,4268000,-400300,36.0,,,16.27,105820,,1,2000
1790201103,2026-09-23T22:05:03Z,99228,1790101943,6.1.187-android14-11-SAGA,49646d1b0cd1,cc_governor,cc_governor,16383,1542,26181,33808,9793,17,9329,914,13905,19192,4505,59,adios,0,adios,0,adios,0,47.6,46.4,,36.0,63.3,42.0,92,4256000,-482100,36.0,,,19.94,87136,,1,2000
1790201138,2026-09-23T22:05:38Z,99264,1790101943,6.1.187-android14-11-SAGA,49646d1b0cd1,cc_governor,cc_governor,40586,4454,62838,80667,22291,43,23300,2207,35285,45733,12021,546,adios,0,adios,0,adios,0,61.8,57.8,,37.0,55.5,43.8,92,4246000,-612700,37.0,,,21.69,100940,,1,2000
1790201174,2026-09-23T22:06:15Z,99300,1790101943,6.1.187-android14-11-SAGA,49646d1b0cd1,cc_governor,cc_governor,45986,10026,79129,103978,33151,54,25754,3246,40803,53296,15054,855,adios,0,adios,0,adios,0,45.8,47.3,,37.0,49.5,40.6,92,4264000,-313700,37.0,,,18.73,73316,,1,2000
1790201210,2026-09-23T22:06:50Z,99335,1790101943,6.1.187-android14-11-SAGA,49646d1b0cd1,cc_governor,cc_governor,48479,17650,89845,122683,41366,57,26017,4099,42758,56210,16741,1172,adios,0,adios,0,adios,0,43.5,44.3,,37.0,48.0,39.8,92,4257000,-243500,37.0,,,17.25,101028,,1,2000
1790201246,2026-09-23T22:07:26Z,99371,1790101943,6.1.187-android14-11-SAGA,49646d1b0cd1,cc_governor,cc_governor,71662,20715,126824,168959,55170,99,38673,5431,64210,80847,25543,1920,adios,0,adios,0,adios,0,49.8,48.2,,37.0,49.7,41.7,92,4264000,-209900,37.0,,,20.52,123996,,1,2000
1790201281,2026-09-23T22:08:01Z,99406,1790101943,6.1.187-android14-11-SAGA,49646d1b0cd1,cc_governor,cc_governor,74946,29899,136322,188254,61376,101,39232,6578,66653,84908,27421,2227,adios,0,adios,0,adios,0,44.2,44.4,,36.0,46.9,39.9,92,4268000,-162900,36.0,,,18.79,113232,,1,2000
1790201316,2026-09-23T22:08:37Z,99442,1790101943,6.1.187-android14-11-SAGA,49646d1b0cd1,cc_governor,cc_governor,77891,36895,147388,206928,69497,103,40015,8016,68670,88444,28655,2543,adios,0,adios,0,adios,0,43.5,44.8,,36.0,47.7,39.4,92,4262000,-653600,36.0,,,17.27,94136,,1,2000
1790201352,2026-09-23T22:09:12Z,99477,1790101943,6.1.187-android14-11-SAGA,49646d1b0cd1,cc_governor,cc_governor,79645,47495,153669,224301,74041,106,40045,9244,69617,90643,29578,2848,adios,0,adios,0,adios,0,48.3,45.0,,36.0,44.3,39.0,92,4236000,-808700,36.0,,,16.51,129420,,1,2000
1790201406,2026-09-23T22:10:07Z,99532,1790101943,6.1.187-android14-11-SAGA,49646d1b0cd1,cc_governor,cc_governor,646,3,1530,1736,920,35,948,10,1502,1662,514,93,adios,0,adios,0,adios,0,54.0,55.2,51.6,36.0,54.5,41.8,91,4223000,-830000,36.0,,,17.85,210588,,1,2000
1790201444,2026-09-23T22:10:44Z,99570,1790101943,6.1.187-android14-11-SAGA,49646d1b0cd1,cc_governor,cc_governor,11260,7363,21607,31709,10369,92,4997,964,9045,10935,4052,718,adios,0,adios,0,adios,0,44.4,44.4,,36.0,47.3,39.9,91,4219000,-1084500,36.0,,,17.20,129776,,1,2000
1790201481,2026-09-23T22:11:21Z,99606,1790101943,6.1.187-android14-11-SAGA,49646d1b0cd1,cc_governor,cc_governor,17452,13575,37688,55164,20254,180,8806,1818,16103,19360,7301,1183,adios,0,adios,0,adios,0,44.4,44.9,,36.0,47.2,39.8,91,4251000,-396700,36.0,,,16.71,107104,,1,2000
1790201516,2026-09-23T22:11:56Z,99642,1790101943,6.1.187-android14-11-SAGA,49646d1b0cd1,cc_governor,cc_governor,19861,23546,45935,73776,26074,182,8961,3673,16837,21984,7876,1497,adios,0,adios,0,adios,0,51.9,51.6,49.5,36.0,57.8,42.1,91,4228000,-791600,36.0,,,16.74,195448,,1,2000
1790201554,2026-09-23T22:12:34Z,99679,1790101943,6.1.187-android14-11-SAGA,49646d1b0cd1,cc_governor,cc_governor,30727,31774,64624,103196,33889,261,13806,5281,24216,31573,10410,2143,adios,0,adios,0,adios,0,46.6,46.1,,36.0,48.4,39.9,91,4246000,-330200,36.0,,,16.67,167584,,1,2000
1790201589,2026-09-23T22:13:09Z,99715,1790101943,6.1.187-android14-11-SAGA,49646d1b0cd1,cc_governor,cc_governor,34510,38595,77112,123271,42623,269,14835,6019,27445,35631,12619,2453,adios,0,adios,0,adios,0,43.6,44.4,,36.0,46.3,39.3,91,4254000,-312500,36.0,,,16.15,158692,,1,2000
1790201625,2026-09-23T22:13:45Z,99750,1790101943,6.1.187-android14-11-SAGA,49646d1b0cd1,cc_governor,cc_governor,38004,43846,91437,143605,53431,271,15477,6746,30584,39649,15107,2781,adios,0,adios,0,adios,0,44.1,57.2,,36.0,60.8,41.6,91,4237000,-606600,36.0,,,17.17,217028,,1,2000
1790201662,2026-09-23T22:14:22Z,99787,1790101943,6.1.187-android14-11-SAGA,49646d1b0cd1,cc_governor,cc_governor,52547,52417,114749,179341,62219,355,21595,9294,41804,54106,20212,3416,adios,0,adios,0,adios,0,43.0,43.3,,36.0,49.1,39.5,91,4259000,-212400,36.0,,,16.68,93120,,1,2000
1790201697,2026-09-23T22:14:57Z,99822,1790101943,6.1.187-android14-11-SAGA,49646d1b0cd1,cc_governor,cc_governor,56266,54831,132314,201910,76066,355,22563,9781,45381,58306,22825,3728,adios,0,adios,0,adios,0,44.5,44.5,,36.0,49.3,39.8,91,4237000,-582200,36.0,,,18.24,108620,,1,2000
1790201733,2026-09-23T22:15:33Z,99858,1790101943,6.1.187-android14-11-SAGA,49646d1b0cd1,cc_governor,cc_governor,58774,62291,143652,222941,84878,358,23084,10525,48017,61830,24933,4060,adios,0,adios,0,adios,0,42.6,43.6,,36.0,46.3,39.1,91,4241000,-354600,36.0,,,16.87,90476,,1,2000
1790201768,2026-09-23T22:16:08Z,99893,1790101943,6.1.187-android14-11-SAGA,49646d1b0cd1,cc_governor,cc_governor,60991,72269,151298,240965,90303,360,23317,11726,49198,64235,25881,4385,adios,0,adios,0,adios,0,41.9,44.3,,36.0,46.7,39.0,91,4258000,-239200,36.0,,,16.12,126388,,1,2000
1790201803,2026-09-23T22:16:43Z,99929,1790101943,6.1.187-android14-11-SAGA,49646d1b0cd1,cc_governor,cc_governor,63520,80778,160564,259240,97033,361,23490,13076,50470,66965,26980,4678,adios,0,adios,0,adios,0,41.7,42.5,,36.0,45.7,38.4,91,4257000,-294100,36.0,,,15.61,122700,,1,2000
1790201839,2026-09-23T22:17:19Z,99964,1790101943,6.1.187-android14-11-SAGA,49646d1b0cd1,cc_governor,cc_governor,75628,87666,181974,291197,106345,366,27689,15273,58529,77617,30840,5236,adios,0,adios,0,adios,0,42.9,42.5,,36.0,45.2,38.9,91,4255000,-238000,36.0,,,15.76,189624,,1,2000
1790201875,2026-09-23T22:17:55Z,100000,1790101943,6.1.187-android14-11-SAGA,49646d1b0cd1,cc_governor,cc_governor,77580,98984,187936,308851,110356,368,27838,17156,59023,80032,31185,5567,adios,0,adios,0,adios,0,42.6,43.5,,36.0,45.2,38.5,91,4257000,-200800,36.0,,,15.54,178552,,1,2000
1790201910,2026-09-23T22:18:30Z,100035,1790101943,6.1.187-android14-11-SAGA,49646d1b0cd1,cc_governor,cc_governor,87407,105512,207012,336973,119605,370,32049,18711,65808,88708,33759,5981,adios,0,adios,0,adios,0,43.1,43.4,,36.0,47.7,38.9,90,4248000,-480900,36.0,,,15.32,105772,,1,2000
1790201945,2026-09-23T22:19:05Z,100071,1790101943,6.1.187-android14-11-SAGA,49646d1b0cd1,cc_governor,cc_governor,89382,116746,212759,354350,123377,371,32111,20558,66240,91075,34129,6282,adios,0,adios,0,adios,0,41.4,42.8,,36.0,44.8,38.2,90,4245000,-361900,36.0,,,15.30,106804,,1,2000
1790201981,2026-09-23T22:19:41Z,100106,1790101943,6.1.187-android14-11-SAGA,49646d1b0cd1,cc_governor,cc_governor,99086,126248,228951,385647,129844,387,37632,22909,74536,102907,36922,6681,adios,0,adios,0,adios,25,54.5,58.3,,36.0,55.9,41.9,90,4233000,-541300,36.0,,,15.72,116084,,1,2000
1790202018,2026-09-23T22:20:18Z,100143,1790101943,6.1.187-android14-11-SAGA,49646d1b0cd1,cc_governor,cc_governor,123038,129247,267381,434952,144360,436,48218,24117,94183,126436,45970,7118,adios,0,adios,0,adios,0,44.9,44.9,,36.0,46.7,40.0,90,4250000,-254500,36.0,,,16.11,96880,,1,2000
1790202054,2026-09-23T22:20:54Z,100179,1790101943,6.1.187-android14-11-SAGA,49646d1b0cd1,cc_governor,cc_governor,125897,138144,277913,455073,151985,438,49596,25348,97503,131568,47907,7429,adios,0,adios,0,adios,0,47.5,47.5,,36.0,50.2,40.1,90,4243000,-281300,36.0,,,16.57,103292,,1,2000
1790202089,2026-09-23T22:21:29Z,100214,1790101943,6.1.187-android14-11-SAGA,49646d1b0cd1,cc_governor,cc_governor,151554,144405,311794,499523,160255,452,59332,28161,113376,152347,54055,7918,adios,0,adios,0,adios,0,46.7,46.1,,36.0,53.0,40.8,90,4212000,-987500,36.0,,,17.05,137160,,1,2000
1790202124,2026-09-23T22:22:04Z,100249,1790101943,6.1.187-android14-11-SAGA,49646d1b0cd1,cc_governor,cc_governor,157879,155542,323564,524144,165685,455,60788,30712,116781,158993,55993,8203,adios,0,adios,0,adios,0,42.8,43.8,,36.0,45.4,39.2,90,4250000,-257500,36.0,,,15.93,173308,,1,2000
1790202159,2026-09-23T22:22:39Z,100285,1790101943,6.1.187-android14-11-SAGA,49646d1b0cd1,cc_governor,cc_governor,159674,165628,330419,541502,170743,456,60821,31969,117599,161115,56778,8516,adios,0,adios,0,adios,0,42.2,42.0,,36.0,45.0,38.7,90,4250000,-286800,36.0,,,15.38,108516,,1,2000
1790202195,2026-09-23T22:23:15Z,100321,1790101943,6.1.187-android14-11-SAGA,49646d1b0cd1,cc_governor,cc_governor,161740,178645,334588,559191,172848,458,60948,34113,118040,163906,57092,8839,adios,0,adios,0,adios,0,43.9,44.0,,36.0,45.4,38.8,90,4252000,-369800,36.0,,,15.31,112912,,1,2000
1790202231,2026-09-23T22:23:51Z,100356,1790101943,6.1.187-android14-11-SAGA,49646d1b0cd1,cc_governor,cc_governor,180748,181377,367243,600755,186501,480,71729,34779,135351,185643,63629,9209,adios,0,adios,0,adios,0,50.7,47.8,45.7,36.0,53.1,41.6,90,4192000,-1035100,36.0,,,20.11,135412,,1,2000
1790202267,2026-09-23T22:24:27Z,100392,1790101943,6.1.187-android14-11-SAGA,49646d1b0cd1,cc_governor,cc_governor,197633,187567,398661,643947,201018,486,81827,36574,153163,207917,71336,9567,adios,0,adios,0,adios,0,45.8,45.2,,36.0,47.8,40.1,90,4238000,-404600,36.0,,,19.30,211776,,1,2000
1790202302,2026-09-23T22:25:02Z,100428,1790101943,6.1.187-android14-11-SAGA,49646d1b0cd1,cc_governor,cc_governor,210756,197857,422540,682750,211783,492,82569,40765,156964,216643,74400,9879,adios,0,adios,0,adios,0,45.8,48.1,43.2,36.0,47.7,40.0,90,4231000,-440000,36.0,,,18.84,121400,,1,2000
1790202338,2026-09-23T22:25:38Z,100463,1790101943,6.1.187-android14-11-SAGA,49646d1b0cd1,cc_governor,cc_governor,222515,207878,445822,720586,223320,494,83680,43259,162839,225569,79164,10187,adios,0,adios,0,adios,0,45.0,45.1,,36.0,48.0,39.9,89,4235000,-414400,36.0,,,18.15,85316,,1,2000
1790202373,2026-09-23T22:26:14Z,100499,1790101943,6.1.187-android14-11-SAGA,49646d1b0cd1,cc_governor,cc_governor,233426,221526,464387,757063,230973,496,86663,46666,169779,236477,83126,10501,adios,0,adios,0,adios,0,44.6,44.9,,36.0,47.3,39.9,89,4222000,-477200,36.0,,,18.16,88840,,1,2000
1790202409,2026-09-23T22:26:49Z,100534,1790101943,6.1.187-android14-11-SAGA,49646d1b0cd1,cc_governor,cc_governor,243798,235955,481976,793548,238185,499,86752,50053,171536,241770,84792,10800,adios,0,adios,0,adios,0,44.2,44.5,42.6,36.0,47.3,39.8,89,4235000,-393000,36.0,,,17.90,76004,,1,2000
1790202445,2026-09-23T22:27:25Z,100570,1790101943,6.1.187-android14-11-SAGA,49646d1b0cd1,cc_governor,cc_governor,253893,250266,499179,829390,245277,500,86894,53563,173482,247440,86588,11113,adios,0,adios,0,adios,0,44.6,47.5,42.7,36.0,46.7,39.8,89,4235000,-446700,36.0,,,17.96,107172,,1,2000
1790202480,2026-09-23T22:28:00Z,100606,1790101943,6.1.187-android14-11-SAGA,49646d1b0cd1,cc_governor,cc_governor,264117,265164,515936,865201,251793,501,87243,58076,175850,254568,88607,11431,adios,0,adios,0,adios,0,44.6,46.2,,36.0,47.7,39.8,89,4235000,-897800,36.0,,,17.45,98724,,1,2000
1790202517,2026-09-23T22:28:37Z,100642,1790101943,6.1.187-android14-11-SAGA,49646d1b0cd1,cc_governor,cc_governor,273884,279635,533057,901191,259183,502,87342,61785,177473,260066,90136,11763,adios,0,adios,0,adios,0,44.4,44.6,42.6,36.0,47.3,39.8,89,4232000,-358200,36.0,,,17.03,90484,,1,2000
1790202552,2026-09-23T22:29:12Z,100678,1790101943,6.1.187-android14-11-SAGA,49646d1b0cd1,cc_governor,cc_governor,282796,293592,549217,935779,266407,504,87465,65701,179626,266405,92161,12088,adios,0,adios,0,adios,0,44.4,45.7,,36.0,48.4,40.0,89,4234000,-317300,36.0,,,16.85,80472,,1,2000
1790202588,2026-09-23T22:29:48Z,100713,1790101943,6.1.187-android14-11-SAGA,49646d1b0cd1,cc_governor,cc_governor,294322,305451,569031,971992,274723,509,90501,69526,185893,277549,95397,12403,adios,0,adios,0,adios,0,45.9,45.1,,37.0,49.1,40.4,89,4239000,-171500,36.0,,,16.90,111448,,1,2000
1790202623,2026-09-23T22:30:23Z,100748,1790101943,6.1.187-android14-11-SAGA,49646d1b0cd1,cc_governor,cc_governor,303186,314841,584159,998095,280965,511,93099,70773,191255,284724,98162,12724,adios,0,adios,0,adios,0,45.9,46.0,43.9,37.0,50.1,40.5,89,4225000,-345400,37.0,,,16.67,89568,,1,2000
1790202659,2026-09-23T22:30:59Z,100784,1790101943,6.1.187-android14-11-SAGA,49646d1b0cd1,cc_governor,cc_governor,313808,325992,604521,1033667,290730,515,94392,73772,195970,292958,101588,13047,adios,0,adios,0,adios,0,45.8,45.1,,37.0,47.4,40.3,89,4233000,-350900,37.0,,,16.74,117248,,1,2000
1790202694,2026-09-23T22:31:34Z,100820,1790101943,6.1.187-android14-11-SAGA,49646d1b0cd1,cc_governor,cc_governor,324735,336584,625818,1069875,301069,518,95532,76361,201981,302216,106449,13379,adios,0,adios,0,adios,0,46.3,47.3,44.5,37.0,48.4,40.6,89,4218000,-516900,37.0,,,17.12,92976,,1,2000
1790202730,2026-09-23T22:32:10Z,100855,1790101943,6.1.187-android14-11-SAGA,49646d1b0cd1,cc_governor,cc_governor,335603,352526,641816,1106286,306213,519,96310,82382,205037,311988,108727,13695,adios,0,adios,0,adios,0,45.0,44.7,,37.0,49.0,40.4,89,4220000,-624300,37.0,,,17.41,120792,,1,2000
1790202766,2026-09-23T22:32:46Z,100891,1790101943,6.1.187-android14-11-SAGA,49646d1b0cd1,cc_governor,cc_governor,350768,364434,665750,1146306,314975,521,97439,86134,208948,320258,111509,14017,adios,0,adios,0,adios,0,45.2,45.0,,37.0,47.7,40.4,89,4229000,-446700,37.0,,,17.46,90824,,1,2000
1790202801,2026-09-23T22:33:21Z,100927,1790101943,6.1.187-android14-11-SAGA,49646d1b0cd1,cc_governor,cc_governor,360426,382008,679068,1181500,318660,525,97737,90790,210216,326564,112485,14347,adios,0,adios,0,adios,0,45.4,45.5,,37.0,47.9,40.4,89,4223000,-463200,37.0,,,17.09,109836,,1,2000
1790202837,2026-09-23T22:33:57Z,100963,1790101943,6.1.187-android14-11-SAGA,49646d1b0cd1,cc_governor,cc_governor,371841,390789,703597,1219366,331768,527,98534,93581,214242,333748,115712,14666,adios,0,adios,0,adios,0,45.8,46.9,,37.0,48.4,40.4,88,4227000,-411900,37.0,,,17.30,202232,,1,2000
1790202873,2026-09-23T22:34:33Z,100998,1790101943,6.1.187-android14-11-SAGA,49646d1b0cd1,cc_governor,cc_governor,381756,404653,721160,1254983,339404,529,99181,97042,217110,340330,117929,14976,adios,0,adios,0,adios,0,45.1,46.4,,37.0,48.3,40.5,88,4229000,-317300,37.0,,,17.28,103620,,1,2000
1790202908,2026-09-23T22:35:08Z,101034,1790101943,6.1.187-android14-11-SAGA,49646d1b0cd1,cc_governor,cc_governor,392675,416462,741712,1291895,349027,533,99359,99954,219817,346112,120458,15301,adios,0,adios,0,adios,0,44.5,45.7,43.6,37.0,48.6,40.5,88,4222000,-347900,37.0,,,17.57,116488,,1,2000
1790202944,2026-09-23T22:35:44Z,101069,1790101943,6.1.187-android14-11-SAGA,49646d1b0cd1,cc_governor,cc_governor,406153,423593,766562,1328561,360424,537,105152,101532,229403,359259,124251,15624,adios,0,adios,0,adios,0,44.8,45.7,,37.0,47.0,40.7,88,4231000,-269100,37.0,,,18.40,80020,,1,2000
1790202979,2026-09-23T22:36:19Z,101105,1790101943,6.1.187-android14-11-SAGA,49646d1b0cd1,cc_governor,cc_governor,407786,431750,774078,1344620,366276,540,105222,102547,230622,361704,125396,15929,adios,0,adios,0,adios,0,46.5,44.9,,37.0,47.1,39.9,88,4237000,-206200,37.0,,,16.73,101096,,1,2000
1790203015,2026-09-23T22:36:55Z,101140,1790101943,6.1.187-android14-11-SAGA,49646d1b0cd1,cc_governor,cc_governor,408806,438270,780652,1358206,371846,542,105291,103395,232145,364243,126854,16237,adios,0,adios,0,adios,0,42.6,44.9,,37.0,45.2,39.3,88,4230000,-358200,37.0,,,16.05,73752,,1,2000
1790203050,2026-09-23T22:37:30Z,101176,1790101943,6.1.187-android14-11-SAGA,49646d1b0cd1,cc_governor,cc_governor,410588,447062,786138,1373038,375562,544,105549,105460,233157,368158,127612,16558,adios,0,adios,0,adios,0,42.9,43.3,,37.0,47.8,39.3,88,4235000,-267300,37.0,,,15.61,330600,,1,2000
1790203086,2026-09-23T22:38:06Z,101211,1790101943,6.1.187-android14-11-SAGA,49646d1b0cd1,cc_governor,cc_governor,421340,452759,804207,1399900,382891,546,109972,106377,241375,378159,131409,16917,adios,0,adios,0,adios,0,48.3,47.6,,37.0,49.4,40.7,88,4230000,-222700,37.0,,,17.35,108572,,1,2000
1790203121,2026-09-23T22:38:41Z,101247,1790101943,6.1.187-android14-11-SAGA,49646d1b0cd1,cc_governor,cc_governor,423932,460038,814825,1418286,390893,548,110041,107838,242215,380595,132174,17239,adios,0,adios,0,adios,0,42.3,42.6,,37.0,45.8,38.9,88,4225000,-225200,36.0,,,16.83,102688,,1,2000
1790203157,2026-09-23T22:39:17Z,101283,1790101943,6.1.187-android14-11-SAGA,49646d1b0cd1,cc_governor,cc_governor,424670,467366,819815,1430975,395139,552,110304,109482,242970,383127,132666,17555,adios,0,adios,0,adios,0,42.4,41.7,,36.0,44.5,38.6,88,4236000,-143400,36.0,,,15.96,78360,,1,2000
1790203193,2026-09-23T22:39:53Z,101318,1790101943,6.1.187-android14-11-SAGA,49646d1b0cd1,cc_governor,cc_governor,425067,475088,823172,1442393,398121,554,110306,111142,243342,385219,133040,17876,adios,0,adios,0,adios,0,41.7,42.0,,36.0,44.8,38.4,88,4237000,-197100,36.0,,,15.38,149188,,1,2000
1790203228,2026-09-23T22:40:28Z,101354,1790101943,6.1.187-android14-11-SAGA,49646d1b0cd1,cc_governor,cc_governor,425738,483296,826888,1454648,401150,556,110314,112408,244063,387254,133749,18196,adios,0,adios,0,adios,0,41.2,41.4,,36.0,44.9,38.1,88,4235000,-207500,36.0,,,15.20,127468,,1,2000
1790203264,2026-09-23T22:41:04Z,101389,1790101943,6.1.187-android14-11-SAGA,49646d1b0cd1,cc_governor,cc_governor,426267,491095,830547,1466441,404290,558,110314,113794,244622,389235,134313,18513,adios,0,adios,0,adios,0,41.1,41.7,,36.0,44.7,37.9,88,4235000,-242300,36.0,,,14.95,124088,,1,2000
1790203299,2026-09-23T22:41:39Z,101425,1790101943,6.1.187-android14-11-SAGA,49646d1b0cd1,cc_governor,cc_governor,426771,497720,835322,1478153,408550,559,110314,114910,245515,391281,135201,18840,adios,0,adios,0,adios,0,42.4,45.1,,36.0,45.2,37.8,88,4227000,-200800,36.0,,,14.98,116608,,1,2000
1790203335,2026-09-23T22:42:15Z,101460,1790101943,6.1.187-android14-11-SAGA,49646d1b0cd1,cc_governor,cc_governor,428027,504315,842017,1491910,413989,561,110396,116151,246969,394093,136573,19153,adios,0,adios,0,adios,0,41.5,41.6,,35.0,44.4,37.4,88,4234000,-217800,35.0,,,14.84,99404,,1,2000
1790203370,2026-09-23T22:42:50Z,101496,1790101943,6.1.187-android14-11-SAGA,49646d1b0cd1,cc_governor,cc_governor,428562,512955,844743,1503610,416180,563,110399,117973,247238,396253,136839,19479,adios,0,adios,0,adios,0,40.4,40.3,,35.0,43.0,37.1,88,4224000,-193400,35.0,,,14.71,121644,,1,2000
1790203406,2026-09-23T22:43:26Z,101531,1790101943,6.1.187-android14-11-SAGA,49646d1b0cd1,cc_governor,cc_governor,429295,520340,849434,1516083,420156,567,110415,119605,247836,398535,137425,19792,adios,0,adios,0,adios,0,40.0,40.4,,35.0,42.8,36.9,88,4233000,-227600,35.0,,,14.69,94680,,1,2000
1790203447,2026-09-23T22:44:07Z,101573,1790101943,6.1.187-android14-11-SAGA,49646d1b0cd1,cc_governor,cc_governor,0,0,91,114,109,0,14,0,62,63,50,17,adios,0,adios,0,adios,0,38.1,39.9,,35.0,41.9,36.5,88,4226000,-307000,35.0,,,14.95,152288,,1,2000
1790203517,2026-09-23T22:45:17Z,101642,1790101943,6.1.187-android14-11-SAGA,49646d1b0cd1,cc_governor,cc_governor,9342,3679,15688,21776,6360,16,3660,1176,6574,8256,2918,75,adios,0,adios,0,adios,0,41.8,41.9,,35.0,45.1,37.9,88,4214000,-120200,35.0,,,39.61,110928,,1,2000
1790203553,2026-09-23T22:45:53Z,101679,1790101943,6.1.187-android14-11-SAGA,49646d1b0cd1,cc_governor,cc_governor,0,0,402,436,414,0,2,0,77,79,79,15,adios,0,adios,0,adios,0,39.2,40.8,,34.0,42.6,36.5,88,4232000,-156200,34.0,,,28.51,122144,,1,2000
1790203676,2026-09-23T22:47:56Z,101801,1790101943,6.1.187-android14-11-SAGA,49646d1b0cd1,cc_governor,cc_governor,26504,461,34803,40618,8179,28,7668,437,15175,17917,7516,107,adios,0,adios,0,adios,0,47.2,51.3,45.1,35.0,49.7,39.6,88,4178000,-1207200,34.0,,,24.93,51628,,1,2000
1790203711,2026-09-23T22:48:31Z,101837,1790101943,6.1.187-android14-11-SAGA,49646d1b0cd1,cc_governor,cc_governor,56826,2916,80341,97536,23516,38,17135,1772,34662,41057,17530,458,adios,0,adios,0,adios,0,46.4,47.4,44.1,35.0,49.3,40.3,87,4208000,-509000,35.0,,,22.07,126764,,1,2000
1790203747,2026-09-23T22:49:07Z,101872,1790101943,6.1.187-android14-11-SAGA,49646d1b0cd1,cc_governor,cc_governor,95992,3878,134760,164760,38737,43,37101,2434,65453,74319,28357,772,adios,0,adios,0,adios,0,51.0,48.4,,35.0,54.1,41.5,87,4143000,-1343300,35.0,,,21.30,20712,,1,2000
1790203783,2026-09-23T22:49:43Z,101908,1790101943,6.1.187-android14-11-SAGA,49646d1b0cd1,cc_governor,cc_governor,116058,11998,167048,211424,50971,55,42141,6780,78142,92415,36020,1095,adios,0,adios,0,adios,0,47.2,47.2,44.5,35.0,50.3,40.4,87,4190000,-1018000,35.0,,,20.01,311652,,1,2000
1790203819,2026-09-23T22:50:19Z,101945,1790101943,6.1.187-android14-11-SAGA,49646d1b0cd1,cc_governor,cc_governor,128416,19473,193599,256883,65188,61,44389,10817,89485,108519,45107,1447,adios,0,adios,0,adios,0,46.2,46.8,,35.0,49.1,40.2,87,4206000,-500400,36.0,,,19.10,189164,,1,2000
1790203856,2026-09-23T22:50:56Z,101981,1790101943,6.1.187-android14-11-SAGA,49646d1b0cd1,cc_governor,cc_governor,145186,30133,220251,301888,75064,63,47713,16328,97189,122583,49490,1784,adios,0,adios,0,adios,0,46.8,47.3,44.0,36.0,51.3,40.3,87,4190000,-437600,36.0,,,17.96,226396,,1,2000
1790203891,2026-09-23T22:51:31Z,102017,1790101943,6.1.187-android14-11-SAGA,49646d1b0cd1,cc_governor,cc_governor,172920,33226,263432,354567,90523,64,57194,18867,117520,146654,60334,2113,adios,0,adios,0,adios,0,46.9,47.4,,36.0,51.1,40.7,87,4199000,-344200,36.0,,,17.63,122236,,1,2000
1790203926,2026-09-23T22:52:06Z,102052,1790101943,6.1.187-android14-11-SAGA,49646d1b0cd1,cc_governor,cc_governor,186269,42414,288265,391780,102008,64,59163,22897,124224,158075,65073,2403,adios,0,adios,0,adios,0,45.6,45.6,,36.0,48.5,39.9,87,4196000,-438800,36.0,,,18.50,221820,,1,2000
1790203961,2026-09-23T22:52:41Z,102087,1790101943,6.1.187-android14-11-SAGA,49646d1b0cd1,cc_governor,cc_governor,201022,51640,314205,430072,113197,67,60511,26058,129934,167344,69428,2697,adios,0,adios,0,adios,0,44.9,44.7,,36.0,50.1,39.9,87,4198000,-545000,36.0,,,19.25,129244,,1,2000
1790203996,2026-09-23T22:53:16Z,102122,1790101943,6.1.187-android14-11-SAGA,49646d1b0cd1,cc_governor,cc_governor,221936,57560,347596,472548,125679,68,63948,28792,139481,180576,75547,2982,adios,0,adios,0,adios,0,47.0,47.2,,36.0,49.8,40.5,87,4204000,-416200,36.0,,,18.83,164584,,1,2000
1790204031,2026-09-23T22:53:51Z,102157,1790101943,6.1.187-android14-11-SAGA,49646d1b0cd1,cc_governor,cc_governor,232562,67011,369269,507019,136726,70,67556,33991,150114,197279,82565,3272,adios,0,adios,0,adios,0,46.5,47.1,,36.0,53.1,40.8,86,4186000,-604200,36.0,,,18.49,181848,,1,2000
1790204067,2026-09-23T22:54:27Z,102192,1790101943,6.1.187-android14-11-SAGA,49646d1b0cd1,cc_governor,cc_governor,251117,72393,401162,547358,150045,73,72943,35636,161486,211327,88543,3621,adios,0,adios,0,adios,0,44.2,44.2,,36.0,47.2,39.9,86,4210000,-328900,36.0,,,18.22,169312,,1,2000
1790204102,2026-09-23T22:55:02Z,102227,1790101943,6.1.187-android14-11-SAGA,49646d1b0cd1,cc_governor,cc_governor,258355,82676,416920,575304,158583,75,73587,37733,164472,216766,90890,3922,adios,0,adios,0,adios,0,45.1,45.1,,36.0,49.9,40.2,86,4162000,-419900,36.0,,,17.40,188820,,1,2000
1790204138,2026-09-23T22:55:38Z,102263,1790101943,6.1.187-android14-11-SAGA,49646d1b0cd1,cc_governor,cc_governor,268727,93228,437118,608317,168393,81,75271,39012,169126,222905,93858,4232,adios,0,adios,0,adios,0,43.6,43.8,,36.0,47.1,39.6,86,4193000,-510800,36.0,,,17.20,123212,,1,2000
1790204173,2026-09-23T22:56:13Z,102298,1790101943,6.1.187-android14-11-SAGA,49646d1b0cd1,cc_governor,cc_governor,281260,101463,462450,645008,181185,81,76494,41712,173968,230792,97474,4544,adios,0,adios,0,adios,0,44.9,47.0,,36.0,48.8,39.9,86,4199000,-366200,36.0,,,17.54,121472,,1,2000
1790204208,2026-09-23T22:56:48Z,102333,1790101943,6.1.187-android14-11-SAGA,49646d1b0cd1,cc_governor,cc_governor,294689,112689,485474,682265,190769,83,77608,45641,177900,239032,100292,4841,adios,0,adios,0,adios,0,45.4,44.8,,36.0,48.3,40.0,86,4197000,-638400,36.0,,,17.17,115536,,1,2000
1790204243,2026-09-23T22:57:23Z,102368,1790101943,6.1.187-android14-11-SAGA,49646d1b0cd1,cc_governor,cc_governor,312124,118070,516461,722884,204351,85,85431,48487,195367,262078,109940,5147,adios,0,adios,0,adios,0,47.9,49.6,,37.0,53.0,41.2,86,4194000,-266100,36.0,,,18.68,109412,,1,2000
1790204278,2026-09-23T22:57:58Z,102403,1790101943,6.1.187-android14-11-SAGA,49646d1b0cd1,cc_governor,cc_governor,325565,124298,544447,760056,218882,87,86858,51278,203018,273306,116160,5440,adios,0,adios,0,adios,0,45.3,46.0,,37.0,49.2,40.4,86,4197000,-557800,37.0,,,17.94,128408,,1,2000
1790204313,2026-09-23T22:58:33Z,102438,1790101943,6.1.187-android14-11-SAGA,49646d1b0cd1,cc_governor,cc_governor,335516,131883,567854,793764,232326,88,87354,53989,207206,280515,119852,5729,adios,0,adios,0,adios,0,45.0,45.6,,37.0,48.1,40.2,86,4199000,-407100,36.0,,,17.82,134932,,1,2000
1790204348,2026-09-23T22:59:08Z,102473,1790101943,6.1.187-android14-11-SAGA,49646d1b0cd1,cc_governor,cc_governor,347531,137067,595495,829438,247958,90,88200,55956,212802,288456,124601,6031,adios,0,adios,0,adios,0,45.3,45.7,,36.0,49.3,40.1,86,4181000,-859300,36.0,,,17.64,167972,,1,2000
1790204383,2026-09-23T22:59:43Z,102508,1790101943,6.1.187-android14-11-SAGA,49646d1b0cd1,cc_governor,cc_governor,359037,154617,608596,862470,249555,91,92447,62568,217752,300447,125305,6324,adios,0,adios,0,adios,0,45.0,44.6,,36.0,50.1,40.2,86,4200000,-421100,37.0,,,17.05,137676,,1,2000
1790204418,2026-09-23T23:00:18Z,102543,1790101943,6.1.187-android14-11-SAGA,49646d1b0cd1,cc_governor,cc_governor,361039,168114,612822,881619,251799,92,92917,64855,218345,303420,125435,6611,adios,0,adios,0,adios,0,43.6,44.1,,36.0,46.4,39.6,86,4195000,-325300,37.0,,,16.78,130632,,1,2000
1790204454,2026-09-23T23:00:54Z,102579,1790101943,6.1.187-android14-11-SAGA,49646d1b0cd1,cc_governor,cc_governor,361550,179040,616828,897774,255278,94,92922,65852,218910,305027,125988,6918,adios,0,adios,0,adios,0,43.1,43.5,,36.0,46.6,39.5,86,4157000,-955800,36.0,,,16.21,92136,,1,2000
1790204489,2026-09-23T23:01:29Z,102614,1790101943,6.1.187-android14-11-SAGA,49646d1b0cd1,cc_governor,cc_governor,374773,186699,642352,935016,267561,95,97412,68808,230274,320463,132862,7213,adios,0,adios,0,adios,0,47.2,46.3,,37.0,48.9,40.4,85,4189000,-468100,36.0,,,17.37,171868,,1,2000
1790204524,2026-09-23T23:02:04Z,102649,1790101943,6.1.187-android14-11-SAGA,49646d1b0cd1,cc_governor,cc_governor,387224,196283,665649,971562,278409,97,101040,71700,237967,331818,136926,7509,adios,0,adios,0,adios,0,45.0,45.6,,36.0,52.3,40.7,85,4187000,-478500,37.0,,,21.11,136548,,1,2000
1790204559,2026-09-23T23:02:39Z,102685,1790101943,6.1.187-android14-11-SAGA,49646d1b0cd1,cc_governor,cc_governor,398673,205993,688081,1006744,289427,101,103054,74968,244124,341895,141078,7815,adios,0,adios,0,adios,0,45.5,45.6,,37.0,48.5,40.5,85,4191000,-454100,37.0,,,19.19,231148,,1,2000
1790204594,2026-09-23T23:03:14Z,102720,1790101943,6.1.187-android14-11-SAGA,49646d1b0cd1,cc_governor,cc_governor,411029,213816,712144,1043047,301123,102,110462,77223,257469,358719,147014,8123,adios,0,adios,0,adios,0,49.2,50.2,47.9,37.0,53.5,41.5,85,4187000,-267300,37.0,,,19.14,127164,,1,2000
1790204629,2026-09-23T23:03:49Z,102755,1790101943,6.1.187-android14-11-SAGA,49646d1b0cd1,cc_governor,cc_governor,424556,222179,738029,1082544,313474,102,114570,81090,268839,374854,154277,8390,adios,0,adios,0,adios,0,46.2,46.3,,37.0,49.0,40.8,85,4179000,-449200,37.0,,,18.75,203012,,1,2000
1790204664,2026-09-23T23:04:24Z,102790,1790101943,6.1.187-android14-11-SAGA,49646d1b0cd1,cc_governor,cc_governor,434863,234636,756180,1116346,321316,104,116951,85146,274043,384959,157092,8688,adios,0,adios,0,adios,0,45.5,45.8,,37.0,50.7,40.8,85,4184000,-469300,37.0,,,17.93,83504,,1,2000
1790204699,2026-09-23T23:04:59Z,102825,1790101943,6.1.187-android14-11-SAGA,49646d1b0cd1,cc_governor,cc_governor,445120,246302,775408,1150381,330277,105,118592,89339,278498,394303,159910,8988,adios,0,adios,0,adios,0,46.7,47.6,,37.0,50.8,40.8,85,4185000,-501700,37.0,,,17.52,202368,,1,2000
1790204735,2026-09-23T23:05:35Z,102860,1790101943,6.1.187-android14-11-SAGA,49646d1b0cd1,cc_governor,cc_governor,456983,248056,807081,1188509,350069,108,119545,89749,286588,403882,167043,9280,adios,0,adios,0,adios,0,49.5,49.9,,37.0,49.6,41.1,85,4184000,-278900,37.0,,,17.37,171044,,1,2000
1790204770,2026-09-23T23:06:10Z,102895,1790101943,6.1.187-android14-11-SAGA,49646d1b0cd1,cc_governor,cc_governor,465435,255105,828741,1220453,363328,111,122335,93427,296021,417826,173698,9596,adios,0,adios,0,adios,0,47.1,48.8,,37.0,51.6,41.2,85,4182000,-445500,37.0,,,18.01,174148,,1,2000
1790204805,2026-09-23T23:06:45Z,102931,1790101943,6.1.187-android14-11-SAGA,49646d1b0cd1,cc_governor,cc_governor,473010,266777,845568,1252459,372577,113,125617,100483,305039,435109,179425,9918,adios,0,adios,0,adios,0,47.5,47.9,,37.0,51.3,41.2,85,4186000,-310000,37.0,,,18.33,195220,,1,2000
1790204841,2026-09-23T23:07:21Z,102966,1790101943,6.1.187-android14-11-SAGA,49646d1b0cd1,cc_governor,cc_governor,489482,274963,873001,1291065,383501,116,131540,105248,317934,454428,186394,10225,adios,0,adios,0,adios,0,48.5,47.9,,37.0,51.7,41.7,85,4186000,-638400,37.0,,,18.28,116656,,1,2000
1790204876,2026-09-23T23:07:56Z,103001,1790101943,6.1.187-android14-11-SAGA,49646d1b0cd1,cc_governor,cc_governor,504958,282540,900848,1329617,395907,116,134297,109109,326212,467706,191920,10523,adios,0,adios,0,adios,0,46.2,49.6,,37.0,50.8,41.4,84,4134000,-736600,37.0,,,18.35,114748,,1,2000
1790204911,2026-09-23T23:08:31Z,103036,1790101943,6.1.187-android14-11-SAGA,49646d1b0cd1,cc_governor,cc_governor,515863,291611,922978,1363600,407115,118,135651,112419,331375,476853,195724,10800,adios,0,adios,0,adios,0,45.6,46.6,,37.0,49.8,40.9,84,4184000,-510200,37.0,,,18.31,221532,,1,2000
1790204946,2026-09-23T23:09:06Z,103071,1790101943,6.1.187-android14-11-SAGA,49646d1b0cd1,cc_governor,cc_governor,531548,296037,954949,1406655,423404,119,146905,114580,351243,501201,204345,11096,adios,0,adios,0,adios,0,50.9,52.4,49.8,37.0,57.8,43.3,84,4155000,-811100,37.0,,,18.89,126588,,1,2000
1790204981,2026-09-23T23:09:41Z,103107,1790101943,6.1.187-android14-11-SAGA,49646d1b0cd1,cc_governor,cc_governor,551343,304013,987543,1456263,436185,123,157174,119776,372248,528956,215074,11382,adios,0,adios,0,adios,0,47.9,48.6,,38.0,52.2,42.3,84,4179000,-456500,38.0,,,18.69,215340,,1,2000
1790205017,2026-09-23T23:10:17Z,103142,1790101943,6.1.187-android14-11-SAGA,49646d1b0cd1,cc_governor,cc_governor,582884,309082,1031521,1516678,448653,144,171833,123097,397476,560522,225637,11658,adios,0,adios,0,adios,0,60.9,66.3,,38.0,63.9,46.9,84,4151000,-880100,38.0,,,19.94,103028,,1,2000
1790205053,2026-09-23T23:10:53Z,103179,1790101943,6.1.187-android14-11-SAGA,49646d1b0cd1,cc_governor,cc_governor,628827,310123,1091931,1585802,463042,172,204621,123905,442518,612052,237718,12105,adios,0,adios,0,adios,3,58.7,63.9,,38.0,76.3,47.3,84,4114000,-1404400,38.0,,,22.38,116540,,1,2000
1790205093,2026-09-23T23:11:33Z,103218,1790101943,6.1.187-android14-11-SAGA,49646d1b0cd1,cc_governor,cc_governor,676072,311144,1155923,1659046,479817,249,241515,124873,494534,672520,253007,12635,adios,0,adios,0,adios,0,58.0,58.2,55.5,39.0,56.8,46.4,84,4140000,-778800,39.0,,,21.55,72636,,1,2000
1790205129,2026-09-23T23:12:09Z,103254,1790101943,6.1.187-android14-11-SAGA,49646d1b0cd1,cc_governor,cc_governor,708751,313092,1205841,1718748,496961,252,259536,126590,529509,711006,269952,13003,adios,0,adios,0,adios,0,60.7,65.6,,39.0,62.3,47.0,83,4147000,-971000,39.0,,,22.58,87448,,1,2000
1790205164,2026-09-23T23:12:44Z,103290,1790101943,6.1.187-android14-11-SAGA,49646d1b0cd1,cc_governor,cc_governor,741141,314598,1255884,1778003,514695,255,278000,127994,566016,750433,287946,13311,adios,0,adios,0,adios,0,59.5,61.4,57.6,39.0,62.3,47.2,83,4139000,-905700,39.0,,,21.28,101256,,1,2000
1790205201,2026-09-23T23:13:21Z,103326,1790101943,6.1.187-android14-11-SAGA,49646d1b0cd1,cc_governor,cc_governor,775070,317118,1306328,1837873,531210,255,294585,130898,599900,788187,305298,13658,adios,0,adios,0,adios,0,61.5,65.1,62.8,39.0,68.6,48.7,83,4135000,-932600,39.0,,,20.34,116500,,1,2000
1790205237,2026-09-23T23:13:57Z,103362,1790101943,6.1.187-android14-11-SAGA,49646d1b0cd1,cc_governor,cc_governor,814022,317839,1362429,1901002,548391,262,318221,131601,640963,835412,322694,14000,adios,0,adios,0,adios,0,53.9,54.0,52.7,39.0,59.0,46.6,83,4131000,-1217600,40.0,,,20.55,147668,,1,2000
1790205276,2026-09-23T23:14:36Z,103401,1790101943,6.1.187-android14-11-SAGA,49646d1b0cd1,cc_governor,cc_governor,852061,322229,1416063,1967454,563968,279,351094,135792,689003,892871,337845,14617,adios,0,adios,0,adios,0,57.7,55.3,52.9,40.0,57.7,46.9,83,4115000,-587100,40.0,,,20.61,130488,,1,2000
1790205315,2026-09-23T23:15:15Z,103440,1790101943,6.1.187-android14-11-SAGA,49646d1b0cd1,cc_governor,cc_governor,906700,322664,1487887,2047560,581040,292,397114,136278,753528,960739,356342,15185,adios,0,adios,0,adios,0,65.1,66.2,58.6,40.0,73.4,49.8,82,4125000,-1354300,40.0,,,21.38,113372,,1,2000
1790205353,2026-09-23T23:15:53Z,103478,1790101943,6.1.187-android14-11-SAGA,49646d1b0cd1,cc_governor,cc_governor,994517,323342,1584757,2155262,590197,333,458524,137172,829466,1040971,370853,15794,adios,0,adios,0,adios,0,67.1,68.5,61.0,40.0,75.3,51.1,82,4118000,-1347000,40.0,,,23.08,91220,,1,2000
1790205391,2026-09-23T23:16:31Z,103517,1790101943,6.1.187-android14-11-SAGA,49646d1b0cd1,cc_governor,cc_governor,1075934,324264,1676697,2258116,600612,386,511294,138394,897384,1113525,386001,16416,adios,0,adios,0,adios,0,64.5,67.8,60.5,41.0,70.4,50.9,82,4117000,-1087000,41.0,,,23.58,125092,,1,2000
1790205429,2026-09-23T23:17:09Z,103554,1790101943,6.1.187-android14-11-SAGA,49646d1b0cd1,cc_governor,cc_governor,1145655,325212,1759136,2350061,613417,408,562114,139825,964343,1183837,402232,16932,adios,0,adios,0,adios,0,62.6,64.8,57.7,41.0,62.6,50.0,82,4104000,-1180400,41.0,,,25.30,120536,,1,2000
1790205467,2026-09-23T23:17:47Z,103592,1790101943,6.1.187-android14-11-SAGA,49646d1b0cd1,cc_governor,cc_governor,1212102,327190,1837883,2438865,625552,420,629358,142109,1044677,1268647,415256,17417,adios,0,adios,0,adios,0,60.4,66.1,57.0,42.0,74.0,50.9,82,4101000,-1289000,41.0,,,25.66,122320,,1,2000
1790205505,2026-09-23T23:18:25Z,103631,1790101943,6.1.187-android14-11-SAGA,49646d1b0cd1,cc_governor,cc_governor,1304991,327676,1939718,2550696,634748,473,694311,143022,1124594,1353233,430300,18068,adios,0,adios,0,adios,0,63.9,63.9,,42.0,64.4,51.0,81,4122000,-882500,42.0,,,24.85,100488,,1,2000
1790205542,2026-09-23T23:19:02Z,103667,1790101943,6.1.187-android14-11-SAGA,49646d1b0cd1,cc_governor,cc_governor,1350091,329684,2000181,2620683,650105,479,725679,145225,1173138,1405148,447451,18463,adios,0,adios,0,adios,0,62.4,63.1,58.3,42.0,70.3,51.0,81,4109000,-849600,42.0,,,24.52,89760,,1,2000
1790205579,2026-09-23T23:19:39Z,103704,1790101943,6.1.187-android14-11-SAGA,49646d1b0cd1,cc_governor,cc_governor,1413544,331468,2075425,2706905,661668,543,781313,147368,1241258,1479563,459871,18996,adios,0,adios,0,adios,0,70.9,73.1,63.9,42.0,77.0,53.4,81,4089000,-1138300,42.0,,,28.89,85552,,1,2000
1790205617,2026-09-23T23:20:17Z,103742,1790101943,6.1.187-android14-11-SAGA,49646d1b0cd1,cc_governor,cc_governor,1457977,333288,2136379,2777452,678243,572,820598,149175,1297272,1541115,476581,19563,adios,0,adios,0,adios,48,64.7,66.8,61.2,43.0,70.5,52.1,81,4094000,-1317700,43.0,,,27.39,90900,,1,2000
1790205654,2026-09-23T23:20:54Z,103780,1790101943,6.1.187-android14-11-SAGA,49646d1b0cd1,cc_governor,cc_governor,1546950,334544,2233627,2885021,686638,588,882846,151209,1372701,1620621,489871,20144,adios,0,adios,0,adios,0,69.5,71.4,63.9,43.0,79.8,53.7,80,4087000,-1351900,43.0,,,26.30,83420,,1,2000
1790205693,2026-09-23T23:21:33Z,103818,1790101943,6.1.187-android14-11-SAGA,49646d1b0cd1,cc_governor,cc_governor,1619235,335758,2317895,2979220,698645,667,935769,152792,1440974,1693333,505164,20873,adios,0,adios,0,adios,0,66.8,71.3,62.8,43.0,75.5,53.2,80,4089000,-1088800,43.0,,,26.21,129624,,1,2000
1790205730,2026-09-23T23:22:10Z,103856,1790101943,6.1.187-android14-11-SAGA,49646d1b0cd1,cc_governor,cc_governor,1645253,341717,2359966,3033410,714704,686,960192,158633,1480802,1740095,520593,21301,adios,0,adios,0,adios,0,62.1,64.5,58.4,43.0,67.6,51.4,80,4112000,-858100,43.0,,,23.97,119164,,1,2000
1790205767,2026-09-23T23:22:47Z,103892,1790101943,6.1.187-android14-11-SAGA,49646d1b0cd1,cc_governor,cc_governor,1703817,344556,2430840,3114715,726890,704,1012995,161917,1546740,1811514,533626,21727,adios,0,adios,0,adios,0,65.0,63.0,,43.0,75.4,52.2,80,4083000,-1102900,43.0,,,24.92,124392,,1,2000
1790205805,2026-09-23T23:23:25Z,103931,1790101943,6.1.187-android14-11-SAGA,49646d1b0cd1,cc_governor,cc_governor,1789787,348385,2523725,3220281,733793,739,1066339,168211,1610829,1883855,544341,22351,adios,0,adios,0,adios,0,70.9,72.5,64.1,43.0,76.5,53.7,80,4093000,-1137000,43.0,,,25.74,106428,,1,2000
1790205844,2026-09-23T23:24:04Z,103969,1790101943,6.1.187-android14-11-SAGA,49646d1b0cd1,cc_governor,cc_governor,1876524,350489,2619237,3327333,742578,799,1127097,171322,1684415,1963070,557306,23050,adios,0,adios,0,adios,0,68.8,71.3,63.8,43.0,78.0,53.8,79,4087000,-1074800,43.0,,,25.42,133384,,1,2000
1790205882,2026-09-23T23:24:42Z,104007,1790101943,6.1.187-android14-11-SAGA,49646d1b0cd1,cc_governor,cc_governor,1969083,354492,2716827,3438374,747599,859,1190924,178259,1756591,2044432,565608,23630,adios,0,adios,0,adios,0,70.8,71.6,63.8,44.0,77.2,54.0,79,4095000,-910600,44.0,,,24.30,146808,,1,2000
1790205919,2026-09-23T23:25:19Z,104044,1790101943,6.1.187-android14-11-SAGA,49646d1b0cd1,cc_governor,cc_governor,2034229,360055,2790525,3525862,756126,885,1237516,184560,1814311,2110694,576670,24119,adios,0,adios,0,adios,0,66.7,66.8,60.8,44.0,66.1,52.3,79,4102000,-848300,44.0,,,23.72,92980,,1,2000
1790205956,2026-09-23T23:25:56Z,104082,1790101943,6.1.187-android14-11-SAGA,49646d1b0cd1,cc_governor,cc_governor,2090082,369149,2853418,3604659,763139,904,1295983,194195,1880395,2188128,584344,24655,adios,0,adios,0,adios,0,65.8,66.1,60.6,43.0,73.7,52.6,79,4077000,-1245700,44.0,,,22.90,121748,,1,2000
1790205995,2026-09-23T23:26:35Z,104121,1790101943,6.1.187-android14-11-SAGA,49646d1b0cd1,cc_governor,cc_governor,2171842,371880,2944470,3707483,772610,948,1359610,198395,1955815,2270147,596189,25402,adios,0,adios,0,adios,0,67.2,64.8,60.8,44.0,68.8,52.4,78,4087000,-919800,44.0,,,23.95,84064,,1,2000
1790206032,2026-09-23T23:27:12Z,104157,1790101943,6.1.187-android14-11-SAGA,49646d1b0cd1,cc_governor,cc_governor,2205251,383082,2986439,3766761,781167,955,1386374,209533,1991392,2318146,604934,25792,adios,0,adios,0,adios,2,62.3,59.6,56.5,44.0,64.7,51.0,78,4081000,-1030800,44.0,,,22.71,104956,,1,2000
1790206071,2026-09-23T23:27:51Z,104196,1790101943,6.1.187-android14-11-SAGA,49646d1b0cd1,cc_governor,cc_governor,2295504,385856,3084743,3877265,789107,982,1445553,214418,2062302,2395876,616706,26398,adios,0,adios,0,adios,0,69.2,69.6,62.9,44.0,74.7,53.6,78,4078000,-1386700,44.0,,,24.03,86468,,1,2000
1790206108,2026-09-23T23:28:28Z,104233,1790101943,6.1.187-android14-11-SAGA,49646d1b0cd1,cc_governor,cc_governor,2371849,392627,3166140,3974357,794264,1031,1502841,223658,2126037,2470567,623203,26930,adios,0,adios,0,adios,0,66.8,66.1,61.6,44.0,69.8,52.9,78,4077000,-1121800,44.0,,,24.10,87776,,1,2000
1790206144,2026-09-23T23:29:04Z,104270,1790101943,6.1.187-android14-11-SAGA,49646d1b0cd1,cc_governor,cc_governor,2406130,398880,3213443,4034134,807246,1036,1524922,229710,2161803,2515014,636901,27282,adios,0,adios,0,adios,0,60.5,66.1,57.6,44.0,63.7,51.3,78,4094000,-394200,44.0,,,22.41,115012,,1,2000
1790206181,2026-09-23T23:29:41Z,104307,1790101943,6.1.187-android14-11-SAGA,49646d1b0cd1,cc_governor,cc_governor,2453693,405639,3270871,4106359,817131,1041,1534152,237975,2182781,2545707,648627,27597,adios,0,adios,0,adios,0,59.3,59.4,55.8,44.0,64.0,49.7,78,4068000,-852000,44.0,,,20.97,115400,,1,2000
1790206217,2026-09-23T23:30:17Z,104342,1790101943,6.1.187-android14-11-SAGA,49646d1b0cd1,cc_governor,cc_governor,2493539,409698,3324138,4171357,830519,1045,1546694,242019,2210678,2578701,663993,27908,adios,0,adios,0,adios,0,61.9,62.4,59.3,43.0,66.0,50.6,77,4084000,-885000,43.0,,,20.70,125124,,1,2000
1790206252,2026-09-23T23:30:52Z,104378,1790101943,6.1.187-android14-11-SAGA,49646d1b0cd1,cc_governor,cc_governor,2529089,417757,3370168,4233619,841071,1048,1552487,250490,2226656,2603679,674163,28211,adios,0,adios,0,adios,0,59.6,63.9,,43.0,65.4,49.7,77,4076000,-946600,43.0,,,20.18,117020,,1,2000
1790206288,2026-09-23T23:31:28Z,104413,1790101943,6.1.187-android14-11-SAGA,49646d1b0cd1,cc_governor,cc_governor,2568307,425124,3419911,4299093,851559,1053,1560998,257993,2245945,2631848,684944,28495,adios,0,adios,0,adios,0,60.1,63.8,58.8,42.0,69.2,49.6,77,4076000,-845900,42.0,,,19.74,116904,,1,2000
1790206324,2026-09-23T23:32:04Z,104449,1790101943,6.1.187-android14-11-SAGA,49646d1b0cd1,cc_governor,cc_governor,2602419,427774,3470115,4359978,867694,1058,1576591,260467,2278874,2669582,702266,28790,adios,0,adios,0,adios,0,65.5,67.9,62.7,42.0,70.5,50.3,77,4070000,-1041200,42.0,,,19.64,111972,,1,2000
1790206360,2026-09-23T23:32:40Z,104486,1790101943,6.1.187-android14-11-SAGA,49646d1b0cd1,cc_governor,cc_governor,2647794,432884,3527373,4429756,879495,1065,1597771,266953,2313446,2711740,715636,29141,adios,0,adios,0,adios,0,70.4,69.0,,42.0,73.1,51.6,77,4060000,-1369600,42.0,,,20.27,101492,,1,2000
1790206397,2026-09-23T23:33:17Z,104522,1790101943,6.1.187-android14-11-SAGA,49646d1b0cd1,cc_governor,cc_governor,2691461,434810,3586335,4498103,894898,1073,1620044,269043,2352186,2756854,732151,29516,adios,0,adios,0,adios,0,55.5,54.3,54.2,42.0,55.3,47.6,76,4088000,-519400,42.0,,,19.90,105392,,1,2000
1790206439,2026-09-23T23:33:59Z,104564,1790101943,6.1.187-android14-11-SAGA,49646d1b0cd1,cc_governor,cc_governor,2731274,438102,3645220,4566484,913850,1087,1654536,272026,2404872,2815104,750281,30282,adios,0,adios,0,adios,0,60.7,60.1,55.4,41.0,62.0,48.4,76,4064000,-1029600,41.0,,,22.16,119644,,1,2000
1790206479,2026-09-23T23:34:39Z,104604,1790101943,6.1.187-android14-11-SAGA,49646d1b0cd1,cc_governor,cc_governor,2816889,438302,3742509,4672446,925500,1133,1723065,272287,2488700,2901527,765580,31105,adios,0,adios,0,adios,0,63.4,63.3,56.6,41.0,70.4,49.1,76,4070000,-827600,41.0,,,26.53,114424,,1,2000
1790206516,2026-09-23T23:35:16Z,104641,1790101943,6.1.187-android14-11-SAGA,49646d1b0cd1,cc_governor,cc_governor,2885763,438493,3824367,4761947,938585,1151,1766672,272659,2549563,2964218,782883,31582,adios,0,adios,0,adios,0,60.5,62.1,56.1,41.0,67.7,48.4,76,4070000,-960600,41.0,,,26.02,116452,,1,2000
1790206552,2026-09-23T23:35:52Z,104678,1790101943,6.1.187-android14-11-SAGA,49646d1b0cd1,cc_governor,cc_governor,2943625,441264,3894321,4842264,950696,1163,1804018,276003,2601684,3021554,797670,31995,adios,0,adios,0,adios,0,59.7,63.5,56.8,40.0,67.2,48.3,76,4051000,-1303700,40.0,,,26.29,118748,,1,2000
1790206589,2026-09-23T23:36:29Z,104714,1790101943,6.1.187-android14-11-SAGA,49646d1b0cd1,cc_governor,cc_governor,3001866,443161,3964695,4923614,962650,1205,1853700,278189,2664488,3091738,810666,32460,adios,0,adios,0,adios,0,67.4,67.6,60.9,40.0,73.7,50.3,75,4057000,-1021100,40.0,,,29.67,90988,,1,2000
1790206627,2026-09-23T23:37:07Z,104752,1790101943,6.1.187-android14-11-SAGA,49646d1b0cd1,cc_governor,cc_governor,3053771,444384,4031993,5000821,978225,1245,1892336,279411,2720872,3153500,828445,32993,adios,0,adios,0,adios,0,68.1,69.8,59.8,40.0,70.4,49.4,75,4057000,-1008300,40.0,,,25.98,126924,,1,2000
1790206665,2026-09-23T23:37:45Z,104790,1790101943,6.1.187-android14-11-SAGA,49646d1b0cd1,cc_governor,cc_governor,3085981,446303,4081456,5059743,995451,1286,1921441,281320,2767089,3205504,845653,33547,adios,0,adios,0,adios,0,58.5,61.6,55.1,40.0,71.3,48.4,75,4038000,-1394000,40.0,,,25.12,128260,,1,2000
1790206703,2026-09-23T23:38:23Z,104828,1790101943,6.1.187-android14-11-SAGA,49646d1b0cd1,cc_governor,cc_governor,3172861,447703,4177727,5166546,1004830,1311,1992021,282932,2850515,3294084,858501,34105,adios,0,adios,0,adios,0,62.9,63.9,57.3,40.0,68.4,48.9,75,4046000,-1019200,40.0,,,25.81,111484,,1,2000
1790206739,2026-09-23T23:38:59Z,104865,1790101943,6.1.187-android14-11-SAGA,49646d1b0cd1,cc_governor,cc_governor,3240876,451223,4255275,5254505,1014405,1321,2041958,287430,2912528,3362145,870479,34553,adios,0,adios,0,adios,0,56.6,56.1,52.7,40.0,69.8,47.3,75,4049000,-1151100,40.0,,,24.05,110464,,1,2000
1790206777,2026-09-23T23:39:37Z,104902,1790101943,6.1.187-android14-11-SAGA,49646d1b0cd1,cc_governor,cc_governor,3309364,453082,4335984,5344742,1026617,1352,2083979,290743,2969781,3424430,885779,35084,adios,0,adios,0,adios,0,58.2,57.4,53.2,40.0,60.8,46.4,74,4048000,-874000,40.0,,,23.58,120676,,1,2000
1790206814,2026-09-23T23:40:14Z,104939,1790101943,6.1.187-android14-11-SAGA,49646d1b0cd1,cc_governor,cc_governor,3351458,458984,4390906,5411856,1039270,1357,2132353,296853,3029911,3493130,897450,35521,adios,0,adios,0,adios,0,61.6,64.3,56.2,39.0,71.7,47.5,74,4012000,-1123000,39.0,,,24.28,114460,,1,2000
1790206851,2026-09-23T23:40:51Z,104976,1790101943,6.1.187-android14-11-SAGA,49646d1b0cd1,cc_governor,cc_governor,3418503,461809,4469125,5501432,1050568,1381,2184105,299674,3095916,3564088,911835,36042,adios,0,adios,0,adios,0,59.3,60.4,54.0,39.0,60.7,46.8,74,4046000,-469300,39.0,,,23.85,83144,,1,2000
1790206888,2026-09-23T23:41:28Z,105013,1790101943,6.1.187-android14-11-SAGA,49646d1b0cd1,cc_governor,cc_governor,3479699,466001,4540451,5584234,1060725,1397,2230690,305799,3153414,3630349,922678,36433,adios,0,adios,0,adios,0,60.2,66.1,57.5,39.0,71.4,48.2,74,4023000,-1243200,39.0,,,25.31,91548,,1,2000
1790206926,2026-09-23T23:42:06Z,105052,1790101943,6.1.187-android14-11-SAGA,49646d1b0cd1,cc_governor,cc_governor,3536647,472476,4607801,5665689,1071059,1445,2277982,312802,3212813,3698599,934829,37100,adios,0,adios,0,adios,0,57.2,58.1,52.8,39.0,59.6,46.2,74,4048000,-745800,39.0,,,24.80,100212,,1,2000
1790206962,2026-09-23T23:42:43Z,105088,1790101943,6.1.187-android14-11-SAGA,49646d1b0cd1,cc_governor,cc_governor,3565641,476452,4653382,5721262,1087563,1449,2300233,316992,3252033,3743291,951711,37462,adios,0,adios,0,adios,0,60.9,63.7,56.0,39.0,69.2,47.5,73,4024000,-1099800,39.0,,,22.97,93788,,1,2000
1790207000,2026-09-23T23:43:20Z,105126,1790101943,6.1.187-android14-11-SAGA,49646d1b0cd1,cc_governor,cc_governor,3637232,480989,4733487,5813484,1096276,1480,2353344,322905,3316805,3815268,963448,37982,adios,0,adios,0,adios,0,56.4,60.5,54.2,39.0,67.7,46.8,73,4025000,-922200,39.0,,,22.67,91000,,1,2000
1790207037,2026-09-23T23:43:57Z,105162,1790101943,6.1.187-android14-11-SAGA,49646d1b0cd1,cc_governor,cc_governor,3681085,488510,4788067,5881838,1106946,1493,2380909,330865,3356955,3864726,976045,38395,adios,0,adios,0,adios,0,55.4,54.8,51.7,39.0,61.7,45.5,73,4038000,-763500,39.0,,,22.08,110092,,1,2000
1790207073,2026-09-23T23:44:33Z,105199,1790101943,6.1.187-android14-11-SAGA,49646d1b0cd1,cc_governor,cc_governor,3715572,499515,4831485,5942185,1115738,1503,2410016,341928,3395053,3915549,985003,38762,adios,0,adios,0,adios,0,62.2,64.0,55.5,39.0,63.2,46.6,73,4021000,-1115700,39.0,,,24.12,128380,,1,2000
1790207110,2026-09-23T23:45:10Z,105236,1790101943,6.1.187-android14-11-SAGA,49646d1b0cd1,cc_governor,cc_governor,3781432,503341,4907657,6029155,1126203,1523,2472314,346319,3469086,3997004,996780,39259,adios,0,adios,0,adios,0,52.1,51.3,49.6,39.0,54.0,44.5,73,4041000,-753700,39.0,,,23.33,127036,,1,2000
1790207149,2026-09-23T23:45:49Z,105274,1790101943,6.1.187-android14-11-SAGA,49646d1b0cd1,cc_governor,cc_governor,3804039,512067,4945253,6080578,1141175,1540,2500091,354582,3511433,4049942,1011194,39744,adios,0,adios,0,adios,0,51.3,50.8,48.6,39.0,51.9,44.0,73,4040000,-632300,39.0,,,23.47,140196,,1,2000
1790207190,2026-09-23T23:46:30Z,105316,1790101943,6.1.187-android14-11-SAGA,49646d1b0cd1,cc_governor,cc_governor,3844188,520089,4999455,6149276,1155044,1567,2533669,362982,3559182,4109240,1025417,40438,adios,0,adios,0,adios,0,56.4,54.0,51.4,39.0,55.0,44.6,72,4035000,-684200,39.0,,,22.79,139264,,1,2000
1790207230,2026-09-23T23:47:10Z,105355,1790101943,6.1.187-android14-11-SAGA,49646d1b0cd1,cc_governor,cc_governor,3932402,526515,5093293,6257329,1160616,1619,2600664,371971,3633361,4196050,1032619,41280,adios,0,adios,0,adios,0,54.8,54.7,50.8,38.0,61.2,45.0,72,4031000,-769000,39.0,,,24.34,173376,,1,2000
1790207270,2026-09-23T23:47:50Z,105395,1790101943,6.1.187-android14-11-SAGA,49646d1b0cd1,cc_governor,cc_governor,4028442,532480,5194015,6372246,1165218,1671,2677385,379945,3717371,4291765,1039891,42199,adios,0,adios,0,adios,0,54.0,58.3,52.5,39.0,58.8,45.2,72,4036000,-591400,39.0,,,24.49,190808,,1,2000
1790207311,2026-09-23T23:48:31Z,105436,1790101943,6.1.187-android14-11-SAGA,49646d1b0cd1,cc_governor,cc_governor,4081271,534905,5262821,6451021,1181490,1788,2712286,383695,3769740,4351638,1057395,42914,adios,0,adios,0,adios,0,53.9,50.7,48.7,39.0,54.6,44.2,72,4045000,-603600,38.0,,,23.06,102368,,1,2000
1790207349,2026-09-23T23:49:09Z,105475,1790101943,6.1.187-android14-11-SAGA,49646d1b0cd1,cc_governor,cc_governor,4115043,538854,5313508,6511395,1198438,1804,2747496,387613,3822264,4410625,1074739,43340,adios,0,adios,0,adios,0,60.4,63.7,,38.0,68.2,46.2,72,4004000,-1204800,38.0,,,23.85,89584,,1,2000
1790207387,2026-09-23T23:49:47Z,105512,1790101943,6.1.187-android14-11-SAGA,49646d1b0cd1,cc_governor,cc_governor,4162656,544133,5373761,6584388,1211099,1847,2781446,393081,3870850,4465999,1089417,43966,adios,0,adios,0,adios,0,56.4,57.3,,38.0,59.1,45.2,72,4021000,-904500,38.0,,,23.69,126096,,1,2000
1790207423,2026-09-23T23:50:23Z,105549,1790101943,6.1.187-android14-11-SAGA,49646d1b0cd1,cc_governor,cc_governor,4191549,551985,5415390,6639429,1223854,1848,2806285,400968,3908816,4513466,1102506,44345,adios,0,adios,0,adios,0,52.2,51.4,48.7,38.0,60.2,44.2,71,4023000,-971000,38.0,,,22.59,119464,,1,2000
1790207460,2026-09-23T23:51:00Z,105586,1790101943,6.1.187-android14-11-SAGA,49646d1b0cd1,cc_governor,cc_governor,4246222,556583,5481386,6716271,1235183,1849,2859184,405655,3974082,4585585,1114853,44759,adios,0,adios,0,adios,0,55.8,54.4,51.2,38.0,54.8,44.3,71,4028000,-717700,38.0,,,21.09,95452,,1,2000
1790207499,2026-09-23T23:51:39Z,105625,1790101943,6.1.187-android14-11-SAGA,49646d1b0cd1,cc_governor,cc_governor,4267334,564828,5514836,6762532,1247505,1895,2883254,413426,4010034,4630928,1126799,45331,adios,0,adios,0,adios,100,66.3,67.7,58.4,38.0,59.3,47.4,71,4005000,-977100,38.0,,,38.83,98860,,1,2000
1790207544,2026-09-23T23:52:24Z,105669,1790101943,6.1.187-android14-11-SAGA,49646d1b0cd1,cc_governor,cc_governor,4294744,566455,5556185,6812019,1261439,2251,2921412,414644,4058589,4689025,1137182,46059,adios,0,adios,0,adios,0,51.8,53.5,,39.0,55.3,45.8,71,4027000,-388700,39.0,,,31.77,107872,,1,2000
1790207594,2026-09-23T23:53:14Z,105720,1790101943,6.1.187-android14-11-SAGA,49646d1b0cd1,cc_governor,cc_governor,50,414,918,1410,867,0,6,38,80,124,74,14,adios,0,adios,0,adios,0,45.9,46.3,,39.0,48.5,42.3,71,4047000,-234300,39.0,,,26.45,88628,,1,2000
1790207634,2026-09-23T23:53:54Z,105759,1790101943,6.1.187-android14-11-SAGA,49646d1b0cd1,cc_governor,cc_governor,124,4821,2157,7202,2033,0,25,176,96,378,71,16,adios,0,adios,0,adios,0,44.5,44.5,,38.0,48.4,41.1,71,4049000,-214800,38.0,,,21.17,129056,,1,2000
1790207960,2026-09-23T23:59:20Z,106085,1790101943,6.1.187-android14-11-SAGA,49646d1b0cd1,cc_governor,cc_governor,7239,306,9695,11686,2423,19,6702,133,8729,9886,1951,52,adios,0,adios,0,adios,0,57.8,52.7,48.9,36.0,53.9,41.5,70,4036000,-458300,36.0,,,20.51,146616,,1,2000
1790207998,2026-09-23T23:59:58Z,106123,1790101943,6.1.187-android14-11-SAGA,49646d1b0cd1,cc_governor,cc_governor,1,0,106,126,117,0,13,0,65,67,57,13,adios,0,adios,0,adios,0,43.4,42.7,,36.0,44.2,38.1,70,4051000,-603600,36.0,,,18.17,134444,,1,2000
1790208153,2026-09-24T00:02:33Z,106279,1790101943,6.1.187-android14-11-SAGA,49646d1b0cd1,cc_governor,cc_governor,14756,657,19618,24663,4877,3,9382,416,13000,13784,3622,414,adios,0,adios,0,adios,0,44.1,41.6,,36.0,45.2,38.5,70,4044000,-466900,36.0,,,19.02,160540,,1,2000
1790208232,2026-09-24T00:03:52Z,106357,1790101943,6.1.187-android14-11-SAGA,49646d1b0cd1,cc_governor,cc_governor,16754,59,19209,23010,2470,17,11592,130,14582,15712,2930,107,adios,0,adios,0,adios,0,61.1,62.9,54.9,36.0,65.1,43.0,70,3999000,-994200,36.0,,,19.75,73120,,1,2000
1790208270,2026-09-24T00:04:30Z,106395,1790101943,6.1.187-android14-11-SAGA,49646d1b0cd1,cc_governor,cc_governor,69542,1189,85978,106977,16412,105,41612,1146,58096,63624,16511,628,adios,0,adios,0,adios,33,64.1,65.6,,36.0,58.9,44.7,70,4021000,-638400,36.0,,,20.35,90764,,1,2000
1790208307,2026-09-24T00:05:07Z,106433,1790101943,6.1.187-android14-11-SAGA,49646d1b0cd1,cc_governor,cc_governor,97262,4582,128867,162130,31514,136,57639,3187,83235,94222,25540,1128,adios,0,adios,0,adios,0,60.5,65.1,,37.0,64.4,45.7,70,4006000,-842800,37.0,,,21.39,113432,,1,2000
1790208345,2026-09-24T00:05:45Z,106470,1790101943,6.1.187-android14-11-SAGA,49646d1b0cd1,cc_governor,cc_governor,117796,13656,158719,207562,40914,206,68840,6886,100277,116285,31355,1661,adios,0,adios,0,adios,1,55.3,55.7,50.3,37.0,55.6,43.6,70,4023000,-391800,37.0,,,20.27,192960,,1,2000
1790208381,2026-09-24T00:06:21Z,106506,1790101943,6.1.187-android14-11-SAGA,49646d1b0cd1,cc_governor,cc_governor,128615,22119,177629,240029,49014,210,75490,8733,110287,128521,34797,2023,adios,0,adios,0,adios,0,45.7,48.0,,37.0,49.0,41.4,69,4034000,-338100,37.0,,,19.22,100848,,1,2000
1790208416,2026-09-24T00:06:56Z,106541,1790101943,6.1.187-android14-11-SAGA,49646d1b0cd1,cc_governor,cc_governor,149558,28239,207437,284842,57901,229,86336,10653,127126,148511,40799,2323,adios,0,adios,0,adios,0,57.9,61.4,,37.0,59.4,45.3,69,3983000,-1254800,37.0,,,19.77,26568,,1,2000
1790208453,2026-09-24T00:07:33Z,106578,1790101943,6.1.187-android14-11-SAGA,49646d1b0cd1,cc_governor,cc_governor,185475,30052,254215,348231,68744,299,112887,11971,163914,194576,51036,2786,adios,0,adios,0,adios,0,68.4,60.4,59.9,38.0,68.7,49.8,69,3998000,-571800,38.0,,,27.24,124508,,1,2000
1790208490,2026-09-24T00:08:10Z,106615,1790101943,6.1.187-android14-11-SAGA,49646d1b0cd1,cc_governor,cc_governor,212505,32279,295467,411052,82965,375,160109,13310,223162,265463,63012,3262,adios,0,adios,0,adios,0,68.1,67.7,60.4,39.0,78.2,50.6,69,3961000,-1410500,39.0,,,25.56,134364,,1,2000
--- BOOT 1790208587 6.1.187-android14-11-SAGA ---
1790208588,2026-09-24T00:09:48Z,76,1790208587,6.1.187-android14-11-SAGA,49646d1b0cd1,schedutil,schedutil,,,,,,,,,,,,,adios,0,adios,0,adios,4,77.5,77.5,66.0,40.0,82.7,54.2,68,3927000,-1466000,40.0,,,32.92,124228,,1,2000
1790208631,2026-09-24T00:10:31Z,119,1790208587,6.1.187-android14-11-SAGA,49646d1b0cd1,schedutil,schedutil,,,,,,,,,,,,,adios,0,adios,0,adios,0,70.9,71.2,,41.0,76.1,53.9,68,3961000,-1202300,41.0,,,34.59,158236,,1,2000
1790208666,2026-09-24T00:11:06Z,154,1790208587,6.1.187-android14-11-SAGA,49646d1b0cd1,schedutil,schedutil,,,,,,,,,,,,,adios,0,adios,0,adios,4,71.6,73.9,,41.0,82.8,54.2,68,3943000,-1308500,41.0,,,38.16,146264,,1,2000
1790208702,2026-09-24T00:11:42Z,190,1790208587,6.1.187-android14-11-SAGA,49646d1b0cd1,schedutil,schedutil,,,,,,,,,,,,,adios,0,adios,0,adios,4,71.0,64.2,62.7,42.0,75.0,53.0,67,3969000,-1138300,42.0,,,38.23,163836,,1,2000
1790208738,2026-09-24T00:12:18Z,227,1790208587,6.1.187-android14-11-SAGA,49646d1b0cd1,schedutil,schedutil,,,,,,,,,,,,,adios,0,adios,0,adios,0,67.3,64.0,,42.0,74.5,52.4,67,3963000,-927700,42.0,,,37.62,140436,,1,2000
1790208773,2026-09-24T00:12:53Z,262,1790208587,6.1.187-android14-11-SAGA,49646d1b0cd1,schedutil,schedutil,,,,,,,,,,,,,adios,0,adios,0,adios,0,74.6,74.3,65.8,42.0,80.7,54.5,67,3945000,-1311000,42.0,,,40.15,93256,,1,2000
1790208811,2026-09-24T00:13:31Z,299,1790208587,6.1.187-android14-11-SAGA,49646d1b0cd1,cc_governor,cc_governor,26,20,209,260,183,6,12307,700,14714,21598,2391,19,adios,0,adios,0,adios,0,74.3,73.0,,43.0,75.5,54.7,67,3946000,-1168200,43.0,,,40.24,217292,,1,2000
1790208845,2026-09-24T00:14:05Z,334,1790208587,6.1.187-android14-11-SAGA,49646d1b0cd1,cc_governor,cc_governor,5790,517,9281,11787,3492,19,34124,1966,48329,67455,14221,232,adios,0,adios,0,adios,3,67.6,67.3,,43.0,73.6,52.6,66,3952000,-1078400,43.0,,,37.78,160088,,1,2000
1790208880,2026-09-24T00:14:40Z,368,1790208587,6.1.187-android14-11-SAGA,49646d1b0cd1,cc_governor,cc_governor,13045,811,17986,21700,4949,49,60617,3456,84883,113619,24266,683,adios,0,adios,0,adios,1,78.4,77.8,68.4,43.0,84.4,56.1,66,3932000,-1532500,43.0,,,42.74,131352,,1,2000
1790208919,2026-09-24T00:15:19Z,407,1790208587,6.1.187-android14-11-SAGA,49646d1b0cd1,cc_governor,cc_governor,14649,1406,21870,26681,7221,117,77926,5185,112371,146889,34445,1382,adios,0,adios,0,adios,0,63.9,61.8,,43.0,66.4,51.3,66,3950000,-667700,43.0,,,37.21,79200,,1,2000
1790208954,2026-09-24T00:15:54Z,442,1790208587,6.1.187-android14-11-SAGA,49646d1b0cd1,cc_governor,cc_governor,19516,1815,28486,34314,8970,126,100106,6928,144236,185216,44139,1518,adios,0,adios,0,adios,0,63.6,60.7,,43.0,69.6,51.3,66,3952000,-993600,43.0,,,38.80,299240,,1,2000
1790208989,2026-09-24T00:16:29Z,477,1790208587,6.1.187-android14-11-SAGA,49646d1b0cd1,cc_governor,cc_governor,22518,2207,33640,40282,11128,137,127305,8245,180609,228788,53310,1795,adios,0,adios,0,adios,2,63.1,60.2,,43.0,66.3,50.6,66,3954000,-1072900,43.0,,,35.84,112184,,1,2000
1790209039,2026-09-24T00:17:19Z,527,1790208587,6.1.187-android14-11-SAGA,49646d1b0cd1,cc_governor,cc_governor,1736,47,2400,2857,659,5,3138,94,4573,5219,1452,38,adios,0,adios,0,adios,0,72.4,76.2,,42.0,70.4,50.8,65,3938000,-1132200,42.0,,,36.06,167808,,1,2000
1790209077,2026-09-24T00:17:57Z,565,1790208587,6.1.187-android14-11-SAGA,49646d1b0cd1,cc_governor,cc_governor,35007,1137,41222,46945,6196,90,17702,2566,34115,42977,16421,470,adios,0,adios,0,adios,0,58.2,56.7,,42.0,60.6,48.0,65,3978000,-778800,42.0,,,33.63,164092,,1,2000
1790209112,2026-09-24T00:18:32Z,600,1790208587,6.1.187-android14-11-SAGA,49646d1b0cd1,cc_governor,cc_governor,60375,5253,70242,81547,9850,91,19942,11354,43585,63922,23628,736,adios,0,adios,0,adios,0,55.9,54.4,,41.0,59.1,46.5,65,3970000,-933800,41.0,,,33.15,80356,,1,2000
1790209147,2026-09-24T00:19:07Z,636,1790208587,6.1.187-android14-11-SAGA,49646d1b0cd1,cc_governor,cc_governor,93948,8107,106817,124444,12826,94,31406,18752,66198,99245,34810,1024,adios,0,adios,0,adios,0,58.4,59.2,,40.0,62.2,46.8,65,3948000,-712800,41.0,,,30.53,427772,,1,2000
1790209183,2026-09-24T00:19:43Z,671,1790208587,6.1.187-android14-11-SAGA,49646d1b0cd1,cc_governor,cc_governor,122182,11937,143554,168498,21372,99,45324,23002,92870,134443,47546,1390,adios,0,adios,0,adios,0,52.0,52.1,,40.0,54.7,45.2,65,3961000,-404600,40.0,,,26.45,99352,,1,2000
1790209218,2026-09-24T00:20:18Z,706,1790208587,6.1.187-android14-11-SAGA,49646d1b0cd1,cc_governor,cc_governor,128374,23898,158708,198663,30360,102,47846,29385,100241,149192,52408,1693,adios,0,adios,0,adios,0,49.6,52.2,,40.0,54.3,44.1,65,3969000,-492500,40.0,,,23.01,108104,,1,2000
1790209254,2026-09-24T00:20:54Z,742,1790208587,6.1.187-android14-11-SAGA,49646d1b0cd1,cc_governor,cc_governor,135968,34392,177059,230949,41112,105,49584,33650,107076,160856,57498,2036,adios,0,adios,0,adios,0,48.5,49.6,,39.0,52.1,43.4,65,3983000,-571800,39.0,,,20.77,102548,,1,2000
1790209289,2026-09-24T00:21:29Z,777,1790208587,6.1.187-android14-11-SAGA,49646d1b0cd1,cc_governor,cc_governor,141955,45861,189027,256610,47087,107,49923,36496,108884,165710,58967,2331,adios,0,adios,0,adios,0,46.3,46.4,,39.0,49.7,42.2,65,3982000,-361900,39.0,,,19.07,93136,,1,2000
1790209324,2026-09-24T00:22:04Z,812,1790208587,6.1.187-android14-11-SAGA,49646d1b0cd1,cc_governor,cc_governor,142406,53428,192074,268321,49668,109,49940,37536,109284,167274,59344,2652,adios,0,adios,0,adios,0,44.9,45.3,,39.0,48.8,41.3,65,3987000,-391800,38.0,,,17.48,144568,,1,2000
1790209359,2026-09-24T00:22:39Z,848,1790208587,6.1.187-android14-11-SAGA,49646d1b0cd1,cc_governor,cc_governor,143256,62015,196418,282398,53160,110,50466,39237,110031,169827,59565,2973,adios,0,adios,0,adios,0,44.7,44.7,,38.0,47.6,40.7,64,3981000,-422300,38.0,,,17.55,104792,,1,2000
1790209395,2026-09-24T00:23:15Z,883,1790208587,6.1.187-android14-11-SAGA,49646d1b0cd1,cc_governor,cc_governor,146467,71422,201665,298551,55197,114,50596,40873,110462,171936,59866,3285,adios,0,adios,0,adios,0,44.0,45.6,,38.0,46.9,40.1,64,3982000,-402800,38.0,,,16.50,97704,,1,2000
1790209430,2026-09-24T00:23:50Z,919,1790208587,6.1.187-android14-11-SAGA,49646d1b0cd1,cc_governor,cc_governor,147090,79080,205554,311326,58475,116,51015,42196,111337,174401,60327,3584,adios,0,adios,0,adios,0,44.8,44.6,,37.0,46.8,40.0,64,3980000,-450400,37.0,,,16.22,123608,,1,2000
1790209537,2026-09-24T00:25:37Z,1026,1790208587,6.1.187-android14-11-SAGA,49646d1b0cd1,cc_governor,cc_governor,3,0,45,89,62,0,30,0,82,110,60,7,adios,0,adios,0,adios,0,42.5,41.8,,36.0,42.2,37.4,64,3996000,-513300,36.0,,,16.35,122556,,1,2000
1790209778,2026-09-24T00:29:38Z,1266,1790208587,6.1.187-android14-11-SAGA,49646d1b0cd1,cc_governor,cc_governor,5728,136,8115,9420,2399,0,3783,82,5664,6191,1886,25,adios,0,adios,0,adios,0,49.4,58.9,50.2,35.0,52.4,41.0,64,3969000,-625600,35.0,,,18.71,318620,,1,2000
1790209816,2026-09-24T00:30:16Z,1304,1790208587,6.1.187-android14-11-SAGA,49646d1b0cd1,cc_governor,cc_governor,31637,7467,46228,63866,14513,81,13567,4066,24616,30865,11018,442,adios,0,adios,0,adios,0,56.0,51.8,,35.0,50.0,39.1,64,3979000,-375900,36.0,,,17.96,121592,,1,2000
1790209932,2026-09-24T00:32:12Z,1421,1790208587,6.1.187-android14-11-SAGA,49646d1b0cd1,cc_governor,cc_governor,4,0,160,176,170,0,46,0,91,96,50,14,adios,0,adios,0,adios,0,40.0,40.4,,35.0,41.2,36.9,64,3995000,-338100,35.0,,,17.14,796528,,1,2000
1790210175,2026-09-24T00:36:15Z,1663,1790208587,6.1.187-android14-11-SAGA,49646d1b0cd1,cc_governor,cc_governor,18512,770,24958,29862,6447,4,10032,519,14713,16387,4687,47,adios,0,adios,0,adios,0,45.9,47.3,46.3,35.0,53.7,40.2,64,3972000,-974700,35.0,,,17.56,124904,,1,2000
1790210211,2026-09-24T00:36:51Z,1700,1790208587,6.1.187-android14-11-SAGA,49646d1b0cd1,cc_governor,cc_governor,40288,4334,62115,77188,21848,15,22165,2483,37631,43433,15473,434,adios,0,adios,0,adios,0,46.0,50.3,,35.0,53.4,40.0,64,3960000,-673200,35.0,,,18.70,102696,,1,2000
1790210247,2026-09-24T00:37:27Z,1736,1790208587,6.1.187-android14-11-SAGA,49646d1b0cd1,cc_governor,cc_governor,49211,10917,85819,111620,36606,18,25970,6672,50329,61407,24359,776,adios,0,adios,0,adios,0,45.0,45.1,,35.0,50.3,39.6,64,3961000,-578600,35.0,,,18.61,119112,,1,2000
1790210283,2026-09-24T00:38:03Z,1771,1790208587,6.1.187-android14-11-SAGA,49646d1b0cd1,cc_governor,cc_governor,54021,23628,99346,141078,45314,19,27466,13526,56601,75434,29135,1081,adios,0,adios,0,adios,0,45.1,45.2,,35.0,49.3,39.7,64,3961000,-562700,36.0,,,18.53,91888,,1,2000
1790210318,2026-09-24T00:38:38Z,1807,1790208587,6.1.187-android14-11-SAGA,49646d1b0cd1,cc_governor,cc_governor,61245,34725,117054,173198,55813,22,29044,19288,62504,87757,33465,1391,adios,0,adios,0,adios,0,44.6,44.9,,36.0,47.7,39.6,63,3963000,-432700,36.0,,,18.28,102508,,1,2000
1790210353,2026-09-24T00:39:13Z,1842,1790208587,6.1.187-android14-11-SAGA,49646d1b0cd1,cc_governor,cc_governor,71403,42853,139684,207102,68303,23,29815,22112,66458,94866,36652,1684,adios,0,adios,0,adios,0,45.7,44.4,,36.0,47.8,39.4,63,3964000,-344200,36.0,,,17.87,108280,,1,2000
1790210388,2026-09-24T00:39:48Z,1877,1790208587,6.1.187-android14-11-SAGA,49646d1b0cd1,cc_governor,cc_governor,78400,51996,156813,236239,78413,25,31398,24040,71344,102071,39946,1962,adios,0,adios,0,adios,0,43.9,45.9,,36.0,47.2,39.6,63,3962000,-430200,36.0,,,17.24,141416,,1,2000
1790210423,2026-09-24T00:40:23Z,1912,1790208587,6.1.187-android14-11-SAGA,49646d1b0cd1,cc_governor,cc_governor,83094,63282,167708,259673,84612,26,31765,25649,72660,105050,40895,2255,adios,0,adios,0,adios,0,43.8,45.7,,36.0,49.4,39.6,63,3967000,-494900,36.0,,,16.64,115936,,1,2000
1790210459,2026-09-24T00:40:59Z,1947,1790208587,6.1.187-android14-11-SAGA,49646d1b0cd1,cc_governor,cc_governor,88522,73907,179460,283425,90953,27,32623,27517,74101,108515,41489,2554,adios,0,adios,0,adios,0,45.4,45.3,,36.0,48.9,39.7,63,3965000,-344200,36.0,,,16.80,117420,,1,2000
1790210494,2026-09-24T00:41:34Z,1982,1790208587,6.1.187-android14-11-SAGA,49646d1b0cd1,cc_governor,cc_governor,98774,84489,200024,318164,101267,27,33727,31889,78330,117644,44614,2857,adios,0,adios,0,adios,0,44.6,45.1,,36.0,48.3,39.9,63,3964000,-428400,36.0,,,17.06,82032,,1,2000
1790210529,2026-09-24T00:42:09Z,2017,1790208587,6.1.187-android14-11-SAGA,49646d1b0cd1,cc_governor,cc_governor,107649,97109,217096,350987,109429,29,34368,35343,81279,124335,46911,3148,adios,0,adios,0,adios,0,44.2,45.0,,36.0,47.4,39.7,63,3956000,-280100,36.0,,,16.90,121848,,1,2000
1790210564,2026-09-24T00:42:44Z,2052,1790208587,6.1.187-android14-11-SAGA,49646d1b0cd1,cc_governor,cc_governor,118188,110040,235131,385138,116958,30,35469,39895,84663,132655,49197,3453,adios,0,adios,0,adios,0,44.6,47.2,,36.0,52.5,40.0,63,3960000,-581000,36.0,,,17.97,121964,,1,2000
1790210599,2026-09-24T00:43:19Z,2088,1790208587,6.1.187-android14-11-SAGA,49646d1b0cd1,cc_governor,cc_governor,130015,117117,260554,421708,130539,31,37702,42146,92217,143002,54515,3752,adios,0,adios,0,adios,0,44.6,44.7,,36.0,48.2,39.8,63,3956000,-383900,36.0,,,17.82,122716,,1,2000
1790210635,2026-09-24T00:43:55Z,2123,1790208587,6.1.187-android14-11-SAGA,49646d1b0cd1,cc_governor,cc_governor,139080,128829,278723,454763,139666,32,38637,46047,95333,150326,56702,4047,adios,0,adios,0,adios,0,45.8,46.4,,36.0,49.8,40.3,63,3958000,-397900,36.0,,,18.18,108936,,1,2000
1790210670,2026-09-24T00:44:30Z,2158,1790208587,6.1.187-android14-11-SAGA,49646d1b0cd1,cc_governor,cc_governor,148409,139193,298603,488178,150170,34,39220,49280,98104,156576,58884,4353,adios,0,adios,0,adios,0,45.2,45.2,,36.0,48.5,40.1,63,3954000,-357000,37.0,,,17.78,109568,,1,2000
1790210705,2026-09-24T00:45:05Z,2193,1790208587,6.1.187-android14-11-SAGA,49646d1b0cd1,cc_governor,cc_governor,157640,152089,315474,521238,157821,35,40048,52823,101516,163718,61474,4645,adios,0,adios,0,adios,0,47.2,46.7,43.7,36.0,48.3,40.3,63,3956000,-413200,36.0,,,18.06,101072,,1,2000
1790210764,2026-09-24T00:46:04Z,2252,1790208587,6.1.187-android14-11-SAGA,49646d1b0cd1,cc_governor,cc_governor,39,44,637,748,613,0,222,23,522,17,21,1,adios,0,adios,0,adios,0,43.0,44.0,,36.0,40.5,37.7,62,3956000,-161700,36.0,,,18.10,148096,,1,2000
1790210822,2026-09-24T00:47:02Z,2310,1790208587,6.1.187-android14-11-SAGA,49646d1b0cd1,cc_governor,cc_governor,27587,1038,40756,48478,13171,10,10646,818,19747,22815,9113,187,adios,0,adios,0,adios,0,50.5,48.6,,36.0,52.0,41.1,62,3946000,-826400,36.0,,,18.41,103952,,1,2000
1790210857,2026-09-24T00:47:37Z,2345,1790208587,6.1.187-android14-11-SAGA,49646d1b0cd1,cc_governor,cc_governor,54266,1691,83368,98751,28956,12,24207,1383,43866,49612,19656,479,adios,0,adios,0,adios,0,51.2,53.0,48.2,36.0,55.9,42.2,62,3939000,-575500,36.0,,,20.50,160576,,1,2000
1790210893,2026-09-24T00:48:13Z,2381,1790208587,6.1.187-android14-11-SAGA,49646d1b0cd1,cc_governor,cc_governor,64274,7441,109232,135338,44957,23,28318,4061,56425,66151,28107,822,adios,0,adios,0,adios,0,45.6,47.1,,36.0,50.6,40.5,62,3930000,-611500,36.0,,,19.10,145664,,1,2000
1790210928,2026-09-24T00:48:48Z,2417,1790208587,6.1.187-android14-11-SAGA,49646d1b0cd1,cc_governor,cc_governor,75729,18347,130721,171205,54992,25,29839,9303,61625,76997,31781,1129,adios,0,adios,0,adios,0,47.9,47.2,,36.0,49.3,40.2,62,3937000,-498000,36.0,,,18.83,89204,,1,2000
1790210964,2026-09-24T00:49:24Z,2452,1790208587,6.1.187-android14-11-SAGA,49646d1b0cd1,cc_governor,cc_governor,85264,28114,151722,205656,66465,30,32232,14245,69588,90546,37360,1434,adios,0,adios,0,adios,0,45.4,45.6,,36.0,48.8,39.9,62,3938000,-375900,36.0,,,19.10,302532,,1,2000
1790210999,2026-09-24T00:49:59Z,2487,1790208587,6.1.187-android14-11-SAGA,49646d1b0cd1,cc_governor,cc_governor,94296,37457,172443,238940,78165,30,32824,16615,73211,96805,40392,1734,adios,0,adios,0,adios,0,44.6,44.3,,36.0,47.6,39.4,62,3945000,-537700,36.0,,,18.39,250992,,1,2000
1790211034,2026-09-24T00:50:34Z,2522,1790208587,6.1.187-android14-11-SAGA,49646d1b0cd1,cc_governor,cc_governor,103171,45676,194086,272323,90902,31,33656,18889,77543,103689,43887,2029,adios,0,adios,0,adios,0,44.0,44.0,,36.0,47.4,39.2,62,3928000,-519400,35.0,,,18.47,171336,,1,2000
1790211069,2026-09-24T00:51:09Z,2558,1790208587,6.1.187-android14-11-SAGA,49646d1b0cd1,cc_governor,cc_governor,191,500,2090,2724,1899,1,175,76,385,485,210,23,adios,0,adios,0,adios,0,42.3,43.4,,35.0,46.1,38.7,62,3951000,-269100,35.0,,,17.71,181380,,1,2000
1790211242,2026-09-24T00:54:02Z,2731,1790208587,6.1.187-android14-11-SAGA,49646d1b0cd1,cc_governor,cc_governor,1,0,48,60,58,0,10,0,53,63,46,13,adios,0,adios,0,adios,0,35.9,43.4,,34.0,44.2,37.1,62,3952000,-322200,34.0,,,17.25,126536,,1,2000
1790211356,2026-09-24T00:55:56Z,2845,1790208587,6.1.187-android14-11-SAGA,49646d1b0cd1,cc_governor,cc_governor,67,0,428,466,373,0,115,0,237,243,127,15,adios,0,adios,0,adios,0,41.0,42.1,,35.0,45.0,37.5,61,3943000,-447900,35.0,,,16.41,105716,,1,2000
1790211408,2026-09-24T00:56:48Z,2897,1790208587,6.1.187-android14-11-SAGA,49646d1b0cd1,cc_governor,cc_governor,11487,1108,17632,23046,6058,17,6224,170,10451,11694,4209,44,adios,0,adios,0,adios,0,54.7,55.2,48.0,34.0,50.1,40.5,61,3931000,-399100,34.0,,,17.14,163940,,1,2000
1790211497,2026-09-24T00:58:17Z,2986,1790208587,6.1.187-android14-11-SAGA,49646d1b0cd1,cc_governor,cc_governor,280,2577,1501,4241,1221,0,71,125,174,354,102,11,adios,0,adios,0,adios,0,41.0,41.2,,34.0,43.9,37.2,61,3941000,-1232900,34.0,,,107.84,157676,,1,2000
1790211582,2026-09-24T00:59:43Z,3071,1790208587,6.1.187-android14-11-SAGA,49646d1b0cd1,cc_governor,cc_governor,0,0,22,27,32,0,8,0,46,50,42,8,adios,0,adios,0,adios,0,40.3,41.1,,35.0,43.4,36.9,61,3944000,-352100,34.0,,,67.33,191652,,1,2000
1790211749,2026-09-24T01:02:29Z,3237,1790208587,6.1.187-android14-11-SAGA,49646d1b0cd1,cc_governor,cc_governor,34,0,332,371,312,0,118,0,218,233,105,18,adios,0,adios,0,adios,0,40.2,41.1,,34.0,43.5,36.8,61,3942000,-478500,34.0,,,44.29,90420,,1,2000
1790211800,2026-09-24T01:03:20Z,3288,1790208587,6.1.187-android14-11-SAGA,49646d1b0cd1,cc_governor,cc_governor,329,83,1178,1379,837,0,224,26,469,537,250,18,adios,0,adios,0,adios,0,42.4,42.6,,34.0,41.7,36.2,61,3952000,-410700,34.0,,,33.26,203248,,1,2000
1790211929,2026-09-24T01:05:29Z,3418,1790208587,6.1.187-android14-11-SAGA,49646d1b0cd1,cc_governor,cc_governor,15,0,26,73,26,0,35,0,74,85,43,10,adios,0,adios,0,adios,0,40.1,41.3,,34.0,50.2,37.8,61,3900000,-1094900,34.0,,,25.40,88236,,1,2000
1790211993,2026-09-24T01:06:33Z,3481,1790208587,6.1.187-android14-11-SAGA,49646d1b0cd1,cc_governor,cc_governor,32571,1777,47639,56763,15066,46,9541,942,19018,21904,9499,330,adios,0,adios,0,adios,0,47.2,46.3,44.0,34.0,50.9,39.2,61,3926000,-321000,34.0,,,21.95,151104,,1,2000
1790212029,2026-09-24T01:07:09Z,3517,1790208587,6.1.187-android14-11-SAGA,49646d1b0cd1,cc_governor,cc_governor,58683,7056,87683,110622,29010,49,13485,3513,32412,39252,18936,668,adios,0,adios,0,adios,0,46.7,46.2,46.8,34.0,52.0,40.2,61,3920000,-474800,34.0,,,20.46,156820,,1,2000
1790212065,2026-09-24T01:07:45Z,3554,1790208587,6.1.187-android14-11-SAGA,49646d1b0cd1,cc_governor,cc_governor,88533,10062,131750,163620,43217,63,22338,5323,50740,60644,28402,1058,adios,0,adios,0,adios,0,43.0,42.9,,35.0,46.2,38.7,61,3926000,-290500,35.0,,,19.34,268512,,1,2000
1790212101,2026-09-24T01:08:21Z,3589,1790208587,6.1.187-android14-11-SAGA,49646d1b0cd1,cc_governor,cc_governor,98090,13759,149463,186680,51341,68,25432,6075,57239,68451,31819,1426,adios,0,adios,0,adios,3,47.9,48.8,,34.0,47.2,39.3,60,3935000,-304500,35.0,,,19.56,200776,,1,2000
1790212177,2026-09-24T01:09:37Z,3666,1790208587,6.1.187-android14-11-SAGA,49646d1b0cd1,cc_governor,cc_governor,54,0,227,250,152,1,130,0,274,48,17,1,adios,0,adios,0,adios,0,39.3,39.8,,34.0,49.3,37.6,60,3930000,-457100,34.0,,,18.99,226416,,1,2000
1790212236,2026-09-24T01:10:36Z,3724,1790208587,6.1.187-android14-11-SAGA,49646d1b0cd1,cc_governor,cc_governor,12151,4935,21152,29554,9023,23,7496,2851,13204,16757,5727,73,adios,0,adios,0,adios,0,51.4,55.1,,34.0,55.3,40.2,60,3909000,-565700,34.0,,,20.49,91324,,1,2000
1790212272,2026-09-24T01:11:12Z,3761,1790208587,6.1.187-android14-11-SAGA,49646d1b0cd1,cc_governor,cc_governor,31266,7276,51979,66663,20713,44,14100,3481,25569,30382,11469,464,adios,0,adios,0,adios,0,41.0,41.4,,34.0,43.8,37.7,60,3933000,-372300,34.0,,,19.52,351948,,1,2000
1790212308,2026-09-24T01:11:48Z,3796,1790208587,6.1.187-android14-11-SAGA,49646d1b0cd1,cc_governor,cc_governor,32149,13261,56399,77487,24267,46,14155,4867,26097,32606,11955,761,adios,0,adios,0,adios,0,44.1,42.8,,34.0,45.1,37.7,60,3934000,-226400,34.0,,,17.71,396688,,1,2000
1790212360,2026-09-24T01:12:40Z,3848,1790208587,6.1.187-android14-11-SAGA,49646d1b0cd1,cc_governor,cc_governor,18140,167,24192,28366,6005,0,8507,235,13745,14588,5238,17,adios,0,adios,0,adios,0,49.3,54.6,,34.0,52.2,40.3,60,3853000,-1268900,34.0,,,19.01,105856,,1,2000
1790212396,2026-09-24T01:13:16Z,3885,1790208587,6.1.187-android14-11-SAGA,49646d1b0cd1,cc_governor,cc_governor,44160,1919,61453,72269,17301,29,16764,1207,29154,32310,12393,387,adios,0,adios,0,adios,0,41.4,41.5,,34.0,44.6,38.0,60,3930000,-440000,34.0,,,17.91,348920,,1,2000
1790212431,2026-09-24T01:13:52Z,3920,1790208587,6.1.187-android14-11-SAGA,49646d1b0cd1,cc_governor,cc_governor,44401,6159,66732,82171,22331,32,16926,1384,30507,33884,13581,698,adios,0,adios,0,adios,0,40.4,41.0,,34.0,44.2,37.2,60,3931000,-305700,34.0,,,16.62,314548,,1,2000
1790212534,2026-09-24T01:15:34Z,4022,1790208587,6.1.187-android14-11-SAGA,49646d1b0cd1,cc_governor,cc_governor,2,0,13,24,29,0,20,0,48,54,33,7,adios,0,adios,0,adios,0,41.6,40.8,,34.0,44.1,36.7,60,3930000,-255100,34.0,,,17.26,181928,,1,2000
1790212708,2026-09-24T01:18:28Z,4196,1790208587,6.1.187-android14-11-SAGA,49646d1b0cd1,cc_governor,cc_governor,6,0,153,184,158,0,179,0,246,255,74,18,adios,0,adios,0,adios,0,39.5,39.5,,34.0,42.9,36.3,60,3936000,-980200,34.0,,,16.18,364412,,1,2000
1790212773,2026-09-24T01:19:33Z,4262,1790208587,6.1.187-android14-11-SAGA,49646d1b0cd1,cc_governor,cc_governor,4650,219,8901,10316,4271,1,4153,125,6130,7096,1982,97,adios,0,adios,0,adios,0,43.0,43.2,,34.0,45.3,38.1,60,3905000,-676800,34.0,,,23.35,116972,,1,2000
1790212809,2026-09-24T01:20:09Z,4297,1790208587,6.1.187-android14-11-SAGA,49646d1b0cd1,cc_governor,cc_governor,7412,2075,12532,16573,5117,5,2952,941,6074,7516,3128,118,adios,0,adios,0,adios,0,44.0,44.8,,34.0,44.0,38.3,59,3918000,-347900,34.0,,,20.82,187228,,1,2000
1790212855,2026-09-24T01:20:55Z,4343,1790208587,6.1.187-android14-11-SAGA,49646d1b0cd1,cc_governor,cc_governor,112,268,1605,1967,1504,0,79,47,272,325,198,18,adios,0,adios,0,adios,0,42.0,42.4,,34.0,45.6,38.0,59,3929000,-239200,34.0,,,18.82,163204,,1,2000
1790212896,2026-09-24T01:21:36Z,4384,1790208587,6.1.187-android14-11-SAGA,49646d1b0cd1,cc_governor,cc_governor,51,150,1055,1244,1009,0,100,9,215,235,118,14,adios,0,adios,0,adios,0,41.9,41.0,,35.0,45.1,38.1,59,3913000,-294100,35.0,,,17.53,127300,,1,2000
1790212937,2026-09-24T01:22:17Z,4425,1790208587,6.1.187-android14-11-SAGA,49646d1b0cd1,cc_governor,cc_governor,985,2579,3838,7098,2853,0,1252,169,2021,2407,771,17,adios,0,adios,0,adios,0,42.5,43.0,,35.0,45.8,38.4,59,3919000,-491300,35.0,,,17.26,127480,,1,2000
1790213001,2026-09-24T01:23:21Z,4489,1790208587,6.1.187-android14-11-SAGA,49646d1b0cd1,cc_governor,cc_governor,8439,1226,13957,17887,5528,3,3428,505,6745,7729,3323,104,adios,0,adios,0,adios,0,43.0,40.5,,35.0,43.6,37.2,59,3919000,-476000,35.0,,,16.50,209144,,1,2000
1790213058,2026-09-24T01:24:18Z,4546,1790208587,6.1.187-android14-11-SAGA,49646d1b0cd1,cc_governor,cc_governor,42,374,940,1383,898,0,67,26,160,199,93,13,adios,0,adios,0,adios,0,43.1,42.1,,35.0,44.3,38.0,59,3919000,-471100,35.0,,,16.08,164756,,1,2000
1790213211,2026-09-24T01:26:51Z,4700,1790208587,6.1.187-android14-11-SAGA,49646d1b0cd1,cc_governor,cc_governor,172,1334,943,2386,785,0,85,68,209,297,128,17,adios,0,adios,0,adios,0,41.0,41.6,,35.0,44.6,36.7,59,3890000,-363700,35.0,,,16.02,131380,,1,2000
1790213422,2026-09-24T01:30:22Z,4911,1790208587,6.1.187-android14-11-SAGA,49646d1b0cd1,cc_governor,cc_governor,98,1829,1872,3900,1789,1,236,72,533,629,301,18,adios,0,adios,0,adios,0,39.7,41.6,,35.0,42.8,36.9,59,3922000,-248400,35.0,,,15.44,136068,,1,2000
1790213458,2026-09-24T01:30:58Z,4946,1790208587,6.1.187-android14-11-SAGA,49646d1b0cd1,cc_governor,cc_governor,737,8121,5575,14289,4838,2,244,514,1455,2027,1211,312,adios,0,adios,0,adios,0,40.0,40.0,,35.0,43.5,36.8,59,3917000,-368600,35.0,,,15.27,105492,,1,2000
1790213548,2026-09-24T01:32:28Z,5036,1790208587,6.1.187-android14-11-SAGA,49646d1b0cd1,cc_governor,cc_governor,10,0,101,119,103,0,57,0,73,81,22,2,adios,0,adios,0,adios,1,39.0,36.8,,34.0,38.9,35.5,59,3934000,-181800,34.0,,,15.10,131992,,1,2000
1790213710,2026-09-24T01:35:10Z,5198,1790208587,6.1.187-android14-11-SAGA,49646d1b0cd1,cc_governor,cc_governor,19780,1889,32420,41171,12608,11,9543,1225,16965,20136,7415,42,adios,0,adios,0,adios,0,54.0,52.5,,35.0,52.1,40.2,59,3907000,-416200,35.0,,,16.53,384988,,1,2000
1790213745,2026-09-24T01:35:45Z,5234,1790208587,6.1.187-android14-11-SAGA,49646d1b0cd1,cc_governor,cc_governor,41907,3799,70592,86524,28700,18,18337,1606,34659,39440,16325,354,adios,0,adios,0,adios,0,44.3,43.9,,35.0,46.7,39.4,59,3920000,-240400,35.0,,,17.26,406736,,1,2000
1790213781,2026-09-24T01:36:21Z,5270,1790208587,6.1.187-android14-11-SAGA,49646d1b0cd1,cc_governor,cc_governor,42022,11255,75214,99026,33192,21,18351,2225,35289,40782,16938,661,adios,0,adios,0,adios,0,41.0,41.6,,35.0,44.5,38.0,58,3926000,-256300,35.0,,,16.27,384456,,1,2000
1790213909,2026-09-24T01:38:29Z,5397,1790208587,6.1.187-android14-11-SAGA,49646d1b0cd1,cc_governor,cc_governor,0,0,72,91,90,0,35,0,89,93,60,15,adios,0,adios,0,adios,0,39.0,39.2,,35.0,51.3,37.9,58,3890000,-1134600,35.0,,,34.23,101032,,1,2000
1790214003,2026-09-24T01:40:03Z,5492,1790208587,6.1.187-android14-11-SAGA,49646d1b0cd1,cc_governor,cc_governor,17683,1895,29029,35473,11346,47,8190,281,15048,16768,6858,383,adios,0,adios,0,adios,0,40.9,42.0,,35.0,44.4,38.0,58,3922000,-236800,35.0,,,27.23,203696,,1,2000
1790214039,2026-09-24T01:40:39Z,5527,1790208587,6.1.187-android14-11-SAGA,49646d1b0cd1,cc_governor,cc_governor,17757,9391,30729,44910,12972,49,8198,780,15602,17850,7404,695,adios,0,adios,0,adios,0,40.7,41.2,,35.0,43.8,37.6,58,3925000,-274000,35.0,,,21.53,195464,,1,2000
1790214074,2026-09-24T01:41:14Z,5562,1790208587,6.1.187-android14-11-SAGA,49646d1b0cd1,cc_governor,cc_governor,22613,15427,39626,60865,16920,51,10877,1883,19418,23074,8530,1012,adios,0,adios,0,adios,0,45.7,45.6,,35.0,46.0,38.6,58,3918000,-214800,35.0,,,18.65,142188,,1,2000
1790214110,2026-09-24T01:41:50Z,5598,1790208587,6.1.187-android14-11-SAGA,49646d1b0cd1,cc_governor,cc_governor,25894,23553,49162,80297,23282,54,11740,3329,22383,27691,10612,1339,adios,0,adios,0,adios,0,46.4,46.4,44.9,35.0,49.3,39.7,58,3911000,-386300,35.0,,,17.59,380404,,1,2000
1790214318,2026-09-24T01:45:18Z,5807,1790208587,6.1.187-android14-11-SAGA,49646d1b0cd1,cc_governor,cc_governor,14641,147,18844,23319,4209,2,10588,168,14877,16437,4247,28,adios,0,adios,0,adios,0,52.1,55.3,51.8,35.0,56.3,41.0,58,3881000,-446700,35.0,,,18.07,111712,,1,2000
1790214354,2026-09-24T01:45:54Z,5843,1790208587,6.1.187-android14-11-SAGA,49646d1b0cd1,cc_governor,cc_governor,26565,8289,43215,60635,16649,9,13901,2229,23685,28027,9784,375,adios,0,adios,0,adios,0,44.0,45.1,,35.0,46.8,39.0,58,3908000,-573100,35.0,,,17.74,157052,,1,2000
1790214390,2026-09-24T01:46:30Z,5878,1790208587,6.1.187-android14-11-SAGA,49646d1b0cd1,cc_governor,cc_governor,34824,19645,60571,91957,25747,12,14082,5560,25772,33627,11685,676,adios,0,adios,0,adios,0,43.8,44.4,,35.0,49.7,39.0,58,3900000,-359400,35.0,,,18.12,94784,,1,2000
1790214425,2026-09-24T01:47:05Z,5913,1790208587,6.1.187-android14-11-SAGA,49646d1b0cd1,cc_governor,cc_governor,44354,32608,77647,124956,33330,13,15440,8964,29737,41190,14301,998,adios,0,adios,0,adios,0,47.7,50.8,45.3,35.0,65.0,41.9,58,3861000,-883700,36.0,,,17.96,121188,,1,2000
1790214462,2026-09-24T01:47:42Z,5950,1790208587,6.1.187-android14-11-SAGA,49646d1b0cd1,cc_governor,cc_governor,59356,41998,104370,166263,45014,68,19393,11452,38655,53613,19270,1413,adios,0,adios,0,adios,0,45.4,44.8,,36.0,48.8,39.9,58,3906000,-357000,36.0,,,17.24,77132,,1,2000
1790214497,2026-09-24T01:48:17Z,5985,1790208587,6.1.187-android14-11-SAGA,49646d1b0cd1,cc_governor,cc_governor,68581,52717,123954,199886,55371,69,19497,14558,40997,59194,21500,1712,adios,0,adios,0,adios,0,45.8,46.5,,36.0,48.3,40.0,58,3905000,-725700,36.0,,,17.12,73572,,1,2000
1790214532,2026-09-24T01:48:52Z,6021,1790208587,6.1.187-android14-11-SAGA,49646d1b0cd1,cc_governor,cc_governor,79357,62087,146169,234591,66806,71,19780,17189,44338,65479,24558,2009,adios,0,adios,0,adios,0,45.2,45.7,,36.0,52.2,40.2,57,3901000,-499200,36.0,,,17.27,101608,,1,2000
1790214567,2026-09-24T01:49:27Z,6056,1790208587,6.1.187-android14-11-SAGA,49646d1b0cd1,cc_governor,cc_governor,90826,68427,172681,270970,81847,72,19939,19053,47912,71054,27980,2309,adios,0,adios,0,adios,0,45.6,46.7,,36.0,49.0,40.3,57,3905000,-373500,37.0,,,16.93,97544,,1,2000
1790214603,2026-09-24T01:50:03Z,6091,1790208587,6.1.187-android14-11-SAGA,49646d1b0cd1,cc_governor,cc_governor,100862,79305,192899,305552,92045,75,20023,22468,49959,76646,29942,2605,adios,0,adios,0,adios,0,45.1,46.2,,37.0,48.1,40.4,57,3903000,-404600,37.0,,,17.43,80028,,1,2000
1790214638,2026-09-24T01:50:38Z,6126,1790208587,6.1.187-android14-11-SAGA,49646d1b0cd1,cc_governor,cc_governor,110944,88296,215265,340235,104314,77,20167,24926,52712,82024,32545,2901,adios,0,adios,0,adios,0,45.4,46.0,,37.0,50.8,40.5,57,3895000,-638400,37.0,,,17.54,92056,,1,2000
1790214673,2026-09-24T01:51:13Z,6161,1790208587,6.1.187-android14-11-SAGA,49646d1b0cd1,cc_governor,cc_governor,119765,102030,231535,373561,111791,79,20335,28709,54490,87713,34161,3211,adios,0,adios,0,adios,0,45.7,46.0,,37.0,50.1,40.6,57,3901000,-346600,37.0,,,17.66,90788,,1,2000
1790214708,2026-09-24T01:51:48Z,6196,1790208587,6.1.187-android14-11-SAGA,49646d1b0cd1,cc_governor,cc_governor,129476,116032,248005,406973,118523,81,20524,32524,56432,93749,35908,3511,adios,0,adios,0,adios,0,45.8,46.9,,37.0,48.9,40.7,57,3905000,-479700,37.0,,,17.80,92604,,1,2000
1790214744,2026-09-24T01:52:24Z,6232,1790208587,6.1.187-android14-11-SAGA,49646d1b0cd1,cc_governor,cc_governor,138741,128948,264528,439916,125812,83,20613,35896,58315,99143,37707,3841,adios,0,adios,0,adios,0,45.5,45.6,,37.0,49.7,40.6,57,3905000,-294100,37.0,,,17.12,102396,,1,2000
1790214779,2026-09-24T01:52:59Z,6267,1790208587,6.1.187-android14-11-SAGA,49646d1b0cd1,cc_governor,cc_governor,139296,136147,268345,452157,129049,86,20622,36734,58885,100582,38263,4140,adios,0,adios,0,adios,0,43.7,44.3,,37.0,48.1,40.1,57,3906000,-349100,37.0,,,17.18,97776,,1,2000
1790214814,2026-09-24T01:53:34Z,6303,1790208587,6.1.187-android14-11-SAGA,49646d1b0cd1,cc_governor,cc_governor,139566,143798,271066,463541,131507,88,20631,37896,58997,101879,38371,4453,adios,0,adios,0,adios,0,43.7,45.2,,37.0,46.5,40.0,57,3908000,-399100,37.0,,,16.48,99032,,1,2000
1790214849,2026-09-24T01:54:09Z,6338,1790208587,6.1.187-android14-11-SAGA,49646d1b0cd1,cc_governor,cc_governor,140689,151594,275613,476917,134931,90,20647,38692,59775,103495,39136,4770,adios,0,adios,0,adios,0,43.4,43.9,,37.0,48.5,40.1,57,3900000,-284400,37.0,,,16.42,105292,,1,2000
1790215092,2026-09-24T01:58:12Z,6581,1790208587,6.1.187-android14-11-SAGA,49646d1b0cd1,cc_governor,cc_governor,0,0,36,54,49,0,11,0,48,59,41,10,adios,0,adios,0,adios,0,40.1,42.2,,36.0,39.5,35.4,57,3901000,-172700,35.0,,,28.76,114512,,1,2000
1790215597,2026-09-24T02:06:37Z,7085,1790208587,6.1.187-android14-11-SAGA,49646d1b0cd1,cc_governor,cc_governor,436,4043,2383,7060,1946,0,460,291,854,1198,394,15,adios,0,adios,0,adios,0,38.7,39.5,,34.0,41.7,35.9,57,3915000,-200800,34.0,,,22.50,108916,,1,2000
1790215633,2026-09-24T02:07:13Z,7121,1790208587,6.1.187-android14-11-SAGA,49646d1b0cd1,cc_governor,cc_governor,469,9677,3619,14252,3150,2,465,1371,899,2364,434,330,adios,0,adios,0,adios,0,38.5,40.4,,34.0,41.9,36.0,57,3915000,-249600,34.0,,,18.90,76000,,1,2000
1790215725,2026-09-24T02:08:45Z,7213,1790208587,6.1.187-android14-11-SAGA,49646d1b0cd1,cc_governor,cc_governor,54,327,857,1256,817,0,107,14,237,281,134,17,adios,0,adios,0,adios,0,39.2,39.5,,34.0,42.8,35.9,57,3914000,-189800,34.0,,,17.40,145216,,1,2000
1790215796,2026-09-24T02:09:56Z,7284,1790208587,6.1.187-android14-11-SAGA,49646d1b0cd1,cc_governor,cc_governor,20352,2066,31543,41412,11211,23,11386,857,19182,21770,7815,64,adios,0,adios,0,adios,0,49.7,47.9,45.4,34.0,53.0,39.8,56,3883000,-529700,34.0,,,19.33,152712,,1,2000
1790215832,2026-09-24T02:10:32Z,7320,1790208587,6.1.187-android14-11-SAGA,49646d1b0cd1,cc_governor,cc_governor,35521,6621,63091,85891,27561,24,13414,2351,29608,34256,16194,400,adios,0,adios,0,adios,0,44.1,45.3,,34.0,47.6,38.9,56,3890000,-731800,34.0,,,18.71,230928,,1,2000
1790215867,2026-09-24T02:11:07Z,7356,1790208587,6.1.187-android14-11-SAGA,49646d1b0cd1,cc_governor,cc_governor,48271,24490,79298,124882,31019,29,13537,5485,30692,38557,17155,712,adios,0,adios,0,adios,0,43.4,43.5,41.8,34.0,46.5,38.4,56,3896000,-458300,34.0,,,18.07,174984,,1,2000
1790215903,2026-09-24T02:11:43Z,7391,1790208587,6.1.187-android14-11-SAGA,49646d1b0cd1,cc_governor,cc_governor,67820,36970,106715,172015,38885,30,14815,9983,36407,48990,21590,1039,adios,0,adios,0,adios,0,47.1,47.4,44.0,35.0,48.0,39.4,56,3884000,-559000,35.0,,,17.33,131064,,1,2000
1790215939,2026-09-24T02:12:19Z,7427,1790208587,6.1.187-android14-11-SAGA,49646d1b0cd1,cc_governor,cc_governor,73102,43965,123125,197688,50024,33,15016,10980,38660,52291,23650,1370,adios,0,adios,0,adios,0,46.9,46.4,44.6,35.0,51.2,39.1,56,3874000,-606600,35.0,,,16.67,241600,,1,2000
1790215975,2026-09-24T02:12:55Z,7463,1790208587,6.1.187-android14-11-SAGA,49646d1b0cd1,cc_governor,cc_governor,94876,52279,156584,249722,61730,38,17845,14581,48646,66333,30810,1719,adios,0,adios,0,adios,0,46.3,45.9,44.0,35.0,47.3,39.6,56,3890000,-418700,35.0,,,17.16,184076,,1,2000
1790216014,2026-09-24T02:13:34Z,7503,1790208587,6.1.187-android14-11-SAGA,49646d1b0cd1,cc_governor,cc_governor,150,952,2210,3257,2060,0,87,109,197,322,110,19,adios,0,adios,0,adios,0,41.2,42.1,,35.0,43.9,38.0,56,3904000,-234300,35.0,,,16.47,290192,,1,2000
1790216238,2026-09-24T02:17:18Z,7726,1790208587,6.1.187-android14-11-SAGA,49646d1b0cd1,cc_governor,cc_governor,10,0,406,441,415,0,36,0,99,106,68,17,adios,0,adios,0,adios,0,41.4,40.0,,35.0,43.9,36.9,56,3907000,-193400,35.0,,,15.93,285544,,1,2000
1790216634,2026-09-24T02:23:54Z,8122,1790208587,6.1.187-android14-11-SAGA,49646d1b0cd1,cc_governor,cc_governor,22,0,380,442,374,0,251,0,358,361,112,20,adios,0,adios,0,adios,0,41.1,40.9,,34.0,43.9,37.1,56,3905000,-261200,34.0,,,15.70,93712,,1,2000
1790216735,2026-09-24T02:25:35Z,8223,1790208587,6.1.187-android14-11-SAGA,49646d1b0cd1,cc_governor,cc_governor,9070,2304,17544,22149,8492,4,4145,455,8121,9268,3978,27,adios,0,adios,0,adios,0,42.9,42.9,,35.0,54.8,38.6,56,3859000,-926500,35.0,,,17.06,127824,,1,2000
1790216771,2026-09-24T02:26:11Z,8259,1790208587,6.1.187-android14-11-SAGA,49646d1b0cd1,cc_governor,cc_governor,25043,10855,42509,59688,17465,10,9874,4697,19645,26099,9761,345,adios,0,adios,0,adios,0,43.6,43.6,,35.0,46.0,38.5,56,3900000,-234300,35.0,,,16.98,311676,,1,2000
1790216806,2026-09-24T02:26:46Z,8294,1790208587,6.1.187-android14-11-SAGA,49646d1b0cd1,cc_governor,cc_governor,25152,16149,45440,68185,20288,12,9888,5741,19716,27384,9828,655,adios,0,adios,0,adios,0,40.5,41.4,,35.0,43.2,37.4,55,3901000,-225200,35.0,,,15.89,322480,,1,2000
1790217129,2026-09-24T02:32:09Z,8617,1790208587,6.1.187-android14-11-SAGA,49646d1b0cd1,cc_governor,cc_governor,4147,43,4741,6013,530,8,3283,18,3942,4323,639,47,adios,0,adios,0,adios,0,51.8,45.9,45.9,34.0,61.6,39.7,55,3873000,-466900,34.0,,,32.93,138048,,1,2000
1790217167,2026-09-24T02:32:47Z,8656,1790208587,6.1.187-android14-11-SAGA,49646d1b0cd1,cc_governor,cc_governor,29420,3455,44991,56353,15575,83,17677,1226,25687,30547,8017,531,adios,0,adios,0,adios,0,44.6,44.3,41.9,34.0,47.7,38.7,55,3873000,-531000,34.0,,,26.16,102584,,1,2000
1790217202,2026-09-24T02:33:22Z,8691,1790208587,6.1.187-android14-11-SAGA,49646d1b0cd1,cc_governor,cc_governor,32269,9197,57414,76449,25144,87,18151,1674,28713,34445,10562,821,adios,0,adios,0,adios,0,41.2,42.1,,35.0,43.7,37.7,55,3891000,-486400,35.0,,,21.74,137220,,1,2000
1790217238,2026-09-24T02:33:58Z,8726,1790208587,6.1.187-android14-11-SAGA,49646d1b0cd1,cc_governor,cc_governor,36685,16303,68977,96896,32302,88,18964,3230,30861,38212,11902,1136,adios,0,adios,0,adios,0,41.1,42.4,,35.0,44.3,37.6,55,3897000,-395500,35.0,,,19.34,115148,,1,2000
1790217273,2026-09-24T02:34:33Z,8761,1790208587,6.1.187-android14-11-SAGA,49646d1b0cd1,cc_governor,cc_governor,37140,25817,72418,110572,35278,89,18996,3890,31522,39559,12526,1442,adios,0,adios,0,adios,0,40.6,41.3,,35.0,44.9,37.5,55,3890000,-469900,35.0,,,17.50,130288,,1,2000
1790217308,2026-09-24T02:35:08Z,8796,1790208587,6.1.187-android14-11-SAGA,49646d1b0cd1,cc_governor,cc_governor,51670,31555,98773,148561,47120,91,27387,6418,45333,57461,17951,1752,adios,0,adios,0,adios,0,42.4,45.4,,35.0,46.8,38.7,55,3889000,-395500,35.0,,,17.03,99296,,1,2000
1790217343,2026-09-24T02:35:43Z,8832,1790208587,6.1.187-android14-11-SAGA,49646d1b0cd1,cc_governor,cc_governor,59720,39792,115645,176910,55933,93,28584,8818,49576,64213,20992,2051,adios,0,adios,0,adios,0,45.9,45.6,,35.0,46.2,39.0,55,3883000,-286800,35.0,,,16.86,116628,,1,2000
1790217379,2026-09-24T02:36:19Z,8867,1790208587,6.1.187-android14-11-SAGA,49646d1b0cd1,cc_governor,cc_governor,66956,44226,133413,202571,66390,96,31721,10563,56876,73537,25082,2376,adios,0,adios,0,adios,0,47.4,48.2,,35.0,50.9,40.3,55,3872000,-651200,35.0,,,17.08,132276,,1,2000
1790217415,2026-09-24T02:36:55Z,8903,1790208587,6.1.187-android14-11-SAGA,49646d1b0cd1,cc_governor,cc_governor,71534,49565,145414,221977,73880,108,33132,11120,60713,78146,27581,2754,adios,0,adios,0,adios,0,41.7,42.4,,36.0,45.6,38.6,55,3892000,-386300,36.0,,,16.71,113800,,1,2000
1790217450,2026-09-24T02:37:30Z,8938,1790208587,6.1.187-android14-11-SAGA,49646d1b0cd1,cc_governor,cc_governor,84656,53406,168257,253637,83589,112,41166,12561,73056,93264,31899,3076,adios,0,adios,0,adios,0,51.9,51.7,48.2,36.0,56.1,42.6,55,3870000,-492500,36.0,,,17.42,152312,,1,2000
1790217487,2026-09-24T02:38:07Z,8976,1790208587,6.1.187-android14-11-SAGA,49646d1b0cd1,cc_governor,cc_governor,96155,56456,192786,285683,96631,189,46305,13429,83254,104824,36949,3541,adios,0,adios,0,adios,0,43.2,44.1,42.1,36.0,48.0,39.5,55,3883000,-358200,36.0,,,16.63,132556,,1,2000
1790217522,2026-09-24T02:38:42Z,9011,1790208587,6.1.187-android14-11-SAGA,49646d1b0cd1,cc_governor,cc_governor,96745,65759,197251,300222,100506,189,46347,14237,83961,106396,37614,3844,adios,0,adios,0,adios,0,42.1,48.6,43.1,36.0,48.3,39.3,55,3891000,-460800,36.0,,,16.44,121052,,1,2000
1790217558,2026-09-24T02:39:18Z,9046,1790208587,6.1.187-android14-11-SAGA,49646d1b0cd1,cc_governor,cc_governor,103289,71262,210104,321180,106849,196,49533,15283,89664,113663,40087,4158,adios,0,adios,0,adios,0,50.6,48.3,,36.0,48.8,40.1,54,3892000,-214800,36.0,,,16.77,156812,,1,2000
1790217593,2026-09-24T02:39:53Z,9082,1790208587,6.1.187-android14-11-SAGA,49646d1b0cd1,cc_governor,cc_governor,106208,78139,214591,333440,108383,199,50256,16366,91086,116281,40830,4436,adios,0,adios,0,adios,0,41.9,42.6,,36.0,44.7,38.6,54,3895000,-226400,36.0,,,15.74,125924,,1,2000
1790218026,2026-09-24T02:47:06Z,9514,1790208587,6.1.187-android14-11-SAGA,49646d1b0cd1,cc_governor,cc_governor,0,0,52,58,58,0,38,0,84,86,50,15,adios,0,adios,0,adios,0,38.2,38.9,,34.0,41.5,34.9,54,3898000,-229400,34.0,,,72.96,125508,,1,2000
1790218161,2026-09-24T02:49:21Z,9649,1790208587,6.1.187-android14-11-SAGA,49646d1b0cd1,cc_governor,cc_governor,11048,4470,18249,25884,7201,4,5328,313,8910,9935,3586,65,adios,0,adios,0,adios,0,40.4,41.0,,34.0,43.5,36.8,54,3886000,-322200,34.0,,,48.64,92104,,1,2000
1790218196,2026-09-24T02:49:56Z,9684,1790208587,6.1.187-android14-11-SAGA,49646d1b0cd1,cc_governor,cc_governor,16581,15623,30157,51589,13590,6,6406,3827,12191,16981,5788,360,adios,0,adios,0,adios,0,40.7,41.0,,34.0,43.1,37.1,54,3887000,-284400,34.0,,,34.66,132472,,1,2000
1790218231,2026-09-24T02:50:31Z,9719,1790208587,6.1.187-android14-11-SAGA,49646d1b0cd1,cc_governor,cc_governor,21824,25891,38916,73501,17091,7,7461,7168,13887,22134,6426,662,adios,0,adios,0,adios,0,40.4,42.0,,34.0,43.9,37.2,54,3892000,-248400,34.0,,,26.20,127768,,1,2000
1790218267,2026-09-24T02:51:07Z,9755,1790208587,6.1.187-android14-11-SAGA,49646d1b0cd1,cc_governor,cc_governor,22405,33781,41385,84822,18980,10,7546,8552,14344,24068,6798,981,adios,0,adios,0,adios,0,40.2,41.7,,34.0,43.4,37.2,54,3885000,-308800,34.0,,,21.60,104792,,1,2000
1790218396,2026-09-24T02:53:16Z,9884,1790208587,6.1.187-android14-11-SAGA,49646d1b0cd1,cc_governor,cc_governor,85,673,929,1700,844,0,87,47,198,332,111,16,adios,0,adios,0,adios,0,40.3,38.6,,34.0,37.4,34.8,54,3898000,-394200,34.0,,,18.76,276460,,1,2000
